skill_a_sha,skill_a_name,skill_b_sha,skill_b_name,similarity_score,clone_type
d768cf081e3dffcea739598b04c725cd78a2a239,[Unnamed Skill],d768cf081e3dffcea739598b04c725cd78a2a239,[Unnamed Skill],1.0,Type-1 (Verbatim)
d768cf081e3dffcea739598b04c725cd78a2a239,[Unnamed Skill],d768cf081e3dffcea739598b04c725cd78a2a239,[Unnamed Skill],1.0,Type-1 (Verbatim)
0d385b6116683e0893a459630f1d1e8ad37329ec,[Unnamed Skill],0d385b6116683e0893a459630f1d1e8ad37329ec,[Unnamed Skill],1.0,Type-1 (Verbatim)
0d385b6116683e0893a459630f1d1e8ad37329ec,[Unnamed Skill],0d385b6116683e0893a459630f1d1e8ad37329ec,[Unnamed Skill],1.0,Type-1 (Verbatim)
0d385b6116683e0893a459630f1d1e8ad37329ec,[Unnamed Skill],0d385b6116683e0893a459630f1d1e8ad37329ec,[Unnamed Skill],1.0,Type-1 (Verbatim)
0d385b6116683e0893a459630f1d1e8ad37329ec,[Unnamed Skill],0d385b6116683e0893a459630f1d1e8ad37329ec,[Unnamed Skill],1.0,Type-1 (Verbatim)
0d385b6116683e0893a459630f1d1e8ad37329ec,[Unnamed Skill],0d385b6116683e0893a459630f1d1e8ad37329ec,[Unnamed Skill],1.0,Type-1 (Verbatim)
0d385b6116683e0893a459630f1d1e8ad37329ec,[Unnamed Skill],0d385b6116683e0893a459630f1d1e8ad37329ec,[Unnamed Skill],1.0,Type-1 (Verbatim)
0d385b6116683e0893a459630f1d1e8ad37329ec,[Unnamed Skill],0d385b6116683e0893a459630f1d1e8ad37329ec,[Unnamed Skill],1.0,Type-1 (Verbatim)
0d385b6116683e0893a459630f1d1e8ad37329ec,[Unnamed Skill],0d385b6116683e0893a459630f1d1e8ad37329ec,[Unnamed Skill],1.0,Type-1 (Verbatim)
0d385b6116683e0893a459630f1d1e8ad37329ec,[Unnamed Skill],0d385b6116683e0893a459630f1d1e8ad37329ec,[Unnamed Skill],1.0,Type-1 (Verbatim)
0d385b6116683e0893a459630f1d1e8ad37329ec,[Unnamed Skill],0d385b6116683e0893a459630f1d1e8ad37329ec,[Unnamed Skill],1.0,Type-1 (Verbatim)
0d385b6116683e0893a459630f1d1e8ad37329ec,[Unnamed Skill],0d385b6116683e0893a459630f1d1e8ad37329ec,[Unnamed Skill],1.0,Type-1 (Verbatim)
0d385b6116683e0893a459630f1d1e8ad37329ec,[Unnamed Skill],0d385b6116683e0893a459630f1d1e8ad37329ec,[Unnamed Skill],1.0,Type-1 (Verbatim)
0d385b6116683e0893a459630f1d1e8ad37329ec,[Unnamed Skill],0d385b6116683e0893a459630f1d1e8ad37329ec,[Unnamed Skill],1.0,Type-1 (Verbatim)
0d385b6116683e0893a459630f1d1e8ad37329ec,[Unnamed Skill],0d385b6116683e0893a459630f1d1e8ad37329ec,[Unnamed Skill],1.0,Type-1 (Verbatim)
0d385b6116683e0893a459630f1d1e8ad37329ec,[Unnamed Skill],0d385b6116683e0893a459630f1d1e8ad37329ec,[Unnamed Skill],1.0,Type-1 (Verbatim)
0d385b6116683e0893a459630f1d1e8ad37329ec,[Unnamed Skill],0d385b6116683e0893a459630f1d1e8ad37329ec,[Unnamed Skill],1.0,Type-1 (Verbatim)
0d385b6116683e0893a459630f1d1e8ad37329ec,[Unnamed Skill],0d385b6116683e0893a459630f1d1e8ad37329ec,[Unnamed Skill],1.0,Type-1 (Verbatim)
0d385b6116683e0893a459630f1d1e8ad37329ec,[Unnamed Skill],0d385b6116683e0893a459630f1d1e8ad37329ec,[Unnamed Skill],1.0,Type-1 (Verbatim)
0d385b6116683e0893a459630f1d1e8ad37329ec,[Unnamed Skill],0d385b6116683e0893a459630f1d1e8ad37329ec,[Unnamed Skill],1.0,Type-1 (Verbatim)
0d385b6116683e0893a459630f1d1e8ad37329ec,[Unnamed Skill],0d385b6116683e0893a459630f1d1e8ad37329ec,[Unnamed Skill],1.0,Type-1 (Verbatim)
0d385b6116683e0893a459630f1d1e8ad37329ec,[Unnamed Skill],0d385b6116683e0893a459630f1d1e8ad37329ec,[Unnamed Skill],1.0,Type-1 (Verbatim)
0d385b6116683e0893a459630f1d1e8ad37329ec,[Unnamed Skill],0d385b6116683e0893a459630f1d1e8ad37329ec,[Unnamed Skill],1.0,Type-1 (Verbatim)
0d385b6116683e0893a459630f1d1e8ad37329ec,[Unnamed Skill],0d385b6116683e0893a459630f1d1e8ad37329ec,[Unnamed Skill],1.0,Type-1 (Verbatim)
0d385b6116683e0893a459630f1d1e8ad37329ec,[Unnamed Skill],0d385b6116683e0893a459630f1d1e8ad37329ec,[Unnamed Skill],1.0,Type-1 (Verbatim)
0d385b6116683e0893a459630f1d1e8ad37329ec,[Unnamed Skill],0d385b6116683e0893a459630f1d1e8ad37329ec,[Unnamed Skill],1.0,Type-1 (Verbatim)
0d385b6116683e0893a459630f1d1e8ad37329ec,[Unnamed Skill],0d385b6116683e0893a459630f1d1e8ad37329ec,[Unnamed Skill],1.0,Type-1 (Verbatim)
0d385b6116683e0893a459630f1d1e8ad37329ec,[Unnamed Skill],0d385b6116683e0893a459630f1d1e8ad37329ec,[Unnamed Skill],1.0,Type-1 (Verbatim)
0d385b6116683e0893a459630f1d1e8ad37329ec,[Unnamed Skill],0d385b6116683e0893a459630f1d1e8ad37329ec,[Unnamed Skill],1.0,Type-1 (Verbatim)
0d385b6116683e0893a459630f1d1e8ad37329ec,[Unnamed Skill],0d385b6116683e0893a459630f1d1e8ad37329ec,[Unnamed Skill],1.0,Type-1 (Verbatim)
0d385b6116683e0893a459630f1d1e8ad37329ec,[Unnamed Skill],0d385b6116683e0893a459630f1d1e8ad37329ec,[Unnamed Skill],1.0,Type-1 (Verbatim)
0d385b6116683e0893a459630f1d1e8ad37329ec,[Unnamed Skill],0d385b6116683e0893a459630f1d1e8ad37329ec,[Unnamed Skill],1.0,Type-1 (Verbatim)
0d385b6116683e0893a459630f1d1e8ad37329ec,[Unnamed Skill],0d385b6116683e0893a459630f1d1e8ad37329ec,[Unnamed Skill],1.0,Type-1 (Verbatim)
0d385b6116683e0893a459630f1d1e8ad37329ec,[Unnamed Skill],0d385b6116683e0893a459630f1d1e8ad37329ec,[Unnamed Skill],1.0,Type-1 (Verbatim)
0d385b6116683e0893a459630f1d1e8ad37329ec,[Unnamed Skill],0d385b6116683e0893a459630f1d1e8ad37329ec,[Unnamed Skill],1.0,Type-1 (Verbatim)
0d385b6116683e0893a459630f1d1e8ad37329ec,[Unnamed Skill],0d385b6116683e0893a459630f1d1e8ad37329ec,[Unnamed Skill],1.0,Type-1 (Verbatim)
0d385b6116683e0893a459630f1d1e8ad37329ec,[Unnamed Skill],0d385b6116683e0893a459630f1d1e8ad37329ec,[Unnamed Skill],1.0,Type-1 (Verbatim)
0d385b6116683e0893a459630f1d1e8ad37329ec,[Unnamed Skill],0d385b6116683e0893a459630f1d1e8ad37329ec,[Unnamed Skill],1.0,Type-1 (Verbatim)
0d385b6116683e0893a459630f1d1e8ad37329ec,[Unnamed Skill],0d385b6116683e0893a459630f1d1e8ad37329ec,[Unnamed Skill],1.0,Type-1 (Verbatim)
0d385b6116683e0893a459630f1d1e8ad37329ec,[Unnamed Skill],0d385b6116683e0893a459630f1d1e8ad37329ec,[Unnamed Skill],1.0,Type-1 (Verbatim)
0d385b6116683e0893a459630f1d1e8ad37329ec,[Unnamed Skill],0d385b6116683e0893a459630f1d1e8ad37329ec,[Unnamed Skill],1.0,Type-1 (Verbatim)
0d385b6116683e0893a459630f1d1e8ad37329ec,[Unnamed Skill],0d385b6116683e0893a459630f1d1e8ad37329ec,[Unnamed Skill],1.0,Type-1 (Verbatim)
0d385b6116683e0893a459630f1d1e8ad37329ec,[Unnamed Skill],0d385b6116683e0893a459630f1d1e8ad37329ec,[Unnamed Skill],1.0,Type-1 (Verbatim)
0d385b6116683e0893a459630f1d1e8ad37329ec,[Unnamed Skill],0d385b6116683e0893a459630f1d1e8ad37329ec,[Unnamed Skill],1.0,Type-1 (Verbatim)
0d385b6116683e0893a459630f1d1e8ad37329ec,[Unnamed Skill],0d385b6116683e0893a459630f1d1e8ad37329ec,[Unnamed Skill],1.0,Type-1 (Verbatim)
0d385b6116683e0893a459630f1d1e8ad37329ec,[Unnamed Skill],0d385b6116683e0893a459630f1d1e8ad37329ec,[Unnamed Skill],1.0,Type-1 (Verbatim)
0d385b6116683e0893a459630f1d1e8ad37329ec,[Unnamed Skill],0d385b6116683e0893a459630f1d1e8ad37329ec,[Unnamed Skill],1.0,Type-1 (Verbatim)
0d385b6116683e0893a459630f1d1e8ad37329ec,[Unnamed Skill],0d385b6116683e0893a459630f1d1e8ad37329ec,[Unnamed Skill],1.0,Type-1 (Verbatim)
0d385b6116683e0893a459630f1d1e8ad37329ec,[Unnamed Skill],0d385b6116683e0893a459630f1d1e8ad37329ec,[Unnamed Skill],1.0,Type-1 (Verbatim)
0d385b6116683e0893a459630f1d1e8ad37329ec,[Unnamed Skill],0d385b6116683e0893a459630f1d1e8ad37329ec,[Unnamed Skill],1.0,Type-1 (Verbatim)
0d385b6116683e0893a459630f1d1e8ad37329ec,[Unnamed Skill],0d385b6116683e0893a459630f1d1e8ad37329ec,[Unnamed Skill],1.0,Type-1 (Verbatim)
0d385b6116683e0893a459630f1d1e8ad37329ec,[Unnamed Skill],0d385b6116683e0893a459630f1d1e8ad37329ec,[Unnamed Skill],1.0,Type-1 (Verbatim)
0d385b6116683e0893a459630f1d1e8ad37329ec,[Unnamed Skill],0d385b6116683e0893a459630f1d1e8ad37329ec,[Unnamed Skill],1.0,Type-1 (Verbatim)
0d385b6116683e0893a459630f1d1e8ad37329ec,[Unnamed Skill],0d385b6116683e0893a459630f1d1e8ad37329ec,[Unnamed Skill],1.0,Type-1 (Verbatim)
0d385b6116683e0893a459630f1d1e8ad37329ec,[Unnamed Skill],0d385b6116683e0893a459630f1d1e8ad37329ec,[Unnamed Skill],1.0,Type-1 (Verbatim)
0d385b6116683e0893a459630f1d1e8ad37329ec,[Unnamed Skill],0d385b6116683e0893a459630f1d1e8ad37329ec,[Unnamed Skill],1.0,Type-1 (Verbatim)
0d385b6116683e0893a459630f1d1e8ad37329ec,[Unnamed Skill],0d385b6116683e0893a459630f1d1e8ad37329ec,[Unnamed Skill],1.0,Type-1 (Verbatim)
0d385b6116683e0893a459630f1d1e8ad37329ec,[Unnamed Skill],0d385b6116683e0893a459630f1d1e8ad37329ec,[Unnamed Skill],1.0,Type-1 (Verbatim)
0d385b6116683e0893a459630f1d1e8ad37329ec,[Unnamed Skill],0d385b6116683e0893a459630f1d1e8ad37329ec,[Unnamed Skill],1.0,Type-1 (Verbatim)
0d385b6116683e0893a459630f1d1e8ad37329ec,[Unnamed Skill],0d385b6116683e0893a459630f1d1e8ad37329ec,[Unnamed Skill],1.0,Type-1 (Verbatim)
0d385b6116683e0893a459630f1d1e8ad37329ec,[Unnamed Skill],0d385b6116683e0893a459630f1d1e8ad37329ec,[Unnamed Skill],1.0,Type-1 (Verbatim)
0d385b6116683e0893a459630f1d1e8ad37329ec,[Unnamed Skill],0d385b6116683e0893a459630f1d1e8ad37329ec,[Unnamed Skill],1.0,Type-1 (Verbatim)
0d385b6116683e0893a459630f1d1e8ad37329ec,[Unnamed Skill],0d385b6116683e0893a459630f1d1e8ad37329ec,[Unnamed Skill],1.0,Type-1 (Verbatim)
0d385b6116683e0893a459630f1d1e8ad37329ec,[Unnamed Skill],0d385b6116683e0893a459630f1d1e8ad37329ec,[Unnamed Skill],1.0,Type-1 (Verbatim)
0d385b6116683e0893a459630f1d1e8ad37329ec,[Unnamed Skill],0d385b6116683e0893a459630f1d1e8ad37329ec,[Unnamed Skill],1.0,Type-1 (Verbatim)
0d385b6116683e0893a459630f1d1e8ad37329ec,[Unnamed Skill],0d385b6116683e0893a459630f1d1e8ad37329ec,[Unnamed Skill],1.0,Type-1 (Verbatim)
0d385b6116683e0893a459630f1d1e8ad37329ec,[Unnamed Skill],0d385b6116683e0893a459630f1d1e8ad37329ec,[Unnamed Skill],1.0,Type-1 (Verbatim)
0d385b6116683e0893a459630f1d1e8ad37329ec,[Unnamed Skill],0d385b6116683e0893a459630f1d1e8ad37329ec,[Unnamed Skill],1.0,Type-1 (Verbatim)
0d385b6116683e0893a459630f1d1e8ad37329ec,[Unnamed Skill],0d385b6116683e0893a459630f1d1e8ad37329ec,[Unnamed Skill],1.0,Type-1 (Verbatim)
0d385b6116683e0893a459630f1d1e8ad37329ec,[Unnamed Skill],0d385b6116683e0893a459630f1d1e8ad37329ec,[Unnamed Skill],1.0,Type-1 (Verbatim)
0d385b6116683e0893a459630f1d1e8ad37329ec,[Unnamed Skill],0d385b6116683e0893a459630f1d1e8ad37329ec,[Unnamed Skill],1.0,Type-1 (Verbatim)
0d385b6116683e0893a459630f1d1e8ad37329ec,[Unnamed Skill],0d385b6116683e0893a459630f1d1e8ad37329ec,[Unnamed Skill],1.0,Type-1 (Verbatim)
0d385b6116683e0893a459630f1d1e8ad37329ec,[Unnamed Skill],0d385b6116683e0893a459630f1d1e8ad37329ec,[Unnamed Skill],1.0,Type-1 (Verbatim)
0d385b6116683e0893a459630f1d1e8ad37329ec,[Unnamed Skill],0d385b6116683e0893a459630f1d1e8ad37329ec,[Unnamed Skill],1.0,Type-1 (Verbatim)
0d385b6116683e0893a459630f1d1e8ad37329ec,[Unnamed Skill],0d385b6116683e0893a459630f1d1e8ad37329ec,[Unnamed Skill],1.0,Type-1 (Verbatim)
0d385b6116683e0893a459630f1d1e8ad37329ec,[Unnamed Skill],0d385b6116683e0893a459630f1d1e8ad37329ec,[Unnamed Skill],1.0,Type-1 (Verbatim)
0d385b6116683e0893a459630f1d1e8ad37329ec,[Unnamed Skill],0d385b6116683e0893a459630f1d1e8ad37329ec,[Unnamed Skill],1.0,Type-1 (Verbatim)
0d385b6116683e0893a459630f1d1e8ad37329ec,[Unnamed Skill],0d385b6116683e0893a459630f1d1e8ad37329ec,[Unnamed Skill],1.0,Type-1 (Verbatim)
0d385b6116683e0893a459630f1d1e8ad37329ec,[Unnamed Skill],0d385b6116683e0893a459630f1d1e8ad37329ec,[Unnamed Skill],1.0,Type-1 (Verbatim)
0d385b6116683e0893a459630f1d1e8ad37329ec,[Unnamed Skill],0d385b6116683e0893a459630f1d1e8ad37329ec,[Unnamed Skill],1.0,Type-1 (Verbatim)
0d385b6116683e0893a459630f1d1e8ad37329ec,[Unnamed Skill],0d385b6116683e0893a459630f1d1e8ad37329ec,[Unnamed Skill],1.0,Type-1 (Verbatim)
0d385b6116683e0893a459630f1d1e8ad37329ec,[Unnamed Skill],0d385b6116683e0893a459630f1d1e8ad37329ec,[Unnamed Skill],1.0,Type-1 (Verbatim)
0d385b6116683e0893a459630f1d1e8ad37329ec,[Unnamed Skill],0d385b6116683e0893a459630f1d1e8ad37329ec,[Unnamed Skill],1.0,Type-1 (Verbatim)
0d385b6116683e0893a459630f1d1e8ad37329ec,[Unnamed Skill],0d385b6116683e0893a459630f1d1e8ad37329ec,[Unnamed Skill],1.0,Type-1 (Verbatim)
0d385b6116683e0893a459630f1d1e8ad37329ec,[Unnamed Skill],0d385b6116683e0893a459630f1d1e8ad37329ec,[Unnamed Skill],1.0,Type-1 (Verbatim)
0d385b6116683e0893a459630f1d1e8ad37329ec,[Unnamed Skill],0d385b6116683e0893a459630f1d1e8ad37329ec,[Unnamed Skill],1.0,Type-1 (Verbatim)
0d385b6116683e0893a459630f1d1e8ad37329ec,[Unnamed Skill],0d385b6116683e0893a459630f1d1e8ad37329ec,[Unnamed Skill],1.0,Type-1 (Verbatim)
0d385b6116683e0893a459630f1d1e8ad37329ec,[Unnamed Skill],0d385b6116683e0893a459630f1d1e8ad37329ec,[Unnamed Skill],1.0,Type-1 (Verbatim)
0d385b6116683e0893a459630f1d1e8ad37329ec,[Unnamed Skill],0d385b6116683e0893a459630f1d1e8ad37329ec,[Unnamed Skill],1.0,Type-1 (Verbatim)
0d385b6116683e0893a459630f1d1e8ad37329ec,[Unnamed Skill],0d385b6116683e0893a459630f1d1e8ad37329ec,[Unnamed Skill],1.0,Type-1 (Verbatim)
0d385b6116683e0893a459630f1d1e8ad37329ec,[Unnamed Skill],0d385b6116683e0893a459630f1d1e8ad37329ec,[Unnamed Skill],1.0,Type-1 (Verbatim)
0d385b6116683e0893a459630f1d1e8ad37329ec,[Unnamed Skill],0d385b6116683e0893a459630f1d1e8ad37329ec,[Unnamed Skill],1.0,Type-1 (Verbatim)
0d385b6116683e0893a459630f1d1e8ad37329ec,[Unnamed Skill],0d385b6116683e0893a459630f1d1e8ad37329ec,[Unnamed Skill],1.0,Type-1 (Verbatim)
0d385b6116683e0893a459630f1d1e8ad37329ec,[Unnamed Skill],0d385b6116683e0893a459630f1d1e8ad37329ec,[Unnamed Skill],1.0,Type-1 (Verbatim)
0d385b6116683e0893a459630f1d1e8ad37329ec,[Unnamed Skill],0d385b6116683e0893a459630f1d1e8ad37329ec,[Unnamed Skill],1.0,Type-1 (Verbatim)
0d385b6116683e0893a459630f1d1e8ad37329ec,[Unnamed Skill],0d385b6116683e0893a459630f1d1e8ad37329ec,[Unnamed Skill],1.0,Type-1 (Verbatim)
0d385b6116683e0893a459630f1d1e8ad37329ec,[Unnamed Skill],0d385b6116683e0893a459630f1d1e8ad37329ec,[Unnamed Skill],1.0,Type-1 (Verbatim)
0d385b6116683e0893a459630f1d1e8ad37329ec,[Unnamed Skill],0d385b6116683e0893a459630f1d1e8ad37329ec,[Unnamed Skill],1.0,Type-1 (Verbatim)
0d385b6116683e0893a459630f1d1e8ad37329ec,[Unnamed Skill],0d385b6116683e0893a459630f1d1e8ad37329ec,[Unnamed Skill],1.0,Type-1 (Verbatim)
0d385b6116683e0893a459630f1d1e8ad37329ec,[Unnamed Skill],0d385b6116683e0893a459630f1d1e8ad37329ec,[Unnamed Skill],1.0,Type-1 (Verbatim)
0d385b6116683e0893a459630f1d1e8ad37329ec,[Unnamed Skill],0d385b6116683e0893a459630f1d1e8ad37329ec,[Unnamed Skill],1.0,Type-1 (Verbatim)
0d385b6116683e0893a459630f1d1e8ad37329ec,[Unnamed Skill],0d385b6116683e0893a459630f1d1e8ad37329ec,[Unnamed Skill],1.0,Type-1 (Verbatim)
0d385b6116683e0893a459630f1d1e8ad37329ec,[Unnamed Skill],0d385b6116683e0893a459630f1d1e8ad37329ec,[Unnamed Skill],1.0,Type-1 (Verbatim)
0d385b6116683e0893a459630f1d1e8ad37329ec,[Unnamed Skill],0d385b6116683e0893a459630f1d1e8ad37329ec,[Unnamed Skill],1.0,Type-1 (Verbatim)
0d385b6116683e0893a459630f1d1e8ad37329ec,[Unnamed Skill],0d385b6116683e0893a459630f1d1e8ad37329ec,[Unnamed Skill],1.0,Type-1 (Verbatim)
0d385b6116683e0893a459630f1d1e8ad37329ec,[Unnamed Skill],0d385b6116683e0893a459630f1d1e8ad37329ec,[Unnamed Skill],1.0,Type-1 (Verbatim)
0d385b6116683e0893a459630f1d1e8ad37329ec,[Unnamed Skill],0d385b6116683e0893a459630f1d1e8ad37329ec,[Unnamed Skill],1.0,Type-1 (Verbatim)
0d385b6116683e0893a459630f1d1e8ad37329ec,[Unnamed Skill],0d385b6116683e0893a459630f1d1e8ad37329ec,[Unnamed Skill],1.0,Type-1 (Verbatim)
0d385b6116683e0893a459630f1d1e8ad37329ec,[Unnamed Skill],0d385b6116683e0893a459630f1d1e8ad37329ec,[Unnamed Skill],1.0,Type-1 (Verbatim)
0d385b6116683e0893a459630f1d1e8ad37329ec,[Unnamed Skill],0d385b6116683e0893a459630f1d1e8ad37329ec,[Unnamed Skill],1.0,Type-1 (Verbatim)
0d385b6116683e0893a459630f1d1e8ad37329ec,[Unnamed Skill],0d385b6116683e0893a459630f1d1e8ad37329ec,[Unnamed Skill],1.0,Type-1 (Verbatim)
0d385b6116683e0893a459630f1d1e8ad37329ec,[Unnamed Skill],0d385b6116683e0893a459630f1d1e8ad37329ec,[Unnamed Skill],1.0,Type-1 (Verbatim)
0d385b6116683e0893a459630f1d1e8ad37329ec,[Unnamed Skill],0d385b6116683e0893a459630f1d1e8ad37329ec,[Unnamed Skill],1.0,Type-1 (Verbatim)
0d385b6116683e0893a459630f1d1e8ad37329ec,[Unnamed Skill],0d385b6116683e0893a459630f1d1e8ad37329ec,[Unnamed Skill],1.0,Type-1 (Verbatim)
0d385b6116683e0893a459630f1d1e8ad37329ec,[Unnamed Skill],0d385b6116683e0893a459630f1d1e8ad37329ec,[Unnamed Skill],1.0,Type-1 (Verbatim)
0d385b6116683e0893a459630f1d1e8ad37329ec,[Unnamed Skill],0d385b6116683e0893a459630f1d1e8ad37329ec,[Unnamed Skill],1.0,Type-1 (Verbatim)
0d385b6116683e0893a459630f1d1e8ad37329ec,[Unnamed Skill],0d385b6116683e0893a459630f1d1e8ad37329ec,[Unnamed Skill],1.0,Type-1 (Verbatim)
0d385b6116683e0893a459630f1d1e8ad37329ec,[Unnamed Skill],0d385b6116683e0893a459630f1d1e8ad37329ec,[Unnamed Skill],1.0,Type-1 (Verbatim)
0d385b6116683e0893a459630f1d1e8ad37329ec,[Unnamed Skill],0d385b6116683e0893a459630f1d1e8ad37329ec,[Unnamed Skill],1.0,Type-1 (Verbatim)
0d385b6116683e0893a459630f1d1e8ad37329ec,[Unnamed Skill],0d385b6116683e0893a459630f1d1e8ad37329ec,[Unnamed Skill],1.0,Type-1 (Verbatim)
0d385b6116683e0893a459630f1d1e8ad37329ec,[Unnamed Skill],0d385b6116683e0893a459630f1d1e8ad37329ec,[Unnamed Skill],1.0,Type-1 (Verbatim)
0d385b6116683e0893a459630f1d1e8ad37329ec,[Unnamed Skill],0d385b6116683e0893a459630f1d1e8ad37329ec,[Unnamed Skill],1.0,Type-1 (Verbatim)
0d385b6116683e0893a459630f1d1e8ad37329ec,[Unnamed Skill],0d385b6116683e0893a459630f1d1e8ad37329ec,[Unnamed Skill],1.0,Type-1 (Verbatim)
0d385b6116683e0893a459630f1d1e8ad37329ec,[Unnamed Skill],0d385b6116683e0893a459630f1d1e8ad37329ec,[Unnamed Skill],1.0,Type-1 (Verbatim)
0d385b6116683e0893a459630f1d1e8ad37329ec,[Unnamed Skill],0d385b6116683e0893a459630f1d1e8ad37329ec,[Unnamed Skill],1.0,Type-1 (Verbatim)
0d385b6116683e0893a459630f1d1e8ad37329ec,[Unnamed Skill],0d385b6116683e0893a459630f1d1e8ad37329ec,[Unnamed Skill],1.0,Type-1 (Verbatim)
0d385b6116683e0893a459630f1d1e8ad37329ec,[Unnamed Skill],0d385b6116683e0893a459630f1d1e8ad37329ec,[Unnamed Skill],1.0,Type-1 (Verbatim)
0d385b6116683e0893a459630f1d1e8ad37329ec,[Unnamed Skill],0d385b6116683e0893a459630f1d1e8ad37329ec,[Unnamed Skill],1.0,Type-1 (Verbatim)
0d385b6116683e0893a459630f1d1e8ad37329ec,[Unnamed Skill],0d385b6116683e0893a459630f1d1e8ad37329ec,[Unnamed Skill],1.0,Type-1 (Verbatim)
0d385b6116683e0893a459630f1d1e8ad37329ec,[Unnamed Skill],0d385b6116683e0893a459630f1d1e8ad37329ec,[Unnamed Skill],1.0,Type-1 (Verbatim)
0d385b6116683e0893a459630f1d1e8ad37329ec,[Unnamed Skill],0d385b6116683e0893a459630f1d1e8ad37329ec,[Unnamed Skill],1.0,Type-1 (Verbatim)
0d385b6116683e0893a459630f1d1e8ad37329ec,[Unnamed Skill],0d385b6116683e0893a459630f1d1e8ad37329ec,[Unnamed Skill],1.0,Type-1 (Verbatim)
0d385b6116683e0893a459630f1d1e8ad37329ec,[Unnamed Skill],0d385b6116683e0893a459630f1d1e8ad37329ec,[Unnamed Skill],1.0,Type-1 (Verbatim)
0d385b6116683e0893a459630f1d1e8ad37329ec,[Unnamed Skill],0d385b6116683e0893a459630f1d1e8ad37329ec,[Unnamed Skill],1.0,Type-1 (Verbatim)
0d385b6116683e0893a459630f1d1e8ad37329ec,[Unnamed Skill],0d385b6116683e0893a459630f1d1e8ad37329ec,[Unnamed Skill],1.0,Type-1 (Verbatim)
ebf0fe3791b788582a234193371e042989926943,[Unnamed Skill],ebf0fe3791b788582a234193371e042989926943,[Unnamed Skill],1.0,Type-1 (Verbatim)
ebf0fe3791b788582a234193371e042989926943,[Unnamed Skill],ebf0fe3791b788582a234193371e042989926943,[Unnamed Skill],1.0,Type-1 (Verbatim)
ebf0fe3791b788582a234193371e042989926943,[Unnamed Skill],ebf0fe3791b788582a234193371e042989926943,[Unnamed Skill],1.0,Type-1 (Verbatim)
ebf0fe3791b788582a234193371e042989926943,[Unnamed Skill],ebf0fe3791b788582a234193371e042989926943,[Unnamed Skill],1.0,Type-1 (Verbatim)
ebf0fe3791b788582a234193371e042989926943,[Unnamed Skill],ebf0fe3791b788582a234193371e042989926943,[Unnamed Skill],1.0,Type-1 (Verbatim)
ebf0fe3791b788582a234193371e042989926943,[Unnamed Skill],ebf0fe3791b788582a234193371e042989926943,[Unnamed Skill],1.0,Type-1 (Verbatim)
ebf0fe3791b788582a234193371e042989926943,[Unnamed Skill],ebf0fe3791b788582a234193371e042989926943,[Unnamed Skill],1.0,Type-1 (Verbatim)
ebf0fe3791b788582a234193371e042989926943,[Unnamed Skill],ebf0fe3791b788582a234193371e042989926943,[Unnamed Skill],1.0,Type-1 (Verbatim)
ebf0fe3791b788582a234193371e042989926943,[Unnamed Skill],ebf0fe3791b788582a234193371e042989926943,[Unnamed Skill],1.0,Type-1 (Verbatim)
ebf0fe3791b788582a234193371e042989926943,[Unnamed Skill],ebf0fe3791b788582a234193371e042989926943,[Unnamed Skill],1.0,Type-1 (Verbatim)
ebf0fe3791b788582a234193371e042989926943,[Unnamed Skill],ebf0fe3791b788582a234193371e042989926943,[Unnamed Skill],1.0,Type-1 (Verbatim)
ebf0fe3791b788582a234193371e042989926943,[Unnamed Skill],ebf0fe3791b788582a234193371e042989926943,[Unnamed Skill],1.0,Type-1 (Verbatim)
ebf0fe3791b788582a234193371e042989926943,[Unnamed Skill],ebf0fe3791b788582a234193371e042989926943,[Unnamed Skill],1.0,Type-1 (Verbatim)
ebf0fe3791b788582a234193371e042989926943,[Unnamed Skill],ebf0fe3791b788582a234193371e042989926943,[Unnamed Skill],1.0,Type-1 (Verbatim)
ebf0fe3791b788582a234193371e042989926943,[Unnamed Skill],ebf0fe3791b788582a234193371e042989926943,[Unnamed Skill],1.0,Type-1 (Verbatim)
ebf0fe3791b788582a234193371e042989926943,[Unnamed Skill],ebf0fe3791b788582a234193371e042989926943,[Unnamed Skill],1.0,Type-1 (Verbatim)
ebf0fe3791b788582a234193371e042989926943,[Unnamed Skill],ebf0fe3791b788582a234193371e042989926943,[Unnamed Skill],1.0,Type-1 (Verbatim)
ebf0fe3791b788582a234193371e042989926943,[Unnamed Skill],ebf0fe3791b788582a234193371e042989926943,[Unnamed Skill],1.0,Type-1 (Verbatim)
ebf0fe3791b788582a234193371e042989926943,[Unnamed Skill],ebf0fe3791b788582a234193371e042989926943,[Unnamed Skill],1.0,Type-1 (Verbatim)
ebf0fe3791b788582a234193371e042989926943,[Unnamed Skill],ebf0fe3791b788582a234193371e042989926943,[Unnamed Skill],1.0,Type-1 (Verbatim)
ebf0fe3791b788582a234193371e042989926943,[Unnamed Skill],ebf0fe3791b788582a234193371e042989926943,[Unnamed Skill],1.0,Type-1 (Verbatim)
ebf0fe3791b788582a234193371e042989926943,[Unnamed Skill],ebf0fe3791b788582a234193371e042989926943,[Unnamed Skill],1.0,Type-1 (Verbatim)
ebf0fe3791b788582a234193371e042989926943,[Unnamed Skill],ebf0fe3791b788582a234193371e042989926943,[Unnamed Skill],1.0,Type-1 (Verbatim)
ebf0fe3791b788582a234193371e042989926943,[Unnamed Skill],ebf0fe3791b788582a234193371e042989926943,[Unnamed Skill],1.0,Type-1 (Verbatim)
ebf0fe3791b788582a234193371e042989926943,[Unnamed Skill],ebf0fe3791b788582a234193371e042989926943,[Unnamed Skill],1.0,Type-1 (Verbatim)
ebf0fe3791b788582a234193371e042989926943,[Unnamed Skill],ebf0fe3791b788582a234193371e042989926943,[Unnamed Skill],1.0,Type-1 (Verbatim)
ebf0fe3791b788582a234193371e042989926943,[Unnamed Skill],ebf0fe3791b788582a234193371e042989926943,[Unnamed Skill],1.0,Type-1 (Verbatim)
ebf0fe3791b788582a234193371e042989926943,[Unnamed Skill],ebf0fe3791b788582a234193371e042989926943,[Unnamed Skill],1.0,Type-1 (Verbatim)
ebf0fe3791b788582a234193371e042989926943,[Unnamed Skill],ebf0fe3791b788582a234193371e042989926943,[Unnamed Skill],1.0,Type-1 (Verbatim)
ebf0fe3791b788582a234193371e042989926943,[Unnamed Skill],ebf0fe3791b788582a234193371e042989926943,[Unnamed Skill],1.0,Type-1 (Verbatim)
ebf0fe3791b788582a234193371e042989926943,[Unnamed Skill],ebf0fe3791b788582a234193371e042989926943,[Unnamed Skill],1.0,Type-1 (Verbatim)
ebf0fe3791b788582a234193371e042989926943,[Unnamed Skill],ebf0fe3791b788582a234193371e042989926943,[Unnamed Skill],1.0,Type-1 (Verbatim)
ebf0fe3791b788582a234193371e042989926943,[Unnamed Skill],ebf0fe3791b788582a234193371e042989926943,[Unnamed Skill],1.0,Type-1 (Verbatim)
ebf0fe3791b788582a234193371e042989926943,[Unnamed Skill],ebf0fe3791b788582a234193371e042989926943,[Unnamed Skill],1.0,Type-1 (Verbatim)
ebf0fe3791b788582a234193371e042989926943,[Unnamed Skill],ebf0fe3791b788582a234193371e042989926943,[Unnamed Skill],1.0,Type-1 (Verbatim)
ebf0fe3791b788582a234193371e042989926943,[Unnamed Skill],ebf0fe3791b788582a234193371e042989926943,[Unnamed Skill],1.0,Type-1 (Verbatim)
ebf0fe3791b788582a234193371e042989926943,[Unnamed Skill],ebf0fe3791b788582a234193371e042989926943,[Unnamed Skill],1.0,Type-1 (Verbatim)
ebf0fe3791b788582a234193371e042989926943,[Unnamed Skill],ebf0fe3791b788582a234193371e042989926943,[Unnamed Skill],1.0,Type-1 (Verbatim)
ebf0fe3791b788582a234193371e042989926943,[Unnamed Skill],ebf0fe3791b788582a234193371e042989926943,[Unnamed Skill],1.0,Type-1 (Verbatim)
ebf0fe3791b788582a234193371e042989926943,[Unnamed Skill],ebf0fe3791b788582a234193371e042989926943,[Unnamed Skill],1.0,Type-1 (Verbatim)
ebf0fe3791b788582a234193371e042989926943,[Unnamed Skill],ebf0fe3791b788582a234193371e042989926943,[Unnamed Skill],1.0,Type-1 (Verbatim)
ebf0fe3791b788582a234193371e042989926943,[Unnamed Skill],ebf0fe3791b788582a234193371e042989926943,[Unnamed Skill],1.0,Type-1 (Verbatim)
ebf0fe3791b788582a234193371e042989926943,[Unnamed Skill],ebf0fe3791b788582a234193371e042989926943,[Unnamed Skill],1.0,Type-1 (Verbatim)
ebf0fe3791b788582a234193371e042989926943,[Unnamed Skill],ebf0fe3791b788582a234193371e042989926943,[Unnamed Skill],1.0,Type-1 (Verbatim)
ebf0fe3791b788582a234193371e042989926943,[Unnamed Skill],ebf0fe3791b788582a234193371e042989926943,[Unnamed Skill],1.0,Type-1 (Verbatim)
ebf0fe3791b788582a234193371e042989926943,[Unnamed Skill],ebf0fe3791b788582a234193371e042989926943,[Unnamed Skill],1.0,Type-1 (Verbatim)
ebf0fe3791b788582a234193371e042989926943,[Unnamed Skill],ebf0fe3791b788582a234193371e042989926943,[Unnamed Skill],1.0,Type-1 (Verbatim)
ebf0fe3791b788582a234193371e042989926943,[Unnamed Skill],ebf0fe3791b788582a234193371e042989926943,[Unnamed Skill],1.0,Type-1 (Verbatim)
ebf0fe3791b788582a234193371e042989926943,[Unnamed Skill],ebf0fe3791b788582a234193371e042989926943,[Unnamed Skill],1.0,Type-1 (Verbatim)
ebf0fe3791b788582a234193371e042989926943,[Unnamed Skill],ebf0fe3791b788582a234193371e042989926943,[Unnamed Skill],1.0,Type-1 (Verbatim)
ebf0fe3791b788582a234193371e042989926943,[Unnamed Skill],ebf0fe3791b788582a234193371e042989926943,[Unnamed Skill],1.0,Type-1 (Verbatim)
ebf0fe3791b788582a234193371e042989926943,[Unnamed Skill],ebf0fe3791b788582a234193371e042989926943,[Unnamed Skill],1.0,Type-1 (Verbatim)
ebf0fe3791b788582a234193371e042989926943,[Unnamed Skill],ebf0fe3791b788582a234193371e042989926943,[Unnamed Skill],1.0,Type-1 (Verbatim)
ebf0fe3791b788582a234193371e042989926943,[Unnamed Skill],ebf0fe3791b788582a234193371e042989926943,[Unnamed Skill],1.0,Type-1 (Verbatim)
ebf0fe3791b788582a234193371e042989926943,[Unnamed Skill],ebf0fe3791b788582a234193371e042989926943,[Unnamed Skill],1.0,Type-1 (Verbatim)
ebf0fe3791b788582a234193371e042989926943,[Unnamed Skill],ebf0fe3791b788582a234193371e042989926943,[Unnamed Skill],1.0,Type-1 (Verbatim)
ebf0fe3791b788582a234193371e042989926943,[Unnamed Skill],ebf0fe3791b788582a234193371e042989926943,[Unnamed Skill],1.0,Type-1 (Verbatim)
ebf0fe3791b788582a234193371e042989926943,[Unnamed Skill],ebf0fe3791b788582a234193371e042989926943,[Unnamed Skill],1.0,Type-1 (Verbatim)
ebf0fe3791b788582a234193371e042989926943,[Unnamed Skill],ebf0fe3791b788582a234193371e042989926943,[Unnamed Skill],1.0,Type-1 (Verbatim)
ebf0fe3791b788582a234193371e042989926943,[Unnamed Skill],ebf0fe3791b788582a234193371e042989926943,[Unnamed Skill],1.0,Type-1 (Verbatim)
ebf0fe3791b788582a234193371e042989926943,[Unnamed Skill],ebf0fe3791b788582a234193371e042989926943,[Unnamed Skill],1.0,Type-1 (Verbatim)
ebf0fe3791b788582a234193371e042989926943,[Unnamed Skill],ebf0fe3791b788582a234193371e042989926943,[Unnamed Skill],1.0,Type-1 (Verbatim)
ebf0fe3791b788582a234193371e042989926943,[Unnamed Skill],ebf0fe3791b788582a234193371e042989926943,[Unnamed Skill],1.0,Type-1 (Verbatim)
ebf0fe3791b788582a234193371e042989926943,[Unnamed Skill],ebf0fe3791b788582a234193371e042989926943,[Unnamed Skill],1.0,Type-1 (Verbatim)
ebf0fe3791b788582a234193371e042989926943,[Unnamed Skill],ebf0fe3791b788582a234193371e042989926943,[Unnamed Skill],1.0,Type-1 (Verbatim)
ebf0fe3791b788582a234193371e042989926943,[Unnamed Skill],ebf0fe3791b788582a234193371e042989926943,[Unnamed Skill],1.0,Type-1 (Verbatim)
ebf0fe3791b788582a234193371e042989926943,[Unnamed Skill],ebf0fe3791b788582a234193371e042989926943,[Unnamed Skill],1.0,Type-1 (Verbatim)
ebf0fe3791b788582a234193371e042989926943,[Unnamed Skill],ebf0fe3791b788582a234193371e042989926943,[Unnamed Skill],1.0,Type-1 (Verbatim)
ebf0fe3791b788582a234193371e042989926943,[Unnamed Skill],ebf0fe3791b788582a234193371e042989926943,[Unnamed Skill],1.0,Type-1 (Verbatim)
ebf0fe3791b788582a234193371e042989926943,[Unnamed Skill],ebf0fe3791b788582a234193371e042989926943,[Unnamed Skill],1.0,Type-1 (Verbatim)
ebf0fe3791b788582a234193371e042989926943,[Unnamed Skill],ebf0fe3791b788582a234193371e042989926943,[Unnamed Skill],1.0,Type-1 (Verbatim)
ebf0fe3791b788582a234193371e042989926943,[Unnamed Skill],ebf0fe3791b788582a234193371e042989926943,[Unnamed Skill],1.0,Type-1 (Verbatim)
ebf0fe3791b788582a234193371e042989926943,[Unnamed Skill],ebf0fe3791b788582a234193371e042989926943,[Unnamed Skill],1.0,Type-1 (Verbatim)
ebf0fe3791b788582a234193371e042989926943,[Unnamed Skill],ebf0fe3791b788582a234193371e042989926943,[Unnamed Skill],1.0,Type-1 (Verbatim)
ebf0fe3791b788582a234193371e042989926943,[Unnamed Skill],ebf0fe3791b788582a234193371e042989926943,[Unnamed Skill],1.0,Type-1 (Verbatim)
ebf0fe3791b788582a234193371e042989926943,[Unnamed Skill],ebf0fe3791b788582a234193371e042989926943,[Unnamed Skill],1.0,Type-1 (Verbatim)
ebf0fe3791b788582a234193371e042989926943,[Unnamed Skill],ebf0fe3791b788582a234193371e042989926943,[Unnamed Skill],1.0,Type-1 (Verbatim)
ebf0fe3791b788582a234193371e042989926943,[Unnamed Skill],ebf0fe3791b788582a234193371e042989926943,[Unnamed Skill],1.0,Type-1 (Verbatim)
ebf0fe3791b788582a234193371e042989926943,[Unnamed Skill],ebf0fe3791b788582a234193371e042989926943,[Unnamed Skill],1.0,Type-1 (Verbatim)
ebf0fe3791b788582a234193371e042989926943,[Unnamed Skill],ebf0fe3791b788582a234193371e042989926943,[Unnamed Skill],1.0,Type-1 (Verbatim)
ebf0fe3791b788582a234193371e042989926943,[Unnamed Skill],ebf0fe3791b788582a234193371e042989926943,[Unnamed Skill],1.0,Type-1 (Verbatim)
ebf0fe3791b788582a234193371e042989926943,[Unnamed Skill],ebf0fe3791b788582a234193371e042989926943,[Unnamed Skill],1.0,Type-1 (Verbatim)
ebf0fe3791b788582a234193371e042989926943,[Unnamed Skill],ebf0fe3791b788582a234193371e042989926943,[Unnamed Skill],1.0,Type-1 (Verbatim)
ebf0fe3791b788582a234193371e042989926943,[Unnamed Skill],ebf0fe3791b788582a234193371e042989926943,[Unnamed Skill],1.0,Type-1 (Verbatim)
ebf0fe3791b788582a234193371e042989926943,[Unnamed Skill],ebf0fe3791b788582a234193371e042989926943,[Unnamed Skill],1.0,Type-1 (Verbatim)
ebf0fe3791b788582a234193371e042989926943,[Unnamed Skill],ebf0fe3791b788582a234193371e042989926943,[Unnamed Skill],1.0,Type-1 (Verbatim)
ebf0fe3791b788582a234193371e042989926943,[Unnamed Skill],ebf0fe3791b788582a234193371e042989926943,[Unnamed Skill],1.0,Type-1 (Verbatim)
ebf0fe3791b788582a234193371e042989926943,[Unnamed Skill],ebf0fe3791b788582a234193371e042989926943,[Unnamed Skill],1.0,Type-1 (Verbatim)
ebf0fe3791b788582a234193371e042989926943,[Unnamed Skill],ebf0fe3791b788582a234193371e042989926943,[Unnamed Skill],1.0,Type-1 (Verbatim)
ebf0fe3791b788582a234193371e042989926943,[Unnamed Skill],ebf0fe3791b788582a234193371e042989926943,[Unnamed Skill],1.0,Type-1 (Verbatim)
ebf0fe3791b788582a234193371e042989926943,[Unnamed Skill],ebf0fe3791b788582a234193371e042989926943,[Unnamed Skill],1.0,Type-1 (Verbatim)
ebf0fe3791b788582a234193371e042989926943,[Unnamed Skill],ebf0fe3791b788582a234193371e042989926943,[Unnamed Skill],1.0,Type-1 (Verbatim)
ebf0fe3791b788582a234193371e042989926943,[Unnamed Skill],ebf0fe3791b788582a234193371e042989926943,[Unnamed Skill],1.0,Type-1 (Verbatim)
ebf0fe3791b788582a234193371e042989926943,[Unnamed Skill],ebf0fe3791b788582a234193371e042989926943,[Unnamed Skill],1.0,Type-1 (Verbatim)
ebf0fe3791b788582a234193371e042989926943,[Unnamed Skill],ebf0fe3791b788582a234193371e042989926943,[Unnamed Skill],1.0,Type-1 (Verbatim)
ebf0fe3791b788582a234193371e042989926943,[Unnamed Skill],ebf0fe3791b788582a234193371e042989926943,[Unnamed Skill],1.0,Type-1 (Verbatim)
ebf0fe3791b788582a234193371e042989926943,[Unnamed Skill],ebf0fe3791b788582a234193371e042989926943,[Unnamed Skill],1.0,Type-1 (Verbatim)
ebf0fe3791b788582a234193371e042989926943,[Unnamed Skill],ebf0fe3791b788582a234193371e042989926943,[Unnamed Skill],1.0,Type-1 (Verbatim)
ebf0fe3791b788582a234193371e042989926943,[Unnamed Skill],ebf0fe3791b788582a234193371e042989926943,[Unnamed Skill],1.0,Type-1 (Verbatim)
ebf0fe3791b788582a234193371e042989926943,[Unnamed Skill],ebf0fe3791b788582a234193371e042989926943,[Unnamed Skill],1.0,Type-1 (Verbatim)
ebf0fe3791b788582a234193371e042989926943,[Unnamed Skill],ebf0fe3791b788582a234193371e042989926943,[Unnamed Skill],1.0,Type-1 (Verbatim)
ebf0fe3791b788582a234193371e042989926943,[Unnamed Skill],ebf0fe3791b788582a234193371e042989926943,[Unnamed Skill],1.0,Type-1 (Verbatim)
ebf0fe3791b788582a234193371e042989926943,[Unnamed Skill],ebf0fe3791b788582a234193371e042989926943,[Unnamed Skill],1.0,Type-1 (Verbatim)
ebf0fe3791b788582a234193371e042989926943,[Unnamed Skill],ebf0fe3791b788582a234193371e042989926943,[Unnamed Skill],1.0,Type-1 (Verbatim)
ebf0fe3791b788582a234193371e042989926943,[Unnamed Skill],ebf0fe3791b788582a234193371e042989926943,[Unnamed Skill],1.0,Type-1 (Verbatim)
ebf0fe3791b788582a234193371e042989926943,[Unnamed Skill],ebf0fe3791b788582a234193371e042989926943,[Unnamed Skill],1.0,Type-1 (Verbatim)
ebf0fe3791b788582a234193371e042989926943,[Unnamed Skill],ebf0fe3791b788582a234193371e042989926943,[Unnamed Skill],1.0,Type-1 (Verbatim)
ebf0fe3791b788582a234193371e042989926943,[Unnamed Skill],ebf0fe3791b788582a234193371e042989926943,[Unnamed Skill],1.0,Type-1 (Verbatim)
ebf0fe3791b788582a234193371e042989926943,[Unnamed Skill],ebf0fe3791b788582a234193371e042989926943,[Unnamed Skill],1.0,Type-1 (Verbatim)
ebf0fe3791b788582a234193371e042989926943,[Unnamed Skill],ebf0fe3791b788582a234193371e042989926943,[Unnamed Skill],1.0,Type-1 (Verbatim)
ebf0fe3791b788582a234193371e042989926943,[Unnamed Skill],ebf0fe3791b788582a234193371e042989926943,[Unnamed Skill],1.0,Type-1 (Verbatim)
ebf0fe3791b788582a234193371e042989926943,[Unnamed Skill],ebf0fe3791b788582a234193371e042989926943,[Unnamed Skill],1.0,Type-1 (Verbatim)
ebf0fe3791b788582a234193371e042989926943,[Unnamed Skill],ebf0fe3791b788582a234193371e042989926943,[Unnamed Skill],1.0,Type-1 (Verbatim)
ebf0fe3791b788582a234193371e042989926943,[Unnamed Skill],ebf0fe3791b788582a234193371e042989926943,[Unnamed Skill],1.0,Type-1 (Verbatim)
ebf0fe3791b788582a234193371e042989926943,[Unnamed Skill],ebf0fe3791b788582a234193371e042989926943,[Unnamed Skill],1.0,Type-1 (Verbatim)
ebf0fe3791b788582a234193371e042989926943,[Unnamed Skill],ebf0fe3791b788582a234193371e042989926943,[Unnamed Skill],1.0,Type-1 (Verbatim)
ebf0fe3791b788582a234193371e042989926943,[Unnamed Skill],ebf0fe3791b788582a234193371e042989926943,[Unnamed Skill],1.0,Type-1 (Verbatim)
ebf0fe3791b788582a234193371e042989926943,[Unnamed Skill],ebf0fe3791b788582a234193371e042989926943,[Unnamed Skill],1.0,Type-1 (Verbatim)
ebf0fe3791b788582a234193371e042989926943,[Unnamed Skill],ebf0fe3791b788582a234193371e042989926943,[Unnamed Skill],1.0,Type-1 (Verbatim)
ebf0fe3791b788582a234193371e042989926943,[Unnamed Skill],ebf0fe3791b788582a234193371e042989926943,[Unnamed Skill],1.0,Type-1 (Verbatim)
ebf0fe3791b788582a234193371e042989926943,[Unnamed Skill],ebf0fe3791b788582a234193371e042989926943,[Unnamed Skill],1.0,Type-1 (Verbatim)
ebf0fe3791b788582a234193371e042989926943,[Unnamed Skill],ebf0fe3791b788582a234193371e042989926943,[Unnamed Skill],1.0,Type-1 (Verbatim)
ebf0fe3791b788582a234193371e042989926943,[Unnamed Skill],ebf0fe3791b788582a234193371e042989926943,[Unnamed Skill],1.0,Type-1 (Verbatim)
ebf0fe3791b788582a234193371e042989926943,[Unnamed Skill],ebf0fe3791b788582a234193371e042989926943,[Unnamed Skill],1.0,Type-1 (Verbatim)
ebf0fe3791b788582a234193371e042989926943,[Unnamed Skill],ebf0fe3791b788582a234193371e042989926943,[Unnamed Skill],1.0,Type-1 (Verbatim)
ebf0fe3791b788582a234193371e042989926943,[Unnamed Skill],ebf0fe3791b788582a234193371e042989926943,[Unnamed Skill],1.0,Type-1 (Verbatim)
ebf0fe3791b788582a234193371e042989926943,[Unnamed Skill],ebf0fe3791b788582a234193371e042989926943,[Unnamed Skill],1.0,Type-1 (Verbatim)
ebf0fe3791b788582a234193371e042989926943,[Unnamed Skill],ebf0fe3791b788582a234193371e042989926943,[Unnamed Skill],1.0,Type-1 (Verbatim)
ebf0fe3791b788582a234193371e042989926943,[Unnamed Skill],ebf0fe3791b788582a234193371e042989926943,[Unnamed Skill],1.0,Type-1 (Verbatim)
ebf0fe3791b788582a234193371e042989926943,[Unnamed Skill],ebf0fe3791b788582a234193371e042989926943,[Unnamed Skill],1.0,Type-1 (Verbatim)
ebf0fe3791b788582a234193371e042989926943,[Unnamed Skill],ebf0fe3791b788582a234193371e042989926943,[Unnamed Skill],1.0,Type-1 (Verbatim)
ebf0fe3791b788582a234193371e042989926943,[Unnamed Skill],ebf0fe3791b788582a234193371e042989926943,[Unnamed Skill],1.0,Type-1 (Verbatim)
80b3767cbf196bc4d9a5ea88639408a053b907b8,[Unnamed Skill],80b3767cbf196bc4d9a5ea88639408a053b907b8,[Unnamed Skill],1.0,Type-1 (Verbatim)
80b3767cbf196bc4d9a5ea88639408a053b907b8,[Unnamed Skill],80b3767cbf196bc4d9a5ea88639408a053b907b8,[Unnamed Skill],1.0,Type-1 (Verbatim)
80b3767cbf196bc4d9a5ea88639408a053b907b8,[Unnamed Skill],80b3767cbf196bc4d9a5ea88639408a053b907b8,[Unnamed Skill],1.0,Type-1 (Verbatim)
80b3767cbf196bc4d9a5ea88639408a053b907b8,[Unnamed Skill],80b3767cbf196bc4d9a5ea88639408a053b907b8,[Unnamed Skill],1.0,Type-1 (Verbatim)
80b3767cbf196bc4d9a5ea88639408a053b907b8,[Unnamed Skill],80b3767cbf196bc4d9a5ea88639408a053b907b8,[Unnamed Skill],1.0,Type-1 (Verbatim)
80b3767cbf196bc4d9a5ea88639408a053b907b8,[Unnamed Skill],80b3767cbf196bc4d9a5ea88639408a053b907b8,[Unnamed Skill],1.0,Type-1 (Verbatim)
80b3767cbf196bc4d9a5ea88639408a053b907b8,[Unnamed Skill],80b3767cbf196bc4d9a5ea88639408a053b907b8,[Unnamed Skill],1.0,Type-1 (Verbatim)
80b3767cbf196bc4d9a5ea88639408a053b907b8,[Unnamed Skill],80b3767cbf196bc4d9a5ea88639408a053b907b8,[Unnamed Skill],1.0,Type-1 (Verbatim)
80b3767cbf196bc4d9a5ea88639408a053b907b8,[Unnamed Skill],80b3767cbf196bc4d9a5ea88639408a053b907b8,[Unnamed Skill],1.0,Type-1 (Verbatim)
80b3767cbf196bc4d9a5ea88639408a053b907b8,[Unnamed Skill],80b3767cbf196bc4d9a5ea88639408a053b907b8,[Unnamed Skill],1.0,Type-1 (Verbatim)
80b3767cbf196bc4d9a5ea88639408a053b907b8,[Unnamed Skill],80b3767cbf196bc4d9a5ea88639408a053b907b8,[Unnamed Skill],1.0,Type-1 (Verbatim)
80b3767cbf196bc4d9a5ea88639408a053b907b8,[Unnamed Skill],80b3767cbf196bc4d9a5ea88639408a053b907b8,[Unnamed Skill],1.0,Type-1 (Verbatim)
80b3767cbf196bc4d9a5ea88639408a053b907b8,[Unnamed Skill],80b3767cbf196bc4d9a5ea88639408a053b907b8,[Unnamed Skill],1.0,Type-1 (Verbatim)
80b3767cbf196bc4d9a5ea88639408a053b907b8,[Unnamed Skill],80b3767cbf196bc4d9a5ea88639408a053b907b8,[Unnamed Skill],1.0,Type-1 (Verbatim)
80b3767cbf196bc4d9a5ea88639408a053b907b8,[Unnamed Skill],80b3767cbf196bc4d9a5ea88639408a053b907b8,[Unnamed Skill],1.0,Type-1 (Verbatim)
80b3767cbf196bc4d9a5ea88639408a053b907b8,[Unnamed Skill],80b3767cbf196bc4d9a5ea88639408a053b907b8,[Unnamed Skill],1.0,Type-1 (Verbatim)
80b3767cbf196bc4d9a5ea88639408a053b907b8,[Unnamed Skill],80b3767cbf196bc4d9a5ea88639408a053b907b8,[Unnamed Skill],1.0,Type-1 (Verbatim)
80b3767cbf196bc4d9a5ea88639408a053b907b8,[Unnamed Skill],80b3767cbf196bc4d9a5ea88639408a053b907b8,[Unnamed Skill],1.0,Type-1 (Verbatim)
80b3767cbf196bc4d9a5ea88639408a053b907b8,[Unnamed Skill],80b3767cbf196bc4d9a5ea88639408a053b907b8,[Unnamed Skill],1.0,Type-1 (Verbatim)
80b3767cbf196bc4d9a5ea88639408a053b907b8,[Unnamed Skill],80b3767cbf196bc4d9a5ea88639408a053b907b8,[Unnamed Skill],1.0,Type-1 (Verbatim)
80b3767cbf196bc4d9a5ea88639408a053b907b8,[Unnamed Skill],80b3767cbf196bc4d9a5ea88639408a053b907b8,[Unnamed Skill],1.0,Type-1 (Verbatim)
80b3767cbf196bc4d9a5ea88639408a053b907b8,[Unnamed Skill],80b3767cbf196bc4d9a5ea88639408a053b907b8,[Unnamed Skill],1.0,Type-1 (Verbatim)
80b3767cbf196bc4d9a5ea88639408a053b907b8,[Unnamed Skill],80b3767cbf196bc4d9a5ea88639408a053b907b8,[Unnamed Skill],1.0,Type-1 (Verbatim)
80b3767cbf196bc4d9a5ea88639408a053b907b8,[Unnamed Skill],80b3767cbf196bc4d9a5ea88639408a053b907b8,[Unnamed Skill],1.0,Type-1 (Verbatim)
80b3767cbf196bc4d9a5ea88639408a053b907b8,[Unnamed Skill],80b3767cbf196bc4d9a5ea88639408a053b907b8,[Unnamed Skill],1.0,Type-1 (Verbatim)
80b3767cbf196bc4d9a5ea88639408a053b907b8,[Unnamed Skill],80b3767cbf196bc4d9a5ea88639408a053b907b8,[Unnamed Skill],1.0,Type-1 (Verbatim)
80b3767cbf196bc4d9a5ea88639408a053b907b8,[Unnamed Skill],80b3767cbf196bc4d9a5ea88639408a053b907b8,[Unnamed Skill],1.0,Type-1 (Verbatim)
80b3767cbf196bc4d9a5ea88639408a053b907b8,[Unnamed Skill],80b3767cbf196bc4d9a5ea88639408a053b907b8,[Unnamed Skill],1.0,Type-1 (Verbatim)
80b3767cbf196bc4d9a5ea88639408a053b907b8,[Unnamed Skill],80b3767cbf196bc4d9a5ea88639408a053b907b8,[Unnamed Skill],1.0,Type-1 (Verbatim)
80b3767cbf196bc4d9a5ea88639408a053b907b8,[Unnamed Skill],80b3767cbf196bc4d9a5ea88639408a053b907b8,[Unnamed Skill],1.0,Type-1 (Verbatim)
80b3767cbf196bc4d9a5ea88639408a053b907b8,[Unnamed Skill],80b3767cbf196bc4d9a5ea88639408a053b907b8,[Unnamed Skill],1.0,Type-1 (Verbatim)
80b3767cbf196bc4d9a5ea88639408a053b907b8,[Unnamed Skill],80b3767cbf196bc4d9a5ea88639408a053b907b8,[Unnamed Skill],1.0,Type-1 (Verbatim)
80b3767cbf196bc4d9a5ea88639408a053b907b8,[Unnamed Skill],80b3767cbf196bc4d9a5ea88639408a053b907b8,[Unnamed Skill],1.0,Type-1 (Verbatim)
80b3767cbf196bc4d9a5ea88639408a053b907b8,[Unnamed Skill],80b3767cbf196bc4d9a5ea88639408a053b907b8,[Unnamed Skill],1.0,Type-1 (Verbatim)
80b3767cbf196bc4d9a5ea88639408a053b907b8,[Unnamed Skill],80b3767cbf196bc4d9a5ea88639408a053b907b8,[Unnamed Skill],1.0,Type-1 (Verbatim)
80b3767cbf196bc4d9a5ea88639408a053b907b8,[Unnamed Skill],80b3767cbf196bc4d9a5ea88639408a053b907b8,[Unnamed Skill],1.0,Type-1 (Verbatim)
80b3767cbf196bc4d9a5ea88639408a053b907b8,[Unnamed Skill],80b3767cbf196bc4d9a5ea88639408a053b907b8,[Unnamed Skill],1.0,Type-1 (Verbatim)
80b3767cbf196bc4d9a5ea88639408a053b907b8,[Unnamed Skill],80b3767cbf196bc4d9a5ea88639408a053b907b8,[Unnamed Skill],1.0,Type-1 (Verbatim)
80b3767cbf196bc4d9a5ea88639408a053b907b8,[Unnamed Skill],80b3767cbf196bc4d9a5ea88639408a053b907b8,[Unnamed Skill],1.0,Type-1 (Verbatim)
80b3767cbf196bc4d9a5ea88639408a053b907b8,[Unnamed Skill],80b3767cbf196bc4d9a5ea88639408a053b907b8,[Unnamed Skill],1.0,Type-1 (Verbatim)
80b3767cbf196bc4d9a5ea88639408a053b907b8,[Unnamed Skill],80b3767cbf196bc4d9a5ea88639408a053b907b8,[Unnamed Skill],1.0,Type-1 (Verbatim)
80b3767cbf196bc4d9a5ea88639408a053b907b8,[Unnamed Skill],80b3767cbf196bc4d9a5ea88639408a053b907b8,[Unnamed Skill],1.0,Type-1 (Verbatim)
80b3767cbf196bc4d9a5ea88639408a053b907b8,[Unnamed Skill],80b3767cbf196bc4d9a5ea88639408a053b907b8,[Unnamed Skill],1.0,Type-1 (Verbatim)
80b3767cbf196bc4d9a5ea88639408a053b907b8,[Unnamed Skill],80b3767cbf196bc4d9a5ea88639408a053b907b8,[Unnamed Skill],1.0,Type-1 (Verbatim)
80b3767cbf196bc4d9a5ea88639408a053b907b8,[Unnamed Skill],80b3767cbf196bc4d9a5ea88639408a053b907b8,[Unnamed Skill],1.0,Type-1 (Verbatim)
80b3767cbf196bc4d9a5ea88639408a053b907b8,[Unnamed Skill],80b3767cbf196bc4d9a5ea88639408a053b907b8,[Unnamed Skill],1.0,Type-1 (Verbatim)
80b3767cbf196bc4d9a5ea88639408a053b907b8,[Unnamed Skill],80b3767cbf196bc4d9a5ea88639408a053b907b8,[Unnamed Skill],1.0,Type-1 (Verbatim)
80b3767cbf196bc4d9a5ea88639408a053b907b8,[Unnamed Skill],80b3767cbf196bc4d9a5ea88639408a053b907b8,[Unnamed Skill],1.0,Type-1 (Verbatim)
80b3767cbf196bc4d9a5ea88639408a053b907b8,[Unnamed Skill],80b3767cbf196bc4d9a5ea88639408a053b907b8,[Unnamed Skill],1.0,Type-1 (Verbatim)
80b3767cbf196bc4d9a5ea88639408a053b907b8,[Unnamed Skill],80b3767cbf196bc4d9a5ea88639408a053b907b8,[Unnamed Skill],1.0,Type-1 (Verbatim)
80b3767cbf196bc4d9a5ea88639408a053b907b8,[Unnamed Skill],80b3767cbf196bc4d9a5ea88639408a053b907b8,[Unnamed Skill],1.0,Type-1 (Verbatim)
80b3767cbf196bc4d9a5ea88639408a053b907b8,[Unnamed Skill],80b3767cbf196bc4d9a5ea88639408a053b907b8,[Unnamed Skill],1.0,Type-1 (Verbatim)
80b3767cbf196bc4d9a5ea88639408a053b907b8,[Unnamed Skill],80b3767cbf196bc4d9a5ea88639408a053b907b8,[Unnamed Skill],1.0,Type-1 (Verbatim)
80b3767cbf196bc4d9a5ea88639408a053b907b8,[Unnamed Skill],80b3767cbf196bc4d9a5ea88639408a053b907b8,[Unnamed Skill],1.0,Type-1 (Verbatim)
80b3767cbf196bc4d9a5ea88639408a053b907b8,[Unnamed Skill],80b3767cbf196bc4d9a5ea88639408a053b907b8,[Unnamed Skill],1.0,Type-1 (Verbatim)
80b3767cbf196bc4d9a5ea88639408a053b907b8,[Unnamed Skill],80b3767cbf196bc4d9a5ea88639408a053b907b8,[Unnamed Skill],1.0,Type-1 (Verbatim)
80b3767cbf196bc4d9a5ea88639408a053b907b8,[Unnamed Skill],80b3767cbf196bc4d9a5ea88639408a053b907b8,[Unnamed Skill],1.0,Type-1 (Verbatim)
80b3767cbf196bc4d9a5ea88639408a053b907b8,[Unnamed Skill],80b3767cbf196bc4d9a5ea88639408a053b907b8,[Unnamed Skill],1.0,Type-1 (Verbatim)
80b3767cbf196bc4d9a5ea88639408a053b907b8,[Unnamed Skill],80b3767cbf196bc4d9a5ea88639408a053b907b8,[Unnamed Skill],1.0,Type-1 (Verbatim)
80b3767cbf196bc4d9a5ea88639408a053b907b8,[Unnamed Skill],80b3767cbf196bc4d9a5ea88639408a053b907b8,[Unnamed Skill],1.0,Type-1 (Verbatim)
80b3767cbf196bc4d9a5ea88639408a053b907b8,[Unnamed Skill],80b3767cbf196bc4d9a5ea88639408a053b907b8,[Unnamed Skill],1.0,Type-1 (Verbatim)
80b3767cbf196bc4d9a5ea88639408a053b907b8,[Unnamed Skill],80b3767cbf196bc4d9a5ea88639408a053b907b8,[Unnamed Skill],1.0,Type-1 (Verbatim)
80b3767cbf196bc4d9a5ea88639408a053b907b8,[Unnamed Skill],80b3767cbf196bc4d9a5ea88639408a053b907b8,[Unnamed Skill],1.0,Type-1 (Verbatim)
80b3767cbf196bc4d9a5ea88639408a053b907b8,[Unnamed Skill],80b3767cbf196bc4d9a5ea88639408a053b907b8,[Unnamed Skill],1.0,Type-1 (Verbatim)
80b3767cbf196bc4d9a5ea88639408a053b907b8,[Unnamed Skill],80b3767cbf196bc4d9a5ea88639408a053b907b8,[Unnamed Skill],1.0,Type-1 (Verbatim)
80b3767cbf196bc4d9a5ea88639408a053b907b8,[Unnamed Skill],80b3767cbf196bc4d9a5ea88639408a053b907b8,[Unnamed Skill],1.0,Type-1 (Verbatim)
80b3767cbf196bc4d9a5ea88639408a053b907b8,[Unnamed Skill],80b3767cbf196bc4d9a5ea88639408a053b907b8,[Unnamed Skill],1.0,Type-1 (Verbatim)
80b3767cbf196bc4d9a5ea88639408a053b907b8,[Unnamed Skill],80b3767cbf196bc4d9a5ea88639408a053b907b8,[Unnamed Skill],1.0,Type-1 (Verbatim)
80b3767cbf196bc4d9a5ea88639408a053b907b8,[Unnamed Skill],80b3767cbf196bc4d9a5ea88639408a053b907b8,[Unnamed Skill],1.0,Type-1 (Verbatim)
80b3767cbf196bc4d9a5ea88639408a053b907b8,[Unnamed Skill],80b3767cbf196bc4d9a5ea88639408a053b907b8,[Unnamed Skill],1.0,Type-1 (Verbatim)
80b3767cbf196bc4d9a5ea88639408a053b907b8,[Unnamed Skill],80b3767cbf196bc4d9a5ea88639408a053b907b8,[Unnamed Skill],1.0,Type-1 (Verbatim)
80b3767cbf196bc4d9a5ea88639408a053b907b8,[Unnamed Skill],80b3767cbf196bc4d9a5ea88639408a053b907b8,[Unnamed Skill],1.0,Type-1 (Verbatim)
80b3767cbf196bc4d9a5ea88639408a053b907b8,[Unnamed Skill],80b3767cbf196bc4d9a5ea88639408a053b907b8,[Unnamed Skill],1.0,Type-1 (Verbatim)
80b3767cbf196bc4d9a5ea88639408a053b907b8,[Unnamed Skill],80b3767cbf196bc4d9a5ea88639408a053b907b8,[Unnamed Skill],1.0,Type-1 (Verbatim)
80b3767cbf196bc4d9a5ea88639408a053b907b8,[Unnamed Skill],80b3767cbf196bc4d9a5ea88639408a053b907b8,[Unnamed Skill],1.0,Type-1 (Verbatim)
80b3767cbf196bc4d9a5ea88639408a053b907b8,[Unnamed Skill],80b3767cbf196bc4d9a5ea88639408a053b907b8,[Unnamed Skill],1.0,Type-1 (Verbatim)
80b3767cbf196bc4d9a5ea88639408a053b907b8,[Unnamed Skill],80b3767cbf196bc4d9a5ea88639408a053b907b8,[Unnamed Skill],1.0,Type-1 (Verbatim)
80b3767cbf196bc4d9a5ea88639408a053b907b8,[Unnamed Skill],80b3767cbf196bc4d9a5ea88639408a053b907b8,[Unnamed Skill],1.0,Type-1 (Verbatim)
80b3767cbf196bc4d9a5ea88639408a053b907b8,[Unnamed Skill],80b3767cbf196bc4d9a5ea88639408a053b907b8,[Unnamed Skill],1.0,Type-1 (Verbatim)
80b3767cbf196bc4d9a5ea88639408a053b907b8,[Unnamed Skill],80b3767cbf196bc4d9a5ea88639408a053b907b8,[Unnamed Skill],1.0,Type-1 (Verbatim)
80b3767cbf196bc4d9a5ea88639408a053b907b8,[Unnamed Skill],80b3767cbf196bc4d9a5ea88639408a053b907b8,[Unnamed Skill],1.0,Type-1 (Verbatim)
80b3767cbf196bc4d9a5ea88639408a053b907b8,[Unnamed Skill],80b3767cbf196bc4d9a5ea88639408a053b907b8,[Unnamed Skill],1.0,Type-1 (Verbatim)
80b3767cbf196bc4d9a5ea88639408a053b907b8,[Unnamed Skill],80b3767cbf196bc4d9a5ea88639408a053b907b8,[Unnamed Skill],1.0,Type-1 (Verbatim)
80b3767cbf196bc4d9a5ea88639408a053b907b8,[Unnamed Skill],80b3767cbf196bc4d9a5ea88639408a053b907b8,[Unnamed Skill],1.0,Type-1 (Verbatim)
80b3767cbf196bc4d9a5ea88639408a053b907b8,[Unnamed Skill],80b3767cbf196bc4d9a5ea88639408a053b907b8,[Unnamed Skill],1.0,Type-1 (Verbatim)
80b3767cbf196bc4d9a5ea88639408a053b907b8,[Unnamed Skill],80b3767cbf196bc4d9a5ea88639408a053b907b8,[Unnamed Skill],1.0,Type-1 (Verbatim)
80b3767cbf196bc4d9a5ea88639408a053b907b8,[Unnamed Skill],80b3767cbf196bc4d9a5ea88639408a053b907b8,[Unnamed Skill],1.0,Type-1 (Verbatim)
80b3767cbf196bc4d9a5ea88639408a053b907b8,[Unnamed Skill],80b3767cbf196bc4d9a5ea88639408a053b907b8,[Unnamed Skill],1.0,Type-1 (Verbatim)
80b3767cbf196bc4d9a5ea88639408a053b907b8,[Unnamed Skill],80b3767cbf196bc4d9a5ea88639408a053b907b8,[Unnamed Skill],1.0,Type-1 (Verbatim)
80b3767cbf196bc4d9a5ea88639408a053b907b8,[Unnamed Skill],80b3767cbf196bc4d9a5ea88639408a053b907b8,[Unnamed Skill],1.0,Type-1 (Verbatim)
80b3767cbf196bc4d9a5ea88639408a053b907b8,[Unnamed Skill],80b3767cbf196bc4d9a5ea88639408a053b907b8,[Unnamed Skill],1.0,Type-1 (Verbatim)
80b3767cbf196bc4d9a5ea88639408a053b907b8,[Unnamed Skill],80b3767cbf196bc4d9a5ea88639408a053b907b8,[Unnamed Skill],1.0,Type-1 (Verbatim)
80b3767cbf196bc4d9a5ea88639408a053b907b8,[Unnamed Skill],80b3767cbf196bc4d9a5ea88639408a053b907b8,[Unnamed Skill],1.0,Type-1 (Verbatim)
80b3767cbf196bc4d9a5ea88639408a053b907b8,[Unnamed Skill],80b3767cbf196bc4d9a5ea88639408a053b907b8,[Unnamed Skill],1.0,Type-1 (Verbatim)
80b3767cbf196bc4d9a5ea88639408a053b907b8,[Unnamed Skill],80b3767cbf196bc4d9a5ea88639408a053b907b8,[Unnamed Skill],1.0,Type-1 (Verbatim)
80b3767cbf196bc4d9a5ea88639408a053b907b8,[Unnamed Skill],80b3767cbf196bc4d9a5ea88639408a053b907b8,[Unnamed Skill],1.0,Type-1 (Verbatim)
80b3767cbf196bc4d9a5ea88639408a053b907b8,[Unnamed Skill],80b3767cbf196bc4d9a5ea88639408a053b907b8,[Unnamed Skill],1.0,Type-1 (Verbatim)
80b3767cbf196bc4d9a5ea88639408a053b907b8,[Unnamed Skill],80b3767cbf196bc4d9a5ea88639408a053b907b8,[Unnamed Skill],1.0,Type-1 (Verbatim)
80b3767cbf196bc4d9a5ea88639408a053b907b8,[Unnamed Skill],80b3767cbf196bc4d9a5ea88639408a053b907b8,[Unnamed Skill],1.0,Type-1 (Verbatim)
80b3767cbf196bc4d9a5ea88639408a053b907b8,[Unnamed Skill],80b3767cbf196bc4d9a5ea88639408a053b907b8,[Unnamed Skill],1.0,Type-1 (Verbatim)
80b3767cbf196bc4d9a5ea88639408a053b907b8,[Unnamed Skill],80b3767cbf196bc4d9a5ea88639408a053b907b8,[Unnamed Skill],1.0,Type-1 (Verbatim)
80b3767cbf196bc4d9a5ea88639408a053b907b8,[Unnamed Skill],80b3767cbf196bc4d9a5ea88639408a053b907b8,[Unnamed Skill],1.0,Type-1 (Verbatim)
80b3767cbf196bc4d9a5ea88639408a053b907b8,[Unnamed Skill],80b3767cbf196bc4d9a5ea88639408a053b907b8,[Unnamed Skill],1.0,Type-1 (Verbatim)
80b3767cbf196bc4d9a5ea88639408a053b907b8,[Unnamed Skill],80b3767cbf196bc4d9a5ea88639408a053b907b8,[Unnamed Skill],1.0,Type-1 (Verbatim)
80b3767cbf196bc4d9a5ea88639408a053b907b8,[Unnamed Skill],80b3767cbf196bc4d9a5ea88639408a053b907b8,[Unnamed Skill],1.0,Type-1 (Verbatim)
80b3767cbf196bc4d9a5ea88639408a053b907b8,[Unnamed Skill],80b3767cbf196bc4d9a5ea88639408a053b907b8,[Unnamed Skill],1.0,Type-1 (Verbatim)
80b3767cbf196bc4d9a5ea88639408a053b907b8,[Unnamed Skill],80b3767cbf196bc4d9a5ea88639408a053b907b8,[Unnamed Skill],1.0,Type-1 (Verbatim)
80b3767cbf196bc4d9a5ea88639408a053b907b8,[Unnamed Skill],80b3767cbf196bc4d9a5ea88639408a053b907b8,[Unnamed Skill],1.0,Type-1 (Verbatim)
80b3767cbf196bc4d9a5ea88639408a053b907b8,[Unnamed Skill],80b3767cbf196bc4d9a5ea88639408a053b907b8,[Unnamed Skill],1.0,Type-1 (Verbatim)
80b3767cbf196bc4d9a5ea88639408a053b907b8,[Unnamed Skill],80b3767cbf196bc4d9a5ea88639408a053b907b8,[Unnamed Skill],1.0,Type-1 (Verbatim)
80b3767cbf196bc4d9a5ea88639408a053b907b8,[Unnamed Skill],80b3767cbf196bc4d9a5ea88639408a053b907b8,[Unnamed Skill],1.0,Type-1 (Verbatim)
80b3767cbf196bc4d9a5ea88639408a053b907b8,[Unnamed Skill],80b3767cbf196bc4d9a5ea88639408a053b907b8,[Unnamed Skill],1.0,Type-1 (Verbatim)
80b3767cbf196bc4d9a5ea88639408a053b907b8,[Unnamed Skill],80b3767cbf196bc4d9a5ea88639408a053b907b8,[Unnamed Skill],1.0,Type-1 (Verbatim)
80b3767cbf196bc4d9a5ea88639408a053b907b8,[Unnamed Skill],80b3767cbf196bc4d9a5ea88639408a053b907b8,[Unnamed Skill],1.0,Type-1 (Verbatim)
80b3767cbf196bc4d9a5ea88639408a053b907b8,[Unnamed Skill],80b3767cbf196bc4d9a5ea88639408a053b907b8,[Unnamed Skill],1.0,Type-1 (Verbatim)
80b3767cbf196bc4d9a5ea88639408a053b907b8,[Unnamed Skill],80b3767cbf196bc4d9a5ea88639408a053b907b8,[Unnamed Skill],1.0,Type-1 (Verbatim)
80b3767cbf196bc4d9a5ea88639408a053b907b8,[Unnamed Skill],80b3767cbf196bc4d9a5ea88639408a053b907b8,[Unnamed Skill],1.0,Type-1 (Verbatim)
80b3767cbf196bc4d9a5ea88639408a053b907b8,[Unnamed Skill],80b3767cbf196bc4d9a5ea88639408a053b907b8,[Unnamed Skill],1.0,Type-1 (Verbatim)
80b3767cbf196bc4d9a5ea88639408a053b907b8,[Unnamed Skill],80b3767cbf196bc4d9a5ea88639408a053b907b8,[Unnamed Skill],1.0,Type-1 (Verbatim)
80b3767cbf196bc4d9a5ea88639408a053b907b8,[Unnamed Skill],80b3767cbf196bc4d9a5ea88639408a053b907b8,[Unnamed Skill],1.0,Type-1 (Verbatim)
80b3767cbf196bc4d9a5ea88639408a053b907b8,[Unnamed Skill],80b3767cbf196bc4d9a5ea88639408a053b907b8,[Unnamed Skill],1.0,Type-1 (Verbatim)
80b3767cbf196bc4d9a5ea88639408a053b907b8,[Unnamed Skill],80b3767cbf196bc4d9a5ea88639408a053b907b8,[Unnamed Skill],1.0,Type-1 (Verbatim)
80b3767cbf196bc4d9a5ea88639408a053b907b8,[Unnamed Skill],80b3767cbf196bc4d9a5ea88639408a053b907b8,[Unnamed Skill],1.0,Type-1 (Verbatim)
80b3767cbf196bc4d9a5ea88639408a053b907b8,[Unnamed Skill],80b3767cbf196bc4d9a5ea88639408a053b907b8,[Unnamed Skill],1.0,Type-1 (Verbatim)
80b3767cbf196bc4d9a5ea88639408a053b907b8,[Unnamed Skill],80b3767cbf196bc4d9a5ea88639408a053b907b8,[Unnamed Skill],1.0,Type-1 (Verbatim)
80b3767cbf196bc4d9a5ea88639408a053b907b8,[Unnamed Skill],80b3767cbf196bc4d9a5ea88639408a053b907b8,[Unnamed Skill],1.0,Type-1 (Verbatim)
80b3767cbf196bc4d9a5ea88639408a053b907b8,[Unnamed Skill],80b3767cbf196bc4d9a5ea88639408a053b907b8,[Unnamed Skill],1.0,Type-1 (Verbatim)
80b3767cbf196bc4d9a5ea88639408a053b907b8,[Unnamed Skill],80b3767cbf196bc4d9a5ea88639408a053b907b8,[Unnamed Skill],1.0,Type-1 (Verbatim)
80b3767cbf196bc4d9a5ea88639408a053b907b8,[Unnamed Skill],80b3767cbf196bc4d9a5ea88639408a053b907b8,[Unnamed Skill],1.0,Type-1 (Verbatim)
80b3767cbf196bc4d9a5ea88639408a053b907b8,[Unnamed Skill],80b3767cbf196bc4d9a5ea88639408a053b907b8,[Unnamed Skill],1.0,Type-1 (Verbatim)
80b3767cbf196bc4d9a5ea88639408a053b907b8,[Unnamed Skill],80b3767cbf196bc4d9a5ea88639408a053b907b8,[Unnamed Skill],1.0,Type-1 (Verbatim)
80b3767cbf196bc4d9a5ea88639408a053b907b8,[Unnamed Skill],80b3767cbf196bc4d9a5ea88639408a053b907b8,[Unnamed Skill],1.0,Type-1 (Verbatim)
80b3767cbf196bc4d9a5ea88639408a053b907b8,[Unnamed Skill],80b3767cbf196bc4d9a5ea88639408a053b907b8,[Unnamed Skill],1.0,Type-1 (Verbatim)
80b3767cbf196bc4d9a5ea88639408a053b907b8,[Unnamed Skill],80b3767cbf196bc4d9a5ea88639408a053b907b8,[Unnamed Skill],1.0,Type-1 (Verbatim)
80b3767cbf196bc4d9a5ea88639408a053b907b8,[Unnamed Skill],80b3767cbf196bc4d9a5ea88639408a053b907b8,[Unnamed Skill],1.0,Type-1 (Verbatim)
80b3767cbf196bc4d9a5ea88639408a053b907b8,[Unnamed Skill],80b3767cbf196bc4d9a5ea88639408a053b907b8,[Unnamed Skill],1.0,Type-1 (Verbatim)
80b3767cbf196bc4d9a5ea88639408a053b907b8,[Unnamed Skill],80b3767cbf196bc4d9a5ea88639408a053b907b8,[Unnamed Skill],1.0,Type-1 (Verbatim)
80b3767cbf196bc4d9a5ea88639408a053b907b8,[Unnamed Skill],80b3767cbf196bc4d9a5ea88639408a053b907b8,[Unnamed Skill],1.0,Type-1 (Verbatim)
80b3767cbf196bc4d9a5ea88639408a053b907b8,[Unnamed Skill],80b3767cbf196bc4d9a5ea88639408a053b907b8,[Unnamed Skill],1.0,Type-1 (Verbatim)
80b3767cbf196bc4d9a5ea88639408a053b907b8,[Unnamed Skill],80b3767cbf196bc4d9a5ea88639408a053b907b8,[Unnamed Skill],1.0,Type-1 (Verbatim)
80b3767cbf196bc4d9a5ea88639408a053b907b8,[Unnamed Skill],80b3767cbf196bc4d9a5ea88639408a053b907b8,[Unnamed Skill],1.0,Type-1 (Verbatim)
80b3767cbf196bc4d9a5ea88639408a053b907b8,[Unnamed Skill],80b3767cbf196bc4d9a5ea88639408a053b907b8,[Unnamed Skill],1.0,Type-1 (Verbatim)
743f70290fd9c004e18e4334b399f06baa73b8a4,[Unnamed Skill],743f70290fd9c004e18e4334b399f06baa73b8a4,[Unnamed Skill],1.0,Type-1 (Verbatim)
743f70290fd9c004e18e4334b399f06baa73b8a4,[Unnamed Skill],743f70290fd9c004e18e4334b399f06baa73b8a4,[Unnamed Skill],1.0,Type-1 (Verbatim)
743f70290fd9c004e18e4334b399f06baa73b8a4,[Unnamed Skill],743f70290fd9c004e18e4334b399f06baa73b8a4,[Unnamed Skill],1.0,Type-1 (Verbatim)
743f70290fd9c004e18e4334b399f06baa73b8a4,[Unnamed Skill],743f70290fd9c004e18e4334b399f06baa73b8a4,[Unnamed Skill],1.0,Type-1 (Verbatim)
743f70290fd9c004e18e4334b399f06baa73b8a4,[Unnamed Skill],743f70290fd9c004e18e4334b399f06baa73b8a4,[Unnamed Skill],1.0,Type-1 (Verbatim)
743f70290fd9c004e18e4334b399f06baa73b8a4,[Unnamed Skill],743f70290fd9c004e18e4334b399f06baa73b8a4,[Unnamed Skill],1.0,Type-1 (Verbatim)
743f70290fd9c004e18e4334b399f06baa73b8a4,[Unnamed Skill],743f70290fd9c004e18e4334b399f06baa73b8a4,[Unnamed Skill],1.0,Type-1 (Verbatim)
743f70290fd9c004e18e4334b399f06baa73b8a4,[Unnamed Skill],743f70290fd9c004e18e4334b399f06baa73b8a4,[Unnamed Skill],1.0,Type-1 (Verbatim)
743f70290fd9c004e18e4334b399f06baa73b8a4,[Unnamed Skill],743f70290fd9c004e18e4334b399f06baa73b8a4,[Unnamed Skill],1.0,Type-1 (Verbatim)
743f70290fd9c004e18e4334b399f06baa73b8a4,[Unnamed Skill],743f70290fd9c004e18e4334b399f06baa73b8a4,[Unnamed Skill],1.0,Type-1 (Verbatim)
743f70290fd9c004e18e4334b399f06baa73b8a4,[Unnamed Skill],743f70290fd9c004e18e4334b399f06baa73b8a4,[Unnamed Skill],1.0,Type-1 (Verbatim)
743f70290fd9c004e18e4334b399f06baa73b8a4,[Unnamed Skill],743f70290fd9c004e18e4334b399f06baa73b8a4,[Unnamed Skill],1.0,Type-1 (Verbatim)
743f70290fd9c004e18e4334b399f06baa73b8a4,[Unnamed Skill],743f70290fd9c004e18e4334b399f06baa73b8a4,[Unnamed Skill],1.0,Type-1 (Verbatim)
743f70290fd9c004e18e4334b399f06baa73b8a4,[Unnamed Skill],743f70290fd9c004e18e4334b399f06baa73b8a4,[Unnamed Skill],1.0,Type-1 (Verbatim)
743f70290fd9c004e18e4334b399f06baa73b8a4,[Unnamed Skill],743f70290fd9c004e18e4334b399f06baa73b8a4,[Unnamed Skill],1.0,Type-1 (Verbatim)
743f70290fd9c004e18e4334b399f06baa73b8a4,[Unnamed Skill],743f70290fd9c004e18e4334b399f06baa73b8a4,[Unnamed Skill],1.0,Type-1 (Verbatim)
743f70290fd9c004e18e4334b399f06baa73b8a4,[Unnamed Skill],743f70290fd9c004e18e4334b399f06baa73b8a4,[Unnamed Skill],1.0,Type-1 (Verbatim)
743f70290fd9c004e18e4334b399f06baa73b8a4,[Unnamed Skill],743f70290fd9c004e18e4334b399f06baa73b8a4,[Unnamed Skill],1.0,Type-1 (Verbatim)
743f70290fd9c004e18e4334b399f06baa73b8a4,[Unnamed Skill],743f70290fd9c004e18e4334b399f06baa73b8a4,[Unnamed Skill],1.0,Type-1 (Verbatim)
743f70290fd9c004e18e4334b399f06baa73b8a4,[Unnamed Skill],743f70290fd9c004e18e4334b399f06baa73b8a4,[Unnamed Skill],1.0,Type-1 (Verbatim)
743f70290fd9c004e18e4334b399f06baa73b8a4,[Unnamed Skill],743f70290fd9c004e18e4334b399f06baa73b8a4,[Unnamed Skill],1.0,Type-1 (Verbatim)
743f70290fd9c004e18e4334b399f06baa73b8a4,[Unnamed Skill],743f70290fd9c004e18e4334b399f06baa73b8a4,[Unnamed Skill],1.0,Type-1 (Verbatim)
743f70290fd9c004e18e4334b399f06baa73b8a4,[Unnamed Skill],743f70290fd9c004e18e4334b399f06baa73b8a4,[Unnamed Skill],1.0,Type-1 (Verbatim)
743f70290fd9c004e18e4334b399f06baa73b8a4,[Unnamed Skill],743f70290fd9c004e18e4334b399f06baa73b8a4,[Unnamed Skill],1.0,Type-1 (Verbatim)
743f70290fd9c004e18e4334b399f06baa73b8a4,[Unnamed Skill],743f70290fd9c004e18e4334b399f06baa73b8a4,[Unnamed Skill],1.0,Type-1 (Verbatim)
743f70290fd9c004e18e4334b399f06baa73b8a4,[Unnamed Skill],743f70290fd9c004e18e4334b399f06baa73b8a4,[Unnamed Skill],1.0,Type-1 (Verbatim)
743f70290fd9c004e18e4334b399f06baa73b8a4,[Unnamed Skill],743f70290fd9c004e18e4334b399f06baa73b8a4,[Unnamed Skill],1.0,Type-1 (Verbatim)
743f70290fd9c004e18e4334b399f06baa73b8a4,[Unnamed Skill],743f70290fd9c004e18e4334b399f06baa73b8a4,[Unnamed Skill],1.0,Type-1 (Verbatim)
743f70290fd9c004e18e4334b399f06baa73b8a4,[Unnamed Skill],743f70290fd9c004e18e4334b399f06baa73b8a4,[Unnamed Skill],1.0,Type-1 (Verbatim)
743f70290fd9c004e18e4334b399f06baa73b8a4,[Unnamed Skill],743f70290fd9c004e18e4334b399f06baa73b8a4,[Unnamed Skill],1.0,Type-1 (Verbatim)
743f70290fd9c004e18e4334b399f06baa73b8a4,[Unnamed Skill],743f70290fd9c004e18e4334b399f06baa73b8a4,[Unnamed Skill],1.0,Type-1 (Verbatim)
743f70290fd9c004e18e4334b399f06baa73b8a4,[Unnamed Skill],743f70290fd9c004e18e4334b399f06baa73b8a4,[Unnamed Skill],1.0,Type-1 (Verbatim)
743f70290fd9c004e18e4334b399f06baa73b8a4,[Unnamed Skill],743f70290fd9c004e18e4334b399f06baa73b8a4,[Unnamed Skill],1.0,Type-1 (Verbatim)
743f70290fd9c004e18e4334b399f06baa73b8a4,[Unnamed Skill],743f70290fd9c004e18e4334b399f06baa73b8a4,[Unnamed Skill],1.0,Type-1 (Verbatim)
743f70290fd9c004e18e4334b399f06baa73b8a4,[Unnamed Skill],743f70290fd9c004e18e4334b399f06baa73b8a4,[Unnamed Skill],1.0,Type-1 (Verbatim)
743f70290fd9c004e18e4334b399f06baa73b8a4,[Unnamed Skill],743f70290fd9c004e18e4334b399f06baa73b8a4,[Unnamed Skill],1.0,Type-1 (Verbatim)
743f70290fd9c004e18e4334b399f06baa73b8a4,[Unnamed Skill],743f70290fd9c004e18e4334b399f06baa73b8a4,[Unnamed Skill],1.0,Type-1 (Verbatim)
743f70290fd9c004e18e4334b399f06baa73b8a4,[Unnamed Skill],743f70290fd9c004e18e4334b399f06baa73b8a4,[Unnamed Skill],1.0,Type-1 (Verbatim)
743f70290fd9c004e18e4334b399f06baa73b8a4,[Unnamed Skill],743f70290fd9c004e18e4334b399f06baa73b8a4,[Unnamed Skill],1.0,Type-1 (Verbatim)
743f70290fd9c004e18e4334b399f06baa73b8a4,[Unnamed Skill],743f70290fd9c004e18e4334b399f06baa73b8a4,[Unnamed Skill],1.0,Type-1 (Verbatim)
743f70290fd9c004e18e4334b399f06baa73b8a4,[Unnamed Skill],743f70290fd9c004e18e4334b399f06baa73b8a4,[Unnamed Skill],1.0,Type-1 (Verbatim)
743f70290fd9c004e18e4334b399f06baa73b8a4,[Unnamed Skill],743f70290fd9c004e18e4334b399f06baa73b8a4,[Unnamed Skill],1.0,Type-1 (Verbatim)
743f70290fd9c004e18e4334b399f06baa73b8a4,[Unnamed Skill],743f70290fd9c004e18e4334b399f06baa73b8a4,[Unnamed Skill],1.0,Type-1 (Verbatim)
743f70290fd9c004e18e4334b399f06baa73b8a4,[Unnamed Skill],743f70290fd9c004e18e4334b399f06baa73b8a4,[Unnamed Skill],1.0,Type-1 (Verbatim)
743f70290fd9c004e18e4334b399f06baa73b8a4,[Unnamed Skill],743f70290fd9c004e18e4334b399f06baa73b8a4,[Unnamed Skill],1.0,Type-1 (Verbatim)
743f70290fd9c004e18e4334b399f06baa73b8a4,[Unnamed Skill],743f70290fd9c004e18e4334b399f06baa73b8a4,[Unnamed Skill],1.0,Type-1 (Verbatim)
743f70290fd9c004e18e4334b399f06baa73b8a4,[Unnamed Skill],743f70290fd9c004e18e4334b399f06baa73b8a4,[Unnamed Skill],1.0,Type-1 (Verbatim)
743f70290fd9c004e18e4334b399f06baa73b8a4,[Unnamed Skill],743f70290fd9c004e18e4334b399f06baa73b8a4,[Unnamed Skill],1.0,Type-1 (Verbatim)
743f70290fd9c004e18e4334b399f06baa73b8a4,[Unnamed Skill],743f70290fd9c004e18e4334b399f06baa73b8a4,[Unnamed Skill],1.0,Type-1 (Verbatim)
743f70290fd9c004e18e4334b399f06baa73b8a4,[Unnamed Skill],743f70290fd9c004e18e4334b399f06baa73b8a4,[Unnamed Skill],1.0,Type-1 (Verbatim)
743f70290fd9c004e18e4334b399f06baa73b8a4,[Unnamed Skill],743f70290fd9c004e18e4334b399f06baa73b8a4,[Unnamed Skill],1.0,Type-1 (Verbatim)
743f70290fd9c004e18e4334b399f06baa73b8a4,[Unnamed Skill],743f70290fd9c004e18e4334b399f06baa73b8a4,[Unnamed Skill],1.0,Type-1 (Verbatim)
743f70290fd9c004e18e4334b399f06baa73b8a4,[Unnamed Skill],743f70290fd9c004e18e4334b399f06baa73b8a4,[Unnamed Skill],1.0,Type-1 (Verbatim)
743f70290fd9c004e18e4334b399f06baa73b8a4,[Unnamed Skill],743f70290fd9c004e18e4334b399f06baa73b8a4,[Unnamed Skill],1.0,Type-1 (Verbatim)
743f70290fd9c004e18e4334b399f06baa73b8a4,[Unnamed Skill],743f70290fd9c004e18e4334b399f06baa73b8a4,[Unnamed Skill],1.0,Type-1 (Verbatim)
743f70290fd9c004e18e4334b399f06baa73b8a4,[Unnamed Skill],743f70290fd9c004e18e4334b399f06baa73b8a4,[Unnamed Skill],1.0,Type-1 (Verbatim)
743f70290fd9c004e18e4334b399f06baa73b8a4,[Unnamed Skill],743f70290fd9c004e18e4334b399f06baa73b8a4,[Unnamed Skill],1.0,Type-1 (Verbatim)
743f70290fd9c004e18e4334b399f06baa73b8a4,[Unnamed Skill],743f70290fd9c004e18e4334b399f06baa73b8a4,[Unnamed Skill],1.0,Type-1 (Verbatim)
743f70290fd9c004e18e4334b399f06baa73b8a4,[Unnamed Skill],743f70290fd9c004e18e4334b399f06baa73b8a4,[Unnamed Skill],1.0,Type-1 (Verbatim)
743f70290fd9c004e18e4334b399f06baa73b8a4,[Unnamed Skill],743f70290fd9c004e18e4334b399f06baa73b8a4,[Unnamed Skill],1.0,Type-1 (Verbatim)
743f70290fd9c004e18e4334b399f06baa73b8a4,[Unnamed Skill],743f70290fd9c004e18e4334b399f06baa73b8a4,[Unnamed Skill],1.0,Type-1 (Verbatim)
743f70290fd9c004e18e4334b399f06baa73b8a4,[Unnamed Skill],743f70290fd9c004e18e4334b399f06baa73b8a4,[Unnamed Skill],1.0,Type-1 (Verbatim)
743f70290fd9c004e18e4334b399f06baa73b8a4,[Unnamed Skill],743f70290fd9c004e18e4334b399f06baa73b8a4,[Unnamed Skill],1.0,Type-1 (Verbatim)
743f70290fd9c004e18e4334b399f06baa73b8a4,[Unnamed Skill],743f70290fd9c004e18e4334b399f06baa73b8a4,[Unnamed Skill],1.0,Type-1 (Verbatim)
743f70290fd9c004e18e4334b399f06baa73b8a4,[Unnamed Skill],743f70290fd9c004e18e4334b399f06baa73b8a4,[Unnamed Skill],1.0,Type-1 (Verbatim)
743f70290fd9c004e18e4334b399f06baa73b8a4,[Unnamed Skill],743f70290fd9c004e18e4334b399f06baa73b8a4,[Unnamed Skill],1.0,Type-1 (Verbatim)
743f70290fd9c004e18e4334b399f06baa73b8a4,[Unnamed Skill],743f70290fd9c004e18e4334b399f06baa73b8a4,[Unnamed Skill],1.0,Type-1 (Verbatim)
743f70290fd9c004e18e4334b399f06baa73b8a4,[Unnamed Skill],743f70290fd9c004e18e4334b399f06baa73b8a4,[Unnamed Skill],1.0,Type-1 (Verbatim)
743f70290fd9c004e18e4334b399f06baa73b8a4,[Unnamed Skill],743f70290fd9c004e18e4334b399f06baa73b8a4,[Unnamed Skill],1.0,Type-1 (Verbatim)
743f70290fd9c004e18e4334b399f06baa73b8a4,[Unnamed Skill],743f70290fd9c004e18e4334b399f06baa73b8a4,[Unnamed Skill],1.0,Type-1 (Verbatim)
743f70290fd9c004e18e4334b399f06baa73b8a4,[Unnamed Skill],743f70290fd9c004e18e4334b399f06baa73b8a4,[Unnamed Skill],1.0,Type-1 (Verbatim)
743f70290fd9c004e18e4334b399f06baa73b8a4,[Unnamed Skill],743f70290fd9c004e18e4334b399f06baa73b8a4,[Unnamed Skill],1.0,Type-1 (Verbatim)
743f70290fd9c004e18e4334b399f06baa73b8a4,[Unnamed Skill],743f70290fd9c004e18e4334b399f06baa73b8a4,[Unnamed Skill],1.0,Type-1 (Verbatim)
743f70290fd9c004e18e4334b399f06baa73b8a4,[Unnamed Skill],743f70290fd9c004e18e4334b399f06baa73b8a4,[Unnamed Skill],1.0,Type-1 (Verbatim)
743f70290fd9c004e18e4334b399f06baa73b8a4,[Unnamed Skill],743f70290fd9c004e18e4334b399f06baa73b8a4,[Unnamed Skill],1.0,Type-1 (Verbatim)
743f70290fd9c004e18e4334b399f06baa73b8a4,[Unnamed Skill],743f70290fd9c004e18e4334b399f06baa73b8a4,[Unnamed Skill],1.0,Type-1 (Verbatim)
743f70290fd9c004e18e4334b399f06baa73b8a4,[Unnamed Skill],743f70290fd9c004e18e4334b399f06baa73b8a4,[Unnamed Skill],1.0,Type-1 (Verbatim)
743f70290fd9c004e18e4334b399f06baa73b8a4,[Unnamed Skill],743f70290fd9c004e18e4334b399f06baa73b8a4,[Unnamed Skill],1.0,Type-1 (Verbatim)
743f70290fd9c004e18e4334b399f06baa73b8a4,[Unnamed Skill],743f70290fd9c004e18e4334b399f06baa73b8a4,[Unnamed Skill],1.0,Type-1 (Verbatim)
743f70290fd9c004e18e4334b399f06baa73b8a4,[Unnamed Skill],743f70290fd9c004e18e4334b399f06baa73b8a4,[Unnamed Skill],1.0,Type-1 (Verbatim)
743f70290fd9c004e18e4334b399f06baa73b8a4,[Unnamed Skill],743f70290fd9c004e18e4334b399f06baa73b8a4,[Unnamed Skill],1.0,Type-1 (Verbatim)
743f70290fd9c004e18e4334b399f06baa73b8a4,[Unnamed Skill],743f70290fd9c004e18e4334b399f06baa73b8a4,[Unnamed Skill],1.0,Type-1 (Verbatim)
743f70290fd9c004e18e4334b399f06baa73b8a4,[Unnamed Skill],743f70290fd9c004e18e4334b399f06baa73b8a4,[Unnamed Skill],1.0,Type-1 (Verbatim)
743f70290fd9c004e18e4334b399f06baa73b8a4,[Unnamed Skill],743f70290fd9c004e18e4334b399f06baa73b8a4,[Unnamed Skill],1.0,Type-1 (Verbatim)
743f70290fd9c004e18e4334b399f06baa73b8a4,[Unnamed Skill],743f70290fd9c004e18e4334b399f06baa73b8a4,[Unnamed Skill],1.0,Type-1 (Verbatim)
743f70290fd9c004e18e4334b399f06baa73b8a4,[Unnamed Skill],743f70290fd9c004e18e4334b399f06baa73b8a4,[Unnamed Skill],1.0,Type-1 (Verbatim)
743f70290fd9c004e18e4334b399f06baa73b8a4,[Unnamed Skill],743f70290fd9c004e18e4334b399f06baa73b8a4,[Unnamed Skill],1.0,Type-1 (Verbatim)
743f70290fd9c004e18e4334b399f06baa73b8a4,[Unnamed Skill],743f70290fd9c004e18e4334b399f06baa73b8a4,[Unnamed Skill],1.0,Type-1 (Verbatim)
743f70290fd9c004e18e4334b399f06baa73b8a4,[Unnamed Skill],743f70290fd9c004e18e4334b399f06baa73b8a4,[Unnamed Skill],1.0,Type-1 (Verbatim)
743f70290fd9c004e18e4334b399f06baa73b8a4,[Unnamed Skill],743f70290fd9c004e18e4334b399f06baa73b8a4,[Unnamed Skill],1.0,Type-1 (Verbatim)
743f70290fd9c004e18e4334b399f06baa73b8a4,[Unnamed Skill],743f70290fd9c004e18e4334b399f06baa73b8a4,[Unnamed Skill],1.0,Type-1 (Verbatim)
743f70290fd9c004e18e4334b399f06baa73b8a4,[Unnamed Skill],743f70290fd9c004e18e4334b399f06baa73b8a4,[Unnamed Skill],1.0,Type-1 (Verbatim)
743f70290fd9c004e18e4334b399f06baa73b8a4,[Unnamed Skill],743f70290fd9c004e18e4334b399f06baa73b8a4,[Unnamed Skill],1.0,Type-1 (Verbatim)
743f70290fd9c004e18e4334b399f06baa73b8a4,[Unnamed Skill],743f70290fd9c004e18e4334b399f06baa73b8a4,[Unnamed Skill],1.0,Type-1 (Verbatim)
743f70290fd9c004e18e4334b399f06baa73b8a4,[Unnamed Skill],743f70290fd9c004e18e4334b399f06baa73b8a4,[Unnamed Skill],1.0,Type-1 (Verbatim)
743f70290fd9c004e18e4334b399f06baa73b8a4,[Unnamed Skill],743f70290fd9c004e18e4334b399f06baa73b8a4,[Unnamed Skill],1.0,Type-1 (Verbatim)
743f70290fd9c004e18e4334b399f06baa73b8a4,[Unnamed Skill],743f70290fd9c004e18e4334b399f06baa73b8a4,[Unnamed Skill],1.0,Type-1 (Verbatim)
743f70290fd9c004e18e4334b399f06baa73b8a4,[Unnamed Skill],743f70290fd9c004e18e4334b399f06baa73b8a4,[Unnamed Skill],1.0,Type-1 (Verbatim)
743f70290fd9c004e18e4334b399f06baa73b8a4,[Unnamed Skill],743f70290fd9c004e18e4334b399f06baa73b8a4,[Unnamed Skill],1.0,Type-1 (Verbatim)
743f70290fd9c004e18e4334b399f06baa73b8a4,[Unnamed Skill],743f70290fd9c004e18e4334b399f06baa73b8a4,[Unnamed Skill],1.0,Type-1 (Verbatim)
743f70290fd9c004e18e4334b399f06baa73b8a4,[Unnamed Skill],743f70290fd9c004e18e4334b399f06baa73b8a4,[Unnamed Skill],1.0,Type-1 (Verbatim)
743f70290fd9c004e18e4334b399f06baa73b8a4,[Unnamed Skill],743f70290fd9c004e18e4334b399f06baa73b8a4,[Unnamed Skill],1.0,Type-1 (Verbatim)
743f70290fd9c004e18e4334b399f06baa73b8a4,[Unnamed Skill],743f70290fd9c004e18e4334b399f06baa73b8a4,[Unnamed Skill],1.0,Type-1 (Verbatim)
743f70290fd9c004e18e4334b399f06baa73b8a4,[Unnamed Skill],743f70290fd9c004e18e4334b399f06baa73b8a4,[Unnamed Skill],1.0,Type-1 (Verbatim)
743f70290fd9c004e18e4334b399f06baa73b8a4,[Unnamed Skill],743f70290fd9c004e18e4334b399f06baa73b8a4,[Unnamed Skill],1.0,Type-1 (Verbatim)
743f70290fd9c004e18e4334b399f06baa73b8a4,[Unnamed Skill],743f70290fd9c004e18e4334b399f06baa73b8a4,[Unnamed Skill],1.0,Type-1 (Verbatim)
743f70290fd9c004e18e4334b399f06baa73b8a4,[Unnamed Skill],743f70290fd9c004e18e4334b399f06baa73b8a4,[Unnamed Skill],1.0,Type-1 (Verbatim)
743f70290fd9c004e18e4334b399f06baa73b8a4,[Unnamed Skill],743f70290fd9c004e18e4334b399f06baa73b8a4,[Unnamed Skill],1.0,Type-1 (Verbatim)
743f70290fd9c004e18e4334b399f06baa73b8a4,[Unnamed Skill],743f70290fd9c004e18e4334b399f06baa73b8a4,[Unnamed Skill],1.0,Type-1 (Verbatim)
743f70290fd9c004e18e4334b399f06baa73b8a4,[Unnamed Skill],743f70290fd9c004e18e4334b399f06baa73b8a4,[Unnamed Skill],1.0,Type-1 (Verbatim)
743f70290fd9c004e18e4334b399f06baa73b8a4,[Unnamed Skill],743f70290fd9c004e18e4334b399f06baa73b8a4,[Unnamed Skill],1.0,Type-1 (Verbatim)
743f70290fd9c004e18e4334b399f06baa73b8a4,[Unnamed Skill],743f70290fd9c004e18e4334b399f06baa73b8a4,[Unnamed Skill],1.0,Type-1 (Verbatim)
743f70290fd9c004e18e4334b399f06baa73b8a4,[Unnamed Skill],743f70290fd9c004e18e4334b399f06baa73b8a4,[Unnamed Skill],1.0,Type-1 (Verbatim)
743f70290fd9c004e18e4334b399f06baa73b8a4,[Unnamed Skill],743f70290fd9c004e18e4334b399f06baa73b8a4,[Unnamed Skill],1.0,Type-1 (Verbatim)
743f70290fd9c004e18e4334b399f06baa73b8a4,[Unnamed Skill],743f70290fd9c004e18e4334b399f06baa73b8a4,[Unnamed Skill],1.0,Type-1 (Verbatim)
743f70290fd9c004e18e4334b399f06baa73b8a4,[Unnamed Skill],743f70290fd9c004e18e4334b399f06baa73b8a4,[Unnamed Skill],1.0,Type-1 (Verbatim)
743f70290fd9c004e18e4334b399f06baa73b8a4,[Unnamed Skill],743f70290fd9c004e18e4334b399f06baa73b8a4,[Unnamed Skill],1.0,Type-1 (Verbatim)
743f70290fd9c004e18e4334b399f06baa73b8a4,[Unnamed Skill],743f70290fd9c004e18e4334b399f06baa73b8a4,[Unnamed Skill],1.0,Type-1 (Verbatim)
743f70290fd9c004e18e4334b399f06baa73b8a4,[Unnamed Skill],743f70290fd9c004e18e4334b399f06baa73b8a4,[Unnamed Skill],1.0,Type-1 (Verbatim)
743f70290fd9c004e18e4334b399f06baa73b8a4,[Unnamed Skill],743f70290fd9c004e18e4334b399f06baa73b8a4,[Unnamed Skill],1.0,Type-1 (Verbatim)
743f70290fd9c004e18e4334b399f06baa73b8a4,[Unnamed Skill],743f70290fd9c004e18e4334b399f06baa73b8a4,[Unnamed Skill],1.0,Type-1 (Verbatim)
743f70290fd9c004e18e4334b399f06baa73b8a4,[Unnamed Skill],743f70290fd9c004e18e4334b399f06baa73b8a4,[Unnamed Skill],1.0,Type-1 (Verbatim)
743f70290fd9c004e18e4334b399f06baa73b8a4,[Unnamed Skill],743f70290fd9c004e18e4334b399f06baa73b8a4,[Unnamed Skill],1.0,Type-1 (Verbatim)
743f70290fd9c004e18e4334b399f06baa73b8a4,[Unnamed Skill],743f70290fd9c004e18e4334b399f06baa73b8a4,[Unnamed Skill],1.0,Type-1 (Verbatim)
743f70290fd9c004e18e4334b399f06baa73b8a4,[Unnamed Skill],743f70290fd9c004e18e4334b399f06baa73b8a4,[Unnamed Skill],1.0,Type-1 (Verbatim)
743f70290fd9c004e18e4334b399f06baa73b8a4,[Unnamed Skill],743f70290fd9c004e18e4334b399f06baa73b8a4,[Unnamed Skill],1.0,Type-1 (Verbatim)
743f70290fd9c004e18e4334b399f06baa73b8a4,[Unnamed Skill],743f70290fd9c004e18e4334b399f06baa73b8a4,[Unnamed Skill],1.0,Type-1 (Verbatim)
743f70290fd9c004e18e4334b399f06baa73b8a4,[Unnamed Skill],743f70290fd9c004e18e4334b399f06baa73b8a4,[Unnamed Skill],1.0,Type-1 (Verbatim)
743f70290fd9c004e18e4334b399f06baa73b8a4,[Unnamed Skill],743f70290fd9c004e18e4334b399f06baa73b8a4,[Unnamed Skill],1.0,Type-1 (Verbatim)
743f70290fd9c004e18e4334b399f06baa73b8a4,[Unnamed Skill],743f70290fd9c004e18e4334b399f06baa73b8a4,[Unnamed Skill],1.0,Type-1 (Verbatim)
743f70290fd9c004e18e4334b399f06baa73b8a4,[Unnamed Skill],743f70290fd9c004e18e4334b399f06baa73b8a4,[Unnamed Skill],1.0,Type-1 (Verbatim)
743f70290fd9c004e18e4334b399f06baa73b8a4,[Unnamed Skill],743f70290fd9c004e18e4334b399f06baa73b8a4,[Unnamed Skill],1.0,Type-1 (Verbatim)
743f70290fd9c004e18e4334b399f06baa73b8a4,[Unnamed Skill],743f70290fd9c004e18e4334b399f06baa73b8a4,[Unnamed Skill],1.0,Type-1 (Verbatim)
743f70290fd9c004e18e4334b399f06baa73b8a4,[Unnamed Skill],743f70290fd9c004e18e4334b399f06baa73b8a4,[Unnamed Skill],1.0,Type-1 (Verbatim)
743f70290fd9c004e18e4334b399f06baa73b8a4,[Unnamed Skill],743f70290fd9c004e18e4334b399f06baa73b8a4,[Unnamed Skill],1.0,Type-1 (Verbatim)
743f70290fd9c004e18e4334b399f06baa73b8a4,[Unnamed Skill],743f70290fd9c004e18e4334b399f06baa73b8a4,[Unnamed Skill],1.0,Type-1 (Verbatim)
743f70290fd9c004e18e4334b399f06baa73b8a4,[Unnamed Skill],743f70290fd9c004e18e4334b399f06baa73b8a4,[Unnamed Skill],1.0,Type-1 (Verbatim)
743f70290fd9c004e18e4334b399f06baa73b8a4,[Unnamed Skill],743f70290fd9c004e18e4334b399f06baa73b8a4,[Unnamed Skill],1.0,Type-1 (Verbatim)
743f70290fd9c004e18e4334b399f06baa73b8a4,[Unnamed Skill],743f70290fd9c004e18e4334b399f06baa73b8a4,[Unnamed Skill],1.0,Type-1 (Verbatim)
743f70290fd9c004e18e4334b399f06baa73b8a4,[Unnamed Skill],743f70290fd9c004e18e4334b399f06baa73b8a4,[Unnamed Skill],1.0,Type-1 (Verbatim)
743f70290fd9c004e18e4334b399f06baa73b8a4,[Unnamed Skill],743f70290fd9c004e18e4334b399f06baa73b8a4,[Unnamed Skill],1.0,Type-1 (Verbatim)
743f70290fd9c004e18e4334b399f06baa73b8a4,[Unnamed Skill],743f70290fd9c004e18e4334b399f06baa73b8a4,[Unnamed Skill],1.0,Type-1 (Verbatim)
743f70290fd9c004e18e4334b399f06baa73b8a4,[Unnamed Skill],743f70290fd9c004e18e4334b399f06baa73b8a4,[Unnamed Skill],1.0,Type-1 (Verbatim)
743f70290fd9c004e18e4334b399f06baa73b8a4,[Unnamed Skill],743f70290fd9c004e18e4334b399f06baa73b8a4,[Unnamed Skill],1.0,Type-1 (Verbatim)
743f70290fd9c004e18e4334b399f06baa73b8a4,[Unnamed Skill],743f70290fd9c004e18e4334b399f06baa73b8a4,[Unnamed Skill],1.0,Type-1 (Verbatim)
743f70290fd9c004e18e4334b399f06baa73b8a4,[Unnamed Skill],743f70290fd9c004e18e4334b399f06baa73b8a4,[Unnamed Skill],1.0,Type-1 (Verbatim)
743f70290fd9c004e18e4334b399f06baa73b8a4,[Unnamed Skill],743f70290fd9c004e18e4334b399f06baa73b8a4,[Unnamed Skill],1.0,Type-1 (Verbatim)
743f70290fd9c004e18e4334b399f06baa73b8a4,[Unnamed Skill],743f70290fd9c004e18e4334b399f06baa73b8a4,[Unnamed Skill],1.0,Type-1 (Verbatim)
7866b8aa8b0a491c54e8198bc67078b7625901c2,[Unnamed Skill],7866b8aa8b0a491c54e8198bc67078b7625901c2,[Unnamed Skill],1.0,Type-1 (Verbatim)
7866b8aa8b0a491c54e8198bc67078b7625901c2,[Unnamed Skill],7866b8aa8b0a491c54e8198bc67078b7625901c2,[Unnamed Skill],1.0,Type-1 (Verbatim)
7866b8aa8b0a491c54e8198bc67078b7625901c2,[Unnamed Skill],7866b8aa8b0a491c54e8198bc67078b7625901c2,[Unnamed Skill],1.0,Type-1 (Verbatim)
7866b8aa8b0a491c54e8198bc67078b7625901c2,[Unnamed Skill],7866b8aa8b0a491c54e8198bc67078b7625901c2,[Unnamed Skill],1.0,Type-1 (Verbatim)
7866b8aa8b0a491c54e8198bc67078b7625901c2,[Unnamed Skill],7866b8aa8b0a491c54e8198bc67078b7625901c2,[Unnamed Skill],1.0,Type-1 (Verbatim)
7866b8aa8b0a491c54e8198bc67078b7625901c2,[Unnamed Skill],7866b8aa8b0a491c54e8198bc67078b7625901c2,[Unnamed Skill],1.0,Type-1 (Verbatim)
7866b8aa8b0a491c54e8198bc67078b7625901c2,[Unnamed Skill],7866b8aa8b0a491c54e8198bc67078b7625901c2,[Unnamed Skill],1.0,Type-1 (Verbatim)
7866b8aa8b0a491c54e8198bc67078b7625901c2,[Unnamed Skill],7866b8aa8b0a491c54e8198bc67078b7625901c2,[Unnamed Skill],1.0,Type-1 (Verbatim)
7866b8aa8b0a491c54e8198bc67078b7625901c2,[Unnamed Skill],7866b8aa8b0a491c54e8198bc67078b7625901c2,[Unnamed Skill],1.0,Type-1 (Verbatim)
7866b8aa8b0a491c54e8198bc67078b7625901c2,[Unnamed Skill],7866b8aa8b0a491c54e8198bc67078b7625901c2,[Unnamed Skill],1.0,Type-1 (Verbatim)
7866b8aa8b0a491c54e8198bc67078b7625901c2,[Unnamed Skill],7866b8aa8b0a491c54e8198bc67078b7625901c2,[Unnamed Skill],1.0,Type-1 (Verbatim)
7866b8aa8b0a491c54e8198bc67078b7625901c2,[Unnamed Skill],7866b8aa8b0a491c54e8198bc67078b7625901c2,[Unnamed Skill],1.0,Type-1 (Verbatim)
7866b8aa8b0a491c54e8198bc67078b7625901c2,[Unnamed Skill],7866b8aa8b0a491c54e8198bc67078b7625901c2,[Unnamed Skill],1.0,Type-1 (Verbatim)
7866b8aa8b0a491c54e8198bc67078b7625901c2,[Unnamed Skill],7866b8aa8b0a491c54e8198bc67078b7625901c2,[Unnamed Skill],1.0,Type-1 (Verbatim)
7866b8aa8b0a491c54e8198bc67078b7625901c2,[Unnamed Skill],7866b8aa8b0a491c54e8198bc67078b7625901c2,[Unnamed Skill],1.0,Type-1 (Verbatim)
7866b8aa8b0a491c54e8198bc67078b7625901c2,[Unnamed Skill],7866b8aa8b0a491c54e8198bc67078b7625901c2,[Unnamed Skill],1.0,Type-1 (Verbatim)
7866b8aa8b0a491c54e8198bc67078b7625901c2,[Unnamed Skill],7866b8aa8b0a491c54e8198bc67078b7625901c2,[Unnamed Skill],1.0,Type-1 (Verbatim)
7866b8aa8b0a491c54e8198bc67078b7625901c2,[Unnamed Skill],7866b8aa8b0a491c54e8198bc67078b7625901c2,[Unnamed Skill],1.0,Type-1 (Verbatim)
7866b8aa8b0a491c54e8198bc67078b7625901c2,[Unnamed Skill],7866b8aa8b0a491c54e8198bc67078b7625901c2,[Unnamed Skill],1.0,Type-1 (Verbatim)
7866b8aa8b0a491c54e8198bc67078b7625901c2,[Unnamed Skill],7866b8aa8b0a491c54e8198bc67078b7625901c2,[Unnamed Skill],1.0,Type-1 (Verbatim)
7866b8aa8b0a491c54e8198bc67078b7625901c2,[Unnamed Skill],7866b8aa8b0a491c54e8198bc67078b7625901c2,[Unnamed Skill],1.0,Type-1 (Verbatim)
7866b8aa8b0a491c54e8198bc67078b7625901c2,[Unnamed Skill],7866b8aa8b0a491c54e8198bc67078b7625901c2,[Unnamed Skill],1.0,Type-1 (Verbatim)
7866b8aa8b0a491c54e8198bc67078b7625901c2,[Unnamed Skill],7866b8aa8b0a491c54e8198bc67078b7625901c2,[Unnamed Skill],1.0,Type-1 (Verbatim)
7866b8aa8b0a491c54e8198bc67078b7625901c2,[Unnamed Skill],7866b8aa8b0a491c54e8198bc67078b7625901c2,[Unnamed Skill],1.0,Type-1 (Verbatim)
7866b8aa8b0a491c54e8198bc67078b7625901c2,[Unnamed Skill],7866b8aa8b0a491c54e8198bc67078b7625901c2,[Unnamed Skill],1.0,Type-1 (Verbatim)
7866b8aa8b0a491c54e8198bc67078b7625901c2,[Unnamed Skill],7866b8aa8b0a491c54e8198bc67078b7625901c2,[Unnamed Skill],1.0,Type-1 (Verbatim)
7866b8aa8b0a491c54e8198bc67078b7625901c2,[Unnamed Skill],7866b8aa8b0a491c54e8198bc67078b7625901c2,[Unnamed Skill],1.0,Type-1 (Verbatim)
7866b8aa8b0a491c54e8198bc67078b7625901c2,[Unnamed Skill],7866b8aa8b0a491c54e8198bc67078b7625901c2,[Unnamed Skill],1.0,Type-1 (Verbatim)
7866b8aa8b0a491c54e8198bc67078b7625901c2,[Unnamed Skill],7866b8aa8b0a491c54e8198bc67078b7625901c2,[Unnamed Skill],1.0,Type-1 (Verbatim)
7866b8aa8b0a491c54e8198bc67078b7625901c2,[Unnamed Skill],7866b8aa8b0a491c54e8198bc67078b7625901c2,[Unnamed Skill],1.0,Type-1 (Verbatim)
7866b8aa8b0a491c54e8198bc67078b7625901c2,[Unnamed Skill],7866b8aa8b0a491c54e8198bc67078b7625901c2,[Unnamed Skill],1.0,Type-1 (Verbatim)
7866b8aa8b0a491c54e8198bc67078b7625901c2,[Unnamed Skill],7866b8aa8b0a491c54e8198bc67078b7625901c2,[Unnamed Skill],1.0,Type-1 (Verbatim)
7866b8aa8b0a491c54e8198bc67078b7625901c2,[Unnamed Skill],7866b8aa8b0a491c54e8198bc67078b7625901c2,[Unnamed Skill],1.0,Type-1 (Verbatim)
7866b8aa8b0a491c54e8198bc67078b7625901c2,[Unnamed Skill],7866b8aa8b0a491c54e8198bc67078b7625901c2,[Unnamed Skill],1.0,Type-1 (Verbatim)
7866b8aa8b0a491c54e8198bc67078b7625901c2,[Unnamed Skill],7866b8aa8b0a491c54e8198bc67078b7625901c2,[Unnamed Skill],1.0,Type-1 (Verbatim)
7866b8aa8b0a491c54e8198bc67078b7625901c2,[Unnamed Skill],7866b8aa8b0a491c54e8198bc67078b7625901c2,[Unnamed Skill],1.0,Type-1 (Verbatim)
7866b8aa8b0a491c54e8198bc67078b7625901c2,[Unnamed Skill],7866b8aa8b0a491c54e8198bc67078b7625901c2,[Unnamed Skill],1.0,Type-1 (Verbatim)
7866b8aa8b0a491c54e8198bc67078b7625901c2,[Unnamed Skill],7866b8aa8b0a491c54e8198bc67078b7625901c2,[Unnamed Skill],1.0,Type-1 (Verbatim)
7866b8aa8b0a491c54e8198bc67078b7625901c2,[Unnamed Skill],7866b8aa8b0a491c54e8198bc67078b7625901c2,[Unnamed Skill],1.0,Type-1 (Verbatim)
7866b8aa8b0a491c54e8198bc67078b7625901c2,[Unnamed Skill],7866b8aa8b0a491c54e8198bc67078b7625901c2,[Unnamed Skill],1.0,Type-1 (Verbatim)
7866b8aa8b0a491c54e8198bc67078b7625901c2,[Unnamed Skill],7866b8aa8b0a491c54e8198bc67078b7625901c2,[Unnamed Skill],1.0,Type-1 (Verbatim)
7866b8aa8b0a491c54e8198bc67078b7625901c2,[Unnamed Skill],7866b8aa8b0a491c54e8198bc67078b7625901c2,[Unnamed Skill],1.0,Type-1 (Verbatim)
7866b8aa8b0a491c54e8198bc67078b7625901c2,[Unnamed Skill],7866b8aa8b0a491c54e8198bc67078b7625901c2,[Unnamed Skill],1.0,Type-1 (Verbatim)
7866b8aa8b0a491c54e8198bc67078b7625901c2,[Unnamed Skill],7866b8aa8b0a491c54e8198bc67078b7625901c2,[Unnamed Skill],1.0,Type-1 (Verbatim)
7866b8aa8b0a491c54e8198bc67078b7625901c2,[Unnamed Skill],7866b8aa8b0a491c54e8198bc67078b7625901c2,[Unnamed Skill],1.0,Type-1 (Verbatim)
7866b8aa8b0a491c54e8198bc67078b7625901c2,[Unnamed Skill],7866b8aa8b0a491c54e8198bc67078b7625901c2,[Unnamed Skill],1.0,Type-1 (Verbatim)
7866b8aa8b0a491c54e8198bc67078b7625901c2,[Unnamed Skill],7866b8aa8b0a491c54e8198bc67078b7625901c2,[Unnamed Skill],1.0,Type-1 (Verbatim)
7866b8aa8b0a491c54e8198bc67078b7625901c2,[Unnamed Skill],7866b8aa8b0a491c54e8198bc67078b7625901c2,[Unnamed Skill],1.0,Type-1 (Verbatim)
7866b8aa8b0a491c54e8198bc67078b7625901c2,[Unnamed Skill],7866b8aa8b0a491c54e8198bc67078b7625901c2,[Unnamed Skill],1.0,Type-1 (Verbatim)
7866b8aa8b0a491c54e8198bc67078b7625901c2,[Unnamed Skill],7866b8aa8b0a491c54e8198bc67078b7625901c2,[Unnamed Skill],1.0,Type-1 (Verbatim)
7866b8aa8b0a491c54e8198bc67078b7625901c2,[Unnamed Skill],7866b8aa8b0a491c54e8198bc67078b7625901c2,[Unnamed Skill],1.0,Type-1 (Verbatim)
7866b8aa8b0a491c54e8198bc67078b7625901c2,[Unnamed Skill],7866b8aa8b0a491c54e8198bc67078b7625901c2,[Unnamed Skill],1.0,Type-1 (Verbatim)
7866b8aa8b0a491c54e8198bc67078b7625901c2,[Unnamed Skill],7866b8aa8b0a491c54e8198bc67078b7625901c2,[Unnamed Skill],1.0,Type-1 (Verbatim)
7866b8aa8b0a491c54e8198bc67078b7625901c2,[Unnamed Skill],7866b8aa8b0a491c54e8198bc67078b7625901c2,[Unnamed Skill],1.0,Type-1 (Verbatim)
7866b8aa8b0a491c54e8198bc67078b7625901c2,[Unnamed Skill],7866b8aa8b0a491c54e8198bc67078b7625901c2,[Unnamed Skill],1.0,Type-1 (Verbatim)
7866b8aa8b0a491c54e8198bc67078b7625901c2,[Unnamed Skill],7866b8aa8b0a491c54e8198bc67078b7625901c2,[Unnamed Skill],1.0,Type-1 (Verbatim)
7866b8aa8b0a491c54e8198bc67078b7625901c2,[Unnamed Skill],7866b8aa8b0a491c54e8198bc67078b7625901c2,[Unnamed Skill],1.0,Type-1 (Verbatim)
7866b8aa8b0a491c54e8198bc67078b7625901c2,[Unnamed Skill],7866b8aa8b0a491c54e8198bc67078b7625901c2,[Unnamed Skill],1.0,Type-1 (Verbatim)
7866b8aa8b0a491c54e8198bc67078b7625901c2,[Unnamed Skill],7866b8aa8b0a491c54e8198bc67078b7625901c2,[Unnamed Skill],1.0,Type-1 (Verbatim)
7866b8aa8b0a491c54e8198bc67078b7625901c2,[Unnamed Skill],7866b8aa8b0a491c54e8198bc67078b7625901c2,[Unnamed Skill],1.0,Type-1 (Verbatim)
7866b8aa8b0a491c54e8198bc67078b7625901c2,[Unnamed Skill],7866b8aa8b0a491c54e8198bc67078b7625901c2,[Unnamed Skill],1.0,Type-1 (Verbatim)
7866b8aa8b0a491c54e8198bc67078b7625901c2,[Unnamed Skill],7866b8aa8b0a491c54e8198bc67078b7625901c2,[Unnamed Skill],1.0,Type-1 (Verbatim)
7866b8aa8b0a491c54e8198bc67078b7625901c2,[Unnamed Skill],7866b8aa8b0a491c54e8198bc67078b7625901c2,[Unnamed Skill],1.0,Type-1 (Verbatim)
7866b8aa8b0a491c54e8198bc67078b7625901c2,[Unnamed Skill],7866b8aa8b0a491c54e8198bc67078b7625901c2,[Unnamed Skill],1.0,Type-1 (Verbatim)
7866b8aa8b0a491c54e8198bc67078b7625901c2,[Unnamed Skill],7866b8aa8b0a491c54e8198bc67078b7625901c2,[Unnamed Skill],1.0,Type-1 (Verbatim)
7866b8aa8b0a491c54e8198bc67078b7625901c2,[Unnamed Skill],7866b8aa8b0a491c54e8198bc67078b7625901c2,[Unnamed Skill],1.0,Type-1 (Verbatim)
7866b8aa8b0a491c54e8198bc67078b7625901c2,[Unnamed Skill],7866b8aa8b0a491c54e8198bc67078b7625901c2,[Unnamed Skill],1.0,Type-1 (Verbatim)
7866b8aa8b0a491c54e8198bc67078b7625901c2,[Unnamed Skill],7866b8aa8b0a491c54e8198bc67078b7625901c2,[Unnamed Skill],1.0,Type-1 (Verbatim)
7866b8aa8b0a491c54e8198bc67078b7625901c2,[Unnamed Skill],7866b8aa8b0a491c54e8198bc67078b7625901c2,[Unnamed Skill],1.0,Type-1 (Verbatim)
7866b8aa8b0a491c54e8198bc67078b7625901c2,[Unnamed Skill],7866b8aa8b0a491c54e8198bc67078b7625901c2,[Unnamed Skill],1.0,Type-1 (Verbatim)
7866b8aa8b0a491c54e8198bc67078b7625901c2,[Unnamed Skill],7866b8aa8b0a491c54e8198bc67078b7625901c2,[Unnamed Skill],1.0,Type-1 (Verbatim)
7866b8aa8b0a491c54e8198bc67078b7625901c2,[Unnamed Skill],7866b8aa8b0a491c54e8198bc67078b7625901c2,[Unnamed Skill],1.0,Type-1 (Verbatim)
7866b8aa8b0a491c54e8198bc67078b7625901c2,[Unnamed Skill],7866b8aa8b0a491c54e8198bc67078b7625901c2,[Unnamed Skill],1.0,Type-1 (Verbatim)
7866b8aa8b0a491c54e8198bc67078b7625901c2,[Unnamed Skill],7866b8aa8b0a491c54e8198bc67078b7625901c2,[Unnamed Skill],1.0,Type-1 (Verbatim)
7866b8aa8b0a491c54e8198bc67078b7625901c2,[Unnamed Skill],7866b8aa8b0a491c54e8198bc67078b7625901c2,[Unnamed Skill],1.0,Type-1 (Verbatim)
7866b8aa8b0a491c54e8198bc67078b7625901c2,[Unnamed Skill],7866b8aa8b0a491c54e8198bc67078b7625901c2,[Unnamed Skill],1.0,Type-1 (Verbatim)
7866b8aa8b0a491c54e8198bc67078b7625901c2,[Unnamed Skill],7866b8aa8b0a491c54e8198bc67078b7625901c2,[Unnamed Skill],1.0,Type-1 (Verbatim)
7866b8aa8b0a491c54e8198bc67078b7625901c2,[Unnamed Skill],7866b8aa8b0a491c54e8198bc67078b7625901c2,[Unnamed Skill],1.0,Type-1 (Verbatim)
7866b8aa8b0a491c54e8198bc67078b7625901c2,[Unnamed Skill],7866b8aa8b0a491c54e8198bc67078b7625901c2,[Unnamed Skill],1.0,Type-1 (Verbatim)
7866b8aa8b0a491c54e8198bc67078b7625901c2,[Unnamed Skill],7866b8aa8b0a491c54e8198bc67078b7625901c2,[Unnamed Skill],1.0,Type-1 (Verbatim)
7866b8aa8b0a491c54e8198bc67078b7625901c2,[Unnamed Skill],7866b8aa8b0a491c54e8198bc67078b7625901c2,[Unnamed Skill],1.0,Type-1 (Verbatim)
7866b8aa8b0a491c54e8198bc67078b7625901c2,[Unnamed Skill],7866b8aa8b0a491c54e8198bc67078b7625901c2,[Unnamed Skill],1.0,Type-1 (Verbatim)
7866b8aa8b0a491c54e8198bc67078b7625901c2,[Unnamed Skill],7866b8aa8b0a491c54e8198bc67078b7625901c2,[Unnamed Skill],1.0,Type-1 (Verbatim)
7866b8aa8b0a491c54e8198bc67078b7625901c2,[Unnamed Skill],7866b8aa8b0a491c54e8198bc67078b7625901c2,[Unnamed Skill],1.0,Type-1 (Verbatim)
7866b8aa8b0a491c54e8198bc67078b7625901c2,[Unnamed Skill],7866b8aa8b0a491c54e8198bc67078b7625901c2,[Unnamed Skill],1.0,Type-1 (Verbatim)
7866b8aa8b0a491c54e8198bc67078b7625901c2,[Unnamed Skill],7866b8aa8b0a491c54e8198bc67078b7625901c2,[Unnamed Skill],1.0,Type-1 (Verbatim)
7866b8aa8b0a491c54e8198bc67078b7625901c2,[Unnamed Skill],7866b8aa8b0a491c54e8198bc67078b7625901c2,[Unnamed Skill],1.0,Type-1 (Verbatim)
7866b8aa8b0a491c54e8198bc67078b7625901c2,[Unnamed Skill],7866b8aa8b0a491c54e8198bc67078b7625901c2,[Unnamed Skill],1.0,Type-1 (Verbatim)
7866b8aa8b0a491c54e8198bc67078b7625901c2,[Unnamed Skill],7866b8aa8b0a491c54e8198bc67078b7625901c2,[Unnamed Skill],1.0,Type-1 (Verbatim)
7866b8aa8b0a491c54e8198bc67078b7625901c2,[Unnamed Skill],7866b8aa8b0a491c54e8198bc67078b7625901c2,[Unnamed Skill],1.0,Type-1 (Verbatim)
7866b8aa8b0a491c54e8198bc67078b7625901c2,[Unnamed Skill],7866b8aa8b0a491c54e8198bc67078b7625901c2,[Unnamed Skill],1.0,Type-1 (Verbatim)
7866b8aa8b0a491c54e8198bc67078b7625901c2,[Unnamed Skill],7866b8aa8b0a491c54e8198bc67078b7625901c2,[Unnamed Skill],1.0,Type-1 (Verbatim)
7866b8aa8b0a491c54e8198bc67078b7625901c2,[Unnamed Skill],7866b8aa8b0a491c54e8198bc67078b7625901c2,[Unnamed Skill],1.0,Type-1 (Verbatim)
7866b8aa8b0a491c54e8198bc67078b7625901c2,[Unnamed Skill],7866b8aa8b0a491c54e8198bc67078b7625901c2,[Unnamed Skill],1.0,Type-1 (Verbatim)
7866b8aa8b0a491c54e8198bc67078b7625901c2,[Unnamed Skill],7866b8aa8b0a491c54e8198bc67078b7625901c2,[Unnamed Skill],1.0,Type-1 (Verbatim)
7866b8aa8b0a491c54e8198bc67078b7625901c2,[Unnamed Skill],7866b8aa8b0a491c54e8198bc67078b7625901c2,[Unnamed Skill],1.0,Type-1 (Verbatim)
7866b8aa8b0a491c54e8198bc67078b7625901c2,[Unnamed Skill],7866b8aa8b0a491c54e8198bc67078b7625901c2,[Unnamed Skill],1.0,Type-1 (Verbatim)
7866b8aa8b0a491c54e8198bc67078b7625901c2,[Unnamed Skill],7866b8aa8b0a491c54e8198bc67078b7625901c2,[Unnamed Skill],1.0,Type-1 (Verbatim)
7866b8aa8b0a491c54e8198bc67078b7625901c2,[Unnamed Skill],7866b8aa8b0a491c54e8198bc67078b7625901c2,[Unnamed Skill],1.0,Type-1 (Verbatim)
7866b8aa8b0a491c54e8198bc67078b7625901c2,[Unnamed Skill],7866b8aa8b0a491c54e8198bc67078b7625901c2,[Unnamed Skill],1.0,Type-1 (Verbatim)
7866b8aa8b0a491c54e8198bc67078b7625901c2,[Unnamed Skill],7866b8aa8b0a491c54e8198bc67078b7625901c2,[Unnamed Skill],1.0,Type-1 (Verbatim)
7866b8aa8b0a491c54e8198bc67078b7625901c2,[Unnamed Skill],7866b8aa8b0a491c54e8198bc67078b7625901c2,[Unnamed Skill],1.0,Type-1 (Verbatim)
7866b8aa8b0a491c54e8198bc67078b7625901c2,[Unnamed Skill],7866b8aa8b0a491c54e8198bc67078b7625901c2,[Unnamed Skill],1.0,Type-1 (Verbatim)
7866b8aa8b0a491c54e8198bc67078b7625901c2,[Unnamed Skill],7866b8aa8b0a491c54e8198bc67078b7625901c2,[Unnamed Skill],1.0,Type-1 (Verbatim)
7866b8aa8b0a491c54e8198bc67078b7625901c2,[Unnamed Skill],7866b8aa8b0a491c54e8198bc67078b7625901c2,[Unnamed Skill],1.0,Type-1 (Verbatim)
7866b8aa8b0a491c54e8198bc67078b7625901c2,[Unnamed Skill],7866b8aa8b0a491c54e8198bc67078b7625901c2,[Unnamed Skill],1.0,Type-1 (Verbatim)
7866b8aa8b0a491c54e8198bc67078b7625901c2,[Unnamed Skill],7866b8aa8b0a491c54e8198bc67078b7625901c2,[Unnamed Skill],1.0,Type-1 (Verbatim)
7866b8aa8b0a491c54e8198bc67078b7625901c2,[Unnamed Skill],7866b8aa8b0a491c54e8198bc67078b7625901c2,[Unnamed Skill],1.0,Type-1 (Verbatim)
7866b8aa8b0a491c54e8198bc67078b7625901c2,[Unnamed Skill],7866b8aa8b0a491c54e8198bc67078b7625901c2,[Unnamed Skill],1.0,Type-1 (Verbatim)
7866b8aa8b0a491c54e8198bc67078b7625901c2,[Unnamed Skill],7866b8aa8b0a491c54e8198bc67078b7625901c2,[Unnamed Skill],1.0,Type-1 (Verbatim)
7866b8aa8b0a491c54e8198bc67078b7625901c2,[Unnamed Skill],7866b8aa8b0a491c54e8198bc67078b7625901c2,[Unnamed Skill],1.0,Type-1 (Verbatim)
7866b8aa8b0a491c54e8198bc67078b7625901c2,[Unnamed Skill],7866b8aa8b0a491c54e8198bc67078b7625901c2,[Unnamed Skill],1.0,Type-1 (Verbatim)
7866b8aa8b0a491c54e8198bc67078b7625901c2,[Unnamed Skill],7866b8aa8b0a491c54e8198bc67078b7625901c2,[Unnamed Skill],1.0,Type-1 (Verbatim)
7866b8aa8b0a491c54e8198bc67078b7625901c2,[Unnamed Skill],7866b8aa8b0a491c54e8198bc67078b7625901c2,[Unnamed Skill],1.0,Type-1 (Verbatim)
7866b8aa8b0a491c54e8198bc67078b7625901c2,[Unnamed Skill],7866b8aa8b0a491c54e8198bc67078b7625901c2,[Unnamed Skill],1.0,Type-1 (Verbatim)
7866b8aa8b0a491c54e8198bc67078b7625901c2,[Unnamed Skill],7866b8aa8b0a491c54e8198bc67078b7625901c2,[Unnamed Skill],1.0,Type-1 (Verbatim)
7866b8aa8b0a491c54e8198bc67078b7625901c2,[Unnamed Skill],7866b8aa8b0a491c54e8198bc67078b7625901c2,[Unnamed Skill],1.0,Type-1 (Verbatim)
7866b8aa8b0a491c54e8198bc67078b7625901c2,[Unnamed Skill],7866b8aa8b0a491c54e8198bc67078b7625901c2,[Unnamed Skill],1.0,Type-1 (Verbatim)
7866b8aa8b0a491c54e8198bc67078b7625901c2,[Unnamed Skill],7866b8aa8b0a491c54e8198bc67078b7625901c2,[Unnamed Skill],1.0,Type-1 (Verbatim)
7866b8aa8b0a491c54e8198bc67078b7625901c2,[Unnamed Skill],7866b8aa8b0a491c54e8198bc67078b7625901c2,[Unnamed Skill],1.0,Type-1 (Verbatim)
7866b8aa8b0a491c54e8198bc67078b7625901c2,[Unnamed Skill],7866b8aa8b0a491c54e8198bc67078b7625901c2,[Unnamed Skill],1.0,Type-1 (Verbatim)
7866b8aa8b0a491c54e8198bc67078b7625901c2,[Unnamed Skill],7866b8aa8b0a491c54e8198bc67078b7625901c2,[Unnamed Skill],1.0,Type-1 (Verbatim)
7866b8aa8b0a491c54e8198bc67078b7625901c2,[Unnamed Skill],7866b8aa8b0a491c54e8198bc67078b7625901c2,[Unnamed Skill],1.0,Type-1 (Verbatim)
7866b8aa8b0a491c54e8198bc67078b7625901c2,[Unnamed Skill],7866b8aa8b0a491c54e8198bc67078b7625901c2,[Unnamed Skill],1.0,Type-1 (Verbatim)
7866b8aa8b0a491c54e8198bc67078b7625901c2,[Unnamed Skill],7866b8aa8b0a491c54e8198bc67078b7625901c2,[Unnamed Skill],1.0,Type-1 (Verbatim)
7866b8aa8b0a491c54e8198bc67078b7625901c2,[Unnamed Skill],7866b8aa8b0a491c54e8198bc67078b7625901c2,[Unnamed Skill],1.0,Type-1 (Verbatim)
7866b8aa8b0a491c54e8198bc67078b7625901c2,[Unnamed Skill],7866b8aa8b0a491c54e8198bc67078b7625901c2,[Unnamed Skill],1.0,Type-1 (Verbatim)
7866b8aa8b0a491c54e8198bc67078b7625901c2,[Unnamed Skill],7866b8aa8b0a491c54e8198bc67078b7625901c2,[Unnamed Skill],1.0,Type-1 (Verbatim)
7866b8aa8b0a491c54e8198bc67078b7625901c2,[Unnamed Skill],7866b8aa8b0a491c54e8198bc67078b7625901c2,[Unnamed Skill],1.0,Type-1 (Verbatim)
7866b8aa8b0a491c54e8198bc67078b7625901c2,[Unnamed Skill],7866b8aa8b0a491c54e8198bc67078b7625901c2,[Unnamed Skill],1.0,Type-1 (Verbatim)
7866b8aa8b0a491c54e8198bc67078b7625901c2,[Unnamed Skill],7866b8aa8b0a491c54e8198bc67078b7625901c2,[Unnamed Skill],1.0,Type-1 (Verbatim)
7866b8aa8b0a491c54e8198bc67078b7625901c2,[Unnamed Skill],7866b8aa8b0a491c54e8198bc67078b7625901c2,[Unnamed Skill],1.0,Type-1 (Verbatim)
7866b8aa8b0a491c54e8198bc67078b7625901c2,[Unnamed Skill],7866b8aa8b0a491c54e8198bc67078b7625901c2,[Unnamed Skill],1.0,Type-1 (Verbatim)
7866b8aa8b0a491c54e8198bc67078b7625901c2,[Unnamed Skill],7866b8aa8b0a491c54e8198bc67078b7625901c2,[Unnamed Skill],1.0,Type-1 (Verbatim)
7866b8aa8b0a491c54e8198bc67078b7625901c2,[Unnamed Skill],7866b8aa8b0a491c54e8198bc67078b7625901c2,[Unnamed Skill],1.0,Type-1 (Verbatim)
7866b8aa8b0a491c54e8198bc67078b7625901c2,[Unnamed Skill],7866b8aa8b0a491c54e8198bc67078b7625901c2,[Unnamed Skill],1.0,Type-1 (Verbatim)
7866b8aa8b0a491c54e8198bc67078b7625901c2,[Unnamed Skill],7866b8aa8b0a491c54e8198bc67078b7625901c2,[Unnamed Skill],1.0,Type-1 (Verbatim)
7866b8aa8b0a491c54e8198bc67078b7625901c2,[Unnamed Skill],7866b8aa8b0a491c54e8198bc67078b7625901c2,[Unnamed Skill],1.0,Type-1 (Verbatim)
7866b8aa8b0a491c54e8198bc67078b7625901c2,[Unnamed Skill],7866b8aa8b0a491c54e8198bc67078b7625901c2,[Unnamed Skill],1.0,Type-1 (Verbatim)
7866b8aa8b0a491c54e8198bc67078b7625901c2,[Unnamed Skill],7866b8aa8b0a491c54e8198bc67078b7625901c2,[Unnamed Skill],1.0,Type-1 (Verbatim)
7866b8aa8b0a491c54e8198bc67078b7625901c2,[Unnamed Skill],7866b8aa8b0a491c54e8198bc67078b7625901c2,[Unnamed Skill],1.0,Type-1 (Verbatim)
7866b8aa8b0a491c54e8198bc67078b7625901c2,[Unnamed Skill],7866b8aa8b0a491c54e8198bc67078b7625901c2,[Unnamed Skill],1.0,Type-1 (Verbatim)
7866b8aa8b0a491c54e8198bc67078b7625901c2,[Unnamed Skill],7866b8aa8b0a491c54e8198bc67078b7625901c2,[Unnamed Skill],1.0,Type-1 (Verbatim)
7866b8aa8b0a491c54e8198bc67078b7625901c2,[Unnamed Skill],7866b8aa8b0a491c54e8198bc67078b7625901c2,[Unnamed Skill],1.0,Type-1 (Verbatim)
7866b8aa8b0a491c54e8198bc67078b7625901c2,[Unnamed Skill],7866b8aa8b0a491c54e8198bc67078b7625901c2,[Unnamed Skill],1.0,Type-1 (Verbatim)
7866b8aa8b0a491c54e8198bc67078b7625901c2,[Unnamed Skill],7866b8aa8b0a491c54e8198bc67078b7625901c2,[Unnamed Skill],1.0,Type-1 (Verbatim)
7866b8aa8b0a491c54e8198bc67078b7625901c2,[Unnamed Skill],7866b8aa8b0a491c54e8198bc67078b7625901c2,[Unnamed Skill],1.0,Type-1 (Verbatim)
7866b8aa8b0a491c54e8198bc67078b7625901c2,[Unnamed Skill],7866b8aa8b0a491c54e8198bc67078b7625901c2,[Unnamed Skill],1.0,Type-1 (Verbatim)
7866b8aa8b0a491c54e8198bc67078b7625901c2,[Unnamed Skill],7866b8aa8b0a491c54e8198bc67078b7625901c2,[Unnamed Skill],1.0,Type-1 (Verbatim)
54ecaf59efc405a4a871001aa6a7bd31b771a871,[Unnamed Skill],54ecaf59efc405a4a871001aa6a7bd31b771a871,[Unnamed Skill],1.0,Type-1 (Verbatim)
54ecaf59efc405a4a871001aa6a7bd31b771a871,[Unnamed Skill],54ecaf59efc405a4a871001aa6a7bd31b771a871,[Unnamed Skill],1.0,Type-1 (Verbatim)
54ecaf59efc405a4a871001aa6a7bd31b771a871,[Unnamed Skill],54ecaf59efc405a4a871001aa6a7bd31b771a871,[Unnamed Skill],1.0,Type-1 (Verbatim)
54ecaf59efc405a4a871001aa6a7bd31b771a871,[Unnamed Skill],54ecaf59efc405a4a871001aa6a7bd31b771a871,[Unnamed Skill],1.0,Type-1 (Verbatim)
54ecaf59efc405a4a871001aa6a7bd31b771a871,[Unnamed Skill],54ecaf59efc405a4a871001aa6a7bd31b771a871,[Unnamed Skill],1.0,Type-1 (Verbatim)
54ecaf59efc405a4a871001aa6a7bd31b771a871,[Unnamed Skill],54ecaf59efc405a4a871001aa6a7bd31b771a871,[Unnamed Skill],1.0,Type-1 (Verbatim)
54ecaf59efc405a4a871001aa6a7bd31b771a871,[Unnamed Skill],54ecaf59efc405a4a871001aa6a7bd31b771a871,[Unnamed Skill],1.0,Type-1 (Verbatim)
54ecaf59efc405a4a871001aa6a7bd31b771a871,[Unnamed Skill],54ecaf59efc405a4a871001aa6a7bd31b771a871,[Unnamed Skill],1.0,Type-1 (Verbatim)
54ecaf59efc405a4a871001aa6a7bd31b771a871,[Unnamed Skill],54ecaf59efc405a4a871001aa6a7bd31b771a871,[Unnamed Skill],1.0,Type-1 (Verbatim)
54ecaf59efc405a4a871001aa6a7bd31b771a871,[Unnamed Skill],54ecaf59efc405a4a871001aa6a7bd31b771a871,[Unnamed Skill],1.0,Type-1 (Verbatim)
54ecaf59efc405a4a871001aa6a7bd31b771a871,[Unnamed Skill],54ecaf59efc405a4a871001aa6a7bd31b771a871,[Unnamed Skill],1.0,Type-1 (Verbatim)
54ecaf59efc405a4a871001aa6a7bd31b771a871,[Unnamed Skill],54ecaf59efc405a4a871001aa6a7bd31b771a871,[Unnamed Skill],1.0,Type-1 (Verbatim)
54ecaf59efc405a4a871001aa6a7bd31b771a871,[Unnamed Skill],54ecaf59efc405a4a871001aa6a7bd31b771a871,[Unnamed Skill],1.0,Type-1 (Verbatim)
54ecaf59efc405a4a871001aa6a7bd31b771a871,[Unnamed Skill],54ecaf59efc405a4a871001aa6a7bd31b771a871,[Unnamed Skill],1.0,Type-1 (Verbatim)
54ecaf59efc405a4a871001aa6a7bd31b771a871,[Unnamed Skill],54ecaf59efc405a4a871001aa6a7bd31b771a871,[Unnamed Skill],1.0,Type-1 (Verbatim)
54ecaf59efc405a4a871001aa6a7bd31b771a871,[Unnamed Skill],54ecaf59efc405a4a871001aa6a7bd31b771a871,[Unnamed Skill],1.0,Type-1 (Verbatim)
54ecaf59efc405a4a871001aa6a7bd31b771a871,[Unnamed Skill],54ecaf59efc405a4a871001aa6a7bd31b771a871,[Unnamed Skill],1.0,Type-1 (Verbatim)
54ecaf59efc405a4a871001aa6a7bd31b771a871,[Unnamed Skill],54ecaf59efc405a4a871001aa6a7bd31b771a871,[Unnamed Skill],1.0,Type-1 (Verbatim)
54ecaf59efc405a4a871001aa6a7bd31b771a871,[Unnamed Skill],54ecaf59efc405a4a871001aa6a7bd31b771a871,[Unnamed Skill],1.0,Type-1 (Verbatim)
54ecaf59efc405a4a871001aa6a7bd31b771a871,[Unnamed Skill],54ecaf59efc405a4a871001aa6a7bd31b771a871,[Unnamed Skill],1.0,Type-1 (Verbatim)
54ecaf59efc405a4a871001aa6a7bd31b771a871,[Unnamed Skill],54ecaf59efc405a4a871001aa6a7bd31b771a871,[Unnamed Skill],1.0,Type-1 (Verbatim)
54ecaf59efc405a4a871001aa6a7bd31b771a871,[Unnamed Skill],54ecaf59efc405a4a871001aa6a7bd31b771a871,[Unnamed Skill],1.0,Type-1 (Verbatim)
54ecaf59efc405a4a871001aa6a7bd31b771a871,[Unnamed Skill],54ecaf59efc405a4a871001aa6a7bd31b771a871,[Unnamed Skill],1.0,Type-1 (Verbatim)
54ecaf59efc405a4a871001aa6a7bd31b771a871,[Unnamed Skill],54ecaf59efc405a4a871001aa6a7bd31b771a871,[Unnamed Skill],1.0,Type-1 (Verbatim)
54ecaf59efc405a4a871001aa6a7bd31b771a871,[Unnamed Skill],54ecaf59efc405a4a871001aa6a7bd31b771a871,[Unnamed Skill],1.0,Type-1 (Verbatim)
54ecaf59efc405a4a871001aa6a7bd31b771a871,[Unnamed Skill],54ecaf59efc405a4a871001aa6a7bd31b771a871,[Unnamed Skill],1.0,Type-1 (Verbatim)
54ecaf59efc405a4a871001aa6a7bd31b771a871,[Unnamed Skill],54ecaf59efc405a4a871001aa6a7bd31b771a871,[Unnamed Skill],1.0,Type-1 (Verbatim)
54ecaf59efc405a4a871001aa6a7bd31b771a871,[Unnamed Skill],54ecaf59efc405a4a871001aa6a7bd31b771a871,[Unnamed Skill],1.0,Type-1 (Verbatim)
54ecaf59efc405a4a871001aa6a7bd31b771a871,[Unnamed Skill],54ecaf59efc405a4a871001aa6a7bd31b771a871,[Unnamed Skill],1.0,Type-1 (Verbatim)
54ecaf59efc405a4a871001aa6a7bd31b771a871,[Unnamed Skill],54ecaf59efc405a4a871001aa6a7bd31b771a871,[Unnamed Skill],1.0,Type-1 (Verbatim)
54ecaf59efc405a4a871001aa6a7bd31b771a871,[Unnamed Skill],54ecaf59efc405a4a871001aa6a7bd31b771a871,[Unnamed Skill],1.0,Type-1 (Verbatim)
54ecaf59efc405a4a871001aa6a7bd31b771a871,[Unnamed Skill],54ecaf59efc405a4a871001aa6a7bd31b771a871,[Unnamed Skill],1.0,Type-1 (Verbatim)
54ecaf59efc405a4a871001aa6a7bd31b771a871,[Unnamed Skill],54ecaf59efc405a4a871001aa6a7bd31b771a871,[Unnamed Skill],1.0,Type-1 (Verbatim)
54ecaf59efc405a4a871001aa6a7bd31b771a871,[Unnamed Skill],54ecaf59efc405a4a871001aa6a7bd31b771a871,[Unnamed Skill],1.0,Type-1 (Verbatim)
54ecaf59efc405a4a871001aa6a7bd31b771a871,[Unnamed Skill],54ecaf59efc405a4a871001aa6a7bd31b771a871,[Unnamed Skill],1.0,Type-1 (Verbatim)
54ecaf59efc405a4a871001aa6a7bd31b771a871,[Unnamed Skill],54ecaf59efc405a4a871001aa6a7bd31b771a871,[Unnamed Skill],1.0,Type-1 (Verbatim)
54ecaf59efc405a4a871001aa6a7bd31b771a871,[Unnamed Skill],54ecaf59efc405a4a871001aa6a7bd31b771a871,[Unnamed Skill],1.0,Type-1 (Verbatim)
54ecaf59efc405a4a871001aa6a7bd31b771a871,[Unnamed Skill],54ecaf59efc405a4a871001aa6a7bd31b771a871,[Unnamed Skill],1.0,Type-1 (Verbatim)
54ecaf59efc405a4a871001aa6a7bd31b771a871,[Unnamed Skill],54ecaf59efc405a4a871001aa6a7bd31b771a871,[Unnamed Skill],1.0,Type-1 (Verbatim)
54ecaf59efc405a4a871001aa6a7bd31b771a871,[Unnamed Skill],54ecaf59efc405a4a871001aa6a7bd31b771a871,[Unnamed Skill],1.0,Type-1 (Verbatim)
54ecaf59efc405a4a871001aa6a7bd31b771a871,[Unnamed Skill],54ecaf59efc405a4a871001aa6a7bd31b771a871,[Unnamed Skill],1.0,Type-1 (Verbatim)
54ecaf59efc405a4a871001aa6a7bd31b771a871,[Unnamed Skill],54ecaf59efc405a4a871001aa6a7bd31b771a871,[Unnamed Skill],1.0,Type-1 (Verbatim)
54ecaf59efc405a4a871001aa6a7bd31b771a871,[Unnamed Skill],54ecaf59efc405a4a871001aa6a7bd31b771a871,[Unnamed Skill],1.0,Type-1 (Verbatim)
54ecaf59efc405a4a871001aa6a7bd31b771a871,[Unnamed Skill],54ecaf59efc405a4a871001aa6a7bd31b771a871,[Unnamed Skill],1.0,Type-1 (Verbatim)
54ecaf59efc405a4a871001aa6a7bd31b771a871,[Unnamed Skill],54ecaf59efc405a4a871001aa6a7bd31b771a871,[Unnamed Skill],1.0,Type-1 (Verbatim)
54ecaf59efc405a4a871001aa6a7bd31b771a871,[Unnamed Skill],54ecaf59efc405a4a871001aa6a7bd31b771a871,[Unnamed Skill],1.0,Type-1 (Verbatim)
54ecaf59efc405a4a871001aa6a7bd31b771a871,[Unnamed Skill],54ecaf59efc405a4a871001aa6a7bd31b771a871,[Unnamed Skill],1.0,Type-1 (Verbatim)
54ecaf59efc405a4a871001aa6a7bd31b771a871,[Unnamed Skill],54ecaf59efc405a4a871001aa6a7bd31b771a871,[Unnamed Skill],1.0,Type-1 (Verbatim)
54ecaf59efc405a4a871001aa6a7bd31b771a871,[Unnamed Skill],54ecaf59efc405a4a871001aa6a7bd31b771a871,[Unnamed Skill],1.0,Type-1 (Verbatim)
54ecaf59efc405a4a871001aa6a7bd31b771a871,[Unnamed Skill],54ecaf59efc405a4a871001aa6a7bd31b771a871,[Unnamed Skill],1.0,Type-1 (Verbatim)
54ecaf59efc405a4a871001aa6a7bd31b771a871,[Unnamed Skill],54ecaf59efc405a4a871001aa6a7bd31b771a871,[Unnamed Skill],1.0,Type-1 (Verbatim)
54ecaf59efc405a4a871001aa6a7bd31b771a871,[Unnamed Skill],54ecaf59efc405a4a871001aa6a7bd31b771a871,[Unnamed Skill],1.0,Type-1 (Verbatim)
54ecaf59efc405a4a871001aa6a7bd31b771a871,[Unnamed Skill],54ecaf59efc405a4a871001aa6a7bd31b771a871,[Unnamed Skill],1.0,Type-1 (Verbatim)
54ecaf59efc405a4a871001aa6a7bd31b771a871,[Unnamed Skill],54ecaf59efc405a4a871001aa6a7bd31b771a871,[Unnamed Skill],1.0,Type-1 (Verbatim)
54ecaf59efc405a4a871001aa6a7bd31b771a871,[Unnamed Skill],54ecaf59efc405a4a871001aa6a7bd31b771a871,[Unnamed Skill],1.0,Type-1 (Verbatim)
54ecaf59efc405a4a871001aa6a7bd31b771a871,[Unnamed Skill],54ecaf59efc405a4a871001aa6a7bd31b771a871,[Unnamed Skill],1.0,Type-1 (Verbatim)
54ecaf59efc405a4a871001aa6a7bd31b771a871,[Unnamed Skill],54ecaf59efc405a4a871001aa6a7bd31b771a871,[Unnamed Skill],1.0,Type-1 (Verbatim)
54ecaf59efc405a4a871001aa6a7bd31b771a871,[Unnamed Skill],54ecaf59efc405a4a871001aa6a7bd31b771a871,[Unnamed Skill],1.0,Type-1 (Verbatim)
54ecaf59efc405a4a871001aa6a7bd31b771a871,[Unnamed Skill],54ecaf59efc405a4a871001aa6a7bd31b771a871,[Unnamed Skill],1.0,Type-1 (Verbatim)
54ecaf59efc405a4a871001aa6a7bd31b771a871,[Unnamed Skill],54ecaf59efc405a4a871001aa6a7bd31b771a871,[Unnamed Skill],1.0,Type-1 (Verbatim)
54ecaf59efc405a4a871001aa6a7bd31b771a871,[Unnamed Skill],54ecaf59efc405a4a871001aa6a7bd31b771a871,[Unnamed Skill],1.0,Type-1 (Verbatim)
54ecaf59efc405a4a871001aa6a7bd31b771a871,[Unnamed Skill],54ecaf59efc405a4a871001aa6a7bd31b771a871,[Unnamed Skill],1.0,Type-1 (Verbatim)
54ecaf59efc405a4a871001aa6a7bd31b771a871,[Unnamed Skill],54ecaf59efc405a4a871001aa6a7bd31b771a871,[Unnamed Skill],1.0,Type-1 (Verbatim)
54ecaf59efc405a4a871001aa6a7bd31b771a871,[Unnamed Skill],54ecaf59efc405a4a871001aa6a7bd31b771a871,[Unnamed Skill],1.0,Type-1 (Verbatim)
54ecaf59efc405a4a871001aa6a7bd31b771a871,[Unnamed Skill],54ecaf59efc405a4a871001aa6a7bd31b771a871,[Unnamed Skill],1.0,Type-1 (Verbatim)
54ecaf59efc405a4a871001aa6a7bd31b771a871,[Unnamed Skill],54ecaf59efc405a4a871001aa6a7bd31b771a871,[Unnamed Skill],1.0,Type-1 (Verbatim)
54ecaf59efc405a4a871001aa6a7bd31b771a871,[Unnamed Skill],54ecaf59efc405a4a871001aa6a7bd31b771a871,[Unnamed Skill],1.0,Type-1 (Verbatim)
54ecaf59efc405a4a871001aa6a7bd31b771a871,[Unnamed Skill],54ecaf59efc405a4a871001aa6a7bd31b771a871,[Unnamed Skill],1.0,Type-1 (Verbatim)
54ecaf59efc405a4a871001aa6a7bd31b771a871,[Unnamed Skill],54ecaf59efc405a4a871001aa6a7bd31b771a871,[Unnamed Skill],1.0,Type-1 (Verbatim)
54ecaf59efc405a4a871001aa6a7bd31b771a871,[Unnamed Skill],54ecaf59efc405a4a871001aa6a7bd31b771a871,[Unnamed Skill],1.0,Type-1 (Verbatim)
54ecaf59efc405a4a871001aa6a7bd31b771a871,[Unnamed Skill],54ecaf59efc405a4a871001aa6a7bd31b771a871,[Unnamed Skill],1.0,Type-1 (Verbatim)
54ecaf59efc405a4a871001aa6a7bd31b771a871,[Unnamed Skill],54ecaf59efc405a4a871001aa6a7bd31b771a871,[Unnamed Skill],1.0,Type-1 (Verbatim)
54ecaf59efc405a4a871001aa6a7bd31b771a871,[Unnamed Skill],54ecaf59efc405a4a871001aa6a7bd31b771a871,[Unnamed Skill],1.0,Type-1 (Verbatim)
54ecaf59efc405a4a871001aa6a7bd31b771a871,[Unnamed Skill],54ecaf59efc405a4a871001aa6a7bd31b771a871,[Unnamed Skill],1.0,Type-1 (Verbatim)
54ecaf59efc405a4a871001aa6a7bd31b771a871,[Unnamed Skill],54ecaf59efc405a4a871001aa6a7bd31b771a871,[Unnamed Skill],1.0,Type-1 (Verbatim)
54ecaf59efc405a4a871001aa6a7bd31b771a871,[Unnamed Skill],54ecaf59efc405a4a871001aa6a7bd31b771a871,[Unnamed Skill],1.0,Type-1 (Verbatim)
54ecaf59efc405a4a871001aa6a7bd31b771a871,[Unnamed Skill],54ecaf59efc405a4a871001aa6a7bd31b771a871,[Unnamed Skill],1.0,Type-1 (Verbatim)
54ecaf59efc405a4a871001aa6a7bd31b771a871,[Unnamed Skill],54ecaf59efc405a4a871001aa6a7bd31b771a871,[Unnamed Skill],1.0,Type-1 (Verbatim)
54ecaf59efc405a4a871001aa6a7bd31b771a871,[Unnamed Skill],54ecaf59efc405a4a871001aa6a7bd31b771a871,[Unnamed Skill],1.0,Type-1 (Verbatim)
54ecaf59efc405a4a871001aa6a7bd31b771a871,[Unnamed Skill],54ecaf59efc405a4a871001aa6a7bd31b771a871,[Unnamed Skill],1.0,Type-1 (Verbatim)
54ecaf59efc405a4a871001aa6a7bd31b771a871,[Unnamed Skill],54ecaf59efc405a4a871001aa6a7bd31b771a871,[Unnamed Skill],1.0,Type-1 (Verbatim)
54ecaf59efc405a4a871001aa6a7bd31b771a871,[Unnamed Skill],54ecaf59efc405a4a871001aa6a7bd31b771a871,[Unnamed Skill],1.0,Type-1 (Verbatim)
54ecaf59efc405a4a871001aa6a7bd31b771a871,[Unnamed Skill],54ecaf59efc405a4a871001aa6a7bd31b771a871,[Unnamed Skill],1.0,Type-1 (Verbatim)
54ecaf59efc405a4a871001aa6a7bd31b771a871,[Unnamed Skill],54ecaf59efc405a4a871001aa6a7bd31b771a871,[Unnamed Skill],1.0,Type-1 (Verbatim)
54ecaf59efc405a4a871001aa6a7bd31b771a871,[Unnamed Skill],54ecaf59efc405a4a871001aa6a7bd31b771a871,[Unnamed Skill],1.0,Type-1 (Verbatim)
54ecaf59efc405a4a871001aa6a7bd31b771a871,[Unnamed Skill],54ecaf59efc405a4a871001aa6a7bd31b771a871,[Unnamed Skill],1.0,Type-1 (Verbatim)
54ecaf59efc405a4a871001aa6a7bd31b771a871,[Unnamed Skill],54ecaf59efc405a4a871001aa6a7bd31b771a871,[Unnamed Skill],1.0,Type-1 (Verbatim)
54ecaf59efc405a4a871001aa6a7bd31b771a871,[Unnamed Skill],54ecaf59efc405a4a871001aa6a7bd31b771a871,[Unnamed Skill],1.0,Type-1 (Verbatim)
54ecaf59efc405a4a871001aa6a7bd31b771a871,[Unnamed Skill],54ecaf59efc405a4a871001aa6a7bd31b771a871,[Unnamed Skill],1.0,Type-1 (Verbatim)
54ecaf59efc405a4a871001aa6a7bd31b771a871,[Unnamed Skill],54ecaf59efc405a4a871001aa6a7bd31b771a871,[Unnamed Skill],1.0,Type-1 (Verbatim)
54ecaf59efc405a4a871001aa6a7bd31b771a871,[Unnamed Skill],54ecaf59efc405a4a871001aa6a7bd31b771a871,[Unnamed Skill],1.0,Type-1 (Verbatim)
54ecaf59efc405a4a871001aa6a7bd31b771a871,[Unnamed Skill],54ecaf59efc405a4a871001aa6a7bd31b771a871,[Unnamed Skill],1.0,Type-1 (Verbatim)
54ecaf59efc405a4a871001aa6a7bd31b771a871,[Unnamed Skill],54ecaf59efc405a4a871001aa6a7bd31b771a871,[Unnamed Skill],1.0,Type-1 (Verbatim)
54ecaf59efc405a4a871001aa6a7bd31b771a871,[Unnamed Skill],54ecaf59efc405a4a871001aa6a7bd31b771a871,[Unnamed Skill],1.0,Type-1 (Verbatim)
54ecaf59efc405a4a871001aa6a7bd31b771a871,[Unnamed Skill],54ecaf59efc405a4a871001aa6a7bd31b771a871,[Unnamed Skill],1.0,Type-1 (Verbatim)
54ecaf59efc405a4a871001aa6a7bd31b771a871,[Unnamed Skill],54ecaf59efc405a4a871001aa6a7bd31b771a871,[Unnamed Skill],1.0,Type-1 (Verbatim)
54ecaf59efc405a4a871001aa6a7bd31b771a871,[Unnamed Skill],54ecaf59efc405a4a871001aa6a7bd31b771a871,[Unnamed Skill],1.0,Type-1 (Verbatim)
54ecaf59efc405a4a871001aa6a7bd31b771a871,[Unnamed Skill],54ecaf59efc405a4a871001aa6a7bd31b771a871,[Unnamed Skill],1.0,Type-1 (Verbatim)
54ecaf59efc405a4a871001aa6a7bd31b771a871,[Unnamed Skill],54ecaf59efc405a4a871001aa6a7bd31b771a871,[Unnamed Skill],1.0,Type-1 (Verbatim)
54ecaf59efc405a4a871001aa6a7bd31b771a871,[Unnamed Skill],54ecaf59efc405a4a871001aa6a7bd31b771a871,[Unnamed Skill],1.0,Type-1 (Verbatim)
54ecaf59efc405a4a871001aa6a7bd31b771a871,[Unnamed Skill],54ecaf59efc405a4a871001aa6a7bd31b771a871,[Unnamed Skill],1.0,Type-1 (Verbatim)
54ecaf59efc405a4a871001aa6a7bd31b771a871,[Unnamed Skill],54ecaf59efc405a4a871001aa6a7bd31b771a871,[Unnamed Skill],1.0,Type-1 (Verbatim)
54ecaf59efc405a4a871001aa6a7bd31b771a871,[Unnamed Skill],54ecaf59efc405a4a871001aa6a7bd31b771a871,[Unnamed Skill],1.0,Type-1 (Verbatim)
54ecaf59efc405a4a871001aa6a7bd31b771a871,[Unnamed Skill],54ecaf59efc405a4a871001aa6a7bd31b771a871,[Unnamed Skill],1.0,Type-1 (Verbatim)
54ecaf59efc405a4a871001aa6a7bd31b771a871,[Unnamed Skill],54ecaf59efc405a4a871001aa6a7bd31b771a871,[Unnamed Skill],1.0,Type-1 (Verbatim)
54ecaf59efc405a4a871001aa6a7bd31b771a871,[Unnamed Skill],54ecaf59efc405a4a871001aa6a7bd31b771a871,[Unnamed Skill],1.0,Type-1 (Verbatim)
54ecaf59efc405a4a871001aa6a7bd31b771a871,[Unnamed Skill],54ecaf59efc405a4a871001aa6a7bd31b771a871,[Unnamed Skill],1.0,Type-1 (Verbatim)
54ecaf59efc405a4a871001aa6a7bd31b771a871,[Unnamed Skill],54ecaf59efc405a4a871001aa6a7bd31b771a871,[Unnamed Skill],1.0,Type-1 (Verbatim)
54ecaf59efc405a4a871001aa6a7bd31b771a871,[Unnamed Skill],54ecaf59efc405a4a871001aa6a7bd31b771a871,[Unnamed Skill],1.0,Type-1 (Verbatim)
54ecaf59efc405a4a871001aa6a7bd31b771a871,[Unnamed Skill],54ecaf59efc405a4a871001aa6a7bd31b771a871,[Unnamed Skill],1.0,Type-1 (Verbatim)
54ecaf59efc405a4a871001aa6a7bd31b771a871,[Unnamed Skill],54ecaf59efc405a4a871001aa6a7bd31b771a871,[Unnamed Skill],1.0,Type-1 (Verbatim)
54ecaf59efc405a4a871001aa6a7bd31b771a871,[Unnamed Skill],54ecaf59efc405a4a871001aa6a7bd31b771a871,[Unnamed Skill],1.0,Type-1 (Verbatim)
54ecaf59efc405a4a871001aa6a7bd31b771a871,[Unnamed Skill],54ecaf59efc405a4a871001aa6a7bd31b771a871,[Unnamed Skill],1.0,Type-1 (Verbatim)
54ecaf59efc405a4a871001aa6a7bd31b771a871,[Unnamed Skill],54ecaf59efc405a4a871001aa6a7bd31b771a871,[Unnamed Skill],1.0,Type-1 (Verbatim)
54ecaf59efc405a4a871001aa6a7bd31b771a871,[Unnamed Skill],54ecaf59efc405a4a871001aa6a7bd31b771a871,[Unnamed Skill],1.0,Type-1 (Verbatim)
54ecaf59efc405a4a871001aa6a7bd31b771a871,[Unnamed Skill],54ecaf59efc405a4a871001aa6a7bd31b771a871,[Unnamed Skill],1.0,Type-1 (Verbatim)
54ecaf59efc405a4a871001aa6a7bd31b771a871,[Unnamed Skill],54ecaf59efc405a4a871001aa6a7bd31b771a871,[Unnamed Skill],1.0,Type-1 (Verbatim)
54ecaf59efc405a4a871001aa6a7bd31b771a871,[Unnamed Skill],54ecaf59efc405a4a871001aa6a7bd31b771a871,[Unnamed Skill],1.0,Type-1 (Verbatim)
54ecaf59efc405a4a871001aa6a7bd31b771a871,[Unnamed Skill],54ecaf59efc405a4a871001aa6a7bd31b771a871,[Unnamed Skill],1.0,Type-1 (Verbatim)
54ecaf59efc405a4a871001aa6a7bd31b771a871,[Unnamed Skill],54ecaf59efc405a4a871001aa6a7bd31b771a871,[Unnamed Skill],1.0,Type-1 (Verbatim)
54ecaf59efc405a4a871001aa6a7bd31b771a871,[Unnamed Skill],54ecaf59efc405a4a871001aa6a7bd31b771a871,[Unnamed Skill],1.0,Type-1 (Verbatim)
54ecaf59efc405a4a871001aa6a7bd31b771a871,[Unnamed Skill],54ecaf59efc405a4a871001aa6a7bd31b771a871,[Unnamed Skill],1.0,Type-1 (Verbatim)
54ecaf59efc405a4a871001aa6a7bd31b771a871,[Unnamed Skill],54ecaf59efc405a4a871001aa6a7bd31b771a871,[Unnamed Skill],1.0,Type-1 (Verbatim)
54ecaf59efc405a4a871001aa6a7bd31b771a871,[Unnamed Skill],54ecaf59efc405a4a871001aa6a7bd31b771a871,[Unnamed Skill],1.0,Type-1 (Verbatim)
54ecaf59efc405a4a871001aa6a7bd31b771a871,[Unnamed Skill],54ecaf59efc405a4a871001aa6a7bd31b771a871,[Unnamed Skill],1.0,Type-1 (Verbatim)
54ecaf59efc405a4a871001aa6a7bd31b771a871,[Unnamed Skill],54ecaf59efc405a4a871001aa6a7bd31b771a871,[Unnamed Skill],1.0,Type-1 (Verbatim)
54ecaf59efc405a4a871001aa6a7bd31b771a871,[Unnamed Skill],54ecaf59efc405a4a871001aa6a7bd31b771a871,[Unnamed Skill],1.0,Type-1 (Verbatim)
54ecaf59efc405a4a871001aa6a7bd31b771a871,[Unnamed Skill],54ecaf59efc405a4a871001aa6a7bd31b771a871,[Unnamed Skill],1.0,Type-1 (Verbatim)
54ecaf59efc405a4a871001aa6a7bd31b771a871,[Unnamed Skill],54ecaf59efc405a4a871001aa6a7bd31b771a871,[Unnamed Skill],1.0,Type-1 (Verbatim)
54ecaf59efc405a4a871001aa6a7bd31b771a871,[Unnamed Skill],54ecaf59efc405a4a871001aa6a7bd31b771a871,[Unnamed Skill],1.0,Type-1 (Verbatim)
54ecaf59efc405a4a871001aa6a7bd31b771a871,[Unnamed Skill],54ecaf59efc405a4a871001aa6a7bd31b771a871,[Unnamed Skill],1.0,Type-1 (Verbatim)
54ecaf59efc405a4a871001aa6a7bd31b771a871,[Unnamed Skill],54ecaf59efc405a4a871001aa6a7bd31b771a871,[Unnamed Skill],1.0,Type-1 (Verbatim)
54ecaf59efc405a4a871001aa6a7bd31b771a871,[Unnamed Skill],54ecaf59efc405a4a871001aa6a7bd31b771a871,[Unnamed Skill],1.0,Type-1 (Verbatim)
54ecaf59efc405a4a871001aa6a7bd31b771a871,[Unnamed Skill],54ecaf59efc405a4a871001aa6a7bd31b771a871,[Unnamed Skill],1.0,Type-1 (Verbatim)
54ecaf59efc405a4a871001aa6a7bd31b771a871,[Unnamed Skill],54ecaf59efc405a4a871001aa6a7bd31b771a871,[Unnamed Skill],1.0,Type-1 (Verbatim)
54ecaf59efc405a4a871001aa6a7bd31b771a871,[Unnamed Skill],54ecaf59efc405a4a871001aa6a7bd31b771a871,[Unnamed Skill],1.0,Type-1 (Verbatim)
54ecaf59efc405a4a871001aa6a7bd31b771a871,[Unnamed Skill],54ecaf59efc405a4a871001aa6a7bd31b771a871,[Unnamed Skill],1.0,Type-1 (Verbatim)
54ecaf59efc405a4a871001aa6a7bd31b771a871,[Unnamed Skill],54ecaf59efc405a4a871001aa6a7bd31b771a871,[Unnamed Skill],1.0,Type-1 (Verbatim)
54ecaf59efc405a4a871001aa6a7bd31b771a871,[Unnamed Skill],54ecaf59efc405a4a871001aa6a7bd31b771a871,[Unnamed Skill],1.0,Type-1 (Verbatim)
54ecaf59efc405a4a871001aa6a7bd31b771a871,[Unnamed Skill],54ecaf59efc405a4a871001aa6a7bd31b771a871,[Unnamed Skill],1.0,Type-1 (Verbatim)
54ecaf59efc405a4a871001aa6a7bd31b771a871,[Unnamed Skill],54ecaf59efc405a4a871001aa6a7bd31b771a871,[Unnamed Skill],1.0,Type-1 (Verbatim)
54ecaf59efc405a4a871001aa6a7bd31b771a871,[Unnamed Skill],54ecaf59efc405a4a871001aa6a7bd31b771a871,[Unnamed Skill],1.0,Type-1 (Verbatim)
54ecaf59efc405a4a871001aa6a7bd31b771a871,[Unnamed Skill],54ecaf59efc405a4a871001aa6a7bd31b771a871,[Unnamed Skill],1.0,Type-1 (Verbatim)
54ecaf59efc405a4a871001aa6a7bd31b771a871,[Unnamed Skill],54ecaf59efc405a4a871001aa6a7bd31b771a871,[Unnamed Skill],1.0,Type-1 (Verbatim)
54ecaf59efc405a4a871001aa6a7bd31b771a871,[Unnamed Skill],54ecaf59efc405a4a871001aa6a7bd31b771a871,[Unnamed Skill],1.0,Type-1 (Verbatim)
54ecaf59efc405a4a871001aa6a7bd31b771a871,[Unnamed Skill],54ecaf59efc405a4a871001aa6a7bd31b771a871,[Unnamed Skill],1.0,Type-1 (Verbatim)
54ecaf59efc405a4a871001aa6a7bd31b771a871,[Unnamed Skill],54ecaf59efc405a4a871001aa6a7bd31b771a871,[Unnamed Skill],1.0,Type-1 (Verbatim)
54ecaf59efc405a4a871001aa6a7bd31b771a871,[Unnamed Skill],54ecaf59efc405a4a871001aa6a7bd31b771a871,[Unnamed Skill],1.0,Type-1 (Verbatim)
54ecaf59efc405a4a871001aa6a7bd31b771a871,[Unnamed Skill],54ecaf59efc405a4a871001aa6a7bd31b771a871,[Unnamed Skill],1.0,Type-1 (Verbatim)
5a557ddbc49032a9c2e3c51451f6943cda478204,[Unnamed Skill],5a557ddbc49032a9c2e3c51451f6943cda478204,[Unnamed Skill],1.0,Type-1 (Verbatim)
5a557ddbc49032a9c2e3c51451f6943cda478204,[Unnamed Skill],5a557ddbc49032a9c2e3c51451f6943cda478204,[Unnamed Skill],1.0,Type-1 (Verbatim)
bf039086f7c0a0c19ac5b110f7c1589619c480e4,[Unnamed Skill],bf039086f7c0a0c19ac5b110f7c1589619c480e4,[Unnamed Skill],1.0,Type-1 (Verbatim)
bf039086f7c0a0c19ac5b110f7c1589619c480e4,[Unnamed Skill],bf039086f7c0a0c19ac5b110f7c1589619c480e4,[Unnamed Skill],1.0,Type-1 (Verbatim)
bf039086f7c0a0c19ac5b110f7c1589619c480e4,[Unnamed Skill],bf039086f7c0a0c19ac5b110f7c1589619c480e4,[Unnamed Skill],1.0,Type-1 (Verbatim)
bf039086f7c0a0c19ac5b110f7c1589619c480e4,[Unnamed Skill],bf039086f7c0a0c19ac5b110f7c1589619c480e4,[Unnamed Skill],1.0,Type-1 (Verbatim)
bf039086f7c0a0c19ac5b110f7c1589619c480e4,[Unnamed Skill],bf039086f7c0a0c19ac5b110f7c1589619c480e4,[Unnamed Skill],1.0,Type-1 (Verbatim)
bf039086f7c0a0c19ac5b110f7c1589619c480e4,[Unnamed Skill],bf039086f7c0a0c19ac5b110f7c1589619c480e4,[Unnamed Skill],1.0,Type-1 (Verbatim)
bf039086f7c0a0c19ac5b110f7c1589619c480e4,[Unnamed Skill],bf039086f7c0a0c19ac5b110f7c1589619c480e4,[Unnamed Skill],1.0,Type-1 (Verbatim)
bf039086f7c0a0c19ac5b110f7c1589619c480e4,[Unnamed Skill],bf039086f7c0a0c19ac5b110f7c1589619c480e4,[Unnamed Skill],1.0,Type-1 (Verbatim)
bf039086f7c0a0c19ac5b110f7c1589619c480e4,[Unnamed Skill],bf039086f7c0a0c19ac5b110f7c1589619c480e4,[Unnamed Skill],1.0,Type-1 (Verbatim)
bf039086f7c0a0c19ac5b110f7c1589619c480e4,[Unnamed Skill],bf039086f7c0a0c19ac5b110f7c1589619c480e4,[Unnamed Skill],1.0,Type-1 (Verbatim)
bf039086f7c0a0c19ac5b110f7c1589619c480e4,[Unnamed Skill],bf039086f7c0a0c19ac5b110f7c1589619c480e4,[Unnamed Skill],1.0,Type-1 (Verbatim)
bf039086f7c0a0c19ac5b110f7c1589619c480e4,[Unnamed Skill],bf039086f7c0a0c19ac5b110f7c1589619c480e4,[Unnamed Skill],1.0,Type-1 (Verbatim)
bf039086f7c0a0c19ac5b110f7c1589619c480e4,[Unnamed Skill],bf039086f7c0a0c19ac5b110f7c1589619c480e4,[Unnamed Skill],1.0,Type-1 (Verbatim)
bf039086f7c0a0c19ac5b110f7c1589619c480e4,[Unnamed Skill],bf039086f7c0a0c19ac5b110f7c1589619c480e4,[Unnamed Skill],1.0,Type-1 (Verbatim)
bf039086f7c0a0c19ac5b110f7c1589619c480e4,[Unnamed Skill],bf039086f7c0a0c19ac5b110f7c1589619c480e4,[Unnamed Skill],1.0,Type-1 (Verbatim)
bf039086f7c0a0c19ac5b110f7c1589619c480e4,[Unnamed Skill],bf039086f7c0a0c19ac5b110f7c1589619c480e4,[Unnamed Skill],1.0,Type-1 (Verbatim)
bf039086f7c0a0c19ac5b110f7c1589619c480e4,[Unnamed Skill],bf039086f7c0a0c19ac5b110f7c1589619c480e4,[Unnamed Skill],1.0,Type-1 (Verbatim)
bf039086f7c0a0c19ac5b110f7c1589619c480e4,[Unnamed Skill],bf039086f7c0a0c19ac5b110f7c1589619c480e4,[Unnamed Skill],1.0,Type-1 (Verbatim)
bf039086f7c0a0c19ac5b110f7c1589619c480e4,[Unnamed Skill],bf039086f7c0a0c19ac5b110f7c1589619c480e4,[Unnamed Skill],1.0,Type-1 (Verbatim)
bf039086f7c0a0c19ac5b110f7c1589619c480e4,[Unnamed Skill],bf039086f7c0a0c19ac5b110f7c1589619c480e4,[Unnamed Skill],1.0,Type-1 (Verbatim)
bf039086f7c0a0c19ac5b110f7c1589619c480e4,[Unnamed Skill],bf039086f7c0a0c19ac5b110f7c1589619c480e4,[Unnamed Skill],1.0,Type-1 (Verbatim)
bf039086f7c0a0c19ac5b110f7c1589619c480e4,[Unnamed Skill],bf039086f7c0a0c19ac5b110f7c1589619c480e4,[Unnamed Skill],1.0,Type-1 (Verbatim)
bf039086f7c0a0c19ac5b110f7c1589619c480e4,[Unnamed Skill],bf039086f7c0a0c19ac5b110f7c1589619c480e4,[Unnamed Skill],1.0,Type-1 (Verbatim)
bf039086f7c0a0c19ac5b110f7c1589619c480e4,[Unnamed Skill],bf039086f7c0a0c19ac5b110f7c1589619c480e4,[Unnamed Skill],1.0,Type-1 (Verbatim)
bf039086f7c0a0c19ac5b110f7c1589619c480e4,[Unnamed Skill],bf039086f7c0a0c19ac5b110f7c1589619c480e4,[Unnamed Skill],1.0,Type-1 (Verbatim)
bf039086f7c0a0c19ac5b110f7c1589619c480e4,[Unnamed Skill],bf039086f7c0a0c19ac5b110f7c1589619c480e4,[Unnamed Skill],1.0,Type-1 (Verbatim)
bf039086f7c0a0c19ac5b110f7c1589619c480e4,[Unnamed Skill],bf039086f7c0a0c19ac5b110f7c1589619c480e4,[Unnamed Skill],1.0,Type-1 (Verbatim)
bf039086f7c0a0c19ac5b110f7c1589619c480e4,[Unnamed Skill],bf039086f7c0a0c19ac5b110f7c1589619c480e4,[Unnamed Skill],1.0,Type-1 (Verbatim)
bf039086f7c0a0c19ac5b110f7c1589619c480e4,[Unnamed Skill],bf039086f7c0a0c19ac5b110f7c1589619c480e4,[Unnamed Skill],1.0,Type-1 (Verbatim)
bf039086f7c0a0c19ac5b110f7c1589619c480e4,[Unnamed Skill],bf039086f7c0a0c19ac5b110f7c1589619c480e4,[Unnamed Skill],1.0,Type-1 (Verbatim)
bf039086f7c0a0c19ac5b110f7c1589619c480e4,[Unnamed Skill],bf039086f7c0a0c19ac5b110f7c1589619c480e4,[Unnamed Skill],1.0,Type-1 (Verbatim)
bf039086f7c0a0c19ac5b110f7c1589619c480e4,[Unnamed Skill],bf039086f7c0a0c19ac5b110f7c1589619c480e4,[Unnamed Skill],1.0,Type-1 (Verbatim)
bf039086f7c0a0c19ac5b110f7c1589619c480e4,[Unnamed Skill],bf039086f7c0a0c19ac5b110f7c1589619c480e4,[Unnamed Skill],1.0,Type-1 (Verbatim)
bf039086f7c0a0c19ac5b110f7c1589619c480e4,[Unnamed Skill],bf039086f7c0a0c19ac5b110f7c1589619c480e4,[Unnamed Skill],1.0,Type-1 (Verbatim)
bf039086f7c0a0c19ac5b110f7c1589619c480e4,[Unnamed Skill],bf039086f7c0a0c19ac5b110f7c1589619c480e4,[Unnamed Skill],1.0,Type-1 (Verbatim)
bf039086f7c0a0c19ac5b110f7c1589619c480e4,[Unnamed Skill],bf039086f7c0a0c19ac5b110f7c1589619c480e4,[Unnamed Skill],1.0,Type-1 (Verbatim)
bf039086f7c0a0c19ac5b110f7c1589619c480e4,[Unnamed Skill],bf039086f7c0a0c19ac5b110f7c1589619c480e4,[Unnamed Skill],1.0,Type-1 (Verbatim)
bf039086f7c0a0c19ac5b110f7c1589619c480e4,[Unnamed Skill],bf039086f7c0a0c19ac5b110f7c1589619c480e4,[Unnamed Skill],1.0,Type-1 (Verbatim)
bf039086f7c0a0c19ac5b110f7c1589619c480e4,[Unnamed Skill],bf039086f7c0a0c19ac5b110f7c1589619c480e4,[Unnamed Skill],1.0,Type-1 (Verbatim)
bf039086f7c0a0c19ac5b110f7c1589619c480e4,[Unnamed Skill],bf039086f7c0a0c19ac5b110f7c1589619c480e4,[Unnamed Skill],1.0,Type-1 (Verbatim)
bf039086f7c0a0c19ac5b110f7c1589619c480e4,[Unnamed Skill],bf039086f7c0a0c19ac5b110f7c1589619c480e4,[Unnamed Skill],1.0,Type-1 (Verbatim)
bf039086f7c0a0c19ac5b110f7c1589619c480e4,[Unnamed Skill],bf039086f7c0a0c19ac5b110f7c1589619c480e4,[Unnamed Skill],1.0,Type-1 (Verbatim)
bf039086f7c0a0c19ac5b110f7c1589619c480e4,[Unnamed Skill],bf039086f7c0a0c19ac5b110f7c1589619c480e4,[Unnamed Skill],1.0,Type-1 (Verbatim)
bf039086f7c0a0c19ac5b110f7c1589619c480e4,[Unnamed Skill],bf039086f7c0a0c19ac5b110f7c1589619c480e4,[Unnamed Skill],1.0,Type-1 (Verbatim)
bf039086f7c0a0c19ac5b110f7c1589619c480e4,[Unnamed Skill],bf039086f7c0a0c19ac5b110f7c1589619c480e4,[Unnamed Skill],1.0,Type-1 (Verbatim)
bf039086f7c0a0c19ac5b110f7c1589619c480e4,[Unnamed Skill],bf039086f7c0a0c19ac5b110f7c1589619c480e4,[Unnamed Skill],1.0,Type-1 (Verbatim)
bf039086f7c0a0c19ac5b110f7c1589619c480e4,[Unnamed Skill],bf039086f7c0a0c19ac5b110f7c1589619c480e4,[Unnamed Skill],1.0,Type-1 (Verbatim)
bf039086f7c0a0c19ac5b110f7c1589619c480e4,[Unnamed Skill],bf039086f7c0a0c19ac5b110f7c1589619c480e4,[Unnamed Skill],1.0,Type-1 (Verbatim)
bf039086f7c0a0c19ac5b110f7c1589619c480e4,[Unnamed Skill],bf039086f7c0a0c19ac5b110f7c1589619c480e4,[Unnamed Skill],1.0,Type-1 (Verbatim)
bf039086f7c0a0c19ac5b110f7c1589619c480e4,[Unnamed Skill],bf039086f7c0a0c19ac5b110f7c1589619c480e4,[Unnamed Skill],1.0,Type-1 (Verbatim)
bf039086f7c0a0c19ac5b110f7c1589619c480e4,[Unnamed Skill],bf039086f7c0a0c19ac5b110f7c1589619c480e4,[Unnamed Skill],1.0,Type-1 (Verbatim)
bf039086f7c0a0c19ac5b110f7c1589619c480e4,[Unnamed Skill],bf039086f7c0a0c19ac5b110f7c1589619c480e4,[Unnamed Skill],1.0,Type-1 (Verbatim)
bf039086f7c0a0c19ac5b110f7c1589619c480e4,[Unnamed Skill],bf039086f7c0a0c19ac5b110f7c1589619c480e4,[Unnamed Skill],1.0,Type-1 (Verbatim)
bf039086f7c0a0c19ac5b110f7c1589619c480e4,[Unnamed Skill],bf039086f7c0a0c19ac5b110f7c1589619c480e4,[Unnamed Skill],1.0,Type-1 (Verbatim)
bf039086f7c0a0c19ac5b110f7c1589619c480e4,[Unnamed Skill],bf039086f7c0a0c19ac5b110f7c1589619c480e4,[Unnamed Skill],1.0,Type-1 (Verbatim)
bf039086f7c0a0c19ac5b110f7c1589619c480e4,[Unnamed Skill],bf039086f7c0a0c19ac5b110f7c1589619c480e4,[Unnamed Skill],1.0,Type-1 (Verbatim)
bf039086f7c0a0c19ac5b110f7c1589619c480e4,[Unnamed Skill],bf039086f7c0a0c19ac5b110f7c1589619c480e4,[Unnamed Skill],1.0,Type-1 (Verbatim)
bf039086f7c0a0c19ac5b110f7c1589619c480e4,[Unnamed Skill],bf039086f7c0a0c19ac5b110f7c1589619c480e4,[Unnamed Skill],1.0,Type-1 (Verbatim)
bf039086f7c0a0c19ac5b110f7c1589619c480e4,[Unnamed Skill],bf039086f7c0a0c19ac5b110f7c1589619c480e4,[Unnamed Skill],1.0,Type-1 (Verbatim)
bf039086f7c0a0c19ac5b110f7c1589619c480e4,[Unnamed Skill],bf039086f7c0a0c19ac5b110f7c1589619c480e4,[Unnamed Skill],1.0,Type-1 (Verbatim)
bf039086f7c0a0c19ac5b110f7c1589619c480e4,[Unnamed Skill],bf039086f7c0a0c19ac5b110f7c1589619c480e4,[Unnamed Skill],1.0,Type-1 (Verbatim)
bf039086f7c0a0c19ac5b110f7c1589619c480e4,[Unnamed Skill],bf039086f7c0a0c19ac5b110f7c1589619c480e4,[Unnamed Skill],1.0,Type-1 (Verbatim)
bf039086f7c0a0c19ac5b110f7c1589619c480e4,[Unnamed Skill],bf039086f7c0a0c19ac5b110f7c1589619c480e4,[Unnamed Skill],1.0,Type-1 (Verbatim)
bf039086f7c0a0c19ac5b110f7c1589619c480e4,[Unnamed Skill],bf039086f7c0a0c19ac5b110f7c1589619c480e4,[Unnamed Skill],1.0,Type-1 (Verbatim)
bf039086f7c0a0c19ac5b110f7c1589619c480e4,[Unnamed Skill],bf039086f7c0a0c19ac5b110f7c1589619c480e4,[Unnamed Skill],1.0,Type-1 (Verbatim)
bf039086f7c0a0c19ac5b110f7c1589619c480e4,[Unnamed Skill],bf039086f7c0a0c19ac5b110f7c1589619c480e4,[Unnamed Skill],1.0,Type-1 (Verbatim)
bf039086f7c0a0c19ac5b110f7c1589619c480e4,[Unnamed Skill],bf039086f7c0a0c19ac5b110f7c1589619c480e4,[Unnamed Skill],1.0,Type-1 (Verbatim)
bf039086f7c0a0c19ac5b110f7c1589619c480e4,[Unnamed Skill],bf039086f7c0a0c19ac5b110f7c1589619c480e4,[Unnamed Skill],1.0,Type-1 (Verbatim)
bf039086f7c0a0c19ac5b110f7c1589619c480e4,[Unnamed Skill],bf039086f7c0a0c19ac5b110f7c1589619c480e4,[Unnamed Skill],1.0,Type-1 (Verbatim)
bf039086f7c0a0c19ac5b110f7c1589619c480e4,[Unnamed Skill],bf039086f7c0a0c19ac5b110f7c1589619c480e4,[Unnamed Skill],1.0,Type-1 (Verbatim)
bf039086f7c0a0c19ac5b110f7c1589619c480e4,[Unnamed Skill],bf039086f7c0a0c19ac5b110f7c1589619c480e4,[Unnamed Skill],1.0,Type-1 (Verbatim)
bf039086f7c0a0c19ac5b110f7c1589619c480e4,[Unnamed Skill],bf039086f7c0a0c19ac5b110f7c1589619c480e4,[Unnamed Skill],1.0,Type-1 (Verbatim)
bf039086f7c0a0c19ac5b110f7c1589619c480e4,[Unnamed Skill],bf039086f7c0a0c19ac5b110f7c1589619c480e4,[Unnamed Skill],1.0,Type-1 (Verbatim)
bf039086f7c0a0c19ac5b110f7c1589619c480e4,[Unnamed Skill],bf039086f7c0a0c19ac5b110f7c1589619c480e4,[Unnamed Skill],1.0,Type-1 (Verbatim)
bf039086f7c0a0c19ac5b110f7c1589619c480e4,[Unnamed Skill],bf039086f7c0a0c19ac5b110f7c1589619c480e4,[Unnamed Skill],1.0,Type-1 (Verbatim)
bf039086f7c0a0c19ac5b110f7c1589619c480e4,[Unnamed Skill],bf039086f7c0a0c19ac5b110f7c1589619c480e4,[Unnamed Skill],1.0,Type-1 (Verbatim)
bf039086f7c0a0c19ac5b110f7c1589619c480e4,[Unnamed Skill],bf039086f7c0a0c19ac5b110f7c1589619c480e4,[Unnamed Skill],1.0,Type-1 (Verbatim)
bf039086f7c0a0c19ac5b110f7c1589619c480e4,[Unnamed Skill],bf039086f7c0a0c19ac5b110f7c1589619c480e4,[Unnamed Skill],1.0,Type-1 (Verbatim)
bf039086f7c0a0c19ac5b110f7c1589619c480e4,[Unnamed Skill],bf039086f7c0a0c19ac5b110f7c1589619c480e4,[Unnamed Skill],1.0,Type-1 (Verbatim)
bf039086f7c0a0c19ac5b110f7c1589619c480e4,[Unnamed Skill],bf039086f7c0a0c19ac5b110f7c1589619c480e4,[Unnamed Skill],1.0,Type-1 (Verbatim)
bf039086f7c0a0c19ac5b110f7c1589619c480e4,[Unnamed Skill],bf039086f7c0a0c19ac5b110f7c1589619c480e4,[Unnamed Skill],1.0,Type-1 (Verbatim)
bf039086f7c0a0c19ac5b110f7c1589619c480e4,[Unnamed Skill],bf039086f7c0a0c19ac5b110f7c1589619c480e4,[Unnamed Skill],1.0,Type-1 (Verbatim)
bf039086f7c0a0c19ac5b110f7c1589619c480e4,[Unnamed Skill],bf039086f7c0a0c19ac5b110f7c1589619c480e4,[Unnamed Skill],1.0,Type-1 (Verbatim)
bf039086f7c0a0c19ac5b110f7c1589619c480e4,[Unnamed Skill],bf039086f7c0a0c19ac5b110f7c1589619c480e4,[Unnamed Skill],1.0,Type-1 (Verbatim)
bf039086f7c0a0c19ac5b110f7c1589619c480e4,[Unnamed Skill],bf039086f7c0a0c19ac5b110f7c1589619c480e4,[Unnamed Skill],1.0,Type-1 (Verbatim)
bf039086f7c0a0c19ac5b110f7c1589619c480e4,[Unnamed Skill],bf039086f7c0a0c19ac5b110f7c1589619c480e4,[Unnamed Skill],1.0,Type-1 (Verbatim)
bf039086f7c0a0c19ac5b110f7c1589619c480e4,[Unnamed Skill],bf039086f7c0a0c19ac5b110f7c1589619c480e4,[Unnamed Skill],1.0,Type-1 (Verbatim)
bf039086f7c0a0c19ac5b110f7c1589619c480e4,[Unnamed Skill],bf039086f7c0a0c19ac5b110f7c1589619c480e4,[Unnamed Skill],1.0,Type-1 (Verbatim)
bf039086f7c0a0c19ac5b110f7c1589619c480e4,[Unnamed Skill],bf039086f7c0a0c19ac5b110f7c1589619c480e4,[Unnamed Skill],1.0,Type-1 (Verbatim)
bf039086f7c0a0c19ac5b110f7c1589619c480e4,[Unnamed Skill],bf039086f7c0a0c19ac5b110f7c1589619c480e4,[Unnamed Skill],1.0,Type-1 (Verbatim)
bf039086f7c0a0c19ac5b110f7c1589619c480e4,[Unnamed Skill],bf039086f7c0a0c19ac5b110f7c1589619c480e4,[Unnamed Skill],1.0,Type-1 (Verbatim)
bf039086f7c0a0c19ac5b110f7c1589619c480e4,[Unnamed Skill],bf039086f7c0a0c19ac5b110f7c1589619c480e4,[Unnamed Skill],1.0,Type-1 (Verbatim)
bf039086f7c0a0c19ac5b110f7c1589619c480e4,[Unnamed Skill],bf039086f7c0a0c19ac5b110f7c1589619c480e4,[Unnamed Skill],1.0,Type-1 (Verbatim)
bf039086f7c0a0c19ac5b110f7c1589619c480e4,[Unnamed Skill],bf039086f7c0a0c19ac5b110f7c1589619c480e4,[Unnamed Skill],1.0,Type-1 (Verbatim)
bf039086f7c0a0c19ac5b110f7c1589619c480e4,[Unnamed Skill],bf039086f7c0a0c19ac5b110f7c1589619c480e4,[Unnamed Skill],1.0,Type-1 (Verbatim)
bf039086f7c0a0c19ac5b110f7c1589619c480e4,[Unnamed Skill],bf039086f7c0a0c19ac5b110f7c1589619c480e4,[Unnamed Skill],1.0,Type-1 (Verbatim)
bf039086f7c0a0c19ac5b110f7c1589619c480e4,[Unnamed Skill],bf039086f7c0a0c19ac5b110f7c1589619c480e4,[Unnamed Skill],1.0,Type-1 (Verbatim)
bf039086f7c0a0c19ac5b110f7c1589619c480e4,[Unnamed Skill],bf039086f7c0a0c19ac5b110f7c1589619c480e4,[Unnamed Skill],1.0,Type-1 (Verbatim)
bf039086f7c0a0c19ac5b110f7c1589619c480e4,[Unnamed Skill],bf039086f7c0a0c19ac5b110f7c1589619c480e4,[Unnamed Skill],1.0,Type-1 (Verbatim)
bf039086f7c0a0c19ac5b110f7c1589619c480e4,[Unnamed Skill],bf039086f7c0a0c19ac5b110f7c1589619c480e4,[Unnamed Skill],1.0,Type-1 (Verbatim)
bf039086f7c0a0c19ac5b110f7c1589619c480e4,[Unnamed Skill],bf039086f7c0a0c19ac5b110f7c1589619c480e4,[Unnamed Skill],1.0,Type-1 (Verbatim)
bf039086f7c0a0c19ac5b110f7c1589619c480e4,[Unnamed Skill],bf039086f7c0a0c19ac5b110f7c1589619c480e4,[Unnamed Skill],1.0,Type-1 (Verbatim)
bf039086f7c0a0c19ac5b110f7c1589619c480e4,[Unnamed Skill],bf039086f7c0a0c19ac5b110f7c1589619c480e4,[Unnamed Skill],1.0,Type-1 (Verbatim)
bf039086f7c0a0c19ac5b110f7c1589619c480e4,[Unnamed Skill],bf039086f7c0a0c19ac5b110f7c1589619c480e4,[Unnamed Skill],1.0,Type-1 (Verbatim)
bf039086f7c0a0c19ac5b110f7c1589619c480e4,[Unnamed Skill],bf039086f7c0a0c19ac5b110f7c1589619c480e4,[Unnamed Skill],1.0,Type-1 (Verbatim)
bf039086f7c0a0c19ac5b110f7c1589619c480e4,[Unnamed Skill],bf039086f7c0a0c19ac5b110f7c1589619c480e4,[Unnamed Skill],1.0,Type-1 (Verbatim)
bf039086f7c0a0c19ac5b110f7c1589619c480e4,[Unnamed Skill],bf039086f7c0a0c19ac5b110f7c1589619c480e4,[Unnamed Skill],1.0,Type-1 (Verbatim)
bf039086f7c0a0c19ac5b110f7c1589619c480e4,[Unnamed Skill],bf039086f7c0a0c19ac5b110f7c1589619c480e4,[Unnamed Skill],1.0,Type-1 (Verbatim)
bf039086f7c0a0c19ac5b110f7c1589619c480e4,[Unnamed Skill],bf039086f7c0a0c19ac5b110f7c1589619c480e4,[Unnamed Skill],1.0,Type-1 (Verbatim)
bf039086f7c0a0c19ac5b110f7c1589619c480e4,[Unnamed Skill],bf039086f7c0a0c19ac5b110f7c1589619c480e4,[Unnamed Skill],1.0,Type-1 (Verbatim)
bf039086f7c0a0c19ac5b110f7c1589619c480e4,[Unnamed Skill],bf039086f7c0a0c19ac5b110f7c1589619c480e4,[Unnamed Skill],1.0,Type-1 (Verbatim)
bf039086f7c0a0c19ac5b110f7c1589619c480e4,[Unnamed Skill],bf039086f7c0a0c19ac5b110f7c1589619c480e4,[Unnamed Skill],1.0,Type-1 (Verbatim)
bf039086f7c0a0c19ac5b110f7c1589619c480e4,[Unnamed Skill],bf039086f7c0a0c19ac5b110f7c1589619c480e4,[Unnamed Skill],1.0,Type-1 (Verbatim)
bf039086f7c0a0c19ac5b110f7c1589619c480e4,[Unnamed Skill],bf039086f7c0a0c19ac5b110f7c1589619c480e4,[Unnamed Skill],1.0,Type-1 (Verbatim)
bf039086f7c0a0c19ac5b110f7c1589619c480e4,[Unnamed Skill],bf039086f7c0a0c19ac5b110f7c1589619c480e4,[Unnamed Skill],1.0,Type-1 (Verbatim)
bf039086f7c0a0c19ac5b110f7c1589619c480e4,[Unnamed Skill],bf039086f7c0a0c19ac5b110f7c1589619c480e4,[Unnamed Skill],1.0,Type-1 (Verbatim)
bf039086f7c0a0c19ac5b110f7c1589619c480e4,[Unnamed Skill],bf039086f7c0a0c19ac5b110f7c1589619c480e4,[Unnamed Skill],1.0,Type-1 (Verbatim)
bf039086f7c0a0c19ac5b110f7c1589619c480e4,[Unnamed Skill],bf039086f7c0a0c19ac5b110f7c1589619c480e4,[Unnamed Skill],1.0,Type-1 (Verbatim)
bf039086f7c0a0c19ac5b110f7c1589619c480e4,[Unnamed Skill],bf039086f7c0a0c19ac5b110f7c1589619c480e4,[Unnamed Skill],1.0,Type-1 (Verbatim)
bf039086f7c0a0c19ac5b110f7c1589619c480e4,[Unnamed Skill],bf039086f7c0a0c19ac5b110f7c1589619c480e4,[Unnamed Skill],1.0,Type-1 (Verbatim)
bf039086f7c0a0c19ac5b110f7c1589619c480e4,[Unnamed Skill],bf039086f7c0a0c19ac5b110f7c1589619c480e4,[Unnamed Skill],1.0,Type-1 (Verbatim)
bf039086f7c0a0c19ac5b110f7c1589619c480e4,[Unnamed Skill],bf039086f7c0a0c19ac5b110f7c1589619c480e4,[Unnamed Skill],1.0,Type-1 (Verbatim)
bf039086f7c0a0c19ac5b110f7c1589619c480e4,[Unnamed Skill],bf039086f7c0a0c19ac5b110f7c1589619c480e4,[Unnamed Skill],1.0,Type-1 (Verbatim)
bf039086f7c0a0c19ac5b110f7c1589619c480e4,[Unnamed Skill],bf039086f7c0a0c19ac5b110f7c1589619c480e4,[Unnamed Skill],1.0,Type-1 (Verbatim)
bf039086f7c0a0c19ac5b110f7c1589619c480e4,[Unnamed Skill],bf039086f7c0a0c19ac5b110f7c1589619c480e4,[Unnamed Skill],1.0,Type-1 (Verbatim)
bf039086f7c0a0c19ac5b110f7c1589619c480e4,[Unnamed Skill],bf039086f7c0a0c19ac5b110f7c1589619c480e4,[Unnamed Skill],1.0,Type-1 (Verbatim)
bf039086f7c0a0c19ac5b110f7c1589619c480e4,[Unnamed Skill],bf039086f7c0a0c19ac5b110f7c1589619c480e4,[Unnamed Skill],1.0,Type-1 (Verbatim)
bf039086f7c0a0c19ac5b110f7c1589619c480e4,[Unnamed Skill],bf039086f7c0a0c19ac5b110f7c1589619c480e4,[Unnamed Skill],1.0,Type-1 (Verbatim)
bf039086f7c0a0c19ac5b110f7c1589619c480e4,[Unnamed Skill],bf039086f7c0a0c19ac5b110f7c1589619c480e4,[Unnamed Skill],1.0,Type-1 (Verbatim)
bf039086f7c0a0c19ac5b110f7c1589619c480e4,[Unnamed Skill],bf039086f7c0a0c19ac5b110f7c1589619c480e4,[Unnamed Skill],1.0,Type-1 (Verbatim)
bf039086f7c0a0c19ac5b110f7c1589619c480e4,[Unnamed Skill],bf039086f7c0a0c19ac5b110f7c1589619c480e4,[Unnamed Skill],1.0,Type-1 (Verbatim)
bf039086f7c0a0c19ac5b110f7c1589619c480e4,[Unnamed Skill],bf039086f7c0a0c19ac5b110f7c1589619c480e4,[Unnamed Skill],1.0,Type-1 (Verbatim)
bf039086f7c0a0c19ac5b110f7c1589619c480e4,[Unnamed Skill],bf039086f7c0a0c19ac5b110f7c1589619c480e4,[Unnamed Skill],1.0,Type-1 (Verbatim)
bf039086f7c0a0c19ac5b110f7c1589619c480e4,[Unnamed Skill],bf039086f7c0a0c19ac5b110f7c1589619c480e4,[Unnamed Skill],1.0,Type-1 (Verbatim)
bf039086f7c0a0c19ac5b110f7c1589619c480e4,[Unnamed Skill],bf039086f7c0a0c19ac5b110f7c1589619c480e4,[Unnamed Skill],1.0,Type-1 (Verbatim)
bf039086f7c0a0c19ac5b110f7c1589619c480e4,[Unnamed Skill],bf039086f7c0a0c19ac5b110f7c1589619c480e4,[Unnamed Skill],1.0,Type-1 (Verbatim)
bf039086f7c0a0c19ac5b110f7c1589619c480e4,[Unnamed Skill],bf039086f7c0a0c19ac5b110f7c1589619c480e4,[Unnamed Skill],1.0,Type-1 (Verbatim)
bf039086f7c0a0c19ac5b110f7c1589619c480e4,[Unnamed Skill],bf039086f7c0a0c19ac5b110f7c1589619c480e4,[Unnamed Skill],1.0,Type-1 (Verbatim)
bf039086f7c0a0c19ac5b110f7c1589619c480e4,[Unnamed Skill],bf039086f7c0a0c19ac5b110f7c1589619c480e4,[Unnamed Skill],1.0,Type-1 (Verbatim)
bf039086f7c0a0c19ac5b110f7c1589619c480e4,[Unnamed Skill],bf039086f7c0a0c19ac5b110f7c1589619c480e4,[Unnamed Skill],1.0,Type-1 (Verbatim)
bf039086f7c0a0c19ac5b110f7c1589619c480e4,[Unnamed Skill],bf039086f7c0a0c19ac5b110f7c1589619c480e4,[Unnamed Skill],1.0,Type-1 (Verbatim)
bf039086f7c0a0c19ac5b110f7c1589619c480e4,[Unnamed Skill],bf039086f7c0a0c19ac5b110f7c1589619c480e4,[Unnamed Skill],1.0,Type-1 (Verbatim)
bf039086f7c0a0c19ac5b110f7c1589619c480e4,[Unnamed Skill],bf039086f7c0a0c19ac5b110f7c1589619c480e4,[Unnamed Skill],1.0,Type-1 (Verbatim)
bf039086f7c0a0c19ac5b110f7c1589619c480e4,[Unnamed Skill],bf039086f7c0a0c19ac5b110f7c1589619c480e4,[Unnamed Skill],1.0,Type-1 (Verbatim)
bf039086f7c0a0c19ac5b110f7c1589619c480e4,[Unnamed Skill],bf039086f7c0a0c19ac5b110f7c1589619c480e4,[Unnamed Skill],1.0,Type-1 (Verbatim)
bf039086f7c0a0c19ac5b110f7c1589619c480e4,[Unnamed Skill],bf039086f7c0a0c19ac5b110f7c1589619c480e4,[Unnamed Skill],1.0,Type-1 (Verbatim)
bf039086f7c0a0c19ac5b110f7c1589619c480e4,[Unnamed Skill],bf039086f7c0a0c19ac5b110f7c1589619c480e4,[Unnamed Skill],1.0,Type-1 (Verbatim)
bf039086f7c0a0c19ac5b110f7c1589619c480e4,[Unnamed Skill],bf039086f7c0a0c19ac5b110f7c1589619c480e4,[Unnamed Skill],1.0,Type-1 (Verbatim)
bf039086f7c0a0c19ac5b110f7c1589619c480e4,[Unnamed Skill],bf039086f7c0a0c19ac5b110f7c1589619c480e4,[Unnamed Skill],1.0,Type-1 (Verbatim)
627aa22d13ad3cb058f371cc4b64074077241ea4,[Unnamed Skill],627aa22d13ad3cb058f371cc4b64074077241ea4,[Unnamed Skill],1.0,Type-1 (Verbatim)
627aa22d13ad3cb058f371cc4b64074077241ea4,[Unnamed Skill],627aa22d13ad3cb058f371cc4b64074077241ea4,[Unnamed Skill],1.0,Type-1 (Verbatim)
c9653fe25c6aee2a76588e99b467548a7bf6adaf,[Unnamed Skill],c9653fe25c6aee2a76588e99b467548a7bf6adaf,[Unnamed Skill],1.0,Type-1 (Verbatim)
c9653fe25c6aee2a76588e99b467548a7bf6adaf,[Unnamed Skill],c9653fe25c6aee2a76588e99b467548a7bf6adaf,[Unnamed Skill],1.0,Type-1 (Verbatim)
c9653fe25c6aee2a76588e99b467548a7bf6adaf,[Unnamed Skill],c9653fe25c6aee2a76588e99b467548a7bf6adaf,[Unnamed Skill],1.0,Type-1 (Verbatim)
c9653fe25c6aee2a76588e99b467548a7bf6adaf,[Unnamed Skill],c9653fe25c6aee2a76588e99b467548a7bf6adaf,[Unnamed Skill],1.0,Type-1 (Verbatim)
c9653fe25c6aee2a76588e99b467548a7bf6adaf,[Unnamed Skill],c9653fe25c6aee2a76588e99b467548a7bf6adaf,[Unnamed Skill],1.0,Type-1 (Verbatim)
c9653fe25c6aee2a76588e99b467548a7bf6adaf,[Unnamed Skill],c9653fe25c6aee2a76588e99b467548a7bf6adaf,[Unnamed Skill],1.0,Type-1 (Verbatim)
c9653fe25c6aee2a76588e99b467548a7bf6adaf,[Unnamed Skill],c9653fe25c6aee2a76588e99b467548a7bf6adaf,[Unnamed Skill],1.0,Type-1 (Verbatim)
c9653fe25c6aee2a76588e99b467548a7bf6adaf,[Unnamed Skill],c9653fe25c6aee2a76588e99b467548a7bf6adaf,[Unnamed Skill],1.0,Type-1 (Verbatim)
c9653fe25c6aee2a76588e99b467548a7bf6adaf,[Unnamed Skill],c9653fe25c6aee2a76588e99b467548a7bf6adaf,[Unnamed Skill],1.0,Type-1 (Verbatim)
c9653fe25c6aee2a76588e99b467548a7bf6adaf,[Unnamed Skill],c9653fe25c6aee2a76588e99b467548a7bf6adaf,[Unnamed Skill],1.0,Type-1 (Verbatim)
c9653fe25c6aee2a76588e99b467548a7bf6adaf,[Unnamed Skill],c9653fe25c6aee2a76588e99b467548a7bf6adaf,[Unnamed Skill],1.0,Type-1 (Verbatim)
c9653fe25c6aee2a76588e99b467548a7bf6adaf,[Unnamed Skill],c9653fe25c6aee2a76588e99b467548a7bf6adaf,[Unnamed Skill],1.0,Type-1 (Verbatim)
c9653fe25c6aee2a76588e99b467548a7bf6adaf,[Unnamed Skill],c9653fe25c6aee2a76588e99b467548a7bf6adaf,[Unnamed Skill],1.0,Type-1 (Verbatim)
c9653fe25c6aee2a76588e99b467548a7bf6adaf,[Unnamed Skill],c9653fe25c6aee2a76588e99b467548a7bf6adaf,[Unnamed Skill],1.0,Type-1 (Verbatim)
c9653fe25c6aee2a76588e99b467548a7bf6adaf,[Unnamed Skill],c9653fe25c6aee2a76588e99b467548a7bf6adaf,[Unnamed Skill],1.0,Type-1 (Verbatim)
c9653fe25c6aee2a76588e99b467548a7bf6adaf,[Unnamed Skill],c9653fe25c6aee2a76588e99b467548a7bf6adaf,[Unnamed Skill],1.0,Type-1 (Verbatim)
c9653fe25c6aee2a76588e99b467548a7bf6adaf,[Unnamed Skill],c9653fe25c6aee2a76588e99b467548a7bf6adaf,[Unnamed Skill],1.0,Type-1 (Verbatim)
c9653fe25c6aee2a76588e99b467548a7bf6adaf,[Unnamed Skill],c9653fe25c6aee2a76588e99b467548a7bf6adaf,[Unnamed Skill],1.0,Type-1 (Verbatim)
c9653fe25c6aee2a76588e99b467548a7bf6adaf,[Unnamed Skill],c9653fe25c6aee2a76588e99b467548a7bf6adaf,[Unnamed Skill],1.0,Type-1 (Verbatim)
c9653fe25c6aee2a76588e99b467548a7bf6adaf,[Unnamed Skill],c9653fe25c6aee2a76588e99b467548a7bf6adaf,[Unnamed Skill],1.0,Type-1 (Verbatim)
c9653fe25c6aee2a76588e99b467548a7bf6adaf,[Unnamed Skill],c9653fe25c6aee2a76588e99b467548a7bf6adaf,[Unnamed Skill],1.0,Type-1 (Verbatim)
c9653fe25c6aee2a76588e99b467548a7bf6adaf,[Unnamed Skill],c9653fe25c6aee2a76588e99b467548a7bf6adaf,[Unnamed Skill],1.0,Type-1 (Verbatim)
c9653fe25c6aee2a76588e99b467548a7bf6adaf,[Unnamed Skill],c9653fe25c6aee2a76588e99b467548a7bf6adaf,[Unnamed Skill],1.0,Type-1 (Verbatim)
c9653fe25c6aee2a76588e99b467548a7bf6adaf,[Unnamed Skill],c9653fe25c6aee2a76588e99b467548a7bf6adaf,[Unnamed Skill],1.0,Type-1 (Verbatim)
c9653fe25c6aee2a76588e99b467548a7bf6adaf,[Unnamed Skill],c9653fe25c6aee2a76588e99b467548a7bf6adaf,[Unnamed Skill],1.0,Type-1 (Verbatim)
c9653fe25c6aee2a76588e99b467548a7bf6adaf,[Unnamed Skill],c9653fe25c6aee2a76588e99b467548a7bf6adaf,[Unnamed Skill],1.0,Type-1 (Verbatim)
c9653fe25c6aee2a76588e99b467548a7bf6adaf,[Unnamed Skill],c9653fe25c6aee2a76588e99b467548a7bf6adaf,[Unnamed Skill],1.0,Type-1 (Verbatim)
c9653fe25c6aee2a76588e99b467548a7bf6adaf,[Unnamed Skill],c9653fe25c6aee2a76588e99b467548a7bf6adaf,[Unnamed Skill],1.0,Type-1 (Verbatim)
c9653fe25c6aee2a76588e99b467548a7bf6adaf,[Unnamed Skill],c9653fe25c6aee2a76588e99b467548a7bf6adaf,[Unnamed Skill],1.0,Type-1 (Verbatim)
c9653fe25c6aee2a76588e99b467548a7bf6adaf,[Unnamed Skill],c9653fe25c6aee2a76588e99b467548a7bf6adaf,[Unnamed Skill],1.0,Type-1 (Verbatim)
c9653fe25c6aee2a76588e99b467548a7bf6adaf,[Unnamed Skill],c9653fe25c6aee2a76588e99b467548a7bf6adaf,[Unnamed Skill],1.0,Type-1 (Verbatim)
c9653fe25c6aee2a76588e99b467548a7bf6adaf,[Unnamed Skill],c9653fe25c6aee2a76588e99b467548a7bf6adaf,[Unnamed Skill],1.0,Type-1 (Verbatim)
c9653fe25c6aee2a76588e99b467548a7bf6adaf,[Unnamed Skill],c9653fe25c6aee2a76588e99b467548a7bf6adaf,[Unnamed Skill],1.0,Type-1 (Verbatim)
c9653fe25c6aee2a76588e99b467548a7bf6adaf,[Unnamed Skill],c9653fe25c6aee2a76588e99b467548a7bf6adaf,[Unnamed Skill],1.0,Type-1 (Verbatim)
c9653fe25c6aee2a76588e99b467548a7bf6adaf,[Unnamed Skill],c9653fe25c6aee2a76588e99b467548a7bf6adaf,[Unnamed Skill],1.0,Type-1 (Verbatim)
c9653fe25c6aee2a76588e99b467548a7bf6adaf,[Unnamed Skill],c9653fe25c6aee2a76588e99b467548a7bf6adaf,[Unnamed Skill],1.0,Type-1 (Verbatim)
c9653fe25c6aee2a76588e99b467548a7bf6adaf,[Unnamed Skill],c9653fe25c6aee2a76588e99b467548a7bf6adaf,[Unnamed Skill],1.0,Type-1 (Verbatim)
c9653fe25c6aee2a76588e99b467548a7bf6adaf,[Unnamed Skill],c9653fe25c6aee2a76588e99b467548a7bf6adaf,[Unnamed Skill],1.0,Type-1 (Verbatim)
c9653fe25c6aee2a76588e99b467548a7bf6adaf,[Unnamed Skill],c9653fe25c6aee2a76588e99b467548a7bf6adaf,[Unnamed Skill],1.0,Type-1 (Verbatim)
c9653fe25c6aee2a76588e99b467548a7bf6adaf,[Unnamed Skill],c9653fe25c6aee2a76588e99b467548a7bf6adaf,[Unnamed Skill],1.0,Type-1 (Verbatim)
c9653fe25c6aee2a76588e99b467548a7bf6adaf,[Unnamed Skill],c9653fe25c6aee2a76588e99b467548a7bf6adaf,[Unnamed Skill],1.0,Type-1 (Verbatim)
c9653fe25c6aee2a76588e99b467548a7bf6adaf,[Unnamed Skill],c9653fe25c6aee2a76588e99b467548a7bf6adaf,[Unnamed Skill],1.0,Type-1 (Verbatim)
c9653fe25c6aee2a76588e99b467548a7bf6adaf,[Unnamed Skill],c9653fe25c6aee2a76588e99b467548a7bf6adaf,[Unnamed Skill],1.0,Type-1 (Verbatim)
c9653fe25c6aee2a76588e99b467548a7bf6adaf,[Unnamed Skill],c9653fe25c6aee2a76588e99b467548a7bf6adaf,[Unnamed Skill],1.0,Type-1 (Verbatim)
c9653fe25c6aee2a76588e99b467548a7bf6adaf,[Unnamed Skill],c9653fe25c6aee2a76588e99b467548a7bf6adaf,[Unnamed Skill],1.0,Type-1 (Verbatim)
c9653fe25c6aee2a76588e99b467548a7bf6adaf,[Unnamed Skill],c9653fe25c6aee2a76588e99b467548a7bf6adaf,[Unnamed Skill],1.0,Type-1 (Verbatim)
c9653fe25c6aee2a76588e99b467548a7bf6adaf,[Unnamed Skill],c9653fe25c6aee2a76588e99b467548a7bf6adaf,[Unnamed Skill],1.0,Type-1 (Verbatim)
c9653fe25c6aee2a76588e99b467548a7bf6adaf,[Unnamed Skill],c9653fe25c6aee2a76588e99b467548a7bf6adaf,[Unnamed Skill],1.0,Type-1 (Verbatim)
c9653fe25c6aee2a76588e99b467548a7bf6adaf,[Unnamed Skill],c9653fe25c6aee2a76588e99b467548a7bf6adaf,[Unnamed Skill],1.0,Type-1 (Verbatim)
c9653fe25c6aee2a76588e99b467548a7bf6adaf,[Unnamed Skill],c9653fe25c6aee2a76588e99b467548a7bf6adaf,[Unnamed Skill],1.0,Type-1 (Verbatim)
c9653fe25c6aee2a76588e99b467548a7bf6adaf,[Unnamed Skill],c9653fe25c6aee2a76588e99b467548a7bf6adaf,[Unnamed Skill],1.0,Type-1 (Verbatim)
c9653fe25c6aee2a76588e99b467548a7bf6adaf,[Unnamed Skill],c9653fe25c6aee2a76588e99b467548a7bf6adaf,[Unnamed Skill],1.0,Type-1 (Verbatim)
c9653fe25c6aee2a76588e99b467548a7bf6adaf,[Unnamed Skill],c9653fe25c6aee2a76588e99b467548a7bf6adaf,[Unnamed Skill],1.0,Type-1 (Verbatim)
c9653fe25c6aee2a76588e99b467548a7bf6adaf,[Unnamed Skill],c9653fe25c6aee2a76588e99b467548a7bf6adaf,[Unnamed Skill],1.0,Type-1 (Verbatim)
c9653fe25c6aee2a76588e99b467548a7bf6adaf,[Unnamed Skill],c9653fe25c6aee2a76588e99b467548a7bf6adaf,[Unnamed Skill],1.0,Type-1 (Verbatim)
c9653fe25c6aee2a76588e99b467548a7bf6adaf,[Unnamed Skill],c9653fe25c6aee2a76588e99b467548a7bf6adaf,[Unnamed Skill],1.0,Type-1 (Verbatim)
c9653fe25c6aee2a76588e99b467548a7bf6adaf,[Unnamed Skill],c9653fe25c6aee2a76588e99b467548a7bf6adaf,[Unnamed Skill],1.0,Type-1 (Verbatim)
c9653fe25c6aee2a76588e99b467548a7bf6adaf,[Unnamed Skill],c9653fe25c6aee2a76588e99b467548a7bf6adaf,[Unnamed Skill],1.0,Type-1 (Verbatim)
c9653fe25c6aee2a76588e99b467548a7bf6adaf,[Unnamed Skill],c9653fe25c6aee2a76588e99b467548a7bf6adaf,[Unnamed Skill],1.0,Type-1 (Verbatim)
c9653fe25c6aee2a76588e99b467548a7bf6adaf,[Unnamed Skill],c9653fe25c6aee2a76588e99b467548a7bf6adaf,[Unnamed Skill],1.0,Type-1 (Verbatim)
c9653fe25c6aee2a76588e99b467548a7bf6adaf,[Unnamed Skill],c9653fe25c6aee2a76588e99b467548a7bf6adaf,[Unnamed Skill],1.0,Type-1 (Verbatim)
c9653fe25c6aee2a76588e99b467548a7bf6adaf,[Unnamed Skill],c9653fe25c6aee2a76588e99b467548a7bf6adaf,[Unnamed Skill],1.0,Type-1 (Verbatim)
c9653fe25c6aee2a76588e99b467548a7bf6adaf,[Unnamed Skill],c9653fe25c6aee2a76588e99b467548a7bf6adaf,[Unnamed Skill],1.0,Type-1 (Verbatim)
c9653fe25c6aee2a76588e99b467548a7bf6adaf,[Unnamed Skill],c9653fe25c6aee2a76588e99b467548a7bf6adaf,[Unnamed Skill],1.0,Type-1 (Verbatim)
c9653fe25c6aee2a76588e99b467548a7bf6adaf,[Unnamed Skill],c9653fe25c6aee2a76588e99b467548a7bf6adaf,[Unnamed Skill],1.0,Type-1 (Verbatim)
c9653fe25c6aee2a76588e99b467548a7bf6adaf,[Unnamed Skill],c9653fe25c6aee2a76588e99b467548a7bf6adaf,[Unnamed Skill],1.0,Type-1 (Verbatim)
c9653fe25c6aee2a76588e99b467548a7bf6adaf,[Unnamed Skill],c9653fe25c6aee2a76588e99b467548a7bf6adaf,[Unnamed Skill],1.0,Type-1 (Verbatim)
c9653fe25c6aee2a76588e99b467548a7bf6adaf,[Unnamed Skill],c9653fe25c6aee2a76588e99b467548a7bf6adaf,[Unnamed Skill],1.0,Type-1 (Verbatim)
c9653fe25c6aee2a76588e99b467548a7bf6adaf,[Unnamed Skill],c9653fe25c6aee2a76588e99b467548a7bf6adaf,[Unnamed Skill],1.0,Type-1 (Verbatim)
c9653fe25c6aee2a76588e99b467548a7bf6adaf,[Unnamed Skill],c9653fe25c6aee2a76588e99b467548a7bf6adaf,[Unnamed Skill],1.0,Type-1 (Verbatim)
c9653fe25c6aee2a76588e99b467548a7bf6adaf,[Unnamed Skill],c9653fe25c6aee2a76588e99b467548a7bf6adaf,[Unnamed Skill],1.0,Type-1 (Verbatim)
c9653fe25c6aee2a76588e99b467548a7bf6adaf,[Unnamed Skill],c9653fe25c6aee2a76588e99b467548a7bf6adaf,[Unnamed Skill],1.0,Type-1 (Verbatim)
c9653fe25c6aee2a76588e99b467548a7bf6adaf,[Unnamed Skill],c9653fe25c6aee2a76588e99b467548a7bf6adaf,[Unnamed Skill],1.0,Type-1 (Verbatim)
c9653fe25c6aee2a76588e99b467548a7bf6adaf,[Unnamed Skill],c9653fe25c6aee2a76588e99b467548a7bf6adaf,[Unnamed Skill],1.0,Type-1 (Verbatim)
c9653fe25c6aee2a76588e99b467548a7bf6adaf,[Unnamed Skill],c9653fe25c6aee2a76588e99b467548a7bf6adaf,[Unnamed Skill],1.0,Type-1 (Verbatim)
c9653fe25c6aee2a76588e99b467548a7bf6adaf,[Unnamed Skill],c9653fe25c6aee2a76588e99b467548a7bf6adaf,[Unnamed Skill],1.0,Type-1 (Verbatim)
c9653fe25c6aee2a76588e99b467548a7bf6adaf,[Unnamed Skill],c9653fe25c6aee2a76588e99b467548a7bf6adaf,[Unnamed Skill],1.0,Type-1 (Verbatim)
c9653fe25c6aee2a76588e99b467548a7bf6adaf,[Unnamed Skill],c9653fe25c6aee2a76588e99b467548a7bf6adaf,[Unnamed Skill],1.0,Type-1 (Verbatim)
c9653fe25c6aee2a76588e99b467548a7bf6adaf,[Unnamed Skill],c9653fe25c6aee2a76588e99b467548a7bf6adaf,[Unnamed Skill],1.0,Type-1 (Verbatim)
c9653fe25c6aee2a76588e99b467548a7bf6adaf,[Unnamed Skill],c9653fe25c6aee2a76588e99b467548a7bf6adaf,[Unnamed Skill],1.0,Type-1 (Verbatim)
c9653fe25c6aee2a76588e99b467548a7bf6adaf,[Unnamed Skill],c9653fe25c6aee2a76588e99b467548a7bf6adaf,[Unnamed Skill],1.0,Type-1 (Verbatim)
c9653fe25c6aee2a76588e99b467548a7bf6adaf,[Unnamed Skill],c9653fe25c6aee2a76588e99b467548a7bf6adaf,[Unnamed Skill],1.0,Type-1 (Verbatim)
c9653fe25c6aee2a76588e99b467548a7bf6adaf,[Unnamed Skill],c9653fe25c6aee2a76588e99b467548a7bf6adaf,[Unnamed Skill],1.0,Type-1 (Verbatim)
c9653fe25c6aee2a76588e99b467548a7bf6adaf,[Unnamed Skill],c9653fe25c6aee2a76588e99b467548a7bf6adaf,[Unnamed Skill],1.0,Type-1 (Verbatim)
c9653fe25c6aee2a76588e99b467548a7bf6adaf,[Unnamed Skill],c9653fe25c6aee2a76588e99b467548a7bf6adaf,[Unnamed Skill],1.0,Type-1 (Verbatim)
c9653fe25c6aee2a76588e99b467548a7bf6adaf,[Unnamed Skill],c9653fe25c6aee2a76588e99b467548a7bf6adaf,[Unnamed Skill],1.0,Type-1 (Verbatim)
c9653fe25c6aee2a76588e99b467548a7bf6adaf,[Unnamed Skill],c9653fe25c6aee2a76588e99b467548a7bf6adaf,[Unnamed Skill],1.0,Type-1 (Verbatim)
c9653fe25c6aee2a76588e99b467548a7bf6adaf,[Unnamed Skill],c9653fe25c6aee2a76588e99b467548a7bf6adaf,[Unnamed Skill],1.0,Type-1 (Verbatim)
c9653fe25c6aee2a76588e99b467548a7bf6adaf,[Unnamed Skill],c9653fe25c6aee2a76588e99b467548a7bf6adaf,[Unnamed Skill],1.0,Type-1 (Verbatim)
c9653fe25c6aee2a76588e99b467548a7bf6adaf,[Unnamed Skill],c9653fe25c6aee2a76588e99b467548a7bf6adaf,[Unnamed Skill],1.0,Type-1 (Verbatim)
c9653fe25c6aee2a76588e99b467548a7bf6adaf,[Unnamed Skill],c9653fe25c6aee2a76588e99b467548a7bf6adaf,[Unnamed Skill],1.0,Type-1 (Verbatim)
c9653fe25c6aee2a76588e99b467548a7bf6adaf,[Unnamed Skill],c9653fe25c6aee2a76588e99b467548a7bf6adaf,[Unnamed Skill],1.0,Type-1 (Verbatim)
c9653fe25c6aee2a76588e99b467548a7bf6adaf,[Unnamed Skill],c9653fe25c6aee2a76588e99b467548a7bf6adaf,[Unnamed Skill],1.0,Type-1 (Verbatim)
c9653fe25c6aee2a76588e99b467548a7bf6adaf,[Unnamed Skill],c9653fe25c6aee2a76588e99b467548a7bf6adaf,[Unnamed Skill],1.0,Type-1 (Verbatim)
c9653fe25c6aee2a76588e99b467548a7bf6adaf,[Unnamed Skill],c9653fe25c6aee2a76588e99b467548a7bf6adaf,[Unnamed Skill],1.0,Type-1 (Verbatim)
c9653fe25c6aee2a76588e99b467548a7bf6adaf,[Unnamed Skill],c9653fe25c6aee2a76588e99b467548a7bf6adaf,[Unnamed Skill],1.0,Type-1 (Verbatim)
c9653fe25c6aee2a76588e99b467548a7bf6adaf,[Unnamed Skill],c9653fe25c6aee2a76588e99b467548a7bf6adaf,[Unnamed Skill],1.0,Type-1 (Verbatim)
c9653fe25c6aee2a76588e99b467548a7bf6adaf,[Unnamed Skill],c9653fe25c6aee2a76588e99b467548a7bf6adaf,[Unnamed Skill],1.0,Type-1 (Verbatim)
c9653fe25c6aee2a76588e99b467548a7bf6adaf,[Unnamed Skill],c9653fe25c6aee2a76588e99b467548a7bf6adaf,[Unnamed Skill],1.0,Type-1 (Verbatim)
c9653fe25c6aee2a76588e99b467548a7bf6adaf,[Unnamed Skill],c9653fe25c6aee2a76588e99b467548a7bf6adaf,[Unnamed Skill],1.0,Type-1 (Verbatim)
c9653fe25c6aee2a76588e99b467548a7bf6adaf,[Unnamed Skill],c9653fe25c6aee2a76588e99b467548a7bf6adaf,[Unnamed Skill],1.0,Type-1 (Verbatim)
c9653fe25c6aee2a76588e99b467548a7bf6adaf,[Unnamed Skill],c9653fe25c6aee2a76588e99b467548a7bf6adaf,[Unnamed Skill],1.0,Type-1 (Verbatim)
c9653fe25c6aee2a76588e99b467548a7bf6adaf,[Unnamed Skill],c9653fe25c6aee2a76588e99b467548a7bf6adaf,[Unnamed Skill],1.0,Type-1 (Verbatim)
c9653fe25c6aee2a76588e99b467548a7bf6adaf,[Unnamed Skill],c9653fe25c6aee2a76588e99b467548a7bf6adaf,[Unnamed Skill],1.0,Type-1 (Verbatim)
c9653fe25c6aee2a76588e99b467548a7bf6adaf,[Unnamed Skill],c9653fe25c6aee2a76588e99b467548a7bf6adaf,[Unnamed Skill],1.0,Type-1 (Verbatim)
c9653fe25c6aee2a76588e99b467548a7bf6adaf,[Unnamed Skill],c9653fe25c6aee2a76588e99b467548a7bf6adaf,[Unnamed Skill],1.0,Type-1 (Verbatim)
c9653fe25c6aee2a76588e99b467548a7bf6adaf,[Unnamed Skill],c9653fe25c6aee2a76588e99b467548a7bf6adaf,[Unnamed Skill],1.0,Type-1 (Verbatim)
c9653fe25c6aee2a76588e99b467548a7bf6adaf,[Unnamed Skill],c9653fe25c6aee2a76588e99b467548a7bf6adaf,[Unnamed Skill],1.0,Type-1 (Verbatim)
c9653fe25c6aee2a76588e99b467548a7bf6adaf,[Unnamed Skill],c9653fe25c6aee2a76588e99b467548a7bf6adaf,[Unnamed Skill],1.0,Type-1 (Verbatim)
c9653fe25c6aee2a76588e99b467548a7bf6adaf,[Unnamed Skill],c9653fe25c6aee2a76588e99b467548a7bf6adaf,[Unnamed Skill],1.0,Type-1 (Verbatim)
c9653fe25c6aee2a76588e99b467548a7bf6adaf,[Unnamed Skill],c9653fe25c6aee2a76588e99b467548a7bf6adaf,[Unnamed Skill],1.0,Type-1 (Verbatim)
c9653fe25c6aee2a76588e99b467548a7bf6adaf,[Unnamed Skill],c9653fe25c6aee2a76588e99b467548a7bf6adaf,[Unnamed Skill],1.0,Type-1 (Verbatim)
c9653fe25c6aee2a76588e99b467548a7bf6adaf,[Unnamed Skill],c9653fe25c6aee2a76588e99b467548a7bf6adaf,[Unnamed Skill],1.0,Type-1 (Verbatim)
c9653fe25c6aee2a76588e99b467548a7bf6adaf,[Unnamed Skill],c9653fe25c6aee2a76588e99b467548a7bf6adaf,[Unnamed Skill],1.0,Type-1 (Verbatim)
c9653fe25c6aee2a76588e99b467548a7bf6adaf,[Unnamed Skill],c9653fe25c6aee2a76588e99b467548a7bf6adaf,[Unnamed Skill],1.0,Type-1 (Verbatim)
c9653fe25c6aee2a76588e99b467548a7bf6adaf,[Unnamed Skill],c9653fe25c6aee2a76588e99b467548a7bf6adaf,[Unnamed Skill],1.0,Type-1 (Verbatim)
c9653fe25c6aee2a76588e99b467548a7bf6adaf,[Unnamed Skill],c9653fe25c6aee2a76588e99b467548a7bf6adaf,[Unnamed Skill],1.0,Type-1 (Verbatim)
c9653fe25c6aee2a76588e99b467548a7bf6adaf,[Unnamed Skill],c9653fe25c6aee2a76588e99b467548a7bf6adaf,[Unnamed Skill],1.0,Type-1 (Verbatim)
c9653fe25c6aee2a76588e99b467548a7bf6adaf,[Unnamed Skill],c9653fe25c6aee2a76588e99b467548a7bf6adaf,[Unnamed Skill],1.0,Type-1 (Verbatim)
c9653fe25c6aee2a76588e99b467548a7bf6adaf,[Unnamed Skill],c9653fe25c6aee2a76588e99b467548a7bf6adaf,[Unnamed Skill],1.0,Type-1 (Verbatim)
c9653fe25c6aee2a76588e99b467548a7bf6adaf,[Unnamed Skill],c9653fe25c6aee2a76588e99b467548a7bf6adaf,[Unnamed Skill],1.0,Type-1 (Verbatim)
c9653fe25c6aee2a76588e99b467548a7bf6adaf,[Unnamed Skill],c9653fe25c6aee2a76588e99b467548a7bf6adaf,[Unnamed Skill],1.0,Type-1 (Verbatim)
c9653fe25c6aee2a76588e99b467548a7bf6adaf,[Unnamed Skill],c9653fe25c6aee2a76588e99b467548a7bf6adaf,[Unnamed Skill],1.0,Type-1 (Verbatim)
c9653fe25c6aee2a76588e99b467548a7bf6adaf,[Unnamed Skill],c9653fe25c6aee2a76588e99b467548a7bf6adaf,[Unnamed Skill],1.0,Type-1 (Verbatim)
c9653fe25c6aee2a76588e99b467548a7bf6adaf,[Unnamed Skill],c9653fe25c6aee2a76588e99b467548a7bf6adaf,[Unnamed Skill],1.0,Type-1 (Verbatim)
c9653fe25c6aee2a76588e99b467548a7bf6adaf,[Unnamed Skill],c9653fe25c6aee2a76588e99b467548a7bf6adaf,[Unnamed Skill],1.0,Type-1 (Verbatim)
c9653fe25c6aee2a76588e99b467548a7bf6adaf,[Unnamed Skill],c9653fe25c6aee2a76588e99b467548a7bf6adaf,[Unnamed Skill],1.0,Type-1 (Verbatim)
c9653fe25c6aee2a76588e99b467548a7bf6adaf,[Unnamed Skill],c9653fe25c6aee2a76588e99b467548a7bf6adaf,[Unnamed Skill],1.0,Type-1 (Verbatim)
c9653fe25c6aee2a76588e99b467548a7bf6adaf,[Unnamed Skill],c9653fe25c6aee2a76588e99b467548a7bf6adaf,[Unnamed Skill],1.0,Type-1 (Verbatim)
c9653fe25c6aee2a76588e99b467548a7bf6adaf,[Unnamed Skill],c9653fe25c6aee2a76588e99b467548a7bf6adaf,[Unnamed Skill],1.0,Type-1 (Verbatim)
c9653fe25c6aee2a76588e99b467548a7bf6adaf,[Unnamed Skill],c9653fe25c6aee2a76588e99b467548a7bf6adaf,[Unnamed Skill],1.0,Type-1 (Verbatim)
c9653fe25c6aee2a76588e99b467548a7bf6adaf,[Unnamed Skill],c9653fe25c6aee2a76588e99b467548a7bf6adaf,[Unnamed Skill],1.0,Type-1 (Verbatim)
c9653fe25c6aee2a76588e99b467548a7bf6adaf,[Unnamed Skill],c9653fe25c6aee2a76588e99b467548a7bf6adaf,[Unnamed Skill],1.0,Type-1 (Verbatim)
c9653fe25c6aee2a76588e99b467548a7bf6adaf,[Unnamed Skill],c9653fe25c6aee2a76588e99b467548a7bf6adaf,[Unnamed Skill],1.0,Type-1 (Verbatim)
c9653fe25c6aee2a76588e99b467548a7bf6adaf,[Unnamed Skill],c9653fe25c6aee2a76588e99b467548a7bf6adaf,[Unnamed Skill],1.0,Type-1 (Verbatim)
c9653fe25c6aee2a76588e99b467548a7bf6adaf,[Unnamed Skill],c9653fe25c6aee2a76588e99b467548a7bf6adaf,[Unnamed Skill],1.0,Type-1 (Verbatim)
c9653fe25c6aee2a76588e99b467548a7bf6adaf,[Unnamed Skill],c9653fe25c6aee2a76588e99b467548a7bf6adaf,[Unnamed Skill],1.0,Type-1 (Verbatim)
c9653fe25c6aee2a76588e99b467548a7bf6adaf,[Unnamed Skill],c9653fe25c6aee2a76588e99b467548a7bf6adaf,[Unnamed Skill],1.0,Type-1 (Verbatim)
c9653fe25c6aee2a76588e99b467548a7bf6adaf,[Unnamed Skill],c9653fe25c6aee2a76588e99b467548a7bf6adaf,[Unnamed Skill],1.0,Type-1 (Verbatim)
c9653fe25c6aee2a76588e99b467548a7bf6adaf,[Unnamed Skill],c9653fe25c6aee2a76588e99b467548a7bf6adaf,[Unnamed Skill],1.0,Type-1 (Verbatim)
c9653fe25c6aee2a76588e99b467548a7bf6adaf,[Unnamed Skill],c9653fe25c6aee2a76588e99b467548a7bf6adaf,[Unnamed Skill],1.0,Type-1 (Verbatim)
c9653fe25c6aee2a76588e99b467548a7bf6adaf,[Unnamed Skill],c9653fe25c6aee2a76588e99b467548a7bf6adaf,[Unnamed Skill],1.0,Type-1 (Verbatim)
c9653fe25c6aee2a76588e99b467548a7bf6adaf,[Unnamed Skill],c9653fe25c6aee2a76588e99b467548a7bf6adaf,[Unnamed Skill],1.0,Type-1 (Verbatim)
c9653fe25c6aee2a76588e99b467548a7bf6adaf,[Unnamed Skill],c9653fe25c6aee2a76588e99b467548a7bf6adaf,[Unnamed Skill],1.0,Type-1 (Verbatim)
c9653fe25c6aee2a76588e99b467548a7bf6adaf,[Unnamed Skill],c9653fe25c6aee2a76588e99b467548a7bf6adaf,[Unnamed Skill],1.0,Type-1 (Verbatim)
c9653fe25c6aee2a76588e99b467548a7bf6adaf,[Unnamed Skill],c9653fe25c6aee2a76588e99b467548a7bf6adaf,[Unnamed Skill],1.0,Type-1 (Verbatim)
c9653fe25c6aee2a76588e99b467548a7bf6adaf,[Unnamed Skill],c9653fe25c6aee2a76588e99b467548a7bf6adaf,[Unnamed Skill],1.0,Type-1 (Verbatim)
c9653fe25c6aee2a76588e99b467548a7bf6adaf,[Unnamed Skill],c9653fe25c6aee2a76588e99b467548a7bf6adaf,[Unnamed Skill],1.0,Type-1 (Verbatim)
c9653fe25c6aee2a76588e99b467548a7bf6adaf,[Unnamed Skill],c9653fe25c6aee2a76588e99b467548a7bf6adaf,[Unnamed Skill],1.0,Type-1 (Verbatim)
d67e4c3a2afef107d98c130b0329e3591df1f0b6,[Unnamed Skill],d67e4c3a2afef107d98c130b0329e3591df1f0b6,[Unnamed Skill],1.0,Type-1 (Verbatim)
d67e4c3a2afef107d98c130b0329e3591df1f0b6,[Unnamed Skill],d67e4c3a2afef107d98c130b0329e3591df1f0b6,[Unnamed Skill],1.0,Type-1 (Verbatim)
d67e4c3a2afef107d98c130b0329e3591df1f0b6,[Unnamed Skill],d67e4c3a2afef107d98c130b0329e3591df1f0b6,[Unnamed Skill],1.0,Type-1 (Verbatim)
d67e4c3a2afef107d98c130b0329e3591df1f0b6,[Unnamed Skill],d67e4c3a2afef107d98c130b0329e3591df1f0b6,[Unnamed Skill],1.0,Type-1 (Verbatim)
d67e4c3a2afef107d98c130b0329e3591df1f0b6,[Unnamed Skill],d67e4c3a2afef107d98c130b0329e3591df1f0b6,[Unnamed Skill],1.0,Type-1 (Verbatim)
d67e4c3a2afef107d98c130b0329e3591df1f0b6,[Unnamed Skill],d67e4c3a2afef107d98c130b0329e3591df1f0b6,[Unnamed Skill],1.0,Type-1 (Verbatim)
d67e4c3a2afef107d98c130b0329e3591df1f0b6,[Unnamed Skill],d67e4c3a2afef107d98c130b0329e3591df1f0b6,[Unnamed Skill],1.0,Type-1 (Verbatim)
d67e4c3a2afef107d98c130b0329e3591df1f0b6,[Unnamed Skill],d67e4c3a2afef107d98c130b0329e3591df1f0b6,[Unnamed Skill],1.0,Type-1 (Verbatim)
d67e4c3a2afef107d98c130b0329e3591df1f0b6,[Unnamed Skill],d67e4c3a2afef107d98c130b0329e3591df1f0b6,[Unnamed Skill],1.0,Type-1 (Verbatim)
d67e4c3a2afef107d98c130b0329e3591df1f0b6,[Unnamed Skill],d67e4c3a2afef107d98c130b0329e3591df1f0b6,[Unnamed Skill],1.0,Type-1 (Verbatim)
d67e4c3a2afef107d98c130b0329e3591df1f0b6,[Unnamed Skill],d67e4c3a2afef107d98c130b0329e3591df1f0b6,[Unnamed Skill],1.0,Type-1 (Verbatim)
d67e4c3a2afef107d98c130b0329e3591df1f0b6,[Unnamed Skill],d67e4c3a2afef107d98c130b0329e3591df1f0b6,[Unnamed Skill],1.0,Type-1 (Verbatim)
d67e4c3a2afef107d98c130b0329e3591df1f0b6,[Unnamed Skill],d67e4c3a2afef107d98c130b0329e3591df1f0b6,[Unnamed Skill],1.0,Type-1 (Verbatim)
d67e4c3a2afef107d98c130b0329e3591df1f0b6,[Unnamed Skill],d67e4c3a2afef107d98c130b0329e3591df1f0b6,[Unnamed Skill],1.0,Type-1 (Verbatim)
d67e4c3a2afef107d98c130b0329e3591df1f0b6,[Unnamed Skill],d67e4c3a2afef107d98c130b0329e3591df1f0b6,[Unnamed Skill],1.0,Type-1 (Verbatim)
d67e4c3a2afef107d98c130b0329e3591df1f0b6,[Unnamed Skill],d67e4c3a2afef107d98c130b0329e3591df1f0b6,[Unnamed Skill],1.0,Type-1 (Verbatim)
d67e4c3a2afef107d98c130b0329e3591df1f0b6,[Unnamed Skill],d67e4c3a2afef107d98c130b0329e3591df1f0b6,[Unnamed Skill],1.0,Type-1 (Verbatim)
d67e4c3a2afef107d98c130b0329e3591df1f0b6,[Unnamed Skill],d67e4c3a2afef107d98c130b0329e3591df1f0b6,[Unnamed Skill],1.0,Type-1 (Verbatim)
d67e4c3a2afef107d98c130b0329e3591df1f0b6,[Unnamed Skill],d67e4c3a2afef107d98c130b0329e3591df1f0b6,[Unnamed Skill],1.0,Type-1 (Verbatim)
d67e4c3a2afef107d98c130b0329e3591df1f0b6,[Unnamed Skill],d67e4c3a2afef107d98c130b0329e3591df1f0b6,[Unnamed Skill],1.0,Type-1 (Verbatim)
d67e4c3a2afef107d98c130b0329e3591df1f0b6,[Unnamed Skill],d67e4c3a2afef107d98c130b0329e3591df1f0b6,[Unnamed Skill],1.0,Type-1 (Verbatim)
d67e4c3a2afef107d98c130b0329e3591df1f0b6,[Unnamed Skill],d67e4c3a2afef107d98c130b0329e3591df1f0b6,[Unnamed Skill],1.0,Type-1 (Verbatim)
d67e4c3a2afef107d98c130b0329e3591df1f0b6,[Unnamed Skill],d67e4c3a2afef107d98c130b0329e3591df1f0b6,[Unnamed Skill],1.0,Type-1 (Verbatim)
d67e4c3a2afef107d98c130b0329e3591df1f0b6,[Unnamed Skill],d67e4c3a2afef107d98c130b0329e3591df1f0b6,[Unnamed Skill],1.0,Type-1 (Verbatim)
d67e4c3a2afef107d98c130b0329e3591df1f0b6,[Unnamed Skill],d67e4c3a2afef107d98c130b0329e3591df1f0b6,[Unnamed Skill],1.0,Type-1 (Verbatim)
d67e4c3a2afef107d98c130b0329e3591df1f0b6,[Unnamed Skill],d67e4c3a2afef107d98c130b0329e3591df1f0b6,[Unnamed Skill],1.0,Type-1 (Verbatim)
d67e4c3a2afef107d98c130b0329e3591df1f0b6,[Unnamed Skill],d67e4c3a2afef107d98c130b0329e3591df1f0b6,[Unnamed Skill],1.0,Type-1 (Verbatim)
d67e4c3a2afef107d98c130b0329e3591df1f0b6,[Unnamed Skill],d67e4c3a2afef107d98c130b0329e3591df1f0b6,[Unnamed Skill],1.0,Type-1 (Verbatim)
d67e4c3a2afef107d98c130b0329e3591df1f0b6,[Unnamed Skill],d67e4c3a2afef107d98c130b0329e3591df1f0b6,[Unnamed Skill],1.0,Type-1 (Verbatim)
d67e4c3a2afef107d98c130b0329e3591df1f0b6,[Unnamed Skill],d67e4c3a2afef107d98c130b0329e3591df1f0b6,[Unnamed Skill],1.0,Type-1 (Verbatim)
d67e4c3a2afef107d98c130b0329e3591df1f0b6,[Unnamed Skill],d67e4c3a2afef107d98c130b0329e3591df1f0b6,[Unnamed Skill],1.0,Type-1 (Verbatim)
d67e4c3a2afef107d98c130b0329e3591df1f0b6,[Unnamed Skill],d67e4c3a2afef107d98c130b0329e3591df1f0b6,[Unnamed Skill],1.0,Type-1 (Verbatim)
d67e4c3a2afef107d98c130b0329e3591df1f0b6,[Unnamed Skill],d67e4c3a2afef107d98c130b0329e3591df1f0b6,[Unnamed Skill],1.0,Type-1 (Verbatim)
d67e4c3a2afef107d98c130b0329e3591df1f0b6,[Unnamed Skill],d67e4c3a2afef107d98c130b0329e3591df1f0b6,[Unnamed Skill],1.0,Type-1 (Verbatim)
d67e4c3a2afef107d98c130b0329e3591df1f0b6,[Unnamed Skill],d67e4c3a2afef107d98c130b0329e3591df1f0b6,[Unnamed Skill],1.0,Type-1 (Verbatim)
d67e4c3a2afef107d98c130b0329e3591df1f0b6,[Unnamed Skill],d67e4c3a2afef107d98c130b0329e3591df1f0b6,[Unnamed Skill],1.0,Type-1 (Verbatim)
d67e4c3a2afef107d98c130b0329e3591df1f0b6,[Unnamed Skill],d67e4c3a2afef107d98c130b0329e3591df1f0b6,[Unnamed Skill],1.0,Type-1 (Verbatim)
d67e4c3a2afef107d98c130b0329e3591df1f0b6,[Unnamed Skill],d67e4c3a2afef107d98c130b0329e3591df1f0b6,[Unnamed Skill],1.0,Type-1 (Verbatim)
d67e4c3a2afef107d98c130b0329e3591df1f0b6,[Unnamed Skill],d67e4c3a2afef107d98c130b0329e3591df1f0b6,[Unnamed Skill],1.0,Type-1 (Verbatim)
d67e4c3a2afef107d98c130b0329e3591df1f0b6,[Unnamed Skill],d67e4c3a2afef107d98c130b0329e3591df1f0b6,[Unnamed Skill],1.0,Type-1 (Verbatim)
d67e4c3a2afef107d98c130b0329e3591df1f0b6,[Unnamed Skill],d67e4c3a2afef107d98c130b0329e3591df1f0b6,[Unnamed Skill],1.0,Type-1 (Verbatim)
d67e4c3a2afef107d98c130b0329e3591df1f0b6,[Unnamed Skill],d67e4c3a2afef107d98c130b0329e3591df1f0b6,[Unnamed Skill],1.0,Type-1 (Verbatim)
d67e4c3a2afef107d98c130b0329e3591df1f0b6,[Unnamed Skill],d67e4c3a2afef107d98c130b0329e3591df1f0b6,[Unnamed Skill],1.0,Type-1 (Verbatim)
d67e4c3a2afef107d98c130b0329e3591df1f0b6,[Unnamed Skill],d67e4c3a2afef107d98c130b0329e3591df1f0b6,[Unnamed Skill],1.0,Type-1 (Verbatim)
d67e4c3a2afef107d98c130b0329e3591df1f0b6,[Unnamed Skill],d67e4c3a2afef107d98c130b0329e3591df1f0b6,[Unnamed Skill],1.0,Type-1 (Verbatim)
d67e4c3a2afef107d98c130b0329e3591df1f0b6,[Unnamed Skill],d67e4c3a2afef107d98c130b0329e3591df1f0b6,[Unnamed Skill],1.0,Type-1 (Verbatim)
d67e4c3a2afef107d98c130b0329e3591df1f0b6,[Unnamed Skill],d67e4c3a2afef107d98c130b0329e3591df1f0b6,[Unnamed Skill],1.0,Type-1 (Verbatim)
d67e4c3a2afef107d98c130b0329e3591df1f0b6,[Unnamed Skill],d67e4c3a2afef107d98c130b0329e3591df1f0b6,[Unnamed Skill],1.0,Type-1 (Verbatim)
d67e4c3a2afef107d98c130b0329e3591df1f0b6,[Unnamed Skill],d67e4c3a2afef107d98c130b0329e3591df1f0b6,[Unnamed Skill],1.0,Type-1 (Verbatim)
d67e4c3a2afef107d98c130b0329e3591df1f0b6,[Unnamed Skill],d67e4c3a2afef107d98c130b0329e3591df1f0b6,[Unnamed Skill],1.0,Type-1 (Verbatim)
d67e4c3a2afef107d98c130b0329e3591df1f0b6,[Unnamed Skill],d67e4c3a2afef107d98c130b0329e3591df1f0b6,[Unnamed Skill],1.0,Type-1 (Verbatim)
d67e4c3a2afef107d98c130b0329e3591df1f0b6,[Unnamed Skill],d67e4c3a2afef107d98c130b0329e3591df1f0b6,[Unnamed Skill],1.0,Type-1 (Verbatim)
d67e4c3a2afef107d98c130b0329e3591df1f0b6,[Unnamed Skill],d67e4c3a2afef107d98c130b0329e3591df1f0b6,[Unnamed Skill],1.0,Type-1 (Verbatim)
d67e4c3a2afef107d98c130b0329e3591df1f0b6,[Unnamed Skill],d67e4c3a2afef107d98c130b0329e3591df1f0b6,[Unnamed Skill],1.0,Type-1 (Verbatim)
d67e4c3a2afef107d98c130b0329e3591df1f0b6,[Unnamed Skill],d67e4c3a2afef107d98c130b0329e3591df1f0b6,[Unnamed Skill],1.0,Type-1 (Verbatim)
d67e4c3a2afef107d98c130b0329e3591df1f0b6,[Unnamed Skill],d67e4c3a2afef107d98c130b0329e3591df1f0b6,[Unnamed Skill],1.0,Type-1 (Verbatim)
d67e4c3a2afef107d98c130b0329e3591df1f0b6,[Unnamed Skill],d67e4c3a2afef107d98c130b0329e3591df1f0b6,[Unnamed Skill],1.0,Type-1 (Verbatim)
d67e4c3a2afef107d98c130b0329e3591df1f0b6,[Unnamed Skill],d67e4c3a2afef107d98c130b0329e3591df1f0b6,[Unnamed Skill],1.0,Type-1 (Verbatim)
d67e4c3a2afef107d98c130b0329e3591df1f0b6,[Unnamed Skill],d67e4c3a2afef107d98c130b0329e3591df1f0b6,[Unnamed Skill],1.0,Type-1 (Verbatim)
d67e4c3a2afef107d98c130b0329e3591df1f0b6,[Unnamed Skill],d67e4c3a2afef107d98c130b0329e3591df1f0b6,[Unnamed Skill],1.0,Type-1 (Verbatim)
d67e4c3a2afef107d98c130b0329e3591df1f0b6,[Unnamed Skill],d67e4c3a2afef107d98c130b0329e3591df1f0b6,[Unnamed Skill],1.0,Type-1 (Verbatim)
d67e4c3a2afef107d98c130b0329e3591df1f0b6,[Unnamed Skill],d67e4c3a2afef107d98c130b0329e3591df1f0b6,[Unnamed Skill],1.0,Type-1 (Verbatim)
d67e4c3a2afef107d98c130b0329e3591df1f0b6,[Unnamed Skill],d67e4c3a2afef107d98c130b0329e3591df1f0b6,[Unnamed Skill],1.0,Type-1 (Verbatim)
d67e4c3a2afef107d98c130b0329e3591df1f0b6,[Unnamed Skill],d67e4c3a2afef107d98c130b0329e3591df1f0b6,[Unnamed Skill],1.0,Type-1 (Verbatim)
d67e4c3a2afef107d98c130b0329e3591df1f0b6,[Unnamed Skill],d67e4c3a2afef107d98c130b0329e3591df1f0b6,[Unnamed Skill],1.0,Type-1 (Verbatim)
d67e4c3a2afef107d98c130b0329e3591df1f0b6,[Unnamed Skill],d67e4c3a2afef107d98c130b0329e3591df1f0b6,[Unnamed Skill],1.0,Type-1 (Verbatim)
d67e4c3a2afef107d98c130b0329e3591df1f0b6,[Unnamed Skill],d67e4c3a2afef107d98c130b0329e3591df1f0b6,[Unnamed Skill],1.0,Type-1 (Verbatim)
d67e4c3a2afef107d98c130b0329e3591df1f0b6,[Unnamed Skill],d67e4c3a2afef107d98c130b0329e3591df1f0b6,[Unnamed Skill],1.0,Type-1 (Verbatim)
d67e4c3a2afef107d98c130b0329e3591df1f0b6,[Unnamed Skill],d67e4c3a2afef107d98c130b0329e3591df1f0b6,[Unnamed Skill],1.0,Type-1 (Verbatim)
d67e4c3a2afef107d98c130b0329e3591df1f0b6,[Unnamed Skill],d67e4c3a2afef107d98c130b0329e3591df1f0b6,[Unnamed Skill],1.0,Type-1 (Verbatim)
d67e4c3a2afef107d98c130b0329e3591df1f0b6,[Unnamed Skill],d67e4c3a2afef107d98c130b0329e3591df1f0b6,[Unnamed Skill],1.0,Type-1 (Verbatim)
d67e4c3a2afef107d98c130b0329e3591df1f0b6,[Unnamed Skill],d67e4c3a2afef107d98c130b0329e3591df1f0b6,[Unnamed Skill],1.0,Type-1 (Verbatim)
d67e4c3a2afef107d98c130b0329e3591df1f0b6,[Unnamed Skill],d67e4c3a2afef107d98c130b0329e3591df1f0b6,[Unnamed Skill],1.0,Type-1 (Verbatim)
d67e4c3a2afef107d98c130b0329e3591df1f0b6,[Unnamed Skill],d67e4c3a2afef107d98c130b0329e3591df1f0b6,[Unnamed Skill],1.0,Type-1 (Verbatim)
d67e4c3a2afef107d98c130b0329e3591df1f0b6,[Unnamed Skill],d67e4c3a2afef107d98c130b0329e3591df1f0b6,[Unnamed Skill],1.0,Type-1 (Verbatim)
d67e4c3a2afef107d98c130b0329e3591df1f0b6,[Unnamed Skill],d67e4c3a2afef107d98c130b0329e3591df1f0b6,[Unnamed Skill],1.0,Type-1 (Verbatim)
d67e4c3a2afef107d98c130b0329e3591df1f0b6,[Unnamed Skill],d67e4c3a2afef107d98c130b0329e3591df1f0b6,[Unnamed Skill],1.0,Type-1 (Verbatim)
d67e4c3a2afef107d98c130b0329e3591df1f0b6,[Unnamed Skill],d67e4c3a2afef107d98c130b0329e3591df1f0b6,[Unnamed Skill],1.0,Type-1 (Verbatim)
d67e4c3a2afef107d98c130b0329e3591df1f0b6,[Unnamed Skill],d67e4c3a2afef107d98c130b0329e3591df1f0b6,[Unnamed Skill],1.0,Type-1 (Verbatim)
d67e4c3a2afef107d98c130b0329e3591df1f0b6,[Unnamed Skill],d67e4c3a2afef107d98c130b0329e3591df1f0b6,[Unnamed Skill],1.0,Type-1 (Verbatim)
d67e4c3a2afef107d98c130b0329e3591df1f0b6,[Unnamed Skill],d67e4c3a2afef107d98c130b0329e3591df1f0b6,[Unnamed Skill],1.0,Type-1 (Verbatim)
d67e4c3a2afef107d98c130b0329e3591df1f0b6,[Unnamed Skill],d67e4c3a2afef107d98c130b0329e3591df1f0b6,[Unnamed Skill],1.0,Type-1 (Verbatim)
d67e4c3a2afef107d98c130b0329e3591df1f0b6,[Unnamed Skill],d67e4c3a2afef107d98c130b0329e3591df1f0b6,[Unnamed Skill],1.0,Type-1 (Verbatim)
d67e4c3a2afef107d98c130b0329e3591df1f0b6,[Unnamed Skill],d67e4c3a2afef107d98c130b0329e3591df1f0b6,[Unnamed Skill],1.0,Type-1 (Verbatim)
d67e4c3a2afef107d98c130b0329e3591df1f0b6,[Unnamed Skill],d67e4c3a2afef107d98c130b0329e3591df1f0b6,[Unnamed Skill],1.0,Type-1 (Verbatim)
d67e4c3a2afef107d98c130b0329e3591df1f0b6,[Unnamed Skill],d67e4c3a2afef107d98c130b0329e3591df1f0b6,[Unnamed Skill],1.0,Type-1 (Verbatim)
d67e4c3a2afef107d98c130b0329e3591df1f0b6,[Unnamed Skill],d67e4c3a2afef107d98c130b0329e3591df1f0b6,[Unnamed Skill],1.0,Type-1 (Verbatim)
d67e4c3a2afef107d98c130b0329e3591df1f0b6,[Unnamed Skill],d67e4c3a2afef107d98c130b0329e3591df1f0b6,[Unnamed Skill],1.0,Type-1 (Verbatim)
d67e4c3a2afef107d98c130b0329e3591df1f0b6,[Unnamed Skill],d67e4c3a2afef107d98c130b0329e3591df1f0b6,[Unnamed Skill],1.0,Type-1 (Verbatim)
d67e4c3a2afef107d98c130b0329e3591df1f0b6,[Unnamed Skill],d67e4c3a2afef107d98c130b0329e3591df1f0b6,[Unnamed Skill],1.0,Type-1 (Verbatim)
d67e4c3a2afef107d98c130b0329e3591df1f0b6,[Unnamed Skill],d67e4c3a2afef107d98c130b0329e3591df1f0b6,[Unnamed Skill],1.0,Type-1 (Verbatim)
d67e4c3a2afef107d98c130b0329e3591df1f0b6,[Unnamed Skill],d67e4c3a2afef107d98c130b0329e3591df1f0b6,[Unnamed Skill],1.0,Type-1 (Verbatim)
d67e4c3a2afef107d98c130b0329e3591df1f0b6,[Unnamed Skill],d67e4c3a2afef107d98c130b0329e3591df1f0b6,[Unnamed Skill],1.0,Type-1 (Verbatim)
d67e4c3a2afef107d98c130b0329e3591df1f0b6,[Unnamed Skill],d67e4c3a2afef107d98c130b0329e3591df1f0b6,[Unnamed Skill],1.0,Type-1 (Verbatim)
d67e4c3a2afef107d98c130b0329e3591df1f0b6,[Unnamed Skill],d67e4c3a2afef107d98c130b0329e3591df1f0b6,[Unnamed Skill],1.0,Type-1 (Verbatim)
d67e4c3a2afef107d98c130b0329e3591df1f0b6,[Unnamed Skill],d67e4c3a2afef107d98c130b0329e3591df1f0b6,[Unnamed Skill],1.0,Type-1 (Verbatim)
d67e4c3a2afef107d98c130b0329e3591df1f0b6,[Unnamed Skill],d67e4c3a2afef107d98c130b0329e3591df1f0b6,[Unnamed Skill],1.0,Type-1 (Verbatim)
d67e4c3a2afef107d98c130b0329e3591df1f0b6,[Unnamed Skill],d67e4c3a2afef107d98c130b0329e3591df1f0b6,[Unnamed Skill],1.0,Type-1 (Verbatim)
d67e4c3a2afef107d98c130b0329e3591df1f0b6,[Unnamed Skill],d67e4c3a2afef107d98c130b0329e3591df1f0b6,[Unnamed Skill],1.0,Type-1 (Verbatim)
d67e4c3a2afef107d98c130b0329e3591df1f0b6,[Unnamed Skill],d67e4c3a2afef107d98c130b0329e3591df1f0b6,[Unnamed Skill],1.0,Type-1 (Verbatim)
d67e4c3a2afef107d98c130b0329e3591df1f0b6,[Unnamed Skill],d67e4c3a2afef107d98c130b0329e3591df1f0b6,[Unnamed Skill],1.0,Type-1 (Verbatim)
d67e4c3a2afef107d98c130b0329e3591df1f0b6,[Unnamed Skill],d67e4c3a2afef107d98c130b0329e3591df1f0b6,[Unnamed Skill],1.0,Type-1 (Verbatim)
d67e4c3a2afef107d98c130b0329e3591df1f0b6,[Unnamed Skill],d67e4c3a2afef107d98c130b0329e3591df1f0b6,[Unnamed Skill],1.0,Type-1 (Verbatim)
d67e4c3a2afef107d98c130b0329e3591df1f0b6,[Unnamed Skill],d67e4c3a2afef107d98c130b0329e3591df1f0b6,[Unnamed Skill],1.0,Type-1 (Verbatim)
d67e4c3a2afef107d98c130b0329e3591df1f0b6,[Unnamed Skill],d67e4c3a2afef107d98c130b0329e3591df1f0b6,[Unnamed Skill],1.0,Type-1 (Verbatim)
d67e4c3a2afef107d98c130b0329e3591df1f0b6,[Unnamed Skill],d67e4c3a2afef107d98c130b0329e3591df1f0b6,[Unnamed Skill],1.0,Type-1 (Verbatim)
d67e4c3a2afef107d98c130b0329e3591df1f0b6,[Unnamed Skill],d67e4c3a2afef107d98c130b0329e3591df1f0b6,[Unnamed Skill],1.0,Type-1 (Verbatim)
d67e4c3a2afef107d98c130b0329e3591df1f0b6,[Unnamed Skill],d67e4c3a2afef107d98c130b0329e3591df1f0b6,[Unnamed Skill],1.0,Type-1 (Verbatim)
d67e4c3a2afef107d98c130b0329e3591df1f0b6,[Unnamed Skill],d67e4c3a2afef107d98c130b0329e3591df1f0b6,[Unnamed Skill],1.0,Type-1 (Verbatim)
d67e4c3a2afef107d98c130b0329e3591df1f0b6,[Unnamed Skill],d67e4c3a2afef107d98c130b0329e3591df1f0b6,[Unnamed Skill],1.0,Type-1 (Verbatim)
d67e4c3a2afef107d98c130b0329e3591df1f0b6,[Unnamed Skill],d67e4c3a2afef107d98c130b0329e3591df1f0b6,[Unnamed Skill],1.0,Type-1 (Verbatim)
d67e4c3a2afef107d98c130b0329e3591df1f0b6,[Unnamed Skill],d67e4c3a2afef107d98c130b0329e3591df1f0b6,[Unnamed Skill],1.0,Type-1 (Verbatim)
d67e4c3a2afef107d98c130b0329e3591df1f0b6,[Unnamed Skill],d67e4c3a2afef107d98c130b0329e3591df1f0b6,[Unnamed Skill],1.0,Type-1 (Verbatim)
d67e4c3a2afef107d98c130b0329e3591df1f0b6,[Unnamed Skill],d67e4c3a2afef107d98c130b0329e3591df1f0b6,[Unnamed Skill],1.0,Type-1 (Verbatim)
d67e4c3a2afef107d98c130b0329e3591df1f0b6,[Unnamed Skill],d67e4c3a2afef107d98c130b0329e3591df1f0b6,[Unnamed Skill],1.0,Type-1 (Verbatim)
d67e4c3a2afef107d98c130b0329e3591df1f0b6,[Unnamed Skill],d67e4c3a2afef107d98c130b0329e3591df1f0b6,[Unnamed Skill],1.0,Type-1 (Verbatim)
d67e4c3a2afef107d98c130b0329e3591df1f0b6,[Unnamed Skill],d67e4c3a2afef107d98c130b0329e3591df1f0b6,[Unnamed Skill],1.0,Type-1 (Verbatim)
d67e4c3a2afef107d98c130b0329e3591df1f0b6,[Unnamed Skill],d67e4c3a2afef107d98c130b0329e3591df1f0b6,[Unnamed Skill],1.0,Type-1 (Verbatim)
d67e4c3a2afef107d98c130b0329e3591df1f0b6,[Unnamed Skill],d67e4c3a2afef107d98c130b0329e3591df1f0b6,[Unnamed Skill],1.0,Type-1 (Verbatim)
d67e4c3a2afef107d98c130b0329e3591df1f0b6,[Unnamed Skill],d67e4c3a2afef107d98c130b0329e3591df1f0b6,[Unnamed Skill],1.0,Type-1 (Verbatim)
d67e4c3a2afef107d98c130b0329e3591df1f0b6,[Unnamed Skill],d67e4c3a2afef107d98c130b0329e3591df1f0b6,[Unnamed Skill],1.0,Type-1 (Verbatim)
d67e4c3a2afef107d98c130b0329e3591df1f0b6,[Unnamed Skill],d67e4c3a2afef107d98c130b0329e3591df1f0b6,[Unnamed Skill],1.0,Type-1 (Verbatim)
d67e4c3a2afef107d98c130b0329e3591df1f0b6,[Unnamed Skill],d67e4c3a2afef107d98c130b0329e3591df1f0b6,[Unnamed Skill],1.0,Type-1 (Verbatim)
d67e4c3a2afef107d98c130b0329e3591df1f0b6,[Unnamed Skill],d67e4c3a2afef107d98c130b0329e3591df1f0b6,[Unnamed Skill],1.0,Type-1 (Verbatim)
d67e4c3a2afef107d98c130b0329e3591df1f0b6,[Unnamed Skill],d67e4c3a2afef107d98c130b0329e3591df1f0b6,[Unnamed Skill],1.0,Type-1 (Verbatim)
d67e4c3a2afef107d98c130b0329e3591df1f0b6,[Unnamed Skill],d67e4c3a2afef107d98c130b0329e3591df1f0b6,[Unnamed Skill],1.0,Type-1 (Verbatim)
d67e4c3a2afef107d98c130b0329e3591df1f0b6,[Unnamed Skill],d67e4c3a2afef107d98c130b0329e3591df1f0b6,[Unnamed Skill],1.0,Type-1 (Verbatim)
d67e4c3a2afef107d98c130b0329e3591df1f0b6,[Unnamed Skill],d67e4c3a2afef107d98c130b0329e3591df1f0b6,[Unnamed Skill],1.0,Type-1 (Verbatim)
d67e4c3a2afef107d98c130b0329e3591df1f0b6,[Unnamed Skill],d67e4c3a2afef107d98c130b0329e3591df1f0b6,[Unnamed Skill],1.0,Type-1 (Verbatim)
d67e4c3a2afef107d98c130b0329e3591df1f0b6,[Unnamed Skill],d67e4c3a2afef107d98c130b0329e3591df1f0b6,[Unnamed Skill],1.0,Type-1 (Verbatim)
d67e4c3a2afef107d98c130b0329e3591df1f0b6,[Unnamed Skill],d67e4c3a2afef107d98c130b0329e3591df1f0b6,[Unnamed Skill],1.0,Type-1 (Verbatim)
d67e4c3a2afef107d98c130b0329e3591df1f0b6,[Unnamed Skill],d67e4c3a2afef107d98c130b0329e3591df1f0b6,[Unnamed Skill],1.0,Type-1 (Verbatim)
d67e4c3a2afef107d98c130b0329e3591df1f0b6,[Unnamed Skill],d67e4c3a2afef107d98c130b0329e3591df1f0b6,[Unnamed Skill],1.0,Type-1 (Verbatim)
d67e4c3a2afef107d98c130b0329e3591df1f0b6,[Unnamed Skill],d67e4c3a2afef107d98c130b0329e3591df1f0b6,[Unnamed Skill],1.0,Type-1 (Verbatim)
d67e4c3a2afef107d98c130b0329e3591df1f0b6,[Unnamed Skill],d67e4c3a2afef107d98c130b0329e3591df1f0b6,[Unnamed Skill],1.0,Type-1 (Verbatim)
d67e4c3a2afef107d98c130b0329e3591df1f0b6,[Unnamed Skill],d67e4c3a2afef107d98c130b0329e3591df1f0b6,[Unnamed Skill],1.0,Type-1 (Verbatim)
d67e4c3a2afef107d98c130b0329e3591df1f0b6,[Unnamed Skill],d67e4c3a2afef107d98c130b0329e3591df1f0b6,[Unnamed Skill],1.0,Type-1 (Verbatim)
d67e4c3a2afef107d98c130b0329e3591df1f0b6,[Unnamed Skill],d67e4c3a2afef107d98c130b0329e3591df1f0b6,[Unnamed Skill],1.0,Type-1 (Verbatim)
d67e4c3a2afef107d98c130b0329e3591df1f0b6,[Unnamed Skill],d67e4c3a2afef107d98c130b0329e3591df1f0b6,[Unnamed Skill],1.0,Type-1 (Verbatim)
d67e4c3a2afef107d98c130b0329e3591df1f0b6,[Unnamed Skill],d67e4c3a2afef107d98c130b0329e3591df1f0b6,[Unnamed Skill],1.0,Type-1 (Verbatim)
d67e4c3a2afef107d98c130b0329e3591df1f0b6,[Unnamed Skill],d67e4c3a2afef107d98c130b0329e3591df1f0b6,[Unnamed Skill],1.0,Type-1 (Verbatim)
d67e4c3a2afef107d98c130b0329e3591df1f0b6,[Unnamed Skill],d67e4c3a2afef107d98c130b0329e3591df1f0b6,[Unnamed Skill],1.0,Type-1 (Verbatim)
d67e4c3a2afef107d98c130b0329e3591df1f0b6,[Unnamed Skill],d67e4c3a2afef107d98c130b0329e3591df1f0b6,[Unnamed Skill],1.0,Type-1 (Verbatim)
d67e4c3a2afef107d98c130b0329e3591df1f0b6,[Unnamed Skill],d67e4c3a2afef107d98c130b0329e3591df1f0b6,[Unnamed Skill],1.0,Type-1 (Verbatim)
d67e4c3a2afef107d98c130b0329e3591df1f0b6,[Unnamed Skill],d67e4c3a2afef107d98c130b0329e3591df1f0b6,[Unnamed Skill],1.0,Type-1 (Verbatim)
d67e4c3a2afef107d98c130b0329e3591df1f0b6,[Unnamed Skill],d67e4c3a2afef107d98c130b0329e3591df1f0b6,[Unnamed Skill],1.0,Type-1 (Verbatim)
d67e4c3a2afef107d98c130b0329e3591df1f0b6,[Unnamed Skill],d67e4c3a2afef107d98c130b0329e3591df1f0b6,[Unnamed Skill],1.0,Type-1 (Verbatim)
d67e4c3a2afef107d98c130b0329e3591df1f0b6,[Unnamed Skill],d67e4c3a2afef107d98c130b0329e3591df1f0b6,[Unnamed Skill],1.0,Type-1 (Verbatim)
4d5840b22c8c7d8dacc9e3342967983346472bfa,[Unnamed Skill],4d5840b22c8c7d8dacc9e3342967983346472bfa,[Unnamed Skill],1.0,Type-1 (Verbatim)
4d5840b22c8c7d8dacc9e3342967983346472bfa,[Unnamed Skill],4d5840b22c8c7d8dacc9e3342967983346472bfa,[Unnamed Skill],1.0,Type-1 (Verbatim)
4d5840b22c8c7d8dacc9e3342967983346472bfa,[Unnamed Skill],4d5840b22c8c7d8dacc9e3342967983346472bfa,[Unnamed Skill],1.0,Type-1 (Verbatim)
4d5840b22c8c7d8dacc9e3342967983346472bfa,[Unnamed Skill],4d5840b22c8c7d8dacc9e3342967983346472bfa,[Unnamed Skill],1.0,Type-1 (Verbatim)
4d5840b22c8c7d8dacc9e3342967983346472bfa,[Unnamed Skill],4d5840b22c8c7d8dacc9e3342967983346472bfa,[Unnamed Skill],1.0,Type-1 (Verbatim)
4d5840b22c8c7d8dacc9e3342967983346472bfa,[Unnamed Skill],4d5840b22c8c7d8dacc9e3342967983346472bfa,[Unnamed Skill],1.0,Type-1 (Verbatim)
4d5840b22c8c7d8dacc9e3342967983346472bfa,[Unnamed Skill],4d5840b22c8c7d8dacc9e3342967983346472bfa,[Unnamed Skill],1.0,Type-1 (Verbatim)
4d5840b22c8c7d8dacc9e3342967983346472bfa,[Unnamed Skill],4d5840b22c8c7d8dacc9e3342967983346472bfa,[Unnamed Skill],1.0,Type-1 (Verbatim)
4d5840b22c8c7d8dacc9e3342967983346472bfa,[Unnamed Skill],4d5840b22c8c7d8dacc9e3342967983346472bfa,[Unnamed Skill],1.0,Type-1 (Verbatim)
4d5840b22c8c7d8dacc9e3342967983346472bfa,[Unnamed Skill],4d5840b22c8c7d8dacc9e3342967983346472bfa,[Unnamed Skill],1.0,Type-1 (Verbatim)
4d5840b22c8c7d8dacc9e3342967983346472bfa,[Unnamed Skill],4d5840b22c8c7d8dacc9e3342967983346472bfa,[Unnamed Skill],1.0,Type-1 (Verbatim)
4d5840b22c8c7d8dacc9e3342967983346472bfa,[Unnamed Skill],4d5840b22c8c7d8dacc9e3342967983346472bfa,[Unnamed Skill],1.0,Type-1 (Verbatim)
4d5840b22c8c7d8dacc9e3342967983346472bfa,[Unnamed Skill],4d5840b22c8c7d8dacc9e3342967983346472bfa,[Unnamed Skill],1.0,Type-1 (Verbatim)
4d5840b22c8c7d8dacc9e3342967983346472bfa,[Unnamed Skill],4d5840b22c8c7d8dacc9e3342967983346472bfa,[Unnamed Skill],1.0,Type-1 (Verbatim)
4d5840b22c8c7d8dacc9e3342967983346472bfa,[Unnamed Skill],4d5840b22c8c7d8dacc9e3342967983346472bfa,[Unnamed Skill],1.0,Type-1 (Verbatim)
4d5840b22c8c7d8dacc9e3342967983346472bfa,[Unnamed Skill],4d5840b22c8c7d8dacc9e3342967983346472bfa,[Unnamed Skill],1.0,Type-1 (Verbatim)
4d5840b22c8c7d8dacc9e3342967983346472bfa,[Unnamed Skill],4d5840b22c8c7d8dacc9e3342967983346472bfa,[Unnamed Skill],1.0,Type-1 (Verbatim)
4d5840b22c8c7d8dacc9e3342967983346472bfa,[Unnamed Skill],4d5840b22c8c7d8dacc9e3342967983346472bfa,[Unnamed Skill],1.0,Type-1 (Verbatim)
4d5840b22c8c7d8dacc9e3342967983346472bfa,[Unnamed Skill],4d5840b22c8c7d8dacc9e3342967983346472bfa,[Unnamed Skill],1.0,Type-1 (Verbatim)
4d5840b22c8c7d8dacc9e3342967983346472bfa,[Unnamed Skill],4d5840b22c8c7d8dacc9e3342967983346472bfa,[Unnamed Skill],1.0,Type-1 (Verbatim)
4d5840b22c8c7d8dacc9e3342967983346472bfa,[Unnamed Skill],4d5840b22c8c7d8dacc9e3342967983346472bfa,[Unnamed Skill],1.0,Type-1 (Verbatim)
4d5840b22c8c7d8dacc9e3342967983346472bfa,[Unnamed Skill],4d5840b22c8c7d8dacc9e3342967983346472bfa,[Unnamed Skill],1.0,Type-1 (Verbatim)
4d5840b22c8c7d8dacc9e3342967983346472bfa,[Unnamed Skill],4d5840b22c8c7d8dacc9e3342967983346472bfa,[Unnamed Skill],1.0,Type-1 (Verbatim)
4d5840b22c8c7d8dacc9e3342967983346472bfa,[Unnamed Skill],4d5840b22c8c7d8dacc9e3342967983346472bfa,[Unnamed Skill],1.0,Type-1 (Verbatim)
4d5840b22c8c7d8dacc9e3342967983346472bfa,[Unnamed Skill],4d5840b22c8c7d8dacc9e3342967983346472bfa,[Unnamed Skill],1.0,Type-1 (Verbatim)
4d5840b22c8c7d8dacc9e3342967983346472bfa,[Unnamed Skill],4d5840b22c8c7d8dacc9e3342967983346472bfa,[Unnamed Skill],1.0,Type-1 (Verbatim)
4d5840b22c8c7d8dacc9e3342967983346472bfa,[Unnamed Skill],4d5840b22c8c7d8dacc9e3342967983346472bfa,[Unnamed Skill],1.0,Type-1 (Verbatim)
4d5840b22c8c7d8dacc9e3342967983346472bfa,[Unnamed Skill],4d5840b22c8c7d8dacc9e3342967983346472bfa,[Unnamed Skill],1.0,Type-1 (Verbatim)
4d5840b22c8c7d8dacc9e3342967983346472bfa,[Unnamed Skill],4d5840b22c8c7d8dacc9e3342967983346472bfa,[Unnamed Skill],1.0,Type-1 (Verbatim)
4d5840b22c8c7d8dacc9e3342967983346472bfa,[Unnamed Skill],4d5840b22c8c7d8dacc9e3342967983346472bfa,[Unnamed Skill],1.0,Type-1 (Verbatim)
4d5840b22c8c7d8dacc9e3342967983346472bfa,[Unnamed Skill],4d5840b22c8c7d8dacc9e3342967983346472bfa,[Unnamed Skill],1.0,Type-1 (Verbatim)
4d5840b22c8c7d8dacc9e3342967983346472bfa,[Unnamed Skill],4d5840b22c8c7d8dacc9e3342967983346472bfa,[Unnamed Skill],1.0,Type-1 (Verbatim)
4d5840b22c8c7d8dacc9e3342967983346472bfa,[Unnamed Skill],4d5840b22c8c7d8dacc9e3342967983346472bfa,[Unnamed Skill],1.0,Type-1 (Verbatim)
4d5840b22c8c7d8dacc9e3342967983346472bfa,[Unnamed Skill],4d5840b22c8c7d8dacc9e3342967983346472bfa,[Unnamed Skill],1.0,Type-1 (Verbatim)
4d5840b22c8c7d8dacc9e3342967983346472bfa,[Unnamed Skill],4d5840b22c8c7d8dacc9e3342967983346472bfa,[Unnamed Skill],1.0,Type-1 (Verbatim)
4d5840b22c8c7d8dacc9e3342967983346472bfa,[Unnamed Skill],4d5840b22c8c7d8dacc9e3342967983346472bfa,[Unnamed Skill],1.0,Type-1 (Verbatim)
4d5840b22c8c7d8dacc9e3342967983346472bfa,[Unnamed Skill],4d5840b22c8c7d8dacc9e3342967983346472bfa,[Unnamed Skill],1.0,Type-1 (Verbatim)
4d5840b22c8c7d8dacc9e3342967983346472bfa,[Unnamed Skill],4d5840b22c8c7d8dacc9e3342967983346472bfa,[Unnamed Skill],1.0,Type-1 (Verbatim)
4d5840b22c8c7d8dacc9e3342967983346472bfa,[Unnamed Skill],4d5840b22c8c7d8dacc9e3342967983346472bfa,[Unnamed Skill],1.0,Type-1 (Verbatim)
4d5840b22c8c7d8dacc9e3342967983346472bfa,[Unnamed Skill],4d5840b22c8c7d8dacc9e3342967983346472bfa,[Unnamed Skill],1.0,Type-1 (Verbatim)
4d5840b22c8c7d8dacc9e3342967983346472bfa,[Unnamed Skill],4d5840b22c8c7d8dacc9e3342967983346472bfa,[Unnamed Skill],1.0,Type-1 (Verbatim)
4d5840b22c8c7d8dacc9e3342967983346472bfa,[Unnamed Skill],4d5840b22c8c7d8dacc9e3342967983346472bfa,[Unnamed Skill],1.0,Type-1 (Verbatim)
4d5840b22c8c7d8dacc9e3342967983346472bfa,[Unnamed Skill],4d5840b22c8c7d8dacc9e3342967983346472bfa,[Unnamed Skill],1.0,Type-1 (Verbatim)
4d5840b22c8c7d8dacc9e3342967983346472bfa,[Unnamed Skill],4d5840b22c8c7d8dacc9e3342967983346472bfa,[Unnamed Skill],1.0,Type-1 (Verbatim)
4d5840b22c8c7d8dacc9e3342967983346472bfa,[Unnamed Skill],4d5840b22c8c7d8dacc9e3342967983346472bfa,[Unnamed Skill],1.0,Type-1 (Verbatim)
4d5840b22c8c7d8dacc9e3342967983346472bfa,[Unnamed Skill],4d5840b22c8c7d8dacc9e3342967983346472bfa,[Unnamed Skill],1.0,Type-1 (Verbatim)
4d5840b22c8c7d8dacc9e3342967983346472bfa,[Unnamed Skill],4d5840b22c8c7d8dacc9e3342967983346472bfa,[Unnamed Skill],1.0,Type-1 (Verbatim)
4d5840b22c8c7d8dacc9e3342967983346472bfa,[Unnamed Skill],4d5840b22c8c7d8dacc9e3342967983346472bfa,[Unnamed Skill],1.0,Type-1 (Verbatim)
4d5840b22c8c7d8dacc9e3342967983346472bfa,[Unnamed Skill],4d5840b22c8c7d8dacc9e3342967983346472bfa,[Unnamed Skill],1.0,Type-1 (Verbatim)
4d5840b22c8c7d8dacc9e3342967983346472bfa,[Unnamed Skill],4d5840b22c8c7d8dacc9e3342967983346472bfa,[Unnamed Skill],1.0,Type-1 (Verbatim)
4d5840b22c8c7d8dacc9e3342967983346472bfa,[Unnamed Skill],4d5840b22c8c7d8dacc9e3342967983346472bfa,[Unnamed Skill],1.0,Type-1 (Verbatim)
4d5840b22c8c7d8dacc9e3342967983346472bfa,[Unnamed Skill],4d5840b22c8c7d8dacc9e3342967983346472bfa,[Unnamed Skill],1.0,Type-1 (Verbatim)
4d5840b22c8c7d8dacc9e3342967983346472bfa,[Unnamed Skill],4d5840b22c8c7d8dacc9e3342967983346472bfa,[Unnamed Skill],1.0,Type-1 (Verbatim)
4d5840b22c8c7d8dacc9e3342967983346472bfa,[Unnamed Skill],4d5840b22c8c7d8dacc9e3342967983346472bfa,[Unnamed Skill],1.0,Type-1 (Verbatim)
4d5840b22c8c7d8dacc9e3342967983346472bfa,[Unnamed Skill],4d5840b22c8c7d8dacc9e3342967983346472bfa,[Unnamed Skill],1.0,Type-1 (Verbatim)
4d5840b22c8c7d8dacc9e3342967983346472bfa,[Unnamed Skill],4d5840b22c8c7d8dacc9e3342967983346472bfa,[Unnamed Skill],1.0,Type-1 (Verbatim)
4d5840b22c8c7d8dacc9e3342967983346472bfa,[Unnamed Skill],4d5840b22c8c7d8dacc9e3342967983346472bfa,[Unnamed Skill],1.0,Type-1 (Verbatim)
4d5840b22c8c7d8dacc9e3342967983346472bfa,[Unnamed Skill],4d5840b22c8c7d8dacc9e3342967983346472bfa,[Unnamed Skill],1.0,Type-1 (Verbatim)
4d5840b22c8c7d8dacc9e3342967983346472bfa,[Unnamed Skill],4d5840b22c8c7d8dacc9e3342967983346472bfa,[Unnamed Skill],1.0,Type-1 (Verbatim)
4d5840b22c8c7d8dacc9e3342967983346472bfa,[Unnamed Skill],4d5840b22c8c7d8dacc9e3342967983346472bfa,[Unnamed Skill],1.0,Type-1 (Verbatim)
4d5840b22c8c7d8dacc9e3342967983346472bfa,[Unnamed Skill],4d5840b22c8c7d8dacc9e3342967983346472bfa,[Unnamed Skill],1.0,Type-1 (Verbatim)
4d5840b22c8c7d8dacc9e3342967983346472bfa,[Unnamed Skill],4d5840b22c8c7d8dacc9e3342967983346472bfa,[Unnamed Skill],1.0,Type-1 (Verbatim)
4d5840b22c8c7d8dacc9e3342967983346472bfa,[Unnamed Skill],4d5840b22c8c7d8dacc9e3342967983346472bfa,[Unnamed Skill],1.0,Type-1 (Verbatim)
4d5840b22c8c7d8dacc9e3342967983346472bfa,[Unnamed Skill],4d5840b22c8c7d8dacc9e3342967983346472bfa,[Unnamed Skill],1.0,Type-1 (Verbatim)
4d5840b22c8c7d8dacc9e3342967983346472bfa,[Unnamed Skill],4d5840b22c8c7d8dacc9e3342967983346472bfa,[Unnamed Skill],1.0,Type-1 (Verbatim)
4d5840b22c8c7d8dacc9e3342967983346472bfa,[Unnamed Skill],4d5840b22c8c7d8dacc9e3342967983346472bfa,[Unnamed Skill],1.0,Type-1 (Verbatim)
4d5840b22c8c7d8dacc9e3342967983346472bfa,[Unnamed Skill],4d5840b22c8c7d8dacc9e3342967983346472bfa,[Unnamed Skill],1.0,Type-1 (Verbatim)
4d5840b22c8c7d8dacc9e3342967983346472bfa,[Unnamed Skill],4d5840b22c8c7d8dacc9e3342967983346472bfa,[Unnamed Skill],1.0,Type-1 (Verbatim)
4d5840b22c8c7d8dacc9e3342967983346472bfa,[Unnamed Skill],4d5840b22c8c7d8dacc9e3342967983346472bfa,[Unnamed Skill],1.0,Type-1 (Verbatim)
4d5840b22c8c7d8dacc9e3342967983346472bfa,[Unnamed Skill],4d5840b22c8c7d8dacc9e3342967983346472bfa,[Unnamed Skill],1.0,Type-1 (Verbatim)
4d5840b22c8c7d8dacc9e3342967983346472bfa,[Unnamed Skill],4d5840b22c8c7d8dacc9e3342967983346472bfa,[Unnamed Skill],1.0,Type-1 (Verbatim)
4d5840b22c8c7d8dacc9e3342967983346472bfa,[Unnamed Skill],4d5840b22c8c7d8dacc9e3342967983346472bfa,[Unnamed Skill],1.0,Type-1 (Verbatim)
4d5840b22c8c7d8dacc9e3342967983346472bfa,[Unnamed Skill],4d5840b22c8c7d8dacc9e3342967983346472bfa,[Unnamed Skill],1.0,Type-1 (Verbatim)
4d5840b22c8c7d8dacc9e3342967983346472bfa,[Unnamed Skill],4d5840b22c8c7d8dacc9e3342967983346472bfa,[Unnamed Skill],1.0,Type-1 (Verbatim)
4d5840b22c8c7d8dacc9e3342967983346472bfa,[Unnamed Skill],4d5840b22c8c7d8dacc9e3342967983346472bfa,[Unnamed Skill],1.0,Type-1 (Verbatim)
4d5840b22c8c7d8dacc9e3342967983346472bfa,[Unnamed Skill],4d5840b22c8c7d8dacc9e3342967983346472bfa,[Unnamed Skill],1.0,Type-1 (Verbatim)
4d5840b22c8c7d8dacc9e3342967983346472bfa,[Unnamed Skill],4d5840b22c8c7d8dacc9e3342967983346472bfa,[Unnamed Skill],1.0,Type-1 (Verbatim)
4d5840b22c8c7d8dacc9e3342967983346472bfa,[Unnamed Skill],4d5840b22c8c7d8dacc9e3342967983346472bfa,[Unnamed Skill],1.0,Type-1 (Verbatim)
4d5840b22c8c7d8dacc9e3342967983346472bfa,[Unnamed Skill],4d5840b22c8c7d8dacc9e3342967983346472bfa,[Unnamed Skill],1.0,Type-1 (Verbatim)
4d5840b22c8c7d8dacc9e3342967983346472bfa,[Unnamed Skill],4d5840b22c8c7d8dacc9e3342967983346472bfa,[Unnamed Skill],1.0,Type-1 (Verbatim)
4d5840b22c8c7d8dacc9e3342967983346472bfa,[Unnamed Skill],4d5840b22c8c7d8dacc9e3342967983346472bfa,[Unnamed Skill],1.0,Type-1 (Verbatim)
4d5840b22c8c7d8dacc9e3342967983346472bfa,[Unnamed Skill],4d5840b22c8c7d8dacc9e3342967983346472bfa,[Unnamed Skill],1.0,Type-1 (Verbatim)
4d5840b22c8c7d8dacc9e3342967983346472bfa,[Unnamed Skill],4d5840b22c8c7d8dacc9e3342967983346472bfa,[Unnamed Skill],1.0,Type-1 (Verbatim)
4d5840b22c8c7d8dacc9e3342967983346472bfa,[Unnamed Skill],4d5840b22c8c7d8dacc9e3342967983346472bfa,[Unnamed Skill],1.0,Type-1 (Verbatim)
4d5840b22c8c7d8dacc9e3342967983346472bfa,[Unnamed Skill],4d5840b22c8c7d8dacc9e3342967983346472bfa,[Unnamed Skill],1.0,Type-1 (Verbatim)
4d5840b22c8c7d8dacc9e3342967983346472bfa,[Unnamed Skill],4d5840b22c8c7d8dacc9e3342967983346472bfa,[Unnamed Skill],1.0,Type-1 (Verbatim)
4d5840b22c8c7d8dacc9e3342967983346472bfa,[Unnamed Skill],4d5840b22c8c7d8dacc9e3342967983346472bfa,[Unnamed Skill],1.0,Type-1 (Verbatim)
4d5840b22c8c7d8dacc9e3342967983346472bfa,[Unnamed Skill],4d5840b22c8c7d8dacc9e3342967983346472bfa,[Unnamed Skill],1.0,Type-1 (Verbatim)
4d5840b22c8c7d8dacc9e3342967983346472bfa,[Unnamed Skill],4d5840b22c8c7d8dacc9e3342967983346472bfa,[Unnamed Skill],1.0,Type-1 (Verbatim)
4d5840b22c8c7d8dacc9e3342967983346472bfa,[Unnamed Skill],4d5840b22c8c7d8dacc9e3342967983346472bfa,[Unnamed Skill],1.0,Type-1 (Verbatim)
4d5840b22c8c7d8dacc9e3342967983346472bfa,[Unnamed Skill],4d5840b22c8c7d8dacc9e3342967983346472bfa,[Unnamed Skill],1.0,Type-1 (Verbatim)
4d5840b22c8c7d8dacc9e3342967983346472bfa,[Unnamed Skill],4d5840b22c8c7d8dacc9e3342967983346472bfa,[Unnamed Skill],1.0,Type-1 (Verbatim)
4d5840b22c8c7d8dacc9e3342967983346472bfa,[Unnamed Skill],4d5840b22c8c7d8dacc9e3342967983346472bfa,[Unnamed Skill],1.0,Type-1 (Verbatim)
4d5840b22c8c7d8dacc9e3342967983346472bfa,[Unnamed Skill],4d5840b22c8c7d8dacc9e3342967983346472bfa,[Unnamed Skill],1.0,Type-1 (Verbatim)
4d5840b22c8c7d8dacc9e3342967983346472bfa,[Unnamed Skill],4d5840b22c8c7d8dacc9e3342967983346472bfa,[Unnamed Skill],1.0,Type-1 (Verbatim)
4d5840b22c8c7d8dacc9e3342967983346472bfa,[Unnamed Skill],4d5840b22c8c7d8dacc9e3342967983346472bfa,[Unnamed Skill],1.0,Type-1 (Verbatim)
4d5840b22c8c7d8dacc9e3342967983346472bfa,[Unnamed Skill],4d5840b22c8c7d8dacc9e3342967983346472bfa,[Unnamed Skill],1.0,Type-1 (Verbatim)
4d5840b22c8c7d8dacc9e3342967983346472bfa,[Unnamed Skill],4d5840b22c8c7d8dacc9e3342967983346472bfa,[Unnamed Skill],1.0,Type-1 (Verbatim)
4d5840b22c8c7d8dacc9e3342967983346472bfa,[Unnamed Skill],4d5840b22c8c7d8dacc9e3342967983346472bfa,[Unnamed Skill],1.0,Type-1 (Verbatim)
4d5840b22c8c7d8dacc9e3342967983346472bfa,[Unnamed Skill],4d5840b22c8c7d8dacc9e3342967983346472bfa,[Unnamed Skill],1.0,Type-1 (Verbatim)
4d5840b22c8c7d8dacc9e3342967983346472bfa,[Unnamed Skill],4d5840b22c8c7d8dacc9e3342967983346472bfa,[Unnamed Skill],1.0,Type-1 (Verbatim)
4d5840b22c8c7d8dacc9e3342967983346472bfa,[Unnamed Skill],4d5840b22c8c7d8dacc9e3342967983346472bfa,[Unnamed Skill],1.0,Type-1 (Verbatim)
4d5840b22c8c7d8dacc9e3342967983346472bfa,[Unnamed Skill],4d5840b22c8c7d8dacc9e3342967983346472bfa,[Unnamed Skill],1.0,Type-1 (Verbatim)
4d5840b22c8c7d8dacc9e3342967983346472bfa,[Unnamed Skill],4d5840b22c8c7d8dacc9e3342967983346472bfa,[Unnamed Skill],1.0,Type-1 (Verbatim)
4d5840b22c8c7d8dacc9e3342967983346472bfa,[Unnamed Skill],4d5840b22c8c7d8dacc9e3342967983346472bfa,[Unnamed Skill],1.0,Type-1 (Verbatim)
4d5840b22c8c7d8dacc9e3342967983346472bfa,[Unnamed Skill],4d5840b22c8c7d8dacc9e3342967983346472bfa,[Unnamed Skill],1.0,Type-1 (Verbatim)
4d5840b22c8c7d8dacc9e3342967983346472bfa,[Unnamed Skill],4d5840b22c8c7d8dacc9e3342967983346472bfa,[Unnamed Skill],1.0,Type-1 (Verbatim)
4d5840b22c8c7d8dacc9e3342967983346472bfa,[Unnamed Skill],4d5840b22c8c7d8dacc9e3342967983346472bfa,[Unnamed Skill],1.0,Type-1 (Verbatim)
4d5840b22c8c7d8dacc9e3342967983346472bfa,[Unnamed Skill],4d5840b22c8c7d8dacc9e3342967983346472bfa,[Unnamed Skill],1.0,Type-1 (Verbatim)
4d5840b22c8c7d8dacc9e3342967983346472bfa,[Unnamed Skill],4d5840b22c8c7d8dacc9e3342967983346472bfa,[Unnamed Skill],1.0,Type-1 (Verbatim)
4d5840b22c8c7d8dacc9e3342967983346472bfa,[Unnamed Skill],4d5840b22c8c7d8dacc9e3342967983346472bfa,[Unnamed Skill],1.0,Type-1 (Verbatim)
4d5840b22c8c7d8dacc9e3342967983346472bfa,[Unnamed Skill],4d5840b22c8c7d8dacc9e3342967983346472bfa,[Unnamed Skill],1.0,Type-1 (Verbatim)
4d5840b22c8c7d8dacc9e3342967983346472bfa,[Unnamed Skill],4d5840b22c8c7d8dacc9e3342967983346472bfa,[Unnamed Skill],1.0,Type-1 (Verbatim)
4d5840b22c8c7d8dacc9e3342967983346472bfa,[Unnamed Skill],4d5840b22c8c7d8dacc9e3342967983346472bfa,[Unnamed Skill],1.0,Type-1 (Verbatim)
4d5840b22c8c7d8dacc9e3342967983346472bfa,[Unnamed Skill],4d5840b22c8c7d8dacc9e3342967983346472bfa,[Unnamed Skill],1.0,Type-1 (Verbatim)
4d5840b22c8c7d8dacc9e3342967983346472bfa,[Unnamed Skill],4d5840b22c8c7d8dacc9e3342967983346472bfa,[Unnamed Skill],1.0,Type-1 (Verbatim)
4d5840b22c8c7d8dacc9e3342967983346472bfa,[Unnamed Skill],4d5840b22c8c7d8dacc9e3342967983346472bfa,[Unnamed Skill],1.0,Type-1 (Verbatim)
4d5840b22c8c7d8dacc9e3342967983346472bfa,[Unnamed Skill],4d5840b22c8c7d8dacc9e3342967983346472bfa,[Unnamed Skill],1.0,Type-1 (Verbatim)
4d5840b22c8c7d8dacc9e3342967983346472bfa,[Unnamed Skill],4d5840b22c8c7d8dacc9e3342967983346472bfa,[Unnamed Skill],1.0,Type-1 (Verbatim)
4d5840b22c8c7d8dacc9e3342967983346472bfa,[Unnamed Skill],4d5840b22c8c7d8dacc9e3342967983346472bfa,[Unnamed Skill],1.0,Type-1 (Verbatim)
4d5840b22c8c7d8dacc9e3342967983346472bfa,[Unnamed Skill],4d5840b22c8c7d8dacc9e3342967983346472bfa,[Unnamed Skill],1.0,Type-1 (Verbatim)
4d5840b22c8c7d8dacc9e3342967983346472bfa,[Unnamed Skill],4d5840b22c8c7d8dacc9e3342967983346472bfa,[Unnamed Skill],1.0,Type-1 (Verbatim)
4d5840b22c8c7d8dacc9e3342967983346472bfa,[Unnamed Skill],4d5840b22c8c7d8dacc9e3342967983346472bfa,[Unnamed Skill],1.0,Type-1 (Verbatim)
4d5840b22c8c7d8dacc9e3342967983346472bfa,[Unnamed Skill],4d5840b22c8c7d8dacc9e3342967983346472bfa,[Unnamed Skill],1.0,Type-1 (Verbatim)
4d5840b22c8c7d8dacc9e3342967983346472bfa,[Unnamed Skill],4d5840b22c8c7d8dacc9e3342967983346472bfa,[Unnamed Skill],1.0,Type-1 (Verbatim)
4d5840b22c8c7d8dacc9e3342967983346472bfa,[Unnamed Skill],4d5840b22c8c7d8dacc9e3342967983346472bfa,[Unnamed Skill],1.0,Type-1 (Verbatim)
4d5840b22c8c7d8dacc9e3342967983346472bfa,[Unnamed Skill],4d5840b22c8c7d8dacc9e3342967983346472bfa,[Unnamed Skill],1.0,Type-1 (Verbatim)
4d5840b22c8c7d8dacc9e3342967983346472bfa,[Unnamed Skill],4d5840b22c8c7d8dacc9e3342967983346472bfa,[Unnamed Skill],1.0,Type-1 (Verbatim)
4d5840b22c8c7d8dacc9e3342967983346472bfa,[Unnamed Skill],4d5840b22c8c7d8dacc9e3342967983346472bfa,[Unnamed Skill],1.0,Type-1 (Verbatim)
4d5840b22c8c7d8dacc9e3342967983346472bfa,[Unnamed Skill],4d5840b22c8c7d8dacc9e3342967983346472bfa,[Unnamed Skill],1.0,Type-1 (Verbatim)
4d5840b22c8c7d8dacc9e3342967983346472bfa,[Unnamed Skill],4d5840b22c8c7d8dacc9e3342967983346472bfa,[Unnamed Skill],1.0,Type-1 (Verbatim)
4d5840b22c8c7d8dacc9e3342967983346472bfa,[Unnamed Skill],4d5840b22c8c7d8dacc9e3342967983346472bfa,[Unnamed Skill],1.0,Type-1 (Verbatim)
4d5840b22c8c7d8dacc9e3342967983346472bfa,[Unnamed Skill],4d5840b22c8c7d8dacc9e3342967983346472bfa,[Unnamed Skill],1.0,Type-1 (Verbatim)
4d5840b22c8c7d8dacc9e3342967983346472bfa,[Unnamed Skill],4d5840b22c8c7d8dacc9e3342967983346472bfa,[Unnamed Skill],1.0,Type-1 (Verbatim)
4d5840b22c8c7d8dacc9e3342967983346472bfa,[Unnamed Skill],4d5840b22c8c7d8dacc9e3342967983346472bfa,[Unnamed Skill],1.0,Type-1 (Verbatim)
4d5840b22c8c7d8dacc9e3342967983346472bfa,[Unnamed Skill],4d5840b22c8c7d8dacc9e3342967983346472bfa,[Unnamed Skill],1.0,Type-1 (Verbatim)
4d5840b22c8c7d8dacc9e3342967983346472bfa,[Unnamed Skill],4d5840b22c8c7d8dacc9e3342967983346472bfa,[Unnamed Skill],1.0,Type-1 (Verbatim)
4d5840b22c8c7d8dacc9e3342967983346472bfa,[Unnamed Skill],4d5840b22c8c7d8dacc9e3342967983346472bfa,[Unnamed Skill],1.0,Type-1 (Verbatim)
4d5840b22c8c7d8dacc9e3342967983346472bfa,[Unnamed Skill],4d5840b22c8c7d8dacc9e3342967983346472bfa,[Unnamed Skill],1.0,Type-1 (Verbatim)
4d5840b22c8c7d8dacc9e3342967983346472bfa,[Unnamed Skill],4d5840b22c8c7d8dacc9e3342967983346472bfa,[Unnamed Skill],1.0,Type-1 (Verbatim)
4d5840b22c8c7d8dacc9e3342967983346472bfa,[Unnamed Skill],4d5840b22c8c7d8dacc9e3342967983346472bfa,[Unnamed Skill],1.0,Type-1 (Verbatim)
4d5840b22c8c7d8dacc9e3342967983346472bfa,[Unnamed Skill],4d5840b22c8c7d8dacc9e3342967983346472bfa,[Unnamed Skill],1.0,Type-1 (Verbatim)
4d5840b22c8c7d8dacc9e3342967983346472bfa,[Unnamed Skill],4d5840b22c8c7d8dacc9e3342967983346472bfa,[Unnamed Skill],1.0,Type-1 (Verbatim)
4d5840b22c8c7d8dacc9e3342967983346472bfa,[Unnamed Skill],4d5840b22c8c7d8dacc9e3342967983346472bfa,[Unnamed Skill],1.0,Type-1 (Verbatim)
4d5840b22c8c7d8dacc9e3342967983346472bfa,[Unnamed Skill],4d5840b22c8c7d8dacc9e3342967983346472bfa,[Unnamed Skill],1.0,Type-1 (Verbatim)
4d5840b22c8c7d8dacc9e3342967983346472bfa,[Unnamed Skill],4d5840b22c8c7d8dacc9e3342967983346472bfa,[Unnamed Skill],1.0,Type-1 (Verbatim)
4d5840b22c8c7d8dacc9e3342967983346472bfa,[Unnamed Skill],4d5840b22c8c7d8dacc9e3342967983346472bfa,[Unnamed Skill],1.0,Type-1 (Verbatim)
4d5840b22c8c7d8dacc9e3342967983346472bfa,[Unnamed Skill],4d5840b22c8c7d8dacc9e3342967983346472bfa,[Unnamed Skill],1.0,Type-1 (Verbatim)
da49753efe297c81d015a7f5df22a2a2c646e038,[Unnamed Skill],da49753efe297c81d015a7f5df22a2a2c646e038,[Unnamed Skill],1.0,Type-1 (Verbatim)
da49753efe297c81d015a7f5df22a2a2c646e038,[Unnamed Skill],da49753efe297c81d015a7f5df22a2a2c646e038,[Unnamed Skill],1.0,Type-1 (Verbatim)
da49753efe297c81d015a7f5df22a2a2c646e038,[Unnamed Skill],da49753efe297c81d015a7f5df22a2a2c646e038,[Unnamed Skill],1.0,Type-1 (Verbatim)
da49753efe297c81d015a7f5df22a2a2c646e038,[Unnamed Skill],da49753efe297c81d015a7f5df22a2a2c646e038,[Unnamed Skill],1.0,Type-1 (Verbatim)
da49753efe297c81d015a7f5df22a2a2c646e038,[Unnamed Skill],da49753efe297c81d015a7f5df22a2a2c646e038,[Unnamed Skill],1.0,Type-1 (Verbatim)
da49753efe297c81d015a7f5df22a2a2c646e038,[Unnamed Skill],da49753efe297c81d015a7f5df22a2a2c646e038,[Unnamed Skill],1.0,Type-1 (Verbatim)
da49753efe297c81d015a7f5df22a2a2c646e038,[Unnamed Skill],da49753efe297c81d015a7f5df22a2a2c646e038,[Unnamed Skill],1.0,Type-1 (Verbatim)
da49753efe297c81d015a7f5df22a2a2c646e038,[Unnamed Skill],da49753efe297c81d015a7f5df22a2a2c646e038,[Unnamed Skill],1.0,Type-1 (Verbatim)
da49753efe297c81d015a7f5df22a2a2c646e038,[Unnamed Skill],da49753efe297c81d015a7f5df22a2a2c646e038,[Unnamed Skill],1.0,Type-1 (Verbatim)
da49753efe297c81d015a7f5df22a2a2c646e038,[Unnamed Skill],da49753efe297c81d015a7f5df22a2a2c646e038,[Unnamed Skill],1.0,Type-1 (Verbatim)
da49753efe297c81d015a7f5df22a2a2c646e038,[Unnamed Skill],da49753efe297c81d015a7f5df22a2a2c646e038,[Unnamed Skill],1.0,Type-1 (Verbatim)
da49753efe297c81d015a7f5df22a2a2c646e038,[Unnamed Skill],da49753efe297c81d015a7f5df22a2a2c646e038,[Unnamed Skill],1.0,Type-1 (Verbatim)
da49753efe297c81d015a7f5df22a2a2c646e038,[Unnamed Skill],da49753efe297c81d015a7f5df22a2a2c646e038,[Unnamed Skill],1.0,Type-1 (Verbatim)
da49753efe297c81d015a7f5df22a2a2c646e038,[Unnamed Skill],da49753efe297c81d015a7f5df22a2a2c646e038,[Unnamed Skill],1.0,Type-1 (Verbatim)
da49753efe297c81d015a7f5df22a2a2c646e038,[Unnamed Skill],da49753efe297c81d015a7f5df22a2a2c646e038,[Unnamed Skill],1.0,Type-1 (Verbatim)
da49753efe297c81d015a7f5df22a2a2c646e038,[Unnamed Skill],da49753efe297c81d015a7f5df22a2a2c646e038,[Unnamed Skill],1.0,Type-1 (Verbatim)
da49753efe297c81d015a7f5df22a2a2c646e038,[Unnamed Skill],da49753efe297c81d015a7f5df22a2a2c646e038,[Unnamed Skill],1.0,Type-1 (Verbatim)
da49753efe297c81d015a7f5df22a2a2c646e038,[Unnamed Skill],da49753efe297c81d015a7f5df22a2a2c646e038,[Unnamed Skill],1.0,Type-1 (Verbatim)
da49753efe297c81d015a7f5df22a2a2c646e038,[Unnamed Skill],da49753efe297c81d015a7f5df22a2a2c646e038,[Unnamed Skill],1.0,Type-1 (Verbatim)
da49753efe297c81d015a7f5df22a2a2c646e038,[Unnamed Skill],da49753efe297c81d015a7f5df22a2a2c646e038,[Unnamed Skill],1.0,Type-1 (Verbatim)
da49753efe297c81d015a7f5df22a2a2c646e038,[Unnamed Skill],da49753efe297c81d015a7f5df22a2a2c646e038,[Unnamed Skill],1.0,Type-1 (Verbatim)
da49753efe297c81d015a7f5df22a2a2c646e038,[Unnamed Skill],da49753efe297c81d015a7f5df22a2a2c646e038,[Unnamed Skill],1.0,Type-1 (Verbatim)
da49753efe297c81d015a7f5df22a2a2c646e038,[Unnamed Skill],da49753efe297c81d015a7f5df22a2a2c646e038,[Unnamed Skill],1.0,Type-1 (Verbatim)
da49753efe297c81d015a7f5df22a2a2c646e038,[Unnamed Skill],da49753efe297c81d015a7f5df22a2a2c646e038,[Unnamed Skill],1.0,Type-1 (Verbatim)
da49753efe297c81d015a7f5df22a2a2c646e038,[Unnamed Skill],da49753efe297c81d015a7f5df22a2a2c646e038,[Unnamed Skill],1.0,Type-1 (Verbatim)
da49753efe297c81d015a7f5df22a2a2c646e038,[Unnamed Skill],da49753efe297c81d015a7f5df22a2a2c646e038,[Unnamed Skill],1.0,Type-1 (Verbatim)
da49753efe297c81d015a7f5df22a2a2c646e038,[Unnamed Skill],da49753efe297c81d015a7f5df22a2a2c646e038,[Unnamed Skill],1.0,Type-1 (Verbatim)
da49753efe297c81d015a7f5df22a2a2c646e038,[Unnamed Skill],da49753efe297c81d015a7f5df22a2a2c646e038,[Unnamed Skill],1.0,Type-1 (Verbatim)
da49753efe297c81d015a7f5df22a2a2c646e038,[Unnamed Skill],da49753efe297c81d015a7f5df22a2a2c646e038,[Unnamed Skill],1.0,Type-1 (Verbatim)
da49753efe297c81d015a7f5df22a2a2c646e038,[Unnamed Skill],da49753efe297c81d015a7f5df22a2a2c646e038,[Unnamed Skill],1.0,Type-1 (Verbatim)
da49753efe297c81d015a7f5df22a2a2c646e038,[Unnamed Skill],da49753efe297c81d015a7f5df22a2a2c646e038,[Unnamed Skill],1.0,Type-1 (Verbatim)
da49753efe297c81d015a7f5df22a2a2c646e038,[Unnamed Skill],da49753efe297c81d015a7f5df22a2a2c646e038,[Unnamed Skill],1.0,Type-1 (Verbatim)
da49753efe297c81d015a7f5df22a2a2c646e038,[Unnamed Skill],da49753efe297c81d015a7f5df22a2a2c646e038,[Unnamed Skill],1.0,Type-1 (Verbatim)
da49753efe297c81d015a7f5df22a2a2c646e038,[Unnamed Skill],da49753efe297c81d015a7f5df22a2a2c646e038,[Unnamed Skill],1.0,Type-1 (Verbatim)
da49753efe297c81d015a7f5df22a2a2c646e038,[Unnamed Skill],da49753efe297c81d015a7f5df22a2a2c646e038,[Unnamed Skill],1.0,Type-1 (Verbatim)
da49753efe297c81d015a7f5df22a2a2c646e038,[Unnamed Skill],da49753efe297c81d015a7f5df22a2a2c646e038,[Unnamed Skill],1.0,Type-1 (Verbatim)
da49753efe297c81d015a7f5df22a2a2c646e038,[Unnamed Skill],da49753efe297c81d015a7f5df22a2a2c646e038,[Unnamed Skill],1.0,Type-1 (Verbatim)
da49753efe297c81d015a7f5df22a2a2c646e038,[Unnamed Skill],da49753efe297c81d015a7f5df22a2a2c646e038,[Unnamed Skill],1.0,Type-1 (Verbatim)
da49753efe297c81d015a7f5df22a2a2c646e038,[Unnamed Skill],da49753efe297c81d015a7f5df22a2a2c646e038,[Unnamed Skill],1.0,Type-1 (Verbatim)
da49753efe297c81d015a7f5df22a2a2c646e038,[Unnamed Skill],da49753efe297c81d015a7f5df22a2a2c646e038,[Unnamed Skill],1.0,Type-1 (Verbatim)
da49753efe297c81d015a7f5df22a2a2c646e038,[Unnamed Skill],da49753efe297c81d015a7f5df22a2a2c646e038,[Unnamed Skill],1.0,Type-1 (Verbatim)
da49753efe297c81d015a7f5df22a2a2c646e038,[Unnamed Skill],da49753efe297c81d015a7f5df22a2a2c646e038,[Unnamed Skill],1.0,Type-1 (Verbatim)
da49753efe297c81d015a7f5df22a2a2c646e038,[Unnamed Skill],da49753efe297c81d015a7f5df22a2a2c646e038,[Unnamed Skill],1.0,Type-1 (Verbatim)
da49753efe297c81d015a7f5df22a2a2c646e038,[Unnamed Skill],da49753efe297c81d015a7f5df22a2a2c646e038,[Unnamed Skill],1.0,Type-1 (Verbatim)
da49753efe297c81d015a7f5df22a2a2c646e038,[Unnamed Skill],da49753efe297c81d015a7f5df22a2a2c646e038,[Unnamed Skill],1.0,Type-1 (Verbatim)
da49753efe297c81d015a7f5df22a2a2c646e038,[Unnamed Skill],da49753efe297c81d015a7f5df22a2a2c646e038,[Unnamed Skill],1.0,Type-1 (Verbatim)
da49753efe297c81d015a7f5df22a2a2c646e038,[Unnamed Skill],da49753efe297c81d015a7f5df22a2a2c646e038,[Unnamed Skill],1.0,Type-1 (Verbatim)
da49753efe297c81d015a7f5df22a2a2c646e038,[Unnamed Skill],da49753efe297c81d015a7f5df22a2a2c646e038,[Unnamed Skill],1.0,Type-1 (Verbatim)
da49753efe297c81d015a7f5df22a2a2c646e038,[Unnamed Skill],da49753efe297c81d015a7f5df22a2a2c646e038,[Unnamed Skill],1.0,Type-1 (Verbatim)
da49753efe297c81d015a7f5df22a2a2c646e038,[Unnamed Skill],da49753efe297c81d015a7f5df22a2a2c646e038,[Unnamed Skill],1.0,Type-1 (Verbatim)
da49753efe297c81d015a7f5df22a2a2c646e038,[Unnamed Skill],da49753efe297c81d015a7f5df22a2a2c646e038,[Unnamed Skill],1.0,Type-1 (Verbatim)
da49753efe297c81d015a7f5df22a2a2c646e038,[Unnamed Skill],da49753efe297c81d015a7f5df22a2a2c646e038,[Unnamed Skill],1.0,Type-1 (Verbatim)
da49753efe297c81d015a7f5df22a2a2c646e038,[Unnamed Skill],da49753efe297c81d015a7f5df22a2a2c646e038,[Unnamed Skill],1.0,Type-1 (Verbatim)
da49753efe297c81d015a7f5df22a2a2c646e038,[Unnamed Skill],da49753efe297c81d015a7f5df22a2a2c646e038,[Unnamed Skill],1.0,Type-1 (Verbatim)
da49753efe297c81d015a7f5df22a2a2c646e038,[Unnamed Skill],da49753efe297c81d015a7f5df22a2a2c646e038,[Unnamed Skill],1.0,Type-1 (Verbatim)
da49753efe297c81d015a7f5df22a2a2c646e038,[Unnamed Skill],da49753efe297c81d015a7f5df22a2a2c646e038,[Unnamed Skill],1.0,Type-1 (Verbatim)
da49753efe297c81d015a7f5df22a2a2c646e038,[Unnamed Skill],da49753efe297c81d015a7f5df22a2a2c646e038,[Unnamed Skill],1.0,Type-1 (Verbatim)
da49753efe297c81d015a7f5df22a2a2c646e038,[Unnamed Skill],da49753efe297c81d015a7f5df22a2a2c646e038,[Unnamed Skill],1.0,Type-1 (Verbatim)
da49753efe297c81d015a7f5df22a2a2c646e038,[Unnamed Skill],da49753efe297c81d015a7f5df22a2a2c646e038,[Unnamed Skill],1.0,Type-1 (Verbatim)
da49753efe297c81d015a7f5df22a2a2c646e038,[Unnamed Skill],da49753efe297c81d015a7f5df22a2a2c646e038,[Unnamed Skill],1.0,Type-1 (Verbatim)
da49753efe297c81d015a7f5df22a2a2c646e038,[Unnamed Skill],da49753efe297c81d015a7f5df22a2a2c646e038,[Unnamed Skill],1.0,Type-1 (Verbatim)
da49753efe297c81d015a7f5df22a2a2c646e038,[Unnamed Skill],da49753efe297c81d015a7f5df22a2a2c646e038,[Unnamed Skill],1.0,Type-1 (Verbatim)
da49753efe297c81d015a7f5df22a2a2c646e038,[Unnamed Skill],da49753efe297c81d015a7f5df22a2a2c646e038,[Unnamed Skill],1.0,Type-1 (Verbatim)
da49753efe297c81d015a7f5df22a2a2c646e038,[Unnamed Skill],da49753efe297c81d015a7f5df22a2a2c646e038,[Unnamed Skill],1.0,Type-1 (Verbatim)
da49753efe297c81d015a7f5df22a2a2c646e038,[Unnamed Skill],da49753efe297c81d015a7f5df22a2a2c646e038,[Unnamed Skill],1.0,Type-1 (Verbatim)
da49753efe297c81d015a7f5df22a2a2c646e038,[Unnamed Skill],da49753efe297c81d015a7f5df22a2a2c646e038,[Unnamed Skill],1.0,Type-1 (Verbatim)
da49753efe297c81d015a7f5df22a2a2c646e038,[Unnamed Skill],da49753efe297c81d015a7f5df22a2a2c646e038,[Unnamed Skill],1.0,Type-1 (Verbatim)
da49753efe297c81d015a7f5df22a2a2c646e038,[Unnamed Skill],da49753efe297c81d015a7f5df22a2a2c646e038,[Unnamed Skill],1.0,Type-1 (Verbatim)
da49753efe297c81d015a7f5df22a2a2c646e038,[Unnamed Skill],da49753efe297c81d015a7f5df22a2a2c646e038,[Unnamed Skill],1.0,Type-1 (Verbatim)
da49753efe297c81d015a7f5df22a2a2c646e038,[Unnamed Skill],da49753efe297c81d015a7f5df22a2a2c646e038,[Unnamed Skill],1.0,Type-1 (Verbatim)
da49753efe297c81d015a7f5df22a2a2c646e038,[Unnamed Skill],da49753efe297c81d015a7f5df22a2a2c646e038,[Unnamed Skill],1.0,Type-1 (Verbatim)
da49753efe297c81d015a7f5df22a2a2c646e038,[Unnamed Skill],da49753efe297c81d015a7f5df22a2a2c646e038,[Unnamed Skill],1.0,Type-1 (Verbatim)
da49753efe297c81d015a7f5df22a2a2c646e038,[Unnamed Skill],da49753efe297c81d015a7f5df22a2a2c646e038,[Unnamed Skill],1.0,Type-1 (Verbatim)
da49753efe297c81d015a7f5df22a2a2c646e038,[Unnamed Skill],da49753efe297c81d015a7f5df22a2a2c646e038,[Unnamed Skill],1.0,Type-1 (Verbatim)
da49753efe297c81d015a7f5df22a2a2c646e038,[Unnamed Skill],da49753efe297c81d015a7f5df22a2a2c646e038,[Unnamed Skill],1.0,Type-1 (Verbatim)
da49753efe297c81d015a7f5df22a2a2c646e038,[Unnamed Skill],da49753efe297c81d015a7f5df22a2a2c646e038,[Unnamed Skill],1.0,Type-1 (Verbatim)
da49753efe297c81d015a7f5df22a2a2c646e038,[Unnamed Skill],da49753efe297c81d015a7f5df22a2a2c646e038,[Unnamed Skill],1.0,Type-1 (Verbatim)
da49753efe297c81d015a7f5df22a2a2c646e038,[Unnamed Skill],da49753efe297c81d015a7f5df22a2a2c646e038,[Unnamed Skill],1.0,Type-1 (Verbatim)
da49753efe297c81d015a7f5df22a2a2c646e038,[Unnamed Skill],da49753efe297c81d015a7f5df22a2a2c646e038,[Unnamed Skill],1.0,Type-1 (Verbatim)
da49753efe297c81d015a7f5df22a2a2c646e038,[Unnamed Skill],da49753efe297c81d015a7f5df22a2a2c646e038,[Unnamed Skill],1.0,Type-1 (Verbatim)
da49753efe297c81d015a7f5df22a2a2c646e038,[Unnamed Skill],da49753efe297c81d015a7f5df22a2a2c646e038,[Unnamed Skill],1.0,Type-1 (Verbatim)
da49753efe297c81d015a7f5df22a2a2c646e038,[Unnamed Skill],da49753efe297c81d015a7f5df22a2a2c646e038,[Unnamed Skill],1.0,Type-1 (Verbatim)
da49753efe297c81d015a7f5df22a2a2c646e038,[Unnamed Skill],da49753efe297c81d015a7f5df22a2a2c646e038,[Unnamed Skill],1.0,Type-1 (Verbatim)
da49753efe297c81d015a7f5df22a2a2c646e038,[Unnamed Skill],da49753efe297c81d015a7f5df22a2a2c646e038,[Unnamed Skill],1.0,Type-1 (Verbatim)
da49753efe297c81d015a7f5df22a2a2c646e038,[Unnamed Skill],da49753efe297c81d015a7f5df22a2a2c646e038,[Unnamed Skill],1.0,Type-1 (Verbatim)
da49753efe297c81d015a7f5df22a2a2c646e038,[Unnamed Skill],da49753efe297c81d015a7f5df22a2a2c646e038,[Unnamed Skill],1.0,Type-1 (Verbatim)
da49753efe297c81d015a7f5df22a2a2c646e038,[Unnamed Skill],da49753efe297c81d015a7f5df22a2a2c646e038,[Unnamed Skill],1.0,Type-1 (Verbatim)
da49753efe297c81d015a7f5df22a2a2c646e038,[Unnamed Skill],da49753efe297c81d015a7f5df22a2a2c646e038,[Unnamed Skill],1.0,Type-1 (Verbatim)
da49753efe297c81d015a7f5df22a2a2c646e038,[Unnamed Skill],da49753efe297c81d015a7f5df22a2a2c646e038,[Unnamed Skill],1.0,Type-1 (Verbatim)
da49753efe297c81d015a7f5df22a2a2c646e038,[Unnamed Skill],da49753efe297c81d015a7f5df22a2a2c646e038,[Unnamed Skill],1.0,Type-1 (Verbatim)
da49753efe297c81d015a7f5df22a2a2c646e038,[Unnamed Skill],da49753efe297c81d015a7f5df22a2a2c646e038,[Unnamed Skill],1.0,Type-1 (Verbatim)
da49753efe297c81d015a7f5df22a2a2c646e038,[Unnamed Skill],da49753efe297c81d015a7f5df22a2a2c646e038,[Unnamed Skill],1.0,Type-1 (Verbatim)
da49753efe297c81d015a7f5df22a2a2c646e038,[Unnamed Skill],da49753efe297c81d015a7f5df22a2a2c646e038,[Unnamed Skill],1.0,Type-1 (Verbatim)
da49753efe297c81d015a7f5df22a2a2c646e038,[Unnamed Skill],da49753efe297c81d015a7f5df22a2a2c646e038,[Unnamed Skill],1.0,Type-1 (Verbatim)
da49753efe297c81d015a7f5df22a2a2c646e038,[Unnamed Skill],da49753efe297c81d015a7f5df22a2a2c646e038,[Unnamed Skill],1.0,Type-1 (Verbatim)
da49753efe297c81d015a7f5df22a2a2c646e038,[Unnamed Skill],da49753efe297c81d015a7f5df22a2a2c646e038,[Unnamed Skill],1.0,Type-1 (Verbatim)
da49753efe297c81d015a7f5df22a2a2c646e038,[Unnamed Skill],da49753efe297c81d015a7f5df22a2a2c646e038,[Unnamed Skill],1.0,Type-1 (Verbatim)
da49753efe297c81d015a7f5df22a2a2c646e038,[Unnamed Skill],da49753efe297c81d015a7f5df22a2a2c646e038,[Unnamed Skill],1.0,Type-1 (Verbatim)
da49753efe297c81d015a7f5df22a2a2c646e038,[Unnamed Skill],da49753efe297c81d015a7f5df22a2a2c646e038,[Unnamed Skill],1.0,Type-1 (Verbatim)
da49753efe297c81d015a7f5df22a2a2c646e038,[Unnamed Skill],da49753efe297c81d015a7f5df22a2a2c646e038,[Unnamed Skill],1.0,Type-1 (Verbatim)
da49753efe297c81d015a7f5df22a2a2c646e038,[Unnamed Skill],da49753efe297c81d015a7f5df22a2a2c646e038,[Unnamed Skill],1.0,Type-1 (Verbatim)
da49753efe297c81d015a7f5df22a2a2c646e038,[Unnamed Skill],da49753efe297c81d015a7f5df22a2a2c646e038,[Unnamed Skill],1.0,Type-1 (Verbatim)
da49753efe297c81d015a7f5df22a2a2c646e038,[Unnamed Skill],da49753efe297c81d015a7f5df22a2a2c646e038,[Unnamed Skill],1.0,Type-1 (Verbatim)
da49753efe297c81d015a7f5df22a2a2c646e038,[Unnamed Skill],da49753efe297c81d015a7f5df22a2a2c646e038,[Unnamed Skill],1.0,Type-1 (Verbatim)
da49753efe297c81d015a7f5df22a2a2c646e038,[Unnamed Skill],da49753efe297c81d015a7f5df22a2a2c646e038,[Unnamed Skill],1.0,Type-1 (Verbatim)
da49753efe297c81d015a7f5df22a2a2c646e038,[Unnamed Skill],da49753efe297c81d015a7f5df22a2a2c646e038,[Unnamed Skill],1.0,Type-1 (Verbatim)
da49753efe297c81d015a7f5df22a2a2c646e038,[Unnamed Skill],da49753efe297c81d015a7f5df22a2a2c646e038,[Unnamed Skill],1.0,Type-1 (Verbatim)
da49753efe297c81d015a7f5df22a2a2c646e038,[Unnamed Skill],da49753efe297c81d015a7f5df22a2a2c646e038,[Unnamed Skill],1.0,Type-1 (Verbatim)
da49753efe297c81d015a7f5df22a2a2c646e038,[Unnamed Skill],da49753efe297c81d015a7f5df22a2a2c646e038,[Unnamed Skill],1.0,Type-1 (Verbatim)
da49753efe297c81d015a7f5df22a2a2c646e038,[Unnamed Skill],da49753efe297c81d015a7f5df22a2a2c646e038,[Unnamed Skill],1.0,Type-1 (Verbatim)
da49753efe297c81d015a7f5df22a2a2c646e038,[Unnamed Skill],da49753efe297c81d015a7f5df22a2a2c646e038,[Unnamed Skill],1.0,Type-1 (Verbatim)
da49753efe297c81d015a7f5df22a2a2c646e038,[Unnamed Skill],da49753efe297c81d015a7f5df22a2a2c646e038,[Unnamed Skill],1.0,Type-1 (Verbatim)
da49753efe297c81d015a7f5df22a2a2c646e038,[Unnamed Skill],da49753efe297c81d015a7f5df22a2a2c646e038,[Unnamed Skill],1.0,Type-1 (Verbatim)
da49753efe297c81d015a7f5df22a2a2c646e038,[Unnamed Skill],da49753efe297c81d015a7f5df22a2a2c646e038,[Unnamed Skill],1.0,Type-1 (Verbatim)
da49753efe297c81d015a7f5df22a2a2c646e038,[Unnamed Skill],da49753efe297c81d015a7f5df22a2a2c646e038,[Unnamed Skill],1.0,Type-1 (Verbatim)
da49753efe297c81d015a7f5df22a2a2c646e038,[Unnamed Skill],da49753efe297c81d015a7f5df22a2a2c646e038,[Unnamed Skill],1.0,Type-1 (Verbatim)
da49753efe297c81d015a7f5df22a2a2c646e038,[Unnamed Skill],da49753efe297c81d015a7f5df22a2a2c646e038,[Unnamed Skill],1.0,Type-1 (Verbatim)
da49753efe297c81d015a7f5df22a2a2c646e038,[Unnamed Skill],da49753efe297c81d015a7f5df22a2a2c646e038,[Unnamed Skill],1.0,Type-1 (Verbatim)
da49753efe297c81d015a7f5df22a2a2c646e038,[Unnamed Skill],da49753efe297c81d015a7f5df22a2a2c646e038,[Unnamed Skill],1.0,Type-1 (Verbatim)
da49753efe297c81d015a7f5df22a2a2c646e038,[Unnamed Skill],da49753efe297c81d015a7f5df22a2a2c646e038,[Unnamed Skill],1.0,Type-1 (Verbatim)
da49753efe297c81d015a7f5df22a2a2c646e038,[Unnamed Skill],da49753efe297c81d015a7f5df22a2a2c646e038,[Unnamed Skill],1.0,Type-1 (Verbatim)
da49753efe297c81d015a7f5df22a2a2c646e038,[Unnamed Skill],da49753efe297c81d015a7f5df22a2a2c646e038,[Unnamed Skill],1.0,Type-1 (Verbatim)
da49753efe297c81d015a7f5df22a2a2c646e038,[Unnamed Skill],da49753efe297c81d015a7f5df22a2a2c646e038,[Unnamed Skill],1.0,Type-1 (Verbatim)
da49753efe297c81d015a7f5df22a2a2c646e038,[Unnamed Skill],da49753efe297c81d015a7f5df22a2a2c646e038,[Unnamed Skill],1.0,Type-1 (Verbatim)
da49753efe297c81d015a7f5df22a2a2c646e038,[Unnamed Skill],da49753efe297c81d015a7f5df22a2a2c646e038,[Unnamed Skill],1.0,Type-1 (Verbatim)
da49753efe297c81d015a7f5df22a2a2c646e038,[Unnamed Skill],da49753efe297c81d015a7f5df22a2a2c646e038,[Unnamed Skill],1.0,Type-1 (Verbatim)
da49753efe297c81d015a7f5df22a2a2c646e038,[Unnamed Skill],da49753efe297c81d015a7f5df22a2a2c646e038,[Unnamed Skill],1.0,Type-1 (Verbatim)
da49753efe297c81d015a7f5df22a2a2c646e038,[Unnamed Skill],da49753efe297c81d015a7f5df22a2a2c646e038,[Unnamed Skill],1.0,Type-1 (Verbatim)
da49753efe297c81d015a7f5df22a2a2c646e038,[Unnamed Skill],da49753efe297c81d015a7f5df22a2a2c646e038,[Unnamed Skill],1.0,Type-1 (Verbatim)
da49753efe297c81d015a7f5df22a2a2c646e038,[Unnamed Skill],da49753efe297c81d015a7f5df22a2a2c646e038,[Unnamed Skill],1.0,Type-1 (Verbatim)
da49753efe297c81d015a7f5df22a2a2c646e038,[Unnamed Skill],da49753efe297c81d015a7f5df22a2a2c646e038,[Unnamed Skill],1.0,Type-1 (Verbatim)
da49753efe297c81d015a7f5df22a2a2c646e038,[Unnamed Skill],da49753efe297c81d015a7f5df22a2a2c646e038,[Unnamed Skill],1.0,Type-1 (Verbatim)
da49753efe297c81d015a7f5df22a2a2c646e038,[Unnamed Skill],da49753efe297c81d015a7f5df22a2a2c646e038,[Unnamed Skill],1.0,Type-1 (Verbatim)
da49753efe297c81d015a7f5df22a2a2c646e038,[Unnamed Skill],da49753efe297c81d015a7f5df22a2a2c646e038,[Unnamed Skill],1.0,Type-1 (Verbatim)
da49753efe297c81d015a7f5df22a2a2c646e038,[Unnamed Skill],da49753efe297c81d015a7f5df22a2a2c646e038,[Unnamed Skill],1.0,Type-1 (Verbatim)
da49753efe297c81d015a7f5df22a2a2c646e038,[Unnamed Skill],da49753efe297c81d015a7f5df22a2a2c646e038,[Unnamed Skill],1.0,Type-1 (Verbatim)
da49753efe297c81d015a7f5df22a2a2c646e038,[Unnamed Skill],da49753efe297c81d015a7f5df22a2a2c646e038,[Unnamed Skill],1.0,Type-1 (Verbatim)
da49753efe297c81d015a7f5df22a2a2c646e038,[Unnamed Skill],da49753efe297c81d015a7f5df22a2a2c646e038,[Unnamed Skill],1.0,Type-1 (Verbatim)
da49753efe297c81d015a7f5df22a2a2c646e038,[Unnamed Skill],da49753efe297c81d015a7f5df22a2a2c646e038,[Unnamed Skill],1.0,Type-1 (Verbatim)
da49753efe297c81d015a7f5df22a2a2c646e038,[Unnamed Skill],da49753efe297c81d015a7f5df22a2a2c646e038,[Unnamed Skill],1.0,Type-1 (Verbatim)
da49753efe297c81d015a7f5df22a2a2c646e038,[Unnamed Skill],da49753efe297c81d015a7f5df22a2a2c646e038,[Unnamed Skill],1.0,Type-1 (Verbatim)
da49753efe297c81d015a7f5df22a2a2c646e038,[Unnamed Skill],da49753efe297c81d015a7f5df22a2a2c646e038,[Unnamed Skill],1.0,Type-1 (Verbatim)
da49753efe297c81d015a7f5df22a2a2c646e038,[Unnamed Skill],da49753efe297c81d015a7f5df22a2a2c646e038,[Unnamed Skill],1.0,Type-1 (Verbatim)
da49753efe297c81d015a7f5df22a2a2c646e038,[Unnamed Skill],da49753efe297c81d015a7f5df22a2a2c646e038,[Unnamed Skill],1.0,Type-1 (Verbatim)
da49753efe297c81d015a7f5df22a2a2c646e038,[Unnamed Skill],da49753efe297c81d015a7f5df22a2a2c646e038,[Unnamed Skill],1.0,Type-1 (Verbatim)
da49753efe297c81d015a7f5df22a2a2c646e038,[Unnamed Skill],da49753efe297c81d015a7f5df22a2a2c646e038,[Unnamed Skill],1.0,Type-1 (Verbatim)
da49753efe297c81d015a7f5df22a2a2c646e038,[Unnamed Skill],da49753efe297c81d015a7f5df22a2a2c646e038,[Unnamed Skill],1.0,Type-1 (Verbatim)
da49753efe297c81d015a7f5df22a2a2c646e038,[Unnamed Skill],da49753efe297c81d015a7f5df22a2a2c646e038,[Unnamed Skill],1.0,Type-1 (Verbatim)
a052b077c1029fcac1b0d257b9ad240d9419c348,[Unnamed Skill],a052b077c1029fcac1b0d257b9ad240d9419c348,[Unnamed Skill],1.0,Type-1 (Verbatim)
a052b077c1029fcac1b0d257b9ad240d9419c348,[Unnamed Skill],a052b077c1029fcac1b0d257b9ad240d9419c348,[Unnamed Skill],1.0,Type-1 (Verbatim)
a052b077c1029fcac1b0d257b9ad240d9419c348,[Unnamed Skill],a052b077c1029fcac1b0d257b9ad240d9419c348,[Unnamed Skill],1.0,Type-1 (Verbatim)
a052b077c1029fcac1b0d257b9ad240d9419c348,[Unnamed Skill],a052b077c1029fcac1b0d257b9ad240d9419c348,[Unnamed Skill],1.0,Type-1 (Verbatim)
a052b077c1029fcac1b0d257b9ad240d9419c348,[Unnamed Skill],a052b077c1029fcac1b0d257b9ad240d9419c348,[Unnamed Skill],1.0,Type-1 (Verbatim)
a052b077c1029fcac1b0d257b9ad240d9419c348,[Unnamed Skill],a052b077c1029fcac1b0d257b9ad240d9419c348,[Unnamed Skill],1.0,Type-1 (Verbatim)
a052b077c1029fcac1b0d257b9ad240d9419c348,[Unnamed Skill],a052b077c1029fcac1b0d257b9ad240d9419c348,[Unnamed Skill],1.0,Type-1 (Verbatim)
a052b077c1029fcac1b0d257b9ad240d9419c348,[Unnamed Skill],a052b077c1029fcac1b0d257b9ad240d9419c348,[Unnamed Skill],1.0,Type-1 (Verbatim)
a052b077c1029fcac1b0d257b9ad240d9419c348,[Unnamed Skill],a052b077c1029fcac1b0d257b9ad240d9419c348,[Unnamed Skill],1.0,Type-1 (Verbatim)
a052b077c1029fcac1b0d257b9ad240d9419c348,[Unnamed Skill],a052b077c1029fcac1b0d257b9ad240d9419c348,[Unnamed Skill],1.0,Type-1 (Verbatim)
a052b077c1029fcac1b0d257b9ad240d9419c348,[Unnamed Skill],a052b077c1029fcac1b0d257b9ad240d9419c348,[Unnamed Skill],1.0,Type-1 (Verbatim)
a052b077c1029fcac1b0d257b9ad240d9419c348,[Unnamed Skill],a052b077c1029fcac1b0d257b9ad240d9419c348,[Unnamed Skill],1.0,Type-1 (Verbatim)
a052b077c1029fcac1b0d257b9ad240d9419c348,[Unnamed Skill],a052b077c1029fcac1b0d257b9ad240d9419c348,[Unnamed Skill],1.0,Type-1 (Verbatim)
a052b077c1029fcac1b0d257b9ad240d9419c348,[Unnamed Skill],a052b077c1029fcac1b0d257b9ad240d9419c348,[Unnamed Skill],1.0,Type-1 (Verbatim)
a052b077c1029fcac1b0d257b9ad240d9419c348,[Unnamed Skill],a052b077c1029fcac1b0d257b9ad240d9419c348,[Unnamed Skill],1.0,Type-1 (Verbatim)
a052b077c1029fcac1b0d257b9ad240d9419c348,[Unnamed Skill],a052b077c1029fcac1b0d257b9ad240d9419c348,[Unnamed Skill],1.0,Type-1 (Verbatim)
a052b077c1029fcac1b0d257b9ad240d9419c348,[Unnamed Skill],a052b077c1029fcac1b0d257b9ad240d9419c348,[Unnamed Skill],1.0,Type-1 (Verbatim)
a052b077c1029fcac1b0d257b9ad240d9419c348,[Unnamed Skill],a052b077c1029fcac1b0d257b9ad240d9419c348,[Unnamed Skill],1.0,Type-1 (Verbatim)
a052b077c1029fcac1b0d257b9ad240d9419c348,[Unnamed Skill],a052b077c1029fcac1b0d257b9ad240d9419c348,[Unnamed Skill],1.0,Type-1 (Verbatim)
a052b077c1029fcac1b0d257b9ad240d9419c348,[Unnamed Skill],a052b077c1029fcac1b0d257b9ad240d9419c348,[Unnamed Skill],1.0,Type-1 (Verbatim)
a052b077c1029fcac1b0d257b9ad240d9419c348,[Unnamed Skill],a052b077c1029fcac1b0d257b9ad240d9419c348,[Unnamed Skill],1.0,Type-1 (Verbatim)
a052b077c1029fcac1b0d257b9ad240d9419c348,[Unnamed Skill],a052b077c1029fcac1b0d257b9ad240d9419c348,[Unnamed Skill],1.0,Type-1 (Verbatim)
a052b077c1029fcac1b0d257b9ad240d9419c348,[Unnamed Skill],a052b077c1029fcac1b0d257b9ad240d9419c348,[Unnamed Skill],1.0,Type-1 (Verbatim)
a052b077c1029fcac1b0d257b9ad240d9419c348,[Unnamed Skill],a052b077c1029fcac1b0d257b9ad240d9419c348,[Unnamed Skill],1.0,Type-1 (Verbatim)
a052b077c1029fcac1b0d257b9ad240d9419c348,[Unnamed Skill],a052b077c1029fcac1b0d257b9ad240d9419c348,[Unnamed Skill],1.0,Type-1 (Verbatim)
a052b077c1029fcac1b0d257b9ad240d9419c348,[Unnamed Skill],a052b077c1029fcac1b0d257b9ad240d9419c348,[Unnamed Skill],1.0,Type-1 (Verbatim)
a052b077c1029fcac1b0d257b9ad240d9419c348,[Unnamed Skill],a052b077c1029fcac1b0d257b9ad240d9419c348,[Unnamed Skill],1.0,Type-1 (Verbatim)
a052b077c1029fcac1b0d257b9ad240d9419c348,[Unnamed Skill],a052b077c1029fcac1b0d257b9ad240d9419c348,[Unnamed Skill],1.0,Type-1 (Verbatim)
a052b077c1029fcac1b0d257b9ad240d9419c348,[Unnamed Skill],a052b077c1029fcac1b0d257b9ad240d9419c348,[Unnamed Skill],1.0,Type-1 (Verbatim)
a052b077c1029fcac1b0d257b9ad240d9419c348,[Unnamed Skill],a052b077c1029fcac1b0d257b9ad240d9419c348,[Unnamed Skill],1.0,Type-1 (Verbatim)
a052b077c1029fcac1b0d257b9ad240d9419c348,[Unnamed Skill],a052b077c1029fcac1b0d257b9ad240d9419c348,[Unnamed Skill],1.0,Type-1 (Verbatim)
a052b077c1029fcac1b0d257b9ad240d9419c348,[Unnamed Skill],a052b077c1029fcac1b0d257b9ad240d9419c348,[Unnamed Skill],1.0,Type-1 (Verbatim)
a052b077c1029fcac1b0d257b9ad240d9419c348,[Unnamed Skill],a052b077c1029fcac1b0d257b9ad240d9419c348,[Unnamed Skill],1.0,Type-1 (Verbatim)
a052b077c1029fcac1b0d257b9ad240d9419c348,[Unnamed Skill],a052b077c1029fcac1b0d257b9ad240d9419c348,[Unnamed Skill],1.0,Type-1 (Verbatim)
a052b077c1029fcac1b0d257b9ad240d9419c348,[Unnamed Skill],a052b077c1029fcac1b0d257b9ad240d9419c348,[Unnamed Skill],1.0,Type-1 (Verbatim)
a052b077c1029fcac1b0d257b9ad240d9419c348,[Unnamed Skill],a052b077c1029fcac1b0d257b9ad240d9419c348,[Unnamed Skill],1.0,Type-1 (Verbatim)
a052b077c1029fcac1b0d257b9ad240d9419c348,[Unnamed Skill],a052b077c1029fcac1b0d257b9ad240d9419c348,[Unnamed Skill],1.0,Type-1 (Verbatim)
a052b077c1029fcac1b0d257b9ad240d9419c348,[Unnamed Skill],a052b077c1029fcac1b0d257b9ad240d9419c348,[Unnamed Skill],1.0,Type-1 (Verbatim)
a052b077c1029fcac1b0d257b9ad240d9419c348,[Unnamed Skill],a052b077c1029fcac1b0d257b9ad240d9419c348,[Unnamed Skill],1.0,Type-1 (Verbatim)
a052b077c1029fcac1b0d257b9ad240d9419c348,[Unnamed Skill],a052b077c1029fcac1b0d257b9ad240d9419c348,[Unnamed Skill],1.0,Type-1 (Verbatim)
a052b077c1029fcac1b0d257b9ad240d9419c348,[Unnamed Skill],a052b077c1029fcac1b0d257b9ad240d9419c348,[Unnamed Skill],1.0,Type-1 (Verbatim)
a052b077c1029fcac1b0d257b9ad240d9419c348,[Unnamed Skill],a052b077c1029fcac1b0d257b9ad240d9419c348,[Unnamed Skill],1.0,Type-1 (Verbatim)
a052b077c1029fcac1b0d257b9ad240d9419c348,[Unnamed Skill],a052b077c1029fcac1b0d257b9ad240d9419c348,[Unnamed Skill],1.0,Type-1 (Verbatim)
a052b077c1029fcac1b0d257b9ad240d9419c348,[Unnamed Skill],a052b077c1029fcac1b0d257b9ad240d9419c348,[Unnamed Skill],1.0,Type-1 (Verbatim)
a052b077c1029fcac1b0d257b9ad240d9419c348,[Unnamed Skill],a052b077c1029fcac1b0d257b9ad240d9419c348,[Unnamed Skill],1.0,Type-1 (Verbatim)
a052b077c1029fcac1b0d257b9ad240d9419c348,[Unnamed Skill],a052b077c1029fcac1b0d257b9ad240d9419c348,[Unnamed Skill],1.0,Type-1 (Verbatim)
a052b077c1029fcac1b0d257b9ad240d9419c348,[Unnamed Skill],a052b077c1029fcac1b0d257b9ad240d9419c348,[Unnamed Skill],1.0,Type-1 (Verbatim)
a052b077c1029fcac1b0d257b9ad240d9419c348,[Unnamed Skill],a052b077c1029fcac1b0d257b9ad240d9419c348,[Unnamed Skill],1.0,Type-1 (Verbatim)
a052b077c1029fcac1b0d257b9ad240d9419c348,[Unnamed Skill],a052b077c1029fcac1b0d257b9ad240d9419c348,[Unnamed Skill],1.0,Type-1 (Verbatim)
a052b077c1029fcac1b0d257b9ad240d9419c348,[Unnamed Skill],a052b077c1029fcac1b0d257b9ad240d9419c348,[Unnamed Skill],1.0,Type-1 (Verbatim)
a052b077c1029fcac1b0d257b9ad240d9419c348,[Unnamed Skill],a052b077c1029fcac1b0d257b9ad240d9419c348,[Unnamed Skill],1.0,Type-1 (Verbatim)
a052b077c1029fcac1b0d257b9ad240d9419c348,[Unnamed Skill],a052b077c1029fcac1b0d257b9ad240d9419c348,[Unnamed Skill],1.0,Type-1 (Verbatim)
a052b077c1029fcac1b0d257b9ad240d9419c348,[Unnamed Skill],a052b077c1029fcac1b0d257b9ad240d9419c348,[Unnamed Skill],1.0,Type-1 (Verbatim)
a052b077c1029fcac1b0d257b9ad240d9419c348,[Unnamed Skill],a052b077c1029fcac1b0d257b9ad240d9419c348,[Unnamed Skill],1.0,Type-1 (Verbatim)
a052b077c1029fcac1b0d257b9ad240d9419c348,[Unnamed Skill],a052b077c1029fcac1b0d257b9ad240d9419c348,[Unnamed Skill],1.0,Type-1 (Verbatim)
a052b077c1029fcac1b0d257b9ad240d9419c348,[Unnamed Skill],a052b077c1029fcac1b0d257b9ad240d9419c348,[Unnamed Skill],1.0,Type-1 (Verbatim)
a052b077c1029fcac1b0d257b9ad240d9419c348,[Unnamed Skill],a052b077c1029fcac1b0d257b9ad240d9419c348,[Unnamed Skill],1.0,Type-1 (Verbatim)
a052b077c1029fcac1b0d257b9ad240d9419c348,[Unnamed Skill],a052b077c1029fcac1b0d257b9ad240d9419c348,[Unnamed Skill],1.0,Type-1 (Verbatim)
a052b077c1029fcac1b0d257b9ad240d9419c348,[Unnamed Skill],a052b077c1029fcac1b0d257b9ad240d9419c348,[Unnamed Skill],1.0,Type-1 (Verbatim)
a052b077c1029fcac1b0d257b9ad240d9419c348,[Unnamed Skill],a052b077c1029fcac1b0d257b9ad240d9419c348,[Unnamed Skill],1.0,Type-1 (Verbatim)
a052b077c1029fcac1b0d257b9ad240d9419c348,[Unnamed Skill],a052b077c1029fcac1b0d257b9ad240d9419c348,[Unnamed Skill],1.0,Type-1 (Verbatim)
a052b077c1029fcac1b0d257b9ad240d9419c348,[Unnamed Skill],a052b077c1029fcac1b0d257b9ad240d9419c348,[Unnamed Skill],1.0,Type-1 (Verbatim)
a052b077c1029fcac1b0d257b9ad240d9419c348,[Unnamed Skill],a052b077c1029fcac1b0d257b9ad240d9419c348,[Unnamed Skill],1.0,Type-1 (Verbatim)
a052b077c1029fcac1b0d257b9ad240d9419c348,[Unnamed Skill],a052b077c1029fcac1b0d257b9ad240d9419c348,[Unnamed Skill],1.0,Type-1 (Verbatim)
a052b077c1029fcac1b0d257b9ad240d9419c348,[Unnamed Skill],a052b077c1029fcac1b0d257b9ad240d9419c348,[Unnamed Skill],1.0,Type-1 (Verbatim)
a052b077c1029fcac1b0d257b9ad240d9419c348,[Unnamed Skill],a052b077c1029fcac1b0d257b9ad240d9419c348,[Unnamed Skill],1.0,Type-1 (Verbatim)
a052b077c1029fcac1b0d257b9ad240d9419c348,[Unnamed Skill],a052b077c1029fcac1b0d257b9ad240d9419c348,[Unnamed Skill],1.0,Type-1 (Verbatim)
a052b077c1029fcac1b0d257b9ad240d9419c348,[Unnamed Skill],a052b077c1029fcac1b0d257b9ad240d9419c348,[Unnamed Skill],1.0,Type-1 (Verbatim)
a052b077c1029fcac1b0d257b9ad240d9419c348,[Unnamed Skill],a052b077c1029fcac1b0d257b9ad240d9419c348,[Unnamed Skill],1.0,Type-1 (Verbatim)
a052b077c1029fcac1b0d257b9ad240d9419c348,[Unnamed Skill],a052b077c1029fcac1b0d257b9ad240d9419c348,[Unnamed Skill],1.0,Type-1 (Verbatim)
a052b077c1029fcac1b0d257b9ad240d9419c348,[Unnamed Skill],a052b077c1029fcac1b0d257b9ad240d9419c348,[Unnamed Skill],1.0,Type-1 (Verbatim)
a052b077c1029fcac1b0d257b9ad240d9419c348,[Unnamed Skill],a052b077c1029fcac1b0d257b9ad240d9419c348,[Unnamed Skill],1.0,Type-1 (Verbatim)
a052b077c1029fcac1b0d257b9ad240d9419c348,[Unnamed Skill],a052b077c1029fcac1b0d257b9ad240d9419c348,[Unnamed Skill],1.0,Type-1 (Verbatim)
a052b077c1029fcac1b0d257b9ad240d9419c348,[Unnamed Skill],a052b077c1029fcac1b0d257b9ad240d9419c348,[Unnamed Skill],1.0,Type-1 (Verbatim)
a052b077c1029fcac1b0d257b9ad240d9419c348,[Unnamed Skill],a052b077c1029fcac1b0d257b9ad240d9419c348,[Unnamed Skill],1.0,Type-1 (Verbatim)
a052b077c1029fcac1b0d257b9ad240d9419c348,[Unnamed Skill],a052b077c1029fcac1b0d257b9ad240d9419c348,[Unnamed Skill],1.0,Type-1 (Verbatim)
a052b077c1029fcac1b0d257b9ad240d9419c348,[Unnamed Skill],a052b077c1029fcac1b0d257b9ad240d9419c348,[Unnamed Skill],1.0,Type-1 (Verbatim)
a052b077c1029fcac1b0d257b9ad240d9419c348,[Unnamed Skill],a052b077c1029fcac1b0d257b9ad240d9419c348,[Unnamed Skill],1.0,Type-1 (Verbatim)
a052b077c1029fcac1b0d257b9ad240d9419c348,[Unnamed Skill],a052b077c1029fcac1b0d257b9ad240d9419c348,[Unnamed Skill],1.0,Type-1 (Verbatim)
a052b077c1029fcac1b0d257b9ad240d9419c348,[Unnamed Skill],a052b077c1029fcac1b0d257b9ad240d9419c348,[Unnamed Skill],1.0,Type-1 (Verbatim)
a052b077c1029fcac1b0d257b9ad240d9419c348,[Unnamed Skill],a052b077c1029fcac1b0d257b9ad240d9419c348,[Unnamed Skill],1.0,Type-1 (Verbatim)
a052b077c1029fcac1b0d257b9ad240d9419c348,[Unnamed Skill],a052b077c1029fcac1b0d257b9ad240d9419c348,[Unnamed Skill],1.0,Type-1 (Verbatim)
a052b077c1029fcac1b0d257b9ad240d9419c348,[Unnamed Skill],a052b077c1029fcac1b0d257b9ad240d9419c348,[Unnamed Skill],1.0,Type-1 (Verbatim)
a052b077c1029fcac1b0d257b9ad240d9419c348,[Unnamed Skill],a052b077c1029fcac1b0d257b9ad240d9419c348,[Unnamed Skill],1.0,Type-1 (Verbatim)
a052b077c1029fcac1b0d257b9ad240d9419c348,[Unnamed Skill],a052b077c1029fcac1b0d257b9ad240d9419c348,[Unnamed Skill],1.0,Type-1 (Verbatim)
a052b077c1029fcac1b0d257b9ad240d9419c348,[Unnamed Skill],a052b077c1029fcac1b0d257b9ad240d9419c348,[Unnamed Skill],1.0,Type-1 (Verbatim)
a052b077c1029fcac1b0d257b9ad240d9419c348,[Unnamed Skill],a052b077c1029fcac1b0d257b9ad240d9419c348,[Unnamed Skill],1.0,Type-1 (Verbatim)
a052b077c1029fcac1b0d257b9ad240d9419c348,[Unnamed Skill],a052b077c1029fcac1b0d257b9ad240d9419c348,[Unnamed Skill],1.0,Type-1 (Verbatim)
a052b077c1029fcac1b0d257b9ad240d9419c348,[Unnamed Skill],a052b077c1029fcac1b0d257b9ad240d9419c348,[Unnamed Skill],1.0,Type-1 (Verbatim)
a052b077c1029fcac1b0d257b9ad240d9419c348,[Unnamed Skill],a052b077c1029fcac1b0d257b9ad240d9419c348,[Unnamed Skill],1.0,Type-1 (Verbatim)
a052b077c1029fcac1b0d257b9ad240d9419c348,[Unnamed Skill],a052b077c1029fcac1b0d257b9ad240d9419c348,[Unnamed Skill],1.0,Type-1 (Verbatim)
a052b077c1029fcac1b0d257b9ad240d9419c348,[Unnamed Skill],a052b077c1029fcac1b0d257b9ad240d9419c348,[Unnamed Skill],1.0,Type-1 (Verbatim)
a052b077c1029fcac1b0d257b9ad240d9419c348,[Unnamed Skill],a052b077c1029fcac1b0d257b9ad240d9419c348,[Unnamed Skill],1.0,Type-1 (Verbatim)
a052b077c1029fcac1b0d257b9ad240d9419c348,[Unnamed Skill],a052b077c1029fcac1b0d257b9ad240d9419c348,[Unnamed Skill],1.0,Type-1 (Verbatim)
a052b077c1029fcac1b0d257b9ad240d9419c348,[Unnamed Skill],a052b077c1029fcac1b0d257b9ad240d9419c348,[Unnamed Skill],1.0,Type-1 (Verbatim)
a052b077c1029fcac1b0d257b9ad240d9419c348,[Unnamed Skill],a052b077c1029fcac1b0d257b9ad240d9419c348,[Unnamed Skill],1.0,Type-1 (Verbatim)
a052b077c1029fcac1b0d257b9ad240d9419c348,[Unnamed Skill],a052b077c1029fcac1b0d257b9ad240d9419c348,[Unnamed Skill],1.0,Type-1 (Verbatim)
a052b077c1029fcac1b0d257b9ad240d9419c348,[Unnamed Skill],a052b077c1029fcac1b0d257b9ad240d9419c348,[Unnamed Skill],1.0,Type-1 (Verbatim)
a052b077c1029fcac1b0d257b9ad240d9419c348,[Unnamed Skill],a052b077c1029fcac1b0d257b9ad240d9419c348,[Unnamed Skill],1.0,Type-1 (Verbatim)
a052b077c1029fcac1b0d257b9ad240d9419c348,[Unnamed Skill],a052b077c1029fcac1b0d257b9ad240d9419c348,[Unnamed Skill],1.0,Type-1 (Verbatim)
a052b077c1029fcac1b0d257b9ad240d9419c348,[Unnamed Skill],a052b077c1029fcac1b0d257b9ad240d9419c348,[Unnamed Skill],1.0,Type-1 (Verbatim)
a052b077c1029fcac1b0d257b9ad240d9419c348,[Unnamed Skill],a052b077c1029fcac1b0d257b9ad240d9419c348,[Unnamed Skill],1.0,Type-1 (Verbatim)
a052b077c1029fcac1b0d257b9ad240d9419c348,[Unnamed Skill],a052b077c1029fcac1b0d257b9ad240d9419c348,[Unnamed Skill],1.0,Type-1 (Verbatim)
a052b077c1029fcac1b0d257b9ad240d9419c348,[Unnamed Skill],a052b077c1029fcac1b0d257b9ad240d9419c348,[Unnamed Skill],1.0,Type-1 (Verbatim)
a052b077c1029fcac1b0d257b9ad240d9419c348,[Unnamed Skill],a052b077c1029fcac1b0d257b9ad240d9419c348,[Unnamed Skill],1.0,Type-1 (Verbatim)
a052b077c1029fcac1b0d257b9ad240d9419c348,[Unnamed Skill],a052b077c1029fcac1b0d257b9ad240d9419c348,[Unnamed Skill],1.0,Type-1 (Verbatim)
a052b077c1029fcac1b0d257b9ad240d9419c348,[Unnamed Skill],a052b077c1029fcac1b0d257b9ad240d9419c348,[Unnamed Skill],1.0,Type-1 (Verbatim)
a052b077c1029fcac1b0d257b9ad240d9419c348,[Unnamed Skill],a052b077c1029fcac1b0d257b9ad240d9419c348,[Unnamed Skill],1.0,Type-1 (Verbatim)
a052b077c1029fcac1b0d257b9ad240d9419c348,[Unnamed Skill],a052b077c1029fcac1b0d257b9ad240d9419c348,[Unnamed Skill],1.0,Type-1 (Verbatim)
a052b077c1029fcac1b0d257b9ad240d9419c348,[Unnamed Skill],a052b077c1029fcac1b0d257b9ad240d9419c348,[Unnamed Skill],1.0,Type-1 (Verbatim)
a052b077c1029fcac1b0d257b9ad240d9419c348,[Unnamed Skill],a052b077c1029fcac1b0d257b9ad240d9419c348,[Unnamed Skill],1.0,Type-1 (Verbatim)
a052b077c1029fcac1b0d257b9ad240d9419c348,[Unnamed Skill],a052b077c1029fcac1b0d257b9ad240d9419c348,[Unnamed Skill],1.0,Type-1 (Verbatim)
a052b077c1029fcac1b0d257b9ad240d9419c348,[Unnamed Skill],a052b077c1029fcac1b0d257b9ad240d9419c348,[Unnamed Skill],1.0,Type-1 (Verbatim)
a052b077c1029fcac1b0d257b9ad240d9419c348,[Unnamed Skill],a052b077c1029fcac1b0d257b9ad240d9419c348,[Unnamed Skill],1.0,Type-1 (Verbatim)
a052b077c1029fcac1b0d257b9ad240d9419c348,[Unnamed Skill],a052b077c1029fcac1b0d257b9ad240d9419c348,[Unnamed Skill],1.0,Type-1 (Verbatim)
a052b077c1029fcac1b0d257b9ad240d9419c348,[Unnamed Skill],a052b077c1029fcac1b0d257b9ad240d9419c348,[Unnamed Skill],1.0,Type-1 (Verbatim)
a052b077c1029fcac1b0d257b9ad240d9419c348,[Unnamed Skill],a052b077c1029fcac1b0d257b9ad240d9419c348,[Unnamed Skill],1.0,Type-1 (Verbatim)
a052b077c1029fcac1b0d257b9ad240d9419c348,[Unnamed Skill],a052b077c1029fcac1b0d257b9ad240d9419c348,[Unnamed Skill],1.0,Type-1 (Verbatim)
a052b077c1029fcac1b0d257b9ad240d9419c348,[Unnamed Skill],a052b077c1029fcac1b0d257b9ad240d9419c348,[Unnamed Skill],1.0,Type-1 (Verbatim)
a052b077c1029fcac1b0d257b9ad240d9419c348,[Unnamed Skill],a052b077c1029fcac1b0d257b9ad240d9419c348,[Unnamed Skill],1.0,Type-1 (Verbatim)
a052b077c1029fcac1b0d257b9ad240d9419c348,[Unnamed Skill],a052b077c1029fcac1b0d257b9ad240d9419c348,[Unnamed Skill],1.0,Type-1 (Verbatim)
a052b077c1029fcac1b0d257b9ad240d9419c348,[Unnamed Skill],a052b077c1029fcac1b0d257b9ad240d9419c348,[Unnamed Skill],1.0,Type-1 (Verbatim)
a052b077c1029fcac1b0d257b9ad240d9419c348,[Unnamed Skill],a052b077c1029fcac1b0d257b9ad240d9419c348,[Unnamed Skill],1.0,Type-1 (Verbatim)
a052b077c1029fcac1b0d257b9ad240d9419c348,[Unnamed Skill],a052b077c1029fcac1b0d257b9ad240d9419c348,[Unnamed Skill],1.0,Type-1 (Verbatim)
a052b077c1029fcac1b0d257b9ad240d9419c348,[Unnamed Skill],a052b077c1029fcac1b0d257b9ad240d9419c348,[Unnamed Skill],1.0,Type-1 (Verbatim)
a052b077c1029fcac1b0d257b9ad240d9419c348,[Unnamed Skill],a052b077c1029fcac1b0d257b9ad240d9419c348,[Unnamed Skill],1.0,Type-1 (Verbatim)
a052b077c1029fcac1b0d257b9ad240d9419c348,[Unnamed Skill],a052b077c1029fcac1b0d257b9ad240d9419c348,[Unnamed Skill],1.0,Type-1 (Verbatim)
a052b077c1029fcac1b0d257b9ad240d9419c348,[Unnamed Skill],a052b077c1029fcac1b0d257b9ad240d9419c348,[Unnamed Skill],1.0,Type-1 (Verbatim)
a052b077c1029fcac1b0d257b9ad240d9419c348,[Unnamed Skill],a052b077c1029fcac1b0d257b9ad240d9419c348,[Unnamed Skill],1.0,Type-1 (Verbatim)
a052b077c1029fcac1b0d257b9ad240d9419c348,[Unnamed Skill],a052b077c1029fcac1b0d257b9ad240d9419c348,[Unnamed Skill],1.0,Type-1 (Verbatim)
a052b077c1029fcac1b0d257b9ad240d9419c348,[Unnamed Skill],a052b077c1029fcac1b0d257b9ad240d9419c348,[Unnamed Skill],1.0,Type-1 (Verbatim)
a052b077c1029fcac1b0d257b9ad240d9419c348,[Unnamed Skill],a052b077c1029fcac1b0d257b9ad240d9419c348,[Unnamed Skill],1.0,Type-1 (Verbatim)
a052b077c1029fcac1b0d257b9ad240d9419c348,[Unnamed Skill],a052b077c1029fcac1b0d257b9ad240d9419c348,[Unnamed Skill],1.0,Type-1 (Verbatim)
a052b077c1029fcac1b0d257b9ad240d9419c348,[Unnamed Skill],a052b077c1029fcac1b0d257b9ad240d9419c348,[Unnamed Skill],1.0,Type-1 (Verbatim)
a052b077c1029fcac1b0d257b9ad240d9419c348,[Unnamed Skill],a052b077c1029fcac1b0d257b9ad240d9419c348,[Unnamed Skill],1.0,Type-1 (Verbatim)
a052b077c1029fcac1b0d257b9ad240d9419c348,[Unnamed Skill],a052b077c1029fcac1b0d257b9ad240d9419c348,[Unnamed Skill],1.0,Type-1 (Verbatim)
a052b077c1029fcac1b0d257b9ad240d9419c348,[Unnamed Skill],a052b077c1029fcac1b0d257b9ad240d9419c348,[Unnamed Skill],1.0,Type-1 (Verbatim)
a052b077c1029fcac1b0d257b9ad240d9419c348,[Unnamed Skill],a052b077c1029fcac1b0d257b9ad240d9419c348,[Unnamed Skill],1.0,Type-1 (Verbatim)
a052b077c1029fcac1b0d257b9ad240d9419c348,[Unnamed Skill],a052b077c1029fcac1b0d257b9ad240d9419c348,[Unnamed Skill],1.0,Type-1 (Verbatim)
a052b077c1029fcac1b0d257b9ad240d9419c348,[Unnamed Skill],a052b077c1029fcac1b0d257b9ad240d9419c348,[Unnamed Skill],1.0,Type-1 (Verbatim)
a052b077c1029fcac1b0d257b9ad240d9419c348,[Unnamed Skill],a052b077c1029fcac1b0d257b9ad240d9419c348,[Unnamed Skill],1.0,Type-1 (Verbatim)
a052b077c1029fcac1b0d257b9ad240d9419c348,[Unnamed Skill],a052b077c1029fcac1b0d257b9ad240d9419c348,[Unnamed Skill],1.0,Type-1 (Verbatim)
a052b077c1029fcac1b0d257b9ad240d9419c348,[Unnamed Skill],a052b077c1029fcac1b0d257b9ad240d9419c348,[Unnamed Skill],1.0,Type-1 (Verbatim)
a052b077c1029fcac1b0d257b9ad240d9419c348,[Unnamed Skill],a052b077c1029fcac1b0d257b9ad240d9419c348,[Unnamed Skill],1.0,Type-1 (Verbatim)
a052b077c1029fcac1b0d257b9ad240d9419c348,[Unnamed Skill],a052b077c1029fcac1b0d257b9ad240d9419c348,[Unnamed Skill],1.0,Type-1 (Verbatim)
a052b077c1029fcac1b0d257b9ad240d9419c348,[Unnamed Skill],a052b077c1029fcac1b0d257b9ad240d9419c348,[Unnamed Skill],1.0,Type-1 (Verbatim)
a052b077c1029fcac1b0d257b9ad240d9419c348,[Unnamed Skill],a052b077c1029fcac1b0d257b9ad240d9419c348,[Unnamed Skill],1.0,Type-1 (Verbatim)
a052b077c1029fcac1b0d257b9ad240d9419c348,[Unnamed Skill],a052b077c1029fcac1b0d257b9ad240d9419c348,[Unnamed Skill],1.0,Type-1 (Verbatim)
a052b077c1029fcac1b0d257b9ad240d9419c348,[Unnamed Skill],a052b077c1029fcac1b0d257b9ad240d9419c348,[Unnamed Skill],1.0,Type-1 (Verbatim)
953aefa9aaef5182ac535e25571492cd7eee4d30,[Unnamed Skill],953aefa9aaef5182ac535e25571492cd7eee4d30,[Unnamed Skill],1.0,Type-1 (Verbatim)
953aefa9aaef5182ac535e25571492cd7eee4d30,[Unnamed Skill],953aefa9aaef5182ac535e25571492cd7eee4d30,[Unnamed Skill],1.0,Type-1 (Verbatim)
953aefa9aaef5182ac535e25571492cd7eee4d30,[Unnamed Skill],953aefa9aaef5182ac535e25571492cd7eee4d30,[Unnamed Skill],1.0,Type-1 (Verbatim)
953aefa9aaef5182ac535e25571492cd7eee4d30,[Unnamed Skill],953aefa9aaef5182ac535e25571492cd7eee4d30,[Unnamed Skill],1.0,Type-1 (Verbatim)
953aefa9aaef5182ac535e25571492cd7eee4d30,[Unnamed Skill],953aefa9aaef5182ac535e25571492cd7eee4d30,[Unnamed Skill],1.0,Type-1 (Verbatim)
953aefa9aaef5182ac535e25571492cd7eee4d30,[Unnamed Skill],953aefa9aaef5182ac535e25571492cd7eee4d30,[Unnamed Skill],1.0,Type-1 (Verbatim)
953aefa9aaef5182ac535e25571492cd7eee4d30,[Unnamed Skill],953aefa9aaef5182ac535e25571492cd7eee4d30,[Unnamed Skill],1.0,Type-1 (Verbatim)
953aefa9aaef5182ac535e25571492cd7eee4d30,[Unnamed Skill],953aefa9aaef5182ac535e25571492cd7eee4d30,[Unnamed Skill],1.0,Type-1 (Verbatim)
953aefa9aaef5182ac535e25571492cd7eee4d30,[Unnamed Skill],953aefa9aaef5182ac535e25571492cd7eee4d30,[Unnamed Skill],1.0,Type-1 (Verbatim)
953aefa9aaef5182ac535e25571492cd7eee4d30,[Unnamed Skill],953aefa9aaef5182ac535e25571492cd7eee4d30,[Unnamed Skill],1.0,Type-1 (Verbatim)
953aefa9aaef5182ac535e25571492cd7eee4d30,[Unnamed Skill],953aefa9aaef5182ac535e25571492cd7eee4d30,[Unnamed Skill],1.0,Type-1 (Verbatim)
953aefa9aaef5182ac535e25571492cd7eee4d30,[Unnamed Skill],953aefa9aaef5182ac535e25571492cd7eee4d30,[Unnamed Skill],1.0,Type-1 (Verbatim)
953aefa9aaef5182ac535e25571492cd7eee4d30,[Unnamed Skill],953aefa9aaef5182ac535e25571492cd7eee4d30,[Unnamed Skill],1.0,Type-1 (Verbatim)
953aefa9aaef5182ac535e25571492cd7eee4d30,[Unnamed Skill],953aefa9aaef5182ac535e25571492cd7eee4d30,[Unnamed Skill],1.0,Type-1 (Verbatim)
953aefa9aaef5182ac535e25571492cd7eee4d30,[Unnamed Skill],953aefa9aaef5182ac535e25571492cd7eee4d30,[Unnamed Skill],1.0,Type-1 (Verbatim)
953aefa9aaef5182ac535e25571492cd7eee4d30,[Unnamed Skill],953aefa9aaef5182ac535e25571492cd7eee4d30,[Unnamed Skill],1.0,Type-1 (Verbatim)
953aefa9aaef5182ac535e25571492cd7eee4d30,[Unnamed Skill],953aefa9aaef5182ac535e25571492cd7eee4d30,[Unnamed Skill],1.0,Type-1 (Verbatim)
953aefa9aaef5182ac535e25571492cd7eee4d30,[Unnamed Skill],953aefa9aaef5182ac535e25571492cd7eee4d30,[Unnamed Skill],1.0,Type-1 (Verbatim)
953aefa9aaef5182ac535e25571492cd7eee4d30,[Unnamed Skill],953aefa9aaef5182ac535e25571492cd7eee4d30,[Unnamed Skill],1.0,Type-1 (Verbatim)
953aefa9aaef5182ac535e25571492cd7eee4d30,[Unnamed Skill],953aefa9aaef5182ac535e25571492cd7eee4d30,[Unnamed Skill],1.0,Type-1 (Verbatim)
953aefa9aaef5182ac535e25571492cd7eee4d30,[Unnamed Skill],953aefa9aaef5182ac535e25571492cd7eee4d30,[Unnamed Skill],1.0,Type-1 (Verbatim)
953aefa9aaef5182ac535e25571492cd7eee4d30,[Unnamed Skill],953aefa9aaef5182ac535e25571492cd7eee4d30,[Unnamed Skill],1.0,Type-1 (Verbatim)
953aefa9aaef5182ac535e25571492cd7eee4d30,[Unnamed Skill],953aefa9aaef5182ac535e25571492cd7eee4d30,[Unnamed Skill],1.0,Type-1 (Verbatim)
953aefa9aaef5182ac535e25571492cd7eee4d30,[Unnamed Skill],953aefa9aaef5182ac535e25571492cd7eee4d30,[Unnamed Skill],1.0,Type-1 (Verbatim)
953aefa9aaef5182ac535e25571492cd7eee4d30,[Unnamed Skill],953aefa9aaef5182ac535e25571492cd7eee4d30,[Unnamed Skill],1.0,Type-1 (Verbatim)
953aefa9aaef5182ac535e25571492cd7eee4d30,[Unnamed Skill],953aefa9aaef5182ac535e25571492cd7eee4d30,[Unnamed Skill],1.0,Type-1 (Verbatim)
953aefa9aaef5182ac535e25571492cd7eee4d30,[Unnamed Skill],953aefa9aaef5182ac535e25571492cd7eee4d30,[Unnamed Skill],1.0,Type-1 (Verbatim)
953aefa9aaef5182ac535e25571492cd7eee4d30,[Unnamed Skill],953aefa9aaef5182ac535e25571492cd7eee4d30,[Unnamed Skill],1.0,Type-1 (Verbatim)
953aefa9aaef5182ac535e25571492cd7eee4d30,[Unnamed Skill],953aefa9aaef5182ac535e25571492cd7eee4d30,[Unnamed Skill],1.0,Type-1 (Verbatim)
953aefa9aaef5182ac535e25571492cd7eee4d30,[Unnamed Skill],953aefa9aaef5182ac535e25571492cd7eee4d30,[Unnamed Skill],1.0,Type-1 (Verbatim)
953aefa9aaef5182ac535e25571492cd7eee4d30,[Unnamed Skill],953aefa9aaef5182ac535e25571492cd7eee4d30,[Unnamed Skill],1.0,Type-1 (Verbatim)
953aefa9aaef5182ac535e25571492cd7eee4d30,[Unnamed Skill],953aefa9aaef5182ac535e25571492cd7eee4d30,[Unnamed Skill],1.0,Type-1 (Verbatim)
953aefa9aaef5182ac535e25571492cd7eee4d30,[Unnamed Skill],953aefa9aaef5182ac535e25571492cd7eee4d30,[Unnamed Skill],1.0,Type-1 (Verbatim)
953aefa9aaef5182ac535e25571492cd7eee4d30,[Unnamed Skill],953aefa9aaef5182ac535e25571492cd7eee4d30,[Unnamed Skill],1.0,Type-1 (Verbatim)
953aefa9aaef5182ac535e25571492cd7eee4d30,[Unnamed Skill],953aefa9aaef5182ac535e25571492cd7eee4d30,[Unnamed Skill],1.0,Type-1 (Verbatim)
953aefa9aaef5182ac535e25571492cd7eee4d30,[Unnamed Skill],953aefa9aaef5182ac535e25571492cd7eee4d30,[Unnamed Skill],1.0,Type-1 (Verbatim)
953aefa9aaef5182ac535e25571492cd7eee4d30,[Unnamed Skill],953aefa9aaef5182ac535e25571492cd7eee4d30,[Unnamed Skill],1.0,Type-1 (Verbatim)
953aefa9aaef5182ac535e25571492cd7eee4d30,[Unnamed Skill],953aefa9aaef5182ac535e25571492cd7eee4d30,[Unnamed Skill],1.0,Type-1 (Verbatim)
953aefa9aaef5182ac535e25571492cd7eee4d30,[Unnamed Skill],953aefa9aaef5182ac535e25571492cd7eee4d30,[Unnamed Skill],1.0,Type-1 (Verbatim)
953aefa9aaef5182ac535e25571492cd7eee4d30,[Unnamed Skill],953aefa9aaef5182ac535e25571492cd7eee4d30,[Unnamed Skill],1.0,Type-1 (Verbatim)
953aefa9aaef5182ac535e25571492cd7eee4d30,[Unnamed Skill],953aefa9aaef5182ac535e25571492cd7eee4d30,[Unnamed Skill],1.0,Type-1 (Verbatim)
953aefa9aaef5182ac535e25571492cd7eee4d30,[Unnamed Skill],953aefa9aaef5182ac535e25571492cd7eee4d30,[Unnamed Skill],1.0,Type-1 (Verbatim)
953aefa9aaef5182ac535e25571492cd7eee4d30,[Unnamed Skill],953aefa9aaef5182ac535e25571492cd7eee4d30,[Unnamed Skill],1.0,Type-1 (Verbatim)
953aefa9aaef5182ac535e25571492cd7eee4d30,[Unnamed Skill],953aefa9aaef5182ac535e25571492cd7eee4d30,[Unnamed Skill],1.0,Type-1 (Verbatim)
953aefa9aaef5182ac535e25571492cd7eee4d30,[Unnamed Skill],953aefa9aaef5182ac535e25571492cd7eee4d30,[Unnamed Skill],1.0,Type-1 (Verbatim)
953aefa9aaef5182ac535e25571492cd7eee4d30,[Unnamed Skill],953aefa9aaef5182ac535e25571492cd7eee4d30,[Unnamed Skill],1.0,Type-1 (Verbatim)
953aefa9aaef5182ac535e25571492cd7eee4d30,[Unnamed Skill],953aefa9aaef5182ac535e25571492cd7eee4d30,[Unnamed Skill],1.0,Type-1 (Verbatim)
953aefa9aaef5182ac535e25571492cd7eee4d30,[Unnamed Skill],953aefa9aaef5182ac535e25571492cd7eee4d30,[Unnamed Skill],1.0,Type-1 (Verbatim)
953aefa9aaef5182ac535e25571492cd7eee4d30,[Unnamed Skill],953aefa9aaef5182ac535e25571492cd7eee4d30,[Unnamed Skill],1.0,Type-1 (Verbatim)
953aefa9aaef5182ac535e25571492cd7eee4d30,[Unnamed Skill],953aefa9aaef5182ac535e25571492cd7eee4d30,[Unnamed Skill],1.0,Type-1 (Verbatim)
953aefa9aaef5182ac535e25571492cd7eee4d30,[Unnamed Skill],953aefa9aaef5182ac535e25571492cd7eee4d30,[Unnamed Skill],1.0,Type-1 (Verbatim)
953aefa9aaef5182ac535e25571492cd7eee4d30,[Unnamed Skill],953aefa9aaef5182ac535e25571492cd7eee4d30,[Unnamed Skill],1.0,Type-1 (Verbatim)
953aefa9aaef5182ac535e25571492cd7eee4d30,[Unnamed Skill],953aefa9aaef5182ac535e25571492cd7eee4d30,[Unnamed Skill],1.0,Type-1 (Verbatim)
953aefa9aaef5182ac535e25571492cd7eee4d30,[Unnamed Skill],953aefa9aaef5182ac535e25571492cd7eee4d30,[Unnamed Skill],1.0,Type-1 (Verbatim)
953aefa9aaef5182ac535e25571492cd7eee4d30,[Unnamed Skill],953aefa9aaef5182ac535e25571492cd7eee4d30,[Unnamed Skill],1.0,Type-1 (Verbatim)
953aefa9aaef5182ac535e25571492cd7eee4d30,[Unnamed Skill],953aefa9aaef5182ac535e25571492cd7eee4d30,[Unnamed Skill],1.0,Type-1 (Verbatim)
953aefa9aaef5182ac535e25571492cd7eee4d30,[Unnamed Skill],953aefa9aaef5182ac535e25571492cd7eee4d30,[Unnamed Skill],1.0,Type-1 (Verbatim)
953aefa9aaef5182ac535e25571492cd7eee4d30,[Unnamed Skill],953aefa9aaef5182ac535e25571492cd7eee4d30,[Unnamed Skill],1.0,Type-1 (Verbatim)
953aefa9aaef5182ac535e25571492cd7eee4d30,[Unnamed Skill],953aefa9aaef5182ac535e25571492cd7eee4d30,[Unnamed Skill],1.0,Type-1 (Verbatim)
953aefa9aaef5182ac535e25571492cd7eee4d30,[Unnamed Skill],953aefa9aaef5182ac535e25571492cd7eee4d30,[Unnamed Skill],1.0,Type-1 (Verbatim)
953aefa9aaef5182ac535e25571492cd7eee4d30,[Unnamed Skill],953aefa9aaef5182ac535e25571492cd7eee4d30,[Unnamed Skill],1.0,Type-1 (Verbatim)
953aefa9aaef5182ac535e25571492cd7eee4d30,[Unnamed Skill],953aefa9aaef5182ac535e25571492cd7eee4d30,[Unnamed Skill],1.0,Type-1 (Verbatim)
953aefa9aaef5182ac535e25571492cd7eee4d30,[Unnamed Skill],953aefa9aaef5182ac535e25571492cd7eee4d30,[Unnamed Skill],1.0,Type-1 (Verbatim)
953aefa9aaef5182ac535e25571492cd7eee4d30,[Unnamed Skill],953aefa9aaef5182ac535e25571492cd7eee4d30,[Unnamed Skill],1.0,Type-1 (Verbatim)
953aefa9aaef5182ac535e25571492cd7eee4d30,[Unnamed Skill],953aefa9aaef5182ac535e25571492cd7eee4d30,[Unnamed Skill],1.0,Type-1 (Verbatim)
953aefa9aaef5182ac535e25571492cd7eee4d30,[Unnamed Skill],953aefa9aaef5182ac535e25571492cd7eee4d30,[Unnamed Skill],1.0,Type-1 (Verbatim)
953aefa9aaef5182ac535e25571492cd7eee4d30,[Unnamed Skill],953aefa9aaef5182ac535e25571492cd7eee4d30,[Unnamed Skill],1.0,Type-1 (Verbatim)
953aefa9aaef5182ac535e25571492cd7eee4d30,[Unnamed Skill],953aefa9aaef5182ac535e25571492cd7eee4d30,[Unnamed Skill],1.0,Type-1 (Verbatim)
953aefa9aaef5182ac535e25571492cd7eee4d30,[Unnamed Skill],953aefa9aaef5182ac535e25571492cd7eee4d30,[Unnamed Skill],1.0,Type-1 (Verbatim)
953aefa9aaef5182ac535e25571492cd7eee4d30,[Unnamed Skill],953aefa9aaef5182ac535e25571492cd7eee4d30,[Unnamed Skill],1.0,Type-1 (Verbatim)
953aefa9aaef5182ac535e25571492cd7eee4d30,[Unnamed Skill],953aefa9aaef5182ac535e25571492cd7eee4d30,[Unnamed Skill],1.0,Type-1 (Verbatim)
953aefa9aaef5182ac535e25571492cd7eee4d30,[Unnamed Skill],953aefa9aaef5182ac535e25571492cd7eee4d30,[Unnamed Skill],1.0,Type-1 (Verbatim)
953aefa9aaef5182ac535e25571492cd7eee4d30,[Unnamed Skill],953aefa9aaef5182ac535e25571492cd7eee4d30,[Unnamed Skill],1.0,Type-1 (Verbatim)
953aefa9aaef5182ac535e25571492cd7eee4d30,[Unnamed Skill],953aefa9aaef5182ac535e25571492cd7eee4d30,[Unnamed Skill],1.0,Type-1 (Verbatim)
953aefa9aaef5182ac535e25571492cd7eee4d30,[Unnamed Skill],953aefa9aaef5182ac535e25571492cd7eee4d30,[Unnamed Skill],1.0,Type-1 (Verbatim)
953aefa9aaef5182ac535e25571492cd7eee4d30,[Unnamed Skill],953aefa9aaef5182ac535e25571492cd7eee4d30,[Unnamed Skill],1.0,Type-1 (Verbatim)
953aefa9aaef5182ac535e25571492cd7eee4d30,[Unnamed Skill],953aefa9aaef5182ac535e25571492cd7eee4d30,[Unnamed Skill],1.0,Type-1 (Verbatim)
953aefa9aaef5182ac535e25571492cd7eee4d30,[Unnamed Skill],953aefa9aaef5182ac535e25571492cd7eee4d30,[Unnamed Skill],1.0,Type-1 (Verbatim)
953aefa9aaef5182ac535e25571492cd7eee4d30,[Unnamed Skill],953aefa9aaef5182ac535e25571492cd7eee4d30,[Unnamed Skill],1.0,Type-1 (Verbatim)
953aefa9aaef5182ac535e25571492cd7eee4d30,[Unnamed Skill],953aefa9aaef5182ac535e25571492cd7eee4d30,[Unnamed Skill],1.0,Type-1 (Verbatim)
953aefa9aaef5182ac535e25571492cd7eee4d30,[Unnamed Skill],953aefa9aaef5182ac535e25571492cd7eee4d30,[Unnamed Skill],1.0,Type-1 (Verbatim)
953aefa9aaef5182ac535e25571492cd7eee4d30,[Unnamed Skill],953aefa9aaef5182ac535e25571492cd7eee4d30,[Unnamed Skill],1.0,Type-1 (Verbatim)
953aefa9aaef5182ac535e25571492cd7eee4d30,[Unnamed Skill],953aefa9aaef5182ac535e25571492cd7eee4d30,[Unnamed Skill],1.0,Type-1 (Verbatim)
953aefa9aaef5182ac535e25571492cd7eee4d30,[Unnamed Skill],953aefa9aaef5182ac535e25571492cd7eee4d30,[Unnamed Skill],1.0,Type-1 (Verbatim)
953aefa9aaef5182ac535e25571492cd7eee4d30,[Unnamed Skill],953aefa9aaef5182ac535e25571492cd7eee4d30,[Unnamed Skill],1.0,Type-1 (Verbatim)
953aefa9aaef5182ac535e25571492cd7eee4d30,[Unnamed Skill],953aefa9aaef5182ac535e25571492cd7eee4d30,[Unnamed Skill],1.0,Type-1 (Verbatim)
953aefa9aaef5182ac535e25571492cd7eee4d30,[Unnamed Skill],953aefa9aaef5182ac535e25571492cd7eee4d30,[Unnamed Skill],1.0,Type-1 (Verbatim)
953aefa9aaef5182ac535e25571492cd7eee4d30,[Unnamed Skill],953aefa9aaef5182ac535e25571492cd7eee4d30,[Unnamed Skill],1.0,Type-1 (Verbatim)
953aefa9aaef5182ac535e25571492cd7eee4d30,[Unnamed Skill],953aefa9aaef5182ac535e25571492cd7eee4d30,[Unnamed Skill],1.0,Type-1 (Verbatim)
953aefa9aaef5182ac535e25571492cd7eee4d30,[Unnamed Skill],953aefa9aaef5182ac535e25571492cd7eee4d30,[Unnamed Skill],1.0,Type-1 (Verbatim)
953aefa9aaef5182ac535e25571492cd7eee4d30,[Unnamed Skill],953aefa9aaef5182ac535e25571492cd7eee4d30,[Unnamed Skill],1.0,Type-1 (Verbatim)
953aefa9aaef5182ac535e25571492cd7eee4d30,[Unnamed Skill],953aefa9aaef5182ac535e25571492cd7eee4d30,[Unnamed Skill],1.0,Type-1 (Verbatim)
953aefa9aaef5182ac535e25571492cd7eee4d30,[Unnamed Skill],953aefa9aaef5182ac535e25571492cd7eee4d30,[Unnamed Skill],1.0,Type-1 (Verbatim)
953aefa9aaef5182ac535e25571492cd7eee4d30,[Unnamed Skill],953aefa9aaef5182ac535e25571492cd7eee4d30,[Unnamed Skill],1.0,Type-1 (Verbatim)
953aefa9aaef5182ac535e25571492cd7eee4d30,[Unnamed Skill],953aefa9aaef5182ac535e25571492cd7eee4d30,[Unnamed Skill],1.0,Type-1 (Verbatim)
953aefa9aaef5182ac535e25571492cd7eee4d30,[Unnamed Skill],953aefa9aaef5182ac535e25571492cd7eee4d30,[Unnamed Skill],1.0,Type-1 (Verbatim)
953aefa9aaef5182ac535e25571492cd7eee4d30,[Unnamed Skill],953aefa9aaef5182ac535e25571492cd7eee4d30,[Unnamed Skill],1.0,Type-1 (Verbatim)
953aefa9aaef5182ac535e25571492cd7eee4d30,[Unnamed Skill],953aefa9aaef5182ac535e25571492cd7eee4d30,[Unnamed Skill],1.0,Type-1 (Verbatim)
953aefa9aaef5182ac535e25571492cd7eee4d30,[Unnamed Skill],953aefa9aaef5182ac535e25571492cd7eee4d30,[Unnamed Skill],1.0,Type-1 (Verbatim)
953aefa9aaef5182ac535e25571492cd7eee4d30,[Unnamed Skill],953aefa9aaef5182ac535e25571492cd7eee4d30,[Unnamed Skill],1.0,Type-1 (Verbatim)
953aefa9aaef5182ac535e25571492cd7eee4d30,[Unnamed Skill],953aefa9aaef5182ac535e25571492cd7eee4d30,[Unnamed Skill],1.0,Type-1 (Verbatim)
953aefa9aaef5182ac535e25571492cd7eee4d30,[Unnamed Skill],953aefa9aaef5182ac535e25571492cd7eee4d30,[Unnamed Skill],1.0,Type-1 (Verbatim)
953aefa9aaef5182ac535e25571492cd7eee4d30,[Unnamed Skill],953aefa9aaef5182ac535e25571492cd7eee4d30,[Unnamed Skill],1.0,Type-1 (Verbatim)
953aefa9aaef5182ac535e25571492cd7eee4d30,[Unnamed Skill],953aefa9aaef5182ac535e25571492cd7eee4d30,[Unnamed Skill],1.0,Type-1 (Verbatim)
953aefa9aaef5182ac535e25571492cd7eee4d30,[Unnamed Skill],953aefa9aaef5182ac535e25571492cd7eee4d30,[Unnamed Skill],1.0,Type-1 (Verbatim)
953aefa9aaef5182ac535e25571492cd7eee4d30,[Unnamed Skill],953aefa9aaef5182ac535e25571492cd7eee4d30,[Unnamed Skill],1.0,Type-1 (Verbatim)
953aefa9aaef5182ac535e25571492cd7eee4d30,[Unnamed Skill],953aefa9aaef5182ac535e25571492cd7eee4d30,[Unnamed Skill],1.0,Type-1 (Verbatim)
953aefa9aaef5182ac535e25571492cd7eee4d30,[Unnamed Skill],953aefa9aaef5182ac535e25571492cd7eee4d30,[Unnamed Skill],1.0,Type-1 (Verbatim)
953aefa9aaef5182ac535e25571492cd7eee4d30,[Unnamed Skill],953aefa9aaef5182ac535e25571492cd7eee4d30,[Unnamed Skill],1.0,Type-1 (Verbatim)
953aefa9aaef5182ac535e25571492cd7eee4d30,[Unnamed Skill],953aefa9aaef5182ac535e25571492cd7eee4d30,[Unnamed Skill],1.0,Type-1 (Verbatim)
953aefa9aaef5182ac535e25571492cd7eee4d30,[Unnamed Skill],953aefa9aaef5182ac535e25571492cd7eee4d30,[Unnamed Skill],1.0,Type-1 (Verbatim)
953aefa9aaef5182ac535e25571492cd7eee4d30,[Unnamed Skill],953aefa9aaef5182ac535e25571492cd7eee4d30,[Unnamed Skill],1.0,Type-1 (Verbatim)
953aefa9aaef5182ac535e25571492cd7eee4d30,[Unnamed Skill],953aefa9aaef5182ac535e25571492cd7eee4d30,[Unnamed Skill],1.0,Type-1 (Verbatim)
953aefa9aaef5182ac535e25571492cd7eee4d30,[Unnamed Skill],953aefa9aaef5182ac535e25571492cd7eee4d30,[Unnamed Skill],1.0,Type-1 (Verbatim)
953aefa9aaef5182ac535e25571492cd7eee4d30,[Unnamed Skill],953aefa9aaef5182ac535e25571492cd7eee4d30,[Unnamed Skill],1.0,Type-1 (Verbatim)
953aefa9aaef5182ac535e25571492cd7eee4d30,[Unnamed Skill],953aefa9aaef5182ac535e25571492cd7eee4d30,[Unnamed Skill],1.0,Type-1 (Verbatim)
953aefa9aaef5182ac535e25571492cd7eee4d30,[Unnamed Skill],953aefa9aaef5182ac535e25571492cd7eee4d30,[Unnamed Skill],1.0,Type-1 (Verbatim)
953aefa9aaef5182ac535e25571492cd7eee4d30,[Unnamed Skill],953aefa9aaef5182ac535e25571492cd7eee4d30,[Unnamed Skill],1.0,Type-1 (Verbatim)
953aefa9aaef5182ac535e25571492cd7eee4d30,[Unnamed Skill],953aefa9aaef5182ac535e25571492cd7eee4d30,[Unnamed Skill],1.0,Type-1 (Verbatim)
953aefa9aaef5182ac535e25571492cd7eee4d30,[Unnamed Skill],953aefa9aaef5182ac535e25571492cd7eee4d30,[Unnamed Skill],1.0,Type-1 (Verbatim)
953aefa9aaef5182ac535e25571492cd7eee4d30,[Unnamed Skill],953aefa9aaef5182ac535e25571492cd7eee4d30,[Unnamed Skill],1.0,Type-1 (Verbatim)
953aefa9aaef5182ac535e25571492cd7eee4d30,[Unnamed Skill],953aefa9aaef5182ac535e25571492cd7eee4d30,[Unnamed Skill],1.0,Type-1 (Verbatim)
953aefa9aaef5182ac535e25571492cd7eee4d30,[Unnamed Skill],953aefa9aaef5182ac535e25571492cd7eee4d30,[Unnamed Skill],1.0,Type-1 (Verbatim)
953aefa9aaef5182ac535e25571492cd7eee4d30,[Unnamed Skill],953aefa9aaef5182ac535e25571492cd7eee4d30,[Unnamed Skill],1.0,Type-1 (Verbatim)
953aefa9aaef5182ac535e25571492cd7eee4d30,[Unnamed Skill],953aefa9aaef5182ac535e25571492cd7eee4d30,[Unnamed Skill],1.0,Type-1 (Verbatim)
953aefa9aaef5182ac535e25571492cd7eee4d30,[Unnamed Skill],953aefa9aaef5182ac535e25571492cd7eee4d30,[Unnamed Skill],1.0,Type-1 (Verbatim)
953aefa9aaef5182ac535e25571492cd7eee4d30,[Unnamed Skill],953aefa9aaef5182ac535e25571492cd7eee4d30,[Unnamed Skill],1.0,Type-1 (Verbatim)
953aefa9aaef5182ac535e25571492cd7eee4d30,[Unnamed Skill],953aefa9aaef5182ac535e25571492cd7eee4d30,[Unnamed Skill],1.0,Type-1 (Verbatim)
953aefa9aaef5182ac535e25571492cd7eee4d30,[Unnamed Skill],953aefa9aaef5182ac535e25571492cd7eee4d30,[Unnamed Skill],1.0,Type-1 (Verbatim)
953aefa9aaef5182ac535e25571492cd7eee4d30,[Unnamed Skill],953aefa9aaef5182ac535e25571492cd7eee4d30,[Unnamed Skill],1.0,Type-1 (Verbatim)
953aefa9aaef5182ac535e25571492cd7eee4d30,[Unnamed Skill],953aefa9aaef5182ac535e25571492cd7eee4d30,[Unnamed Skill],1.0,Type-1 (Verbatim)
953aefa9aaef5182ac535e25571492cd7eee4d30,[Unnamed Skill],953aefa9aaef5182ac535e25571492cd7eee4d30,[Unnamed Skill],1.0,Type-1 (Verbatim)
953aefa9aaef5182ac535e25571492cd7eee4d30,[Unnamed Skill],953aefa9aaef5182ac535e25571492cd7eee4d30,[Unnamed Skill],1.0,Type-1 (Verbatim)
953aefa9aaef5182ac535e25571492cd7eee4d30,[Unnamed Skill],953aefa9aaef5182ac535e25571492cd7eee4d30,[Unnamed Skill],1.0,Type-1 (Verbatim)
953aefa9aaef5182ac535e25571492cd7eee4d30,[Unnamed Skill],953aefa9aaef5182ac535e25571492cd7eee4d30,[Unnamed Skill],1.0,Type-1 (Verbatim)
953aefa9aaef5182ac535e25571492cd7eee4d30,[Unnamed Skill],953aefa9aaef5182ac535e25571492cd7eee4d30,[Unnamed Skill],1.0,Type-1 (Verbatim)
953aefa9aaef5182ac535e25571492cd7eee4d30,[Unnamed Skill],953aefa9aaef5182ac535e25571492cd7eee4d30,[Unnamed Skill],1.0,Type-1 (Verbatim)
953aefa9aaef5182ac535e25571492cd7eee4d30,[Unnamed Skill],953aefa9aaef5182ac535e25571492cd7eee4d30,[Unnamed Skill],1.0,Type-1 (Verbatim)
953aefa9aaef5182ac535e25571492cd7eee4d30,[Unnamed Skill],953aefa9aaef5182ac535e25571492cd7eee4d30,[Unnamed Skill],1.0,Type-1 (Verbatim)
953aefa9aaef5182ac535e25571492cd7eee4d30,[Unnamed Skill],953aefa9aaef5182ac535e25571492cd7eee4d30,[Unnamed Skill],1.0,Type-1 (Verbatim)
953aefa9aaef5182ac535e25571492cd7eee4d30,[Unnamed Skill],953aefa9aaef5182ac535e25571492cd7eee4d30,[Unnamed Skill],1.0,Type-1 (Verbatim)
953aefa9aaef5182ac535e25571492cd7eee4d30,[Unnamed Skill],953aefa9aaef5182ac535e25571492cd7eee4d30,[Unnamed Skill],1.0,Type-1 (Verbatim)
953aefa9aaef5182ac535e25571492cd7eee4d30,[Unnamed Skill],953aefa9aaef5182ac535e25571492cd7eee4d30,[Unnamed Skill],1.0,Type-1 (Verbatim)
953aefa9aaef5182ac535e25571492cd7eee4d30,[Unnamed Skill],953aefa9aaef5182ac535e25571492cd7eee4d30,[Unnamed Skill],1.0,Type-1 (Verbatim)
953aefa9aaef5182ac535e25571492cd7eee4d30,[Unnamed Skill],953aefa9aaef5182ac535e25571492cd7eee4d30,[Unnamed Skill],1.0,Type-1 (Verbatim)
953aefa9aaef5182ac535e25571492cd7eee4d30,[Unnamed Skill],953aefa9aaef5182ac535e25571492cd7eee4d30,[Unnamed Skill],1.0,Type-1 (Verbatim)
953aefa9aaef5182ac535e25571492cd7eee4d30,[Unnamed Skill],953aefa9aaef5182ac535e25571492cd7eee4d30,[Unnamed Skill],1.0,Type-1 (Verbatim)
953aefa9aaef5182ac535e25571492cd7eee4d30,[Unnamed Skill],953aefa9aaef5182ac535e25571492cd7eee4d30,[Unnamed Skill],1.0,Type-1 (Verbatim)
fe2d40821250f548414073964cd63db927b404ac,[Unnamed Skill],fe2d40821250f548414073964cd63db927b404ac,[Unnamed Skill],1.0,Type-1 (Verbatim)
fe2d40821250f548414073964cd63db927b404ac,[Unnamed Skill],fe2d40821250f548414073964cd63db927b404ac,[Unnamed Skill],1.0,Type-1 (Verbatim)
fe2d40821250f548414073964cd63db927b404ac,[Unnamed Skill],fe2d40821250f548414073964cd63db927b404ac,[Unnamed Skill],1.0,Type-1 (Verbatim)
fe2d40821250f548414073964cd63db927b404ac,[Unnamed Skill],fe2d40821250f548414073964cd63db927b404ac,[Unnamed Skill],1.0,Type-1 (Verbatim)
fe2d40821250f548414073964cd63db927b404ac,[Unnamed Skill],fe2d40821250f548414073964cd63db927b404ac,[Unnamed Skill],1.0,Type-1 (Verbatim)
fe2d40821250f548414073964cd63db927b404ac,[Unnamed Skill],fe2d40821250f548414073964cd63db927b404ac,[Unnamed Skill],1.0,Type-1 (Verbatim)
fe2d40821250f548414073964cd63db927b404ac,[Unnamed Skill],fe2d40821250f548414073964cd63db927b404ac,[Unnamed Skill],1.0,Type-1 (Verbatim)
fe2d40821250f548414073964cd63db927b404ac,[Unnamed Skill],fe2d40821250f548414073964cd63db927b404ac,[Unnamed Skill],1.0,Type-1 (Verbatim)
fe2d40821250f548414073964cd63db927b404ac,[Unnamed Skill],fe2d40821250f548414073964cd63db927b404ac,[Unnamed Skill],1.0,Type-1 (Verbatim)
fe2d40821250f548414073964cd63db927b404ac,[Unnamed Skill],fe2d40821250f548414073964cd63db927b404ac,[Unnamed Skill],1.0,Type-1 (Verbatim)
fe2d40821250f548414073964cd63db927b404ac,[Unnamed Skill],fe2d40821250f548414073964cd63db927b404ac,[Unnamed Skill],1.0,Type-1 (Verbatim)
fe2d40821250f548414073964cd63db927b404ac,[Unnamed Skill],fe2d40821250f548414073964cd63db927b404ac,[Unnamed Skill],1.0,Type-1 (Verbatim)
fe2d40821250f548414073964cd63db927b404ac,[Unnamed Skill],fe2d40821250f548414073964cd63db927b404ac,[Unnamed Skill],1.0,Type-1 (Verbatim)
fe2d40821250f548414073964cd63db927b404ac,[Unnamed Skill],fe2d40821250f548414073964cd63db927b404ac,[Unnamed Skill],1.0,Type-1 (Verbatim)
fe2d40821250f548414073964cd63db927b404ac,[Unnamed Skill],fe2d40821250f548414073964cd63db927b404ac,[Unnamed Skill],1.0,Type-1 (Verbatim)
fe2d40821250f548414073964cd63db927b404ac,[Unnamed Skill],fe2d40821250f548414073964cd63db927b404ac,[Unnamed Skill],1.0,Type-1 (Verbatim)
fe2d40821250f548414073964cd63db927b404ac,[Unnamed Skill],fe2d40821250f548414073964cd63db927b404ac,[Unnamed Skill],1.0,Type-1 (Verbatim)
fe2d40821250f548414073964cd63db927b404ac,[Unnamed Skill],fe2d40821250f548414073964cd63db927b404ac,[Unnamed Skill],1.0,Type-1 (Verbatim)
fe2d40821250f548414073964cd63db927b404ac,[Unnamed Skill],fe2d40821250f548414073964cd63db927b404ac,[Unnamed Skill],1.0,Type-1 (Verbatim)
fe2d40821250f548414073964cd63db927b404ac,[Unnamed Skill],fe2d40821250f548414073964cd63db927b404ac,[Unnamed Skill],1.0,Type-1 (Verbatim)
fe2d40821250f548414073964cd63db927b404ac,[Unnamed Skill],fe2d40821250f548414073964cd63db927b404ac,[Unnamed Skill],1.0,Type-1 (Verbatim)
fe2d40821250f548414073964cd63db927b404ac,[Unnamed Skill],fe2d40821250f548414073964cd63db927b404ac,[Unnamed Skill],1.0,Type-1 (Verbatim)
fe2d40821250f548414073964cd63db927b404ac,[Unnamed Skill],fe2d40821250f548414073964cd63db927b404ac,[Unnamed Skill],1.0,Type-1 (Verbatim)
fe2d40821250f548414073964cd63db927b404ac,[Unnamed Skill],fe2d40821250f548414073964cd63db927b404ac,[Unnamed Skill],1.0,Type-1 (Verbatim)
fe2d40821250f548414073964cd63db927b404ac,[Unnamed Skill],fe2d40821250f548414073964cd63db927b404ac,[Unnamed Skill],1.0,Type-1 (Verbatim)
fe2d40821250f548414073964cd63db927b404ac,[Unnamed Skill],fe2d40821250f548414073964cd63db927b404ac,[Unnamed Skill],1.0,Type-1 (Verbatim)
fe2d40821250f548414073964cd63db927b404ac,[Unnamed Skill],fe2d40821250f548414073964cd63db927b404ac,[Unnamed Skill],1.0,Type-1 (Verbatim)
fe2d40821250f548414073964cd63db927b404ac,[Unnamed Skill],fe2d40821250f548414073964cd63db927b404ac,[Unnamed Skill],1.0,Type-1 (Verbatim)
fe2d40821250f548414073964cd63db927b404ac,[Unnamed Skill],fe2d40821250f548414073964cd63db927b404ac,[Unnamed Skill],1.0,Type-1 (Verbatim)
fe2d40821250f548414073964cd63db927b404ac,[Unnamed Skill],fe2d40821250f548414073964cd63db927b404ac,[Unnamed Skill],1.0,Type-1 (Verbatim)
fe2d40821250f548414073964cd63db927b404ac,[Unnamed Skill],fe2d40821250f548414073964cd63db927b404ac,[Unnamed Skill],1.0,Type-1 (Verbatim)
fe2d40821250f548414073964cd63db927b404ac,[Unnamed Skill],fe2d40821250f548414073964cd63db927b404ac,[Unnamed Skill],1.0,Type-1 (Verbatim)
fe2d40821250f548414073964cd63db927b404ac,[Unnamed Skill],fe2d40821250f548414073964cd63db927b404ac,[Unnamed Skill],1.0,Type-1 (Verbatim)
fe2d40821250f548414073964cd63db927b404ac,[Unnamed Skill],fe2d40821250f548414073964cd63db927b404ac,[Unnamed Skill],1.0,Type-1 (Verbatim)
fe2d40821250f548414073964cd63db927b404ac,[Unnamed Skill],fe2d40821250f548414073964cd63db927b404ac,[Unnamed Skill],1.0,Type-1 (Verbatim)
fe2d40821250f548414073964cd63db927b404ac,[Unnamed Skill],fe2d40821250f548414073964cd63db927b404ac,[Unnamed Skill],1.0,Type-1 (Verbatim)
fe2d40821250f548414073964cd63db927b404ac,[Unnamed Skill],fe2d40821250f548414073964cd63db927b404ac,[Unnamed Skill],1.0,Type-1 (Verbatim)
fe2d40821250f548414073964cd63db927b404ac,[Unnamed Skill],fe2d40821250f548414073964cd63db927b404ac,[Unnamed Skill],1.0,Type-1 (Verbatim)
fe2d40821250f548414073964cd63db927b404ac,[Unnamed Skill],fe2d40821250f548414073964cd63db927b404ac,[Unnamed Skill],1.0,Type-1 (Verbatim)
fe2d40821250f548414073964cd63db927b404ac,[Unnamed Skill],fe2d40821250f548414073964cd63db927b404ac,[Unnamed Skill],1.0,Type-1 (Verbatim)
fe2d40821250f548414073964cd63db927b404ac,[Unnamed Skill],fe2d40821250f548414073964cd63db927b404ac,[Unnamed Skill],1.0,Type-1 (Verbatim)
fe2d40821250f548414073964cd63db927b404ac,[Unnamed Skill],fe2d40821250f548414073964cd63db927b404ac,[Unnamed Skill],1.0,Type-1 (Verbatim)
fe2d40821250f548414073964cd63db927b404ac,[Unnamed Skill],fe2d40821250f548414073964cd63db927b404ac,[Unnamed Skill],1.0,Type-1 (Verbatim)
fe2d40821250f548414073964cd63db927b404ac,[Unnamed Skill],fe2d40821250f548414073964cd63db927b404ac,[Unnamed Skill],1.0,Type-1 (Verbatim)
fe2d40821250f548414073964cd63db927b404ac,[Unnamed Skill],fe2d40821250f548414073964cd63db927b404ac,[Unnamed Skill],1.0,Type-1 (Verbatim)
fe2d40821250f548414073964cd63db927b404ac,[Unnamed Skill],fe2d40821250f548414073964cd63db927b404ac,[Unnamed Skill],1.0,Type-1 (Verbatim)
fe2d40821250f548414073964cd63db927b404ac,[Unnamed Skill],fe2d40821250f548414073964cd63db927b404ac,[Unnamed Skill],1.0,Type-1 (Verbatim)
fe2d40821250f548414073964cd63db927b404ac,[Unnamed Skill],fe2d40821250f548414073964cd63db927b404ac,[Unnamed Skill],1.0,Type-1 (Verbatim)
fe2d40821250f548414073964cd63db927b404ac,[Unnamed Skill],fe2d40821250f548414073964cd63db927b404ac,[Unnamed Skill],1.0,Type-1 (Verbatim)
fe2d40821250f548414073964cd63db927b404ac,[Unnamed Skill],fe2d40821250f548414073964cd63db927b404ac,[Unnamed Skill],1.0,Type-1 (Verbatim)
fe2d40821250f548414073964cd63db927b404ac,[Unnamed Skill],fe2d40821250f548414073964cd63db927b404ac,[Unnamed Skill],1.0,Type-1 (Verbatim)
fe2d40821250f548414073964cd63db927b404ac,[Unnamed Skill],fe2d40821250f548414073964cd63db927b404ac,[Unnamed Skill],1.0,Type-1 (Verbatim)
fe2d40821250f548414073964cd63db927b404ac,[Unnamed Skill],fe2d40821250f548414073964cd63db927b404ac,[Unnamed Skill],1.0,Type-1 (Verbatim)
fe2d40821250f548414073964cd63db927b404ac,[Unnamed Skill],fe2d40821250f548414073964cd63db927b404ac,[Unnamed Skill],1.0,Type-1 (Verbatim)
fe2d40821250f548414073964cd63db927b404ac,[Unnamed Skill],fe2d40821250f548414073964cd63db927b404ac,[Unnamed Skill],1.0,Type-1 (Verbatim)
fe2d40821250f548414073964cd63db927b404ac,[Unnamed Skill],fe2d40821250f548414073964cd63db927b404ac,[Unnamed Skill],1.0,Type-1 (Verbatim)
fe2d40821250f548414073964cd63db927b404ac,[Unnamed Skill],fe2d40821250f548414073964cd63db927b404ac,[Unnamed Skill],1.0,Type-1 (Verbatim)
fe2d40821250f548414073964cd63db927b404ac,[Unnamed Skill],fe2d40821250f548414073964cd63db927b404ac,[Unnamed Skill],1.0,Type-1 (Verbatim)
fe2d40821250f548414073964cd63db927b404ac,[Unnamed Skill],fe2d40821250f548414073964cd63db927b404ac,[Unnamed Skill],1.0,Type-1 (Verbatim)
fe2d40821250f548414073964cd63db927b404ac,[Unnamed Skill],fe2d40821250f548414073964cd63db927b404ac,[Unnamed Skill],1.0,Type-1 (Verbatim)
fe2d40821250f548414073964cd63db927b404ac,[Unnamed Skill],fe2d40821250f548414073964cd63db927b404ac,[Unnamed Skill],1.0,Type-1 (Verbatim)
fe2d40821250f548414073964cd63db927b404ac,[Unnamed Skill],fe2d40821250f548414073964cd63db927b404ac,[Unnamed Skill],1.0,Type-1 (Verbatim)
fe2d40821250f548414073964cd63db927b404ac,[Unnamed Skill],fe2d40821250f548414073964cd63db927b404ac,[Unnamed Skill],1.0,Type-1 (Verbatim)
fe2d40821250f548414073964cd63db927b404ac,[Unnamed Skill],fe2d40821250f548414073964cd63db927b404ac,[Unnamed Skill],1.0,Type-1 (Verbatim)
fe2d40821250f548414073964cd63db927b404ac,[Unnamed Skill],fe2d40821250f548414073964cd63db927b404ac,[Unnamed Skill],1.0,Type-1 (Verbatim)
fe2d40821250f548414073964cd63db927b404ac,[Unnamed Skill],fe2d40821250f548414073964cd63db927b404ac,[Unnamed Skill],1.0,Type-1 (Verbatim)
fe2d40821250f548414073964cd63db927b404ac,[Unnamed Skill],fe2d40821250f548414073964cd63db927b404ac,[Unnamed Skill],1.0,Type-1 (Verbatim)
fe2d40821250f548414073964cd63db927b404ac,[Unnamed Skill],fe2d40821250f548414073964cd63db927b404ac,[Unnamed Skill],1.0,Type-1 (Verbatim)
fe2d40821250f548414073964cd63db927b404ac,[Unnamed Skill],fe2d40821250f548414073964cd63db927b404ac,[Unnamed Skill],1.0,Type-1 (Verbatim)
fe2d40821250f548414073964cd63db927b404ac,[Unnamed Skill],fe2d40821250f548414073964cd63db927b404ac,[Unnamed Skill],1.0,Type-1 (Verbatim)
fe2d40821250f548414073964cd63db927b404ac,[Unnamed Skill],fe2d40821250f548414073964cd63db927b404ac,[Unnamed Skill],1.0,Type-1 (Verbatim)
fe2d40821250f548414073964cd63db927b404ac,[Unnamed Skill],fe2d40821250f548414073964cd63db927b404ac,[Unnamed Skill],1.0,Type-1 (Verbatim)
fe2d40821250f548414073964cd63db927b404ac,[Unnamed Skill],fe2d40821250f548414073964cd63db927b404ac,[Unnamed Skill],1.0,Type-1 (Verbatim)
fe2d40821250f548414073964cd63db927b404ac,[Unnamed Skill],fe2d40821250f548414073964cd63db927b404ac,[Unnamed Skill],1.0,Type-1 (Verbatim)
fe2d40821250f548414073964cd63db927b404ac,[Unnamed Skill],fe2d40821250f548414073964cd63db927b404ac,[Unnamed Skill],1.0,Type-1 (Verbatim)
fe2d40821250f548414073964cd63db927b404ac,[Unnamed Skill],fe2d40821250f548414073964cd63db927b404ac,[Unnamed Skill],1.0,Type-1 (Verbatim)
fe2d40821250f548414073964cd63db927b404ac,[Unnamed Skill],fe2d40821250f548414073964cd63db927b404ac,[Unnamed Skill],1.0,Type-1 (Verbatim)
fe2d40821250f548414073964cd63db927b404ac,[Unnamed Skill],fe2d40821250f548414073964cd63db927b404ac,[Unnamed Skill],1.0,Type-1 (Verbatim)
fe2d40821250f548414073964cd63db927b404ac,[Unnamed Skill],fe2d40821250f548414073964cd63db927b404ac,[Unnamed Skill],1.0,Type-1 (Verbatim)
fe2d40821250f548414073964cd63db927b404ac,[Unnamed Skill],fe2d40821250f548414073964cd63db927b404ac,[Unnamed Skill],1.0,Type-1 (Verbatim)
fe2d40821250f548414073964cd63db927b404ac,[Unnamed Skill],fe2d40821250f548414073964cd63db927b404ac,[Unnamed Skill],1.0,Type-1 (Verbatim)
fe2d40821250f548414073964cd63db927b404ac,[Unnamed Skill],fe2d40821250f548414073964cd63db927b404ac,[Unnamed Skill],1.0,Type-1 (Verbatim)
fe2d40821250f548414073964cd63db927b404ac,[Unnamed Skill],fe2d40821250f548414073964cd63db927b404ac,[Unnamed Skill],1.0,Type-1 (Verbatim)
fe2d40821250f548414073964cd63db927b404ac,[Unnamed Skill],fe2d40821250f548414073964cd63db927b404ac,[Unnamed Skill],1.0,Type-1 (Verbatim)
fe2d40821250f548414073964cd63db927b404ac,[Unnamed Skill],fe2d40821250f548414073964cd63db927b404ac,[Unnamed Skill],1.0,Type-1 (Verbatim)
fe2d40821250f548414073964cd63db927b404ac,[Unnamed Skill],fe2d40821250f548414073964cd63db927b404ac,[Unnamed Skill],1.0,Type-1 (Verbatim)
fe2d40821250f548414073964cd63db927b404ac,[Unnamed Skill],fe2d40821250f548414073964cd63db927b404ac,[Unnamed Skill],1.0,Type-1 (Verbatim)
fe2d40821250f548414073964cd63db927b404ac,[Unnamed Skill],fe2d40821250f548414073964cd63db927b404ac,[Unnamed Skill],1.0,Type-1 (Verbatim)
fe2d40821250f548414073964cd63db927b404ac,[Unnamed Skill],fe2d40821250f548414073964cd63db927b404ac,[Unnamed Skill],1.0,Type-1 (Verbatim)
fe2d40821250f548414073964cd63db927b404ac,[Unnamed Skill],fe2d40821250f548414073964cd63db927b404ac,[Unnamed Skill],1.0,Type-1 (Verbatim)
fe2d40821250f548414073964cd63db927b404ac,[Unnamed Skill],fe2d40821250f548414073964cd63db927b404ac,[Unnamed Skill],1.0,Type-1 (Verbatim)
fe2d40821250f548414073964cd63db927b404ac,[Unnamed Skill],fe2d40821250f548414073964cd63db927b404ac,[Unnamed Skill],1.0,Type-1 (Verbatim)
fe2d40821250f548414073964cd63db927b404ac,[Unnamed Skill],fe2d40821250f548414073964cd63db927b404ac,[Unnamed Skill],1.0,Type-1 (Verbatim)
fe2d40821250f548414073964cd63db927b404ac,[Unnamed Skill],fe2d40821250f548414073964cd63db927b404ac,[Unnamed Skill],1.0,Type-1 (Verbatim)
fe2d40821250f548414073964cd63db927b404ac,[Unnamed Skill],fe2d40821250f548414073964cd63db927b404ac,[Unnamed Skill],1.0,Type-1 (Verbatim)
fe2d40821250f548414073964cd63db927b404ac,[Unnamed Skill],fe2d40821250f548414073964cd63db927b404ac,[Unnamed Skill],1.0,Type-1 (Verbatim)
fe2d40821250f548414073964cd63db927b404ac,[Unnamed Skill],fe2d40821250f548414073964cd63db927b404ac,[Unnamed Skill],1.0,Type-1 (Verbatim)
fe2d40821250f548414073964cd63db927b404ac,[Unnamed Skill],fe2d40821250f548414073964cd63db927b404ac,[Unnamed Skill],1.0,Type-1 (Verbatim)
fe2d40821250f548414073964cd63db927b404ac,[Unnamed Skill],fe2d40821250f548414073964cd63db927b404ac,[Unnamed Skill],1.0,Type-1 (Verbatim)
fe2d40821250f548414073964cd63db927b404ac,[Unnamed Skill],fe2d40821250f548414073964cd63db927b404ac,[Unnamed Skill],1.0,Type-1 (Verbatim)
fe2d40821250f548414073964cd63db927b404ac,[Unnamed Skill],fe2d40821250f548414073964cd63db927b404ac,[Unnamed Skill],1.0,Type-1 (Verbatim)
fe2d40821250f548414073964cd63db927b404ac,[Unnamed Skill],fe2d40821250f548414073964cd63db927b404ac,[Unnamed Skill],1.0,Type-1 (Verbatim)
fe2d40821250f548414073964cd63db927b404ac,[Unnamed Skill],fe2d40821250f548414073964cd63db927b404ac,[Unnamed Skill],1.0,Type-1 (Verbatim)
fe2d40821250f548414073964cd63db927b404ac,[Unnamed Skill],fe2d40821250f548414073964cd63db927b404ac,[Unnamed Skill],1.0,Type-1 (Verbatim)
fe2d40821250f548414073964cd63db927b404ac,[Unnamed Skill],fe2d40821250f548414073964cd63db927b404ac,[Unnamed Skill],1.0,Type-1 (Verbatim)
fe2d40821250f548414073964cd63db927b404ac,[Unnamed Skill],fe2d40821250f548414073964cd63db927b404ac,[Unnamed Skill],1.0,Type-1 (Verbatim)
fe2d40821250f548414073964cd63db927b404ac,[Unnamed Skill],fe2d40821250f548414073964cd63db927b404ac,[Unnamed Skill],1.0,Type-1 (Verbatim)
fe2d40821250f548414073964cd63db927b404ac,[Unnamed Skill],fe2d40821250f548414073964cd63db927b404ac,[Unnamed Skill],1.0,Type-1 (Verbatim)
fe2d40821250f548414073964cd63db927b404ac,[Unnamed Skill],fe2d40821250f548414073964cd63db927b404ac,[Unnamed Skill],1.0,Type-1 (Verbatim)
fe2d40821250f548414073964cd63db927b404ac,[Unnamed Skill],fe2d40821250f548414073964cd63db927b404ac,[Unnamed Skill],1.0,Type-1 (Verbatim)
fe2d40821250f548414073964cd63db927b404ac,[Unnamed Skill],fe2d40821250f548414073964cd63db927b404ac,[Unnamed Skill],1.0,Type-1 (Verbatim)
fe2d40821250f548414073964cd63db927b404ac,[Unnamed Skill],fe2d40821250f548414073964cd63db927b404ac,[Unnamed Skill],1.0,Type-1 (Verbatim)
fe2d40821250f548414073964cd63db927b404ac,[Unnamed Skill],fe2d40821250f548414073964cd63db927b404ac,[Unnamed Skill],1.0,Type-1 (Verbatim)
fe2d40821250f548414073964cd63db927b404ac,[Unnamed Skill],fe2d40821250f548414073964cd63db927b404ac,[Unnamed Skill],1.0,Type-1 (Verbatim)
fe2d40821250f548414073964cd63db927b404ac,[Unnamed Skill],fe2d40821250f548414073964cd63db927b404ac,[Unnamed Skill],1.0,Type-1 (Verbatim)
fe2d40821250f548414073964cd63db927b404ac,[Unnamed Skill],fe2d40821250f548414073964cd63db927b404ac,[Unnamed Skill],1.0,Type-1 (Verbatim)
fe2d40821250f548414073964cd63db927b404ac,[Unnamed Skill],fe2d40821250f548414073964cd63db927b404ac,[Unnamed Skill],1.0,Type-1 (Verbatim)
fe2d40821250f548414073964cd63db927b404ac,[Unnamed Skill],fe2d40821250f548414073964cd63db927b404ac,[Unnamed Skill],1.0,Type-1 (Verbatim)
fe2d40821250f548414073964cd63db927b404ac,[Unnamed Skill],fe2d40821250f548414073964cd63db927b404ac,[Unnamed Skill],1.0,Type-1 (Verbatim)
fe2d40821250f548414073964cd63db927b404ac,[Unnamed Skill],fe2d40821250f548414073964cd63db927b404ac,[Unnamed Skill],1.0,Type-1 (Verbatim)
fe2d40821250f548414073964cd63db927b404ac,[Unnamed Skill],fe2d40821250f548414073964cd63db927b404ac,[Unnamed Skill],1.0,Type-1 (Verbatim)
fe2d40821250f548414073964cd63db927b404ac,[Unnamed Skill],fe2d40821250f548414073964cd63db927b404ac,[Unnamed Skill],1.0,Type-1 (Verbatim)
fe2d40821250f548414073964cd63db927b404ac,[Unnamed Skill],fe2d40821250f548414073964cd63db927b404ac,[Unnamed Skill],1.0,Type-1 (Verbatim)
fe2d40821250f548414073964cd63db927b404ac,[Unnamed Skill],fe2d40821250f548414073964cd63db927b404ac,[Unnamed Skill],1.0,Type-1 (Verbatim)
fe2d40821250f548414073964cd63db927b404ac,[Unnamed Skill],fe2d40821250f548414073964cd63db927b404ac,[Unnamed Skill],1.0,Type-1 (Verbatim)
fe2d40821250f548414073964cd63db927b404ac,[Unnamed Skill],fe2d40821250f548414073964cd63db927b404ac,[Unnamed Skill],1.0,Type-1 (Verbatim)
fe2d40821250f548414073964cd63db927b404ac,[Unnamed Skill],fe2d40821250f548414073964cd63db927b404ac,[Unnamed Skill],1.0,Type-1 (Verbatim)
fe2d40821250f548414073964cd63db927b404ac,[Unnamed Skill],fe2d40821250f548414073964cd63db927b404ac,[Unnamed Skill],1.0,Type-1 (Verbatim)
fe2d40821250f548414073964cd63db927b404ac,[Unnamed Skill],fe2d40821250f548414073964cd63db927b404ac,[Unnamed Skill],1.0,Type-1 (Verbatim)
fe2d40821250f548414073964cd63db927b404ac,[Unnamed Skill],fe2d40821250f548414073964cd63db927b404ac,[Unnamed Skill],1.0,Type-1 (Verbatim)
fe2d40821250f548414073964cd63db927b404ac,[Unnamed Skill],fe2d40821250f548414073964cd63db927b404ac,[Unnamed Skill],1.0,Type-1 (Verbatim)
fe2d40821250f548414073964cd63db927b404ac,[Unnamed Skill],fe2d40821250f548414073964cd63db927b404ac,[Unnamed Skill],1.0,Type-1 (Verbatim)
fe2d40821250f548414073964cd63db927b404ac,[Unnamed Skill],fe2d40821250f548414073964cd63db927b404ac,[Unnamed Skill],1.0,Type-1 (Verbatim)
fe2d40821250f548414073964cd63db927b404ac,[Unnamed Skill],fe2d40821250f548414073964cd63db927b404ac,[Unnamed Skill],1.0,Type-1 (Verbatim)
fe2d40821250f548414073964cd63db927b404ac,[Unnamed Skill],fe2d40821250f548414073964cd63db927b404ac,[Unnamed Skill],1.0,Type-1 (Verbatim)
fe2d40821250f548414073964cd63db927b404ac,[Unnamed Skill],fe2d40821250f548414073964cd63db927b404ac,[Unnamed Skill],1.0,Type-1 (Verbatim)
fe2d40821250f548414073964cd63db927b404ac,[Unnamed Skill],fe2d40821250f548414073964cd63db927b404ac,[Unnamed Skill],1.0,Type-1 (Verbatim)
fe2d40821250f548414073964cd63db927b404ac,[Unnamed Skill],fe2d40821250f548414073964cd63db927b404ac,[Unnamed Skill],1.0,Type-1 (Verbatim)
fe2d40821250f548414073964cd63db927b404ac,[Unnamed Skill],fe2d40821250f548414073964cd63db927b404ac,[Unnamed Skill],1.0,Type-1 (Verbatim)
fe2d40821250f548414073964cd63db927b404ac,[Unnamed Skill],fe2d40821250f548414073964cd63db927b404ac,[Unnamed Skill],1.0,Type-1 (Verbatim)
fe2d40821250f548414073964cd63db927b404ac,[Unnamed Skill],fe2d40821250f548414073964cd63db927b404ac,[Unnamed Skill],1.0,Type-1 (Verbatim)
fe2d40821250f548414073964cd63db927b404ac,[Unnamed Skill],fe2d40821250f548414073964cd63db927b404ac,[Unnamed Skill],1.0,Type-1 (Verbatim)
fe2d40821250f548414073964cd63db927b404ac,[Unnamed Skill],fe2d40821250f548414073964cd63db927b404ac,[Unnamed Skill],1.0,Type-1 (Verbatim)
fe2d40821250f548414073964cd63db927b404ac,[Unnamed Skill],fe2d40821250f548414073964cd63db927b404ac,[Unnamed Skill],1.0,Type-1 (Verbatim)
fe2d40821250f548414073964cd63db927b404ac,[Unnamed Skill],fe2d40821250f548414073964cd63db927b404ac,[Unnamed Skill],1.0,Type-1 (Verbatim)
fe2d40821250f548414073964cd63db927b404ac,[Unnamed Skill],fe2d40821250f548414073964cd63db927b404ac,[Unnamed Skill],1.0,Type-1 (Verbatim)
fe2d40821250f548414073964cd63db927b404ac,[Unnamed Skill],fe2d40821250f548414073964cd63db927b404ac,[Unnamed Skill],1.0,Type-1 (Verbatim)
fe2d40821250f548414073964cd63db927b404ac,[Unnamed Skill],fe2d40821250f548414073964cd63db927b404ac,[Unnamed Skill],1.0,Type-1 (Verbatim)
5e16397200ea27a4822121d51d22f40995c6842e,[Unnamed Skill],5e16397200ea27a4822121d51d22f40995c6842e,[Unnamed Skill],1.0,Type-1 (Verbatim)
5e16397200ea27a4822121d51d22f40995c6842e,[Unnamed Skill],5e16397200ea27a4822121d51d22f40995c6842e,[Unnamed Skill],1.0,Type-1 (Verbatim)
5e16397200ea27a4822121d51d22f40995c6842e,[Unnamed Skill],5e16397200ea27a4822121d51d22f40995c6842e,[Unnamed Skill],1.0,Type-1 (Verbatim)
5e16397200ea27a4822121d51d22f40995c6842e,[Unnamed Skill],5e16397200ea27a4822121d51d22f40995c6842e,[Unnamed Skill],1.0,Type-1 (Verbatim)
5e16397200ea27a4822121d51d22f40995c6842e,[Unnamed Skill],5e16397200ea27a4822121d51d22f40995c6842e,[Unnamed Skill],1.0,Type-1 (Verbatim)
5e16397200ea27a4822121d51d22f40995c6842e,[Unnamed Skill],5e16397200ea27a4822121d51d22f40995c6842e,[Unnamed Skill],1.0,Type-1 (Verbatim)
5e16397200ea27a4822121d51d22f40995c6842e,[Unnamed Skill],5e16397200ea27a4822121d51d22f40995c6842e,[Unnamed Skill],1.0,Type-1 (Verbatim)
5e16397200ea27a4822121d51d22f40995c6842e,[Unnamed Skill],5e16397200ea27a4822121d51d22f40995c6842e,[Unnamed Skill],1.0,Type-1 (Verbatim)
5e16397200ea27a4822121d51d22f40995c6842e,[Unnamed Skill],5e16397200ea27a4822121d51d22f40995c6842e,[Unnamed Skill],1.0,Type-1 (Verbatim)
5e16397200ea27a4822121d51d22f40995c6842e,[Unnamed Skill],5e16397200ea27a4822121d51d22f40995c6842e,[Unnamed Skill],1.0,Type-1 (Verbatim)
5e16397200ea27a4822121d51d22f40995c6842e,[Unnamed Skill],5e16397200ea27a4822121d51d22f40995c6842e,[Unnamed Skill],1.0,Type-1 (Verbatim)
5e16397200ea27a4822121d51d22f40995c6842e,[Unnamed Skill],5e16397200ea27a4822121d51d22f40995c6842e,[Unnamed Skill],1.0,Type-1 (Verbatim)
5e16397200ea27a4822121d51d22f40995c6842e,[Unnamed Skill],5e16397200ea27a4822121d51d22f40995c6842e,[Unnamed Skill],1.0,Type-1 (Verbatim)
5e16397200ea27a4822121d51d22f40995c6842e,[Unnamed Skill],5e16397200ea27a4822121d51d22f40995c6842e,[Unnamed Skill],1.0,Type-1 (Verbatim)
5e16397200ea27a4822121d51d22f40995c6842e,[Unnamed Skill],5e16397200ea27a4822121d51d22f40995c6842e,[Unnamed Skill],1.0,Type-1 (Verbatim)
5e16397200ea27a4822121d51d22f40995c6842e,[Unnamed Skill],5e16397200ea27a4822121d51d22f40995c6842e,[Unnamed Skill],1.0,Type-1 (Verbatim)
5e16397200ea27a4822121d51d22f40995c6842e,[Unnamed Skill],5e16397200ea27a4822121d51d22f40995c6842e,[Unnamed Skill],1.0,Type-1 (Verbatim)
5e16397200ea27a4822121d51d22f40995c6842e,[Unnamed Skill],5e16397200ea27a4822121d51d22f40995c6842e,[Unnamed Skill],1.0,Type-1 (Verbatim)
5e16397200ea27a4822121d51d22f40995c6842e,[Unnamed Skill],5e16397200ea27a4822121d51d22f40995c6842e,[Unnamed Skill],1.0,Type-1 (Verbatim)
5e16397200ea27a4822121d51d22f40995c6842e,[Unnamed Skill],5e16397200ea27a4822121d51d22f40995c6842e,[Unnamed Skill],1.0,Type-1 (Verbatim)
5e16397200ea27a4822121d51d22f40995c6842e,[Unnamed Skill],5e16397200ea27a4822121d51d22f40995c6842e,[Unnamed Skill],1.0,Type-1 (Verbatim)
5e16397200ea27a4822121d51d22f40995c6842e,[Unnamed Skill],5e16397200ea27a4822121d51d22f40995c6842e,[Unnamed Skill],1.0,Type-1 (Verbatim)
5e16397200ea27a4822121d51d22f40995c6842e,[Unnamed Skill],5e16397200ea27a4822121d51d22f40995c6842e,[Unnamed Skill],1.0,Type-1 (Verbatim)
5e16397200ea27a4822121d51d22f40995c6842e,[Unnamed Skill],5e16397200ea27a4822121d51d22f40995c6842e,[Unnamed Skill],1.0,Type-1 (Verbatim)
5e16397200ea27a4822121d51d22f40995c6842e,[Unnamed Skill],5e16397200ea27a4822121d51d22f40995c6842e,[Unnamed Skill],1.0,Type-1 (Verbatim)
5e16397200ea27a4822121d51d22f40995c6842e,[Unnamed Skill],5e16397200ea27a4822121d51d22f40995c6842e,[Unnamed Skill],1.0,Type-1 (Verbatim)
5e16397200ea27a4822121d51d22f40995c6842e,[Unnamed Skill],5e16397200ea27a4822121d51d22f40995c6842e,[Unnamed Skill],1.0,Type-1 (Verbatim)
5e16397200ea27a4822121d51d22f40995c6842e,[Unnamed Skill],5e16397200ea27a4822121d51d22f40995c6842e,[Unnamed Skill],1.0,Type-1 (Verbatim)
5e16397200ea27a4822121d51d22f40995c6842e,[Unnamed Skill],5e16397200ea27a4822121d51d22f40995c6842e,[Unnamed Skill],1.0,Type-1 (Verbatim)
5e16397200ea27a4822121d51d22f40995c6842e,[Unnamed Skill],5e16397200ea27a4822121d51d22f40995c6842e,[Unnamed Skill],1.0,Type-1 (Verbatim)
5e16397200ea27a4822121d51d22f40995c6842e,[Unnamed Skill],5e16397200ea27a4822121d51d22f40995c6842e,[Unnamed Skill],1.0,Type-1 (Verbatim)
5e16397200ea27a4822121d51d22f40995c6842e,[Unnamed Skill],5e16397200ea27a4822121d51d22f40995c6842e,[Unnamed Skill],1.0,Type-1 (Verbatim)
5e16397200ea27a4822121d51d22f40995c6842e,[Unnamed Skill],5e16397200ea27a4822121d51d22f40995c6842e,[Unnamed Skill],1.0,Type-1 (Verbatim)
5e16397200ea27a4822121d51d22f40995c6842e,[Unnamed Skill],5e16397200ea27a4822121d51d22f40995c6842e,[Unnamed Skill],1.0,Type-1 (Verbatim)
5e16397200ea27a4822121d51d22f40995c6842e,[Unnamed Skill],5e16397200ea27a4822121d51d22f40995c6842e,[Unnamed Skill],1.0,Type-1 (Verbatim)
5e16397200ea27a4822121d51d22f40995c6842e,[Unnamed Skill],5e16397200ea27a4822121d51d22f40995c6842e,[Unnamed Skill],1.0,Type-1 (Verbatim)
5e16397200ea27a4822121d51d22f40995c6842e,[Unnamed Skill],5e16397200ea27a4822121d51d22f40995c6842e,[Unnamed Skill],1.0,Type-1 (Verbatim)
5e16397200ea27a4822121d51d22f40995c6842e,[Unnamed Skill],5e16397200ea27a4822121d51d22f40995c6842e,[Unnamed Skill],1.0,Type-1 (Verbatim)
5e16397200ea27a4822121d51d22f40995c6842e,[Unnamed Skill],5e16397200ea27a4822121d51d22f40995c6842e,[Unnamed Skill],1.0,Type-1 (Verbatim)
5e16397200ea27a4822121d51d22f40995c6842e,[Unnamed Skill],5e16397200ea27a4822121d51d22f40995c6842e,[Unnamed Skill],1.0,Type-1 (Verbatim)
5e16397200ea27a4822121d51d22f40995c6842e,[Unnamed Skill],5e16397200ea27a4822121d51d22f40995c6842e,[Unnamed Skill],1.0,Type-1 (Verbatim)
5e16397200ea27a4822121d51d22f40995c6842e,[Unnamed Skill],5e16397200ea27a4822121d51d22f40995c6842e,[Unnamed Skill],1.0,Type-1 (Verbatim)
5e16397200ea27a4822121d51d22f40995c6842e,[Unnamed Skill],5e16397200ea27a4822121d51d22f40995c6842e,[Unnamed Skill],1.0,Type-1 (Verbatim)
5e16397200ea27a4822121d51d22f40995c6842e,[Unnamed Skill],5e16397200ea27a4822121d51d22f40995c6842e,[Unnamed Skill],1.0,Type-1 (Verbatim)
5e16397200ea27a4822121d51d22f40995c6842e,[Unnamed Skill],5e16397200ea27a4822121d51d22f40995c6842e,[Unnamed Skill],1.0,Type-1 (Verbatim)
5e16397200ea27a4822121d51d22f40995c6842e,[Unnamed Skill],5e16397200ea27a4822121d51d22f40995c6842e,[Unnamed Skill],1.0,Type-1 (Verbatim)
5e16397200ea27a4822121d51d22f40995c6842e,[Unnamed Skill],5e16397200ea27a4822121d51d22f40995c6842e,[Unnamed Skill],1.0,Type-1 (Verbatim)
5e16397200ea27a4822121d51d22f40995c6842e,[Unnamed Skill],5e16397200ea27a4822121d51d22f40995c6842e,[Unnamed Skill],1.0,Type-1 (Verbatim)
5e16397200ea27a4822121d51d22f40995c6842e,[Unnamed Skill],5e16397200ea27a4822121d51d22f40995c6842e,[Unnamed Skill],1.0,Type-1 (Verbatim)
5e16397200ea27a4822121d51d22f40995c6842e,[Unnamed Skill],5e16397200ea27a4822121d51d22f40995c6842e,[Unnamed Skill],1.0,Type-1 (Verbatim)
5e16397200ea27a4822121d51d22f40995c6842e,[Unnamed Skill],5e16397200ea27a4822121d51d22f40995c6842e,[Unnamed Skill],1.0,Type-1 (Verbatim)
5e16397200ea27a4822121d51d22f40995c6842e,[Unnamed Skill],5e16397200ea27a4822121d51d22f40995c6842e,[Unnamed Skill],1.0,Type-1 (Verbatim)
5e16397200ea27a4822121d51d22f40995c6842e,[Unnamed Skill],5e16397200ea27a4822121d51d22f40995c6842e,[Unnamed Skill],1.0,Type-1 (Verbatim)
5e16397200ea27a4822121d51d22f40995c6842e,[Unnamed Skill],5e16397200ea27a4822121d51d22f40995c6842e,[Unnamed Skill],1.0,Type-1 (Verbatim)
5e16397200ea27a4822121d51d22f40995c6842e,[Unnamed Skill],5e16397200ea27a4822121d51d22f40995c6842e,[Unnamed Skill],1.0,Type-1 (Verbatim)
5e16397200ea27a4822121d51d22f40995c6842e,[Unnamed Skill],5e16397200ea27a4822121d51d22f40995c6842e,[Unnamed Skill],1.0,Type-1 (Verbatim)
5e16397200ea27a4822121d51d22f40995c6842e,[Unnamed Skill],5e16397200ea27a4822121d51d22f40995c6842e,[Unnamed Skill],1.0,Type-1 (Verbatim)
5e16397200ea27a4822121d51d22f40995c6842e,[Unnamed Skill],5e16397200ea27a4822121d51d22f40995c6842e,[Unnamed Skill],1.0,Type-1 (Verbatim)
5e16397200ea27a4822121d51d22f40995c6842e,[Unnamed Skill],5e16397200ea27a4822121d51d22f40995c6842e,[Unnamed Skill],1.0,Type-1 (Verbatim)
5e16397200ea27a4822121d51d22f40995c6842e,[Unnamed Skill],5e16397200ea27a4822121d51d22f40995c6842e,[Unnamed Skill],1.0,Type-1 (Verbatim)
5e16397200ea27a4822121d51d22f40995c6842e,[Unnamed Skill],5e16397200ea27a4822121d51d22f40995c6842e,[Unnamed Skill],1.0,Type-1 (Verbatim)
5e16397200ea27a4822121d51d22f40995c6842e,[Unnamed Skill],5e16397200ea27a4822121d51d22f40995c6842e,[Unnamed Skill],1.0,Type-1 (Verbatim)
5e16397200ea27a4822121d51d22f40995c6842e,[Unnamed Skill],5e16397200ea27a4822121d51d22f40995c6842e,[Unnamed Skill],1.0,Type-1 (Verbatim)
5e16397200ea27a4822121d51d22f40995c6842e,[Unnamed Skill],5e16397200ea27a4822121d51d22f40995c6842e,[Unnamed Skill],1.0,Type-1 (Verbatim)
5e16397200ea27a4822121d51d22f40995c6842e,[Unnamed Skill],5e16397200ea27a4822121d51d22f40995c6842e,[Unnamed Skill],1.0,Type-1 (Verbatim)
5e16397200ea27a4822121d51d22f40995c6842e,[Unnamed Skill],5e16397200ea27a4822121d51d22f40995c6842e,[Unnamed Skill],1.0,Type-1 (Verbatim)
5e16397200ea27a4822121d51d22f40995c6842e,[Unnamed Skill],5e16397200ea27a4822121d51d22f40995c6842e,[Unnamed Skill],1.0,Type-1 (Verbatim)
5e16397200ea27a4822121d51d22f40995c6842e,[Unnamed Skill],5e16397200ea27a4822121d51d22f40995c6842e,[Unnamed Skill],1.0,Type-1 (Verbatim)
5e16397200ea27a4822121d51d22f40995c6842e,[Unnamed Skill],5e16397200ea27a4822121d51d22f40995c6842e,[Unnamed Skill],1.0,Type-1 (Verbatim)
5e16397200ea27a4822121d51d22f40995c6842e,[Unnamed Skill],5e16397200ea27a4822121d51d22f40995c6842e,[Unnamed Skill],1.0,Type-1 (Verbatim)
5e16397200ea27a4822121d51d22f40995c6842e,[Unnamed Skill],5e16397200ea27a4822121d51d22f40995c6842e,[Unnamed Skill],1.0,Type-1 (Verbatim)
5e16397200ea27a4822121d51d22f40995c6842e,[Unnamed Skill],5e16397200ea27a4822121d51d22f40995c6842e,[Unnamed Skill],1.0,Type-1 (Verbatim)
5e16397200ea27a4822121d51d22f40995c6842e,[Unnamed Skill],5e16397200ea27a4822121d51d22f40995c6842e,[Unnamed Skill],1.0,Type-1 (Verbatim)
5e16397200ea27a4822121d51d22f40995c6842e,[Unnamed Skill],5e16397200ea27a4822121d51d22f40995c6842e,[Unnamed Skill],1.0,Type-1 (Verbatim)
5e16397200ea27a4822121d51d22f40995c6842e,[Unnamed Skill],5e16397200ea27a4822121d51d22f40995c6842e,[Unnamed Skill],1.0,Type-1 (Verbatim)
5e16397200ea27a4822121d51d22f40995c6842e,[Unnamed Skill],5e16397200ea27a4822121d51d22f40995c6842e,[Unnamed Skill],1.0,Type-1 (Verbatim)
5e16397200ea27a4822121d51d22f40995c6842e,[Unnamed Skill],5e16397200ea27a4822121d51d22f40995c6842e,[Unnamed Skill],1.0,Type-1 (Verbatim)
5e16397200ea27a4822121d51d22f40995c6842e,[Unnamed Skill],5e16397200ea27a4822121d51d22f40995c6842e,[Unnamed Skill],1.0,Type-1 (Verbatim)
5e16397200ea27a4822121d51d22f40995c6842e,[Unnamed Skill],5e16397200ea27a4822121d51d22f40995c6842e,[Unnamed Skill],1.0,Type-1 (Verbatim)
5e16397200ea27a4822121d51d22f40995c6842e,[Unnamed Skill],5e16397200ea27a4822121d51d22f40995c6842e,[Unnamed Skill],1.0,Type-1 (Verbatim)
5e16397200ea27a4822121d51d22f40995c6842e,[Unnamed Skill],5e16397200ea27a4822121d51d22f40995c6842e,[Unnamed Skill],1.0,Type-1 (Verbatim)
5e16397200ea27a4822121d51d22f40995c6842e,[Unnamed Skill],5e16397200ea27a4822121d51d22f40995c6842e,[Unnamed Skill],1.0,Type-1 (Verbatim)
5e16397200ea27a4822121d51d22f40995c6842e,[Unnamed Skill],5e16397200ea27a4822121d51d22f40995c6842e,[Unnamed Skill],1.0,Type-1 (Verbatim)
5e16397200ea27a4822121d51d22f40995c6842e,[Unnamed Skill],5e16397200ea27a4822121d51d22f40995c6842e,[Unnamed Skill],1.0,Type-1 (Verbatim)
5e16397200ea27a4822121d51d22f40995c6842e,[Unnamed Skill],5e16397200ea27a4822121d51d22f40995c6842e,[Unnamed Skill],1.0,Type-1 (Verbatim)
5e16397200ea27a4822121d51d22f40995c6842e,[Unnamed Skill],5e16397200ea27a4822121d51d22f40995c6842e,[Unnamed Skill],1.0,Type-1 (Verbatim)
5e16397200ea27a4822121d51d22f40995c6842e,[Unnamed Skill],5e16397200ea27a4822121d51d22f40995c6842e,[Unnamed Skill],1.0,Type-1 (Verbatim)
5e16397200ea27a4822121d51d22f40995c6842e,[Unnamed Skill],5e16397200ea27a4822121d51d22f40995c6842e,[Unnamed Skill],1.0,Type-1 (Verbatim)
5e16397200ea27a4822121d51d22f40995c6842e,[Unnamed Skill],5e16397200ea27a4822121d51d22f40995c6842e,[Unnamed Skill],1.0,Type-1 (Verbatim)
5e16397200ea27a4822121d51d22f40995c6842e,[Unnamed Skill],5e16397200ea27a4822121d51d22f40995c6842e,[Unnamed Skill],1.0,Type-1 (Verbatim)
5e16397200ea27a4822121d51d22f40995c6842e,[Unnamed Skill],5e16397200ea27a4822121d51d22f40995c6842e,[Unnamed Skill],1.0,Type-1 (Verbatim)
5e16397200ea27a4822121d51d22f40995c6842e,[Unnamed Skill],5e16397200ea27a4822121d51d22f40995c6842e,[Unnamed Skill],1.0,Type-1 (Verbatim)
5e16397200ea27a4822121d51d22f40995c6842e,[Unnamed Skill],5e16397200ea27a4822121d51d22f40995c6842e,[Unnamed Skill],1.0,Type-1 (Verbatim)
5e16397200ea27a4822121d51d22f40995c6842e,[Unnamed Skill],5e16397200ea27a4822121d51d22f40995c6842e,[Unnamed Skill],1.0,Type-1 (Verbatim)
5e16397200ea27a4822121d51d22f40995c6842e,[Unnamed Skill],5e16397200ea27a4822121d51d22f40995c6842e,[Unnamed Skill],1.0,Type-1 (Verbatim)
5e16397200ea27a4822121d51d22f40995c6842e,[Unnamed Skill],5e16397200ea27a4822121d51d22f40995c6842e,[Unnamed Skill],1.0,Type-1 (Verbatim)
5e16397200ea27a4822121d51d22f40995c6842e,[Unnamed Skill],5e16397200ea27a4822121d51d22f40995c6842e,[Unnamed Skill],1.0,Type-1 (Verbatim)
5e16397200ea27a4822121d51d22f40995c6842e,[Unnamed Skill],5e16397200ea27a4822121d51d22f40995c6842e,[Unnamed Skill],1.0,Type-1 (Verbatim)
5e16397200ea27a4822121d51d22f40995c6842e,[Unnamed Skill],5e16397200ea27a4822121d51d22f40995c6842e,[Unnamed Skill],1.0,Type-1 (Verbatim)
5e16397200ea27a4822121d51d22f40995c6842e,[Unnamed Skill],5e16397200ea27a4822121d51d22f40995c6842e,[Unnamed Skill],1.0,Type-1 (Verbatim)
5e16397200ea27a4822121d51d22f40995c6842e,[Unnamed Skill],5e16397200ea27a4822121d51d22f40995c6842e,[Unnamed Skill],1.0,Type-1 (Verbatim)
5e16397200ea27a4822121d51d22f40995c6842e,[Unnamed Skill],5e16397200ea27a4822121d51d22f40995c6842e,[Unnamed Skill],1.0,Type-1 (Verbatim)
5e16397200ea27a4822121d51d22f40995c6842e,[Unnamed Skill],5e16397200ea27a4822121d51d22f40995c6842e,[Unnamed Skill],1.0,Type-1 (Verbatim)
5e16397200ea27a4822121d51d22f40995c6842e,[Unnamed Skill],5e16397200ea27a4822121d51d22f40995c6842e,[Unnamed Skill],1.0,Type-1 (Verbatim)
5e16397200ea27a4822121d51d22f40995c6842e,[Unnamed Skill],5e16397200ea27a4822121d51d22f40995c6842e,[Unnamed Skill],1.0,Type-1 (Verbatim)
5e16397200ea27a4822121d51d22f40995c6842e,[Unnamed Skill],5e16397200ea27a4822121d51d22f40995c6842e,[Unnamed Skill],1.0,Type-1 (Verbatim)
5e16397200ea27a4822121d51d22f40995c6842e,[Unnamed Skill],5e16397200ea27a4822121d51d22f40995c6842e,[Unnamed Skill],1.0,Type-1 (Verbatim)
5e16397200ea27a4822121d51d22f40995c6842e,[Unnamed Skill],5e16397200ea27a4822121d51d22f40995c6842e,[Unnamed Skill],1.0,Type-1 (Verbatim)
5e16397200ea27a4822121d51d22f40995c6842e,[Unnamed Skill],5e16397200ea27a4822121d51d22f40995c6842e,[Unnamed Skill],1.0,Type-1 (Verbatim)
5e16397200ea27a4822121d51d22f40995c6842e,[Unnamed Skill],5e16397200ea27a4822121d51d22f40995c6842e,[Unnamed Skill],1.0,Type-1 (Verbatim)
5e16397200ea27a4822121d51d22f40995c6842e,[Unnamed Skill],5e16397200ea27a4822121d51d22f40995c6842e,[Unnamed Skill],1.0,Type-1 (Verbatim)
5e16397200ea27a4822121d51d22f40995c6842e,[Unnamed Skill],5e16397200ea27a4822121d51d22f40995c6842e,[Unnamed Skill],1.0,Type-1 (Verbatim)
5e16397200ea27a4822121d51d22f40995c6842e,[Unnamed Skill],5e16397200ea27a4822121d51d22f40995c6842e,[Unnamed Skill],1.0,Type-1 (Verbatim)
5e16397200ea27a4822121d51d22f40995c6842e,[Unnamed Skill],5e16397200ea27a4822121d51d22f40995c6842e,[Unnamed Skill],1.0,Type-1 (Verbatim)
5e16397200ea27a4822121d51d22f40995c6842e,[Unnamed Skill],5e16397200ea27a4822121d51d22f40995c6842e,[Unnamed Skill],1.0,Type-1 (Verbatim)
5e16397200ea27a4822121d51d22f40995c6842e,[Unnamed Skill],5e16397200ea27a4822121d51d22f40995c6842e,[Unnamed Skill],1.0,Type-1 (Verbatim)
5e16397200ea27a4822121d51d22f40995c6842e,[Unnamed Skill],5e16397200ea27a4822121d51d22f40995c6842e,[Unnamed Skill],1.0,Type-1 (Verbatim)
5e16397200ea27a4822121d51d22f40995c6842e,[Unnamed Skill],5e16397200ea27a4822121d51d22f40995c6842e,[Unnamed Skill],1.0,Type-1 (Verbatim)
5e16397200ea27a4822121d51d22f40995c6842e,[Unnamed Skill],5e16397200ea27a4822121d51d22f40995c6842e,[Unnamed Skill],1.0,Type-1 (Verbatim)
5e16397200ea27a4822121d51d22f40995c6842e,[Unnamed Skill],5e16397200ea27a4822121d51d22f40995c6842e,[Unnamed Skill],1.0,Type-1 (Verbatim)
5e16397200ea27a4822121d51d22f40995c6842e,[Unnamed Skill],5e16397200ea27a4822121d51d22f40995c6842e,[Unnamed Skill],1.0,Type-1 (Verbatim)
5e16397200ea27a4822121d51d22f40995c6842e,[Unnamed Skill],5e16397200ea27a4822121d51d22f40995c6842e,[Unnamed Skill],1.0,Type-1 (Verbatim)
5e16397200ea27a4822121d51d22f40995c6842e,[Unnamed Skill],5e16397200ea27a4822121d51d22f40995c6842e,[Unnamed Skill],1.0,Type-1 (Verbatim)
5e16397200ea27a4822121d51d22f40995c6842e,[Unnamed Skill],5e16397200ea27a4822121d51d22f40995c6842e,[Unnamed Skill],1.0,Type-1 (Verbatim)
5e16397200ea27a4822121d51d22f40995c6842e,[Unnamed Skill],5e16397200ea27a4822121d51d22f40995c6842e,[Unnamed Skill],1.0,Type-1 (Verbatim)
5e16397200ea27a4822121d51d22f40995c6842e,[Unnamed Skill],5e16397200ea27a4822121d51d22f40995c6842e,[Unnamed Skill],1.0,Type-1 (Verbatim)
5e16397200ea27a4822121d51d22f40995c6842e,[Unnamed Skill],5e16397200ea27a4822121d51d22f40995c6842e,[Unnamed Skill],1.0,Type-1 (Verbatim)
5e16397200ea27a4822121d51d22f40995c6842e,[Unnamed Skill],5e16397200ea27a4822121d51d22f40995c6842e,[Unnamed Skill],1.0,Type-1 (Verbatim)
5e16397200ea27a4822121d51d22f40995c6842e,[Unnamed Skill],5e16397200ea27a4822121d51d22f40995c6842e,[Unnamed Skill],1.0,Type-1 (Verbatim)
5e16397200ea27a4822121d51d22f40995c6842e,[Unnamed Skill],5e16397200ea27a4822121d51d22f40995c6842e,[Unnamed Skill],1.0,Type-1 (Verbatim)
5e16397200ea27a4822121d51d22f40995c6842e,[Unnamed Skill],5e16397200ea27a4822121d51d22f40995c6842e,[Unnamed Skill],1.0,Type-1 (Verbatim)
5e16397200ea27a4822121d51d22f40995c6842e,[Unnamed Skill],5e16397200ea27a4822121d51d22f40995c6842e,[Unnamed Skill],1.0,Type-1 (Verbatim)
5e16397200ea27a4822121d51d22f40995c6842e,[Unnamed Skill],5e16397200ea27a4822121d51d22f40995c6842e,[Unnamed Skill],1.0,Type-1 (Verbatim)
5e16397200ea27a4822121d51d22f40995c6842e,[Unnamed Skill],5e16397200ea27a4822121d51d22f40995c6842e,[Unnamed Skill],1.0,Type-1 (Verbatim)
5e16397200ea27a4822121d51d22f40995c6842e,[Unnamed Skill],5e16397200ea27a4822121d51d22f40995c6842e,[Unnamed Skill],1.0,Type-1 (Verbatim)
5e16397200ea27a4822121d51d22f40995c6842e,[Unnamed Skill],5e16397200ea27a4822121d51d22f40995c6842e,[Unnamed Skill],1.0,Type-1 (Verbatim)
5e16397200ea27a4822121d51d22f40995c6842e,[Unnamed Skill],5e16397200ea27a4822121d51d22f40995c6842e,[Unnamed Skill],1.0,Type-1 (Verbatim)
5e16397200ea27a4822121d51d22f40995c6842e,[Unnamed Skill],5e16397200ea27a4822121d51d22f40995c6842e,[Unnamed Skill],1.0,Type-1 (Verbatim)
5e16397200ea27a4822121d51d22f40995c6842e,[Unnamed Skill],5e16397200ea27a4822121d51d22f40995c6842e,[Unnamed Skill],1.0,Type-1 (Verbatim)
5e16397200ea27a4822121d51d22f40995c6842e,[Unnamed Skill],5e16397200ea27a4822121d51d22f40995c6842e,[Unnamed Skill],1.0,Type-1 (Verbatim)
5e16397200ea27a4822121d51d22f40995c6842e,[Unnamed Skill],5e16397200ea27a4822121d51d22f40995c6842e,[Unnamed Skill],1.0,Type-1 (Verbatim)
5e16397200ea27a4822121d51d22f40995c6842e,[Unnamed Skill],5e16397200ea27a4822121d51d22f40995c6842e,[Unnamed Skill],1.0,Type-1 (Verbatim)
5e16397200ea27a4822121d51d22f40995c6842e,[Unnamed Skill],5e16397200ea27a4822121d51d22f40995c6842e,[Unnamed Skill],1.0,Type-1 (Verbatim)
5e16397200ea27a4822121d51d22f40995c6842e,[Unnamed Skill],5e16397200ea27a4822121d51d22f40995c6842e,[Unnamed Skill],1.0,Type-1 (Verbatim)
5e16397200ea27a4822121d51d22f40995c6842e,[Unnamed Skill],5e16397200ea27a4822121d51d22f40995c6842e,[Unnamed Skill],1.0,Type-1 (Verbatim)
5e16397200ea27a4822121d51d22f40995c6842e,[Unnamed Skill],5e16397200ea27a4822121d51d22f40995c6842e,[Unnamed Skill],1.0,Type-1 (Verbatim)
5e16397200ea27a4822121d51d22f40995c6842e,[Unnamed Skill],5e16397200ea27a4822121d51d22f40995c6842e,[Unnamed Skill],1.0,Type-1 (Verbatim)
5e16397200ea27a4822121d51d22f40995c6842e,[Unnamed Skill],5e16397200ea27a4822121d51d22f40995c6842e,[Unnamed Skill],1.0,Type-1 (Verbatim)
5e16397200ea27a4822121d51d22f40995c6842e,[Unnamed Skill],5e16397200ea27a4822121d51d22f40995c6842e,[Unnamed Skill],1.0,Type-1 (Verbatim)
40d19b90e0e1df62f36682e65252fd6222800fac,[Unnamed Skill],40d19b90e0e1df62f36682e65252fd6222800fac,[Unnamed Skill],1.0,Type-1 (Verbatim)
40d19b90e0e1df62f36682e65252fd6222800fac,[Unnamed Skill],40d19b90e0e1df62f36682e65252fd6222800fac,[Unnamed Skill],1.0,Type-1 (Verbatim)
40d19b90e0e1df62f36682e65252fd6222800fac,[Unnamed Skill],40d19b90e0e1df62f36682e65252fd6222800fac,[Unnamed Skill],1.0,Type-1 (Verbatim)
40d19b90e0e1df62f36682e65252fd6222800fac,[Unnamed Skill],40d19b90e0e1df62f36682e65252fd6222800fac,[Unnamed Skill],1.0,Type-1 (Verbatim)
40d19b90e0e1df62f36682e65252fd6222800fac,[Unnamed Skill],40d19b90e0e1df62f36682e65252fd6222800fac,[Unnamed Skill],1.0,Type-1 (Verbatim)
40d19b90e0e1df62f36682e65252fd6222800fac,[Unnamed Skill],40d19b90e0e1df62f36682e65252fd6222800fac,[Unnamed Skill],1.0,Type-1 (Verbatim)
40d19b90e0e1df62f36682e65252fd6222800fac,[Unnamed Skill],40d19b90e0e1df62f36682e65252fd6222800fac,[Unnamed Skill],1.0,Type-1 (Verbatim)
40d19b90e0e1df62f36682e65252fd6222800fac,[Unnamed Skill],40d19b90e0e1df62f36682e65252fd6222800fac,[Unnamed Skill],1.0,Type-1 (Verbatim)
40d19b90e0e1df62f36682e65252fd6222800fac,[Unnamed Skill],40d19b90e0e1df62f36682e65252fd6222800fac,[Unnamed Skill],1.0,Type-1 (Verbatim)
40d19b90e0e1df62f36682e65252fd6222800fac,[Unnamed Skill],40d19b90e0e1df62f36682e65252fd6222800fac,[Unnamed Skill],1.0,Type-1 (Verbatim)
40d19b90e0e1df62f36682e65252fd6222800fac,[Unnamed Skill],40d19b90e0e1df62f36682e65252fd6222800fac,[Unnamed Skill],1.0,Type-1 (Verbatim)
40d19b90e0e1df62f36682e65252fd6222800fac,[Unnamed Skill],40d19b90e0e1df62f36682e65252fd6222800fac,[Unnamed Skill],1.0,Type-1 (Verbatim)
40d19b90e0e1df62f36682e65252fd6222800fac,[Unnamed Skill],40d19b90e0e1df62f36682e65252fd6222800fac,[Unnamed Skill],1.0,Type-1 (Verbatim)
40d19b90e0e1df62f36682e65252fd6222800fac,[Unnamed Skill],40d19b90e0e1df62f36682e65252fd6222800fac,[Unnamed Skill],1.0,Type-1 (Verbatim)
40d19b90e0e1df62f36682e65252fd6222800fac,[Unnamed Skill],40d19b90e0e1df62f36682e65252fd6222800fac,[Unnamed Skill],1.0,Type-1 (Verbatim)
40d19b90e0e1df62f36682e65252fd6222800fac,[Unnamed Skill],40d19b90e0e1df62f36682e65252fd6222800fac,[Unnamed Skill],1.0,Type-1 (Verbatim)
40d19b90e0e1df62f36682e65252fd6222800fac,[Unnamed Skill],40d19b90e0e1df62f36682e65252fd6222800fac,[Unnamed Skill],1.0,Type-1 (Verbatim)
40d19b90e0e1df62f36682e65252fd6222800fac,[Unnamed Skill],40d19b90e0e1df62f36682e65252fd6222800fac,[Unnamed Skill],1.0,Type-1 (Verbatim)
40d19b90e0e1df62f36682e65252fd6222800fac,[Unnamed Skill],40d19b90e0e1df62f36682e65252fd6222800fac,[Unnamed Skill],1.0,Type-1 (Verbatim)
40d19b90e0e1df62f36682e65252fd6222800fac,[Unnamed Skill],40d19b90e0e1df62f36682e65252fd6222800fac,[Unnamed Skill],1.0,Type-1 (Verbatim)
40d19b90e0e1df62f36682e65252fd6222800fac,[Unnamed Skill],40d19b90e0e1df62f36682e65252fd6222800fac,[Unnamed Skill],1.0,Type-1 (Verbatim)
40d19b90e0e1df62f36682e65252fd6222800fac,[Unnamed Skill],40d19b90e0e1df62f36682e65252fd6222800fac,[Unnamed Skill],1.0,Type-1 (Verbatim)
40d19b90e0e1df62f36682e65252fd6222800fac,[Unnamed Skill],40d19b90e0e1df62f36682e65252fd6222800fac,[Unnamed Skill],1.0,Type-1 (Verbatim)
40d19b90e0e1df62f36682e65252fd6222800fac,[Unnamed Skill],40d19b90e0e1df62f36682e65252fd6222800fac,[Unnamed Skill],1.0,Type-1 (Verbatim)
40d19b90e0e1df62f36682e65252fd6222800fac,[Unnamed Skill],40d19b90e0e1df62f36682e65252fd6222800fac,[Unnamed Skill],1.0,Type-1 (Verbatim)
40d19b90e0e1df62f36682e65252fd6222800fac,[Unnamed Skill],40d19b90e0e1df62f36682e65252fd6222800fac,[Unnamed Skill],1.0,Type-1 (Verbatim)
40d19b90e0e1df62f36682e65252fd6222800fac,[Unnamed Skill],40d19b90e0e1df62f36682e65252fd6222800fac,[Unnamed Skill],1.0,Type-1 (Verbatim)
40d19b90e0e1df62f36682e65252fd6222800fac,[Unnamed Skill],40d19b90e0e1df62f36682e65252fd6222800fac,[Unnamed Skill],1.0,Type-1 (Verbatim)
40d19b90e0e1df62f36682e65252fd6222800fac,[Unnamed Skill],40d19b90e0e1df62f36682e65252fd6222800fac,[Unnamed Skill],1.0,Type-1 (Verbatim)
40d19b90e0e1df62f36682e65252fd6222800fac,[Unnamed Skill],40d19b90e0e1df62f36682e65252fd6222800fac,[Unnamed Skill],1.0,Type-1 (Verbatim)
40d19b90e0e1df62f36682e65252fd6222800fac,[Unnamed Skill],40d19b90e0e1df62f36682e65252fd6222800fac,[Unnamed Skill],1.0,Type-1 (Verbatim)
40d19b90e0e1df62f36682e65252fd6222800fac,[Unnamed Skill],40d19b90e0e1df62f36682e65252fd6222800fac,[Unnamed Skill],1.0,Type-1 (Verbatim)
40d19b90e0e1df62f36682e65252fd6222800fac,[Unnamed Skill],40d19b90e0e1df62f36682e65252fd6222800fac,[Unnamed Skill],1.0,Type-1 (Verbatim)
40d19b90e0e1df62f36682e65252fd6222800fac,[Unnamed Skill],40d19b90e0e1df62f36682e65252fd6222800fac,[Unnamed Skill],1.0,Type-1 (Verbatim)
40d19b90e0e1df62f36682e65252fd6222800fac,[Unnamed Skill],40d19b90e0e1df62f36682e65252fd6222800fac,[Unnamed Skill],1.0,Type-1 (Verbatim)
40d19b90e0e1df62f36682e65252fd6222800fac,[Unnamed Skill],40d19b90e0e1df62f36682e65252fd6222800fac,[Unnamed Skill],1.0,Type-1 (Verbatim)
40d19b90e0e1df62f36682e65252fd6222800fac,[Unnamed Skill],40d19b90e0e1df62f36682e65252fd6222800fac,[Unnamed Skill],1.0,Type-1 (Verbatim)
40d19b90e0e1df62f36682e65252fd6222800fac,[Unnamed Skill],40d19b90e0e1df62f36682e65252fd6222800fac,[Unnamed Skill],1.0,Type-1 (Verbatim)
40d19b90e0e1df62f36682e65252fd6222800fac,[Unnamed Skill],40d19b90e0e1df62f36682e65252fd6222800fac,[Unnamed Skill],1.0,Type-1 (Verbatim)
40d19b90e0e1df62f36682e65252fd6222800fac,[Unnamed Skill],40d19b90e0e1df62f36682e65252fd6222800fac,[Unnamed Skill],1.0,Type-1 (Verbatim)
40d19b90e0e1df62f36682e65252fd6222800fac,[Unnamed Skill],40d19b90e0e1df62f36682e65252fd6222800fac,[Unnamed Skill],1.0,Type-1 (Verbatim)
40d19b90e0e1df62f36682e65252fd6222800fac,[Unnamed Skill],40d19b90e0e1df62f36682e65252fd6222800fac,[Unnamed Skill],1.0,Type-1 (Verbatim)
40d19b90e0e1df62f36682e65252fd6222800fac,[Unnamed Skill],40d19b90e0e1df62f36682e65252fd6222800fac,[Unnamed Skill],1.0,Type-1 (Verbatim)
40d19b90e0e1df62f36682e65252fd6222800fac,[Unnamed Skill],40d19b90e0e1df62f36682e65252fd6222800fac,[Unnamed Skill],1.0,Type-1 (Verbatim)
40d19b90e0e1df62f36682e65252fd6222800fac,[Unnamed Skill],40d19b90e0e1df62f36682e65252fd6222800fac,[Unnamed Skill],1.0,Type-1 (Verbatim)
40d19b90e0e1df62f36682e65252fd6222800fac,[Unnamed Skill],40d19b90e0e1df62f36682e65252fd6222800fac,[Unnamed Skill],1.0,Type-1 (Verbatim)
40d19b90e0e1df62f36682e65252fd6222800fac,[Unnamed Skill],40d19b90e0e1df62f36682e65252fd6222800fac,[Unnamed Skill],1.0,Type-1 (Verbatim)
40d19b90e0e1df62f36682e65252fd6222800fac,[Unnamed Skill],40d19b90e0e1df62f36682e65252fd6222800fac,[Unnamed Skill],1.0,Type-1 (Verbatim)
40d19b90e0e1df62f36682e65252fd6222800fac,[Unnamed Skill],40d19b90e0e1df62f36682e65252fd6222800fac,[Unnamed Skill],1.0,Type-1 (Verbatim)
40d19b90e0e1df62f36682e65252fd6222800fac,[Unnamed Skill],40d19b90e0e1df62f36682e65252fd6222800fac,[Unnamed Skill],1.0,Type-1 (Verbatim)
40d19b90e0e1df62f36682e65252fd6222800fac,[Unnamed Skill],40d19b90e0e1df62f36682e65252fd6222800fac,[Unnamed Skill],1.0,Type-1 (Verbatim)
40d19b90e0e1df62f36682e65252fd6222800fac,[Unnamed Skill],40d19b90e0e1df62f36682e65252fd6222800fac,[Unnamed Skill],1.0,Type-1 (Verbatim)
40d19b90e0e1df62f36682e65252fd6222800fac,[Unnamed Skill],40d19b90e0e1df62f36682e65252fd6222800fac,[Unnamed Skill],1.0,Type-1 (Verbatim)
40d19b90e0e1df62f36682e65252fd6222800fac,[Unnamed Skill],40d19b90e0e1df62f36682e65252fd6222800fac,[Unnamed Skill],1.0,Type-1 (Verbatim)
40d19b90e0e1df62f36682e65252fd6222800fac,[Unnamed Skill],40d19b90e0e1df62f36682e65252fd6222800fac,[Unnamed Skill],1.0,Type-1 (Verbatim)
40d19b90e0e1df62f36682e65252fd6222800fac,[Unnamed Skill],40d19b90e0e1df62f36682e65252fd6222800fac,[Unnamed Skill],1.0,Type-1 (Verbatim)
40d19b90e0e1df62f36682e65252fd6222800fac,[Unnamed Skill],40d19b90e0e1df62f36682e65252fd6222800fac,[Unnamed Skill],1.0,Type-1 (Verbatim)
40d19b90e0e1df62f36682e65252fd6222800fac,[Unnamed Skill],40d19b90e0e1df62f36682e65252fd6222800fac,[Unnamed Skill],1.0,Type-1 (Verbatim)
40d19b90e0e1df62f36682e65252fd6222800fac,[Unnamed Skill],40d19b90e0e1df62f36682e65252fd6222800fac,[Unnamed Skill],1.0,Type-1 (Verbatim)
40d19b90e0e1df62f36682e65252fd6222800fac,[Unnamed Skill],40d19b90e0e1df62f36682e65252fd6222800fac,[Unnamed Skill],1.0,Type-1 (Verbatim)
40d19b90e0e1df62f36682e65252fd6222800fac,[Unnamed Skill],40d19b90e0e1df62f36682e65252fd6222800fac,[Unnamed Skill],1.0,Type-1 (Verbatim)
40d19b90e0e1df62f36682e65252fd6222800fac,[Unnamed Skill],40d19b90e0e1df62f36682e65252fd6222800fac,[Unnamed Skill],1.0,Type-1 (Verbatim)
40d19b90e0e1df62f36682e65252fd6222800fac,[Unnamed Skill],40d19b90e0e1df62f36682e65252fd6222800fac,[Unnamed Skill],1.0,Type-1 (Verbatim)
40d19b90e0e1df62f36682e65252fd6222800fac,[Unnamed Skill],40d19b90e0e1df62f36682e65252fd6222800fac,[Unnamed Skill],1.0,Type-1 (Verbatim)
40d19b90e0e1df62f36682e65252fd6222800fac,[Unnamed Skill],40d19b90e0e1df62f36682e65252fd6222800fac,[Unnamed Skill],1.0,Type-1 (Verbatim)
40d19b90e0e1df62f36682e65252fd6222800fac,[Unnamed Skill],40d19b90e0e1df62f36682e65252fd6222800fac,[Unnamed Skill],1.0,Type-1 (Verbatim)
40d19b90e0e1df62f36682e65252fd6222800fac,[Unnamed Skill],40d19b90e0e1df62f36682e65252fd6222800fac,[Unnamed Skill],1.0,Type-1 (Verbatim)
40d19b90e0e1df62f36682e65252fd6222800fac,[Unnamed Skill],40d19b90e0e1df62f36682e65252fd6222800fac,[Unnamed Skill],1.0,Type-1 (Verbatim)
40d19b90e0e1df62f36682e65252fd6222800fac,[Unnamed Skill],40d19b90e0e1df62f36682e65252fd6222800fac,[Unnamed Skill],1.0,Type-1 (Verbatim)
40d19b90e0e1df62f36682e65252fd6222800fac,[Unnamed Skill],40d19b90e0e1df62f36682e65252fd6222800fac,[Unnamed Skill],1.0,Type-1 (Verbatim)
40d19b90e0e1df62f36682e65252fd6222800fac,[Unnamed Skill],40d19b90e0e1df62f36682e65252fd6222800fac,[Unnamed Skill],1.0,Type-1 (Verbatim)
40d19b90e0e1df62f36682e65252fd6222800fac,[Unnamed Skill],40d19b90e0e1df62f36682e65252fd6222800fac,[Unnamed Skill],1.0,Type-1 (Verbatim)
40d19b90e0e1df62f36682e65252fd6222800fac,[Unnamed Skill],40d19b90e0e1df62f36682e65252fd6222800fac,[Unnamed Skill],1.0,Type-1 (Verbatim)
40d19b90e0e1df62f36682e65252fd6222800fac,[Unnamed Skill],40d19b90e0e1df62f36682e65252fd6222800fac,[Unnamed Skill],1.0,Type-1 (Verbatim)
40d19b90e0e1df62f36682e65252fd6222800fac,[Unnamed Skill],40d19b90e0e1df62f36682e65252fd6222800fac,[Unnamed Skill],1.0,Type-1 (Verbatim)
40d19b90e0e1df62f36682e65252fd6222800fac,[Unnamed Skill],40d19b90e0e1df62f36682e65252fd6222800fac,[Unnamed Skill],1.0,Type-1 (Verbatim)
40d19b90e0e1df62f36682e65252fd6222800fac,[Unnamed Skill],40d19b90e0e1df62f36682e65252fd6222800fac,[Unnamed Skill],1.0,Type-1 (Verbatim)
40d19b90e0e1df62f36682e65252fd6222800fac,[Unnamed Skill],40d19b90e0e1df62f36682e65252fd6222800fac,[Unnamed Skill],1.0,Type-1 (Verbatim)
40d19b90e0e1df62f36682e65252fd6222800fac,[Unnamed Skill],40d19b90e0e1df62f36682e65252fd6222800fac,[Unnamed Skill],1.0,Type-1 (Verbatim)
40d19b90e0e1df62f36682e65252fd6222800fac,[Unnamed Skill],40d19b90e0e1df62f36682e65252fd6222800fac,[Unnamed Skill],1.0,Type-1 (Verbatim)
40d19b90e0e1df62f36682e65252fd6222800fac,[Unnamed Skill],40d19b90e0e1df62f36682e65252fd6222800fac,[Unnamed Skill],1.0,Type-1 (Verbatim)
40d19b90e0e1df62f36682e65252fd6222800fac,[Unnamed Skill],40d19b90e0e1df62f36682e65252fd6222800fac,[Unnamed Skill],1.0,Type-1 (Verbatim)
40d19b90e0e1df62f36682e65252fd6222800fac,[Unnamed Skill],40d19b90e0e1df62f36682e65252fd6222800fac,[Unnamed Skill],1.0,Type-1 (Verbatim)
40d19b90e0e1df62f36682e65252fd6222800fac,[Unnamed Skill],40d19b90e0e1df62f36682e65252fd6222800fac,[Unnamed Skill],1.0,Type-1 (Verbatim)
40d19b90e0e1df62f36682e65252fd6222800fac,[Unnamed Skill],40d19b90e0e1df62f36682e65252fd6222800fac,[Unnamed Skill],1.0,Type-1 (Verbatim)
40d19b90e0e1df62f36682e65252fd6222800fac,[Unnamed Skill],40d19b90e0e1df62f36682e65252fd6222800fac,[Unnamed Skill],1.0,Type-1 (Verbatim)
40d19b90e0e1df62f36682e65252fd6222800fac,[Unnamed Skill],40d19b90e0e1df62f36682e65252fd6222800fac,[Unnamed Skill],1.0,Type-1 (Verbatim)
40d19b90e0e1df62f36682e65252fd6222800fac,[Unnamed Skill],40d19b90e0e1df62f36682e65252fd6222800fac,[Unnamed Skill],1.0,Type-1 (Verbatim)
40d19b90e0e1df62f36682e65252fd6222800fac,[Unnamed Skill],40d19b90e0e1df62f36682e65252fd6222800fac,[Unnamed Skill],1.0,Type-1 (Verbatim)
40d19b90e0e1df62f36682e65252fd6222800fac,[Unnamed Skill],40d19b90e0e1df62f36682e65252fd6222800fac,[Unnamed Skill],1.0,Type-1 (Verbatim)
40d19b90e0e1df62f36682e65252fd6222800fac,[Unnamed Skill],40d19b90e0e1df62f36682e65252fd6222800fac,[Unnamed Skill],1.0,Type-1 (Verbatim)
40d19b90e0e1df62f36682e65252fd6222800fac,[Unnamed Skill],40d19b90e0e1df62f36682e65252fd6222800fac,[Unnamed Skill],1.0,Type-1 (Verbatim)
40d19b90e0e1df62f36682e65252fd6222800fac,[Unnamed Skill],40d19b90e0e1df62f36682e65252fd6222800fac,[Unnamed Skill],1.0,Type-1 (Verbatim)
40d19b90e0e1df62f36682e65252fd6222800fac,[Unnamed Skill],40d19b90e0e1df62f36682e65252fd6222800fac,[Unnamed Skill],1.0,Type-1 (Verbatim)
40d19b90e0e1df62f36682e65252fd6222800fac,[Unnamed Skill],40d19b90e0e1df62f36682e65252fd6222800fac,[Unnamed Skill],1.0,Type-1 (Verbatim)
40d19b90e0e1df62f36682e65252fd6222800fac,[Unnamed Skill],40d19b90e0e1df62f36682e65252fd6222800fac,[Unnamed Skill],1.0,Type-1 (Verbatim)
40d19b90e0e1df62f36682e65252fd6222800fac,[Unnamed Skill],40d19b90e0e1df62f36682e65252fd6222800fac,[Unnamed Skill],1.0,Type-1 (Verbatim)
40d19b90e0e1df62f36682e65252fd6222800fac,[Unnamed Skill],40d19b90e0e1df62f36682e65252fd6222800fac,[Unnamed Skill],1.0,Type-1 (Verbatim)
40d19b90e0e1df62f36682e65252fd6222800fac,[Unnamed Skill],40d19b90e0e1df62f36682e65252fd6222800fac,[Unnamed Skill],1.0,Type-1 (Verbatim)
40d19b90e0e1df62f36682e65252fd6222800fac,[Unnamed Skill],40d19b90e0e1df62f36682e65252fd6222800fac,[Unnamed Skill],1.0,Type-1 (Verbatim)
40d19b90e0e1df62f36682e65252fd6222800fac,[Unnamed Skill],40d19b90e0e1df62f36682e65252fd6222800fac,[Unnamed Skill],1.0,Type-1 (Verbatim)
40d19b90e0e1df62f36682e65252fd6222800fac,[Unnamed Skill],40d19b90e0e1df62f36682e65252fd6222800fac,[Unnamed Skill],1.0,Type-1 (Verbatim)
40d19b90e0e1df62f36682e65252fd6222800fac,[Unnamed Skill],40d19b90e0e1df62f36682e65252fd6222800fac,[Unnamed Skill],1.0,Type-1 (Verbatim)
40d19b90e0e1df62f36682e65252fd6222800fac,[Unnamed Skill],40d19b90e0e1df62f36682e65252fd6222800fac,[Unnamed Skill],1.0,Type-1 (Verbatim)
40d19b90e0e1df62f36682e65252fd6222800fac,[Unnamed Skill],40d19b90e0e1df62f36682e65252fd6222800fac,[Unnamed Skill],1.0,Type-1 (Verbatim)
40d19b90e0e1df62f36682e65252fd6222800fac,[Unnamed Skill],40d19b90e0e1df62f36682e65252fd6222800fac,[Unnamed Skill],1.0,Type-1 (Verbatim)
40d19b90e0e1df62f36682e65252fd6222800fac,[Unnamed Skill],40d19b90e0e1df62f36682e65252fd6222800fac,[Unnamed Skill],1.0,Type-1 (Verbatim)
40d19b90e0e1df62f36682e65252fd6222800fac,[Unnamed Skill],40d19b90e0e1df62f36682e65252fd6222800fac,[Unnamed Skill],1.0,Type-1 (Verbatim)
40d19b90e0e1df62f36682e65252fd6222800fac,[Unnamed Skill],40d19b90e0e1df62f36682e65252fd6222800fac,[Unnamed Skill],1.0,Type-1 (Verbatim)
40d19b90e0e1df62f36682e65252fd6222800fac,[Unnamed Skill],40d19b90e0e1df62f36682e65252fd6222800fac,[Unnamed Skill],1.0,Type-1 (Verbatim)
40d19b90e0e1df62f36682e65252fd6222800fac,[Unnamed Skill],40d19b90e0e1df62f36682e65252fd6222800fac,[Unnamed Skill],1.0,Type-1 (Verbatim)
40d19b90e0e1df62f36682e65252fd6222800fac,[Unnamed Skill],40d19b90e0e1df62f36682e65252fd6222800fac,[Unnamed Skill],1.0,Type-1 (Verbatim)
40d19b90e0e1df62f36682e65252fd6222800fac,[Unnamed Skill],40d19b90e0e1df62f36682e65252fd6222800fac,[Unnamed Skill],1.0,Type-1 (Verbatim)
40d19b90e0e1df62f36682e65252fd6222800fac,[Unnamed Skill],40d19b90e0e1df62f36682e65252fd6222800fac,[Unnamed Skill],1.0,Type-1 (Verbatim)
40d19b90e0e1df62f36682e65252fd6222800fac,[Unnamed Skill],40d19b90e0e1df62f36682e65252fd6222800fac,[Unnamed Skill],1.0,Type-1 (Verbatim)
40d19b90e0e1df62f36682e65252fd6222800fac,[Unnamed Skill],40d19b90e0e1df62f36682e65252fd6222800fac,[Unnamed Skill],1.0,Type-1 (Verbatim)
40d19b90e0e1df62f36682e65252fd6222800fac,[Unnamed Skill],40d19b90e0e1df62f36682e65252fd6222800fac,[Unnamed Skill],1.0,Type-1 (Verbatim)
40d19b90e0e1df62f36682e65252fd6222800fac,[Unnamed Skill],40d19b90e0e1df62f36682e65252fd6222800fac,[Unnamed Skill],1.0,Type-1 (Verbatim)
40d19b90e0e1df62f36682e65252fd6222800fac,[Unnamed Skill],40d19b90e0e1df62f36682e65252fd6222800fac,[Unnamed Skill],1.0,Type-1 (Verbatim)
40d19b90e0e1df62f36682e65252fd6222800fac,[Unnamed Skill],40d19b90e0e1df62f36682e65252fd6222800fac,[Unnamed Skill],1.0,Type-1 (Verbatim)
40d19b90e0e1df62f36682e65252fd6222800fac,[Unnamed Skill],40d19b90e0e1df62f36682e65252fd6222800fac,[Unnamed Skill],1.0,Type-1 (Verbatim)
40d19b90e0e1df62f36682e65252fd6222800fac,[Unnamed Skill],40d19b90e0e1df62f36682e65252fd6222800fac,[Unnamed Skill],1.0,Type-1 (Verbatim)
40d19b90e0e1df62f36682e65252fd6222800fac,[Unnamed Skill],40d19b90e0e1df62f36682e65252fd6222800fac,[Unnamed Skill],1.0,Type-1 (Verbatim)
40d19b90e0e1df62f36682e65252fd6222800fac,[Unnamed Skill],40d19b90e0e1df62f36682e65252fd6222800fac,[Unnamed Skill],1.0,Type-1 (Verbatim)
40d19b90e0e1df62f36682e65252fd6222800fac,[Unnamed Skill],40d19b90e0e1df62f36682e65252fd6222800fac,[Unnamed Skill],1.0,Type-1 (Verbatim)
40d19b90e0e1df62f36682e65252fd6222800fac,[Unnamed Skill],40d19b90e0e1df62f36682e65252fd6222800fac,[Unnamed Skill],1.0,Type-1 (Verbatim)
40d19b90e0e1df62f36682e65252fd6222800fac,[Unnamed Skill],40d19b90e0e1df62f36682e65252fd6222800fac,[Unnamed Skill],1.0,Type-1 (Verbatim)
40d19b90e0e1df62f36682e65252fd6222800fac,[Unnamed Skill],40d19b90e0e1df62f36682e65252fd6222800fac,[Unnamed Skill],1.0,Type-1 (Verbatim)
40d19b90e0e1df62f36682e65252fd6222800fac,[Unnamed Skill],40d19b90e0e1df62f36682e65252fd6222800fac,[Unnamed Skill],1.0,Type-1 (Verbatim)
40d19b90e0e1df62f36682e65252fd6222800fac,[Unnamed Skill],40d19b90e0e1df62f36682e65252fd6222800fac,[Unnamed Skill],1.0,Type-1 (Verbatim)
40d19b90e0e1df62f36682e65252fd6222800fac,[Unnamed Skill],40d19b90e0e1df62f36682e65252fd6222800fac,[Unnamed Skill],1.0,Type-1 (Verbatim)
40d19b90e0e1df62f36682e65252fd6222800fac,[Unnamed Skill],40d19b90e0e1df62f36682e65252fd6222800fac,[Unnamed Skill],1.0,Type-1 (Verbatim)
40d19b90e0e1df62f36682e65252fd6222800fac,[Unnamed Skill],40d19b90e0e1df62f36682e65252fd6222800fac,[Unnamed Skill],1.0,Type-1 (Verbatim)
40d19b90e0e1df62f36682e65252fd6222800fac,[Unnamed Skill],40d19b90e0e1df62f36682e65252fd6222800fac,[Unnamed Skill],1.0,Type-1 (Verbatim)
40d19b90e0e1df62f36682e65252fd6222800fac,[Unnamed Skill],40d19b90e0e1df62f36682e65252fd6222800fac,[Unnamed Skill],1.0,Type-1 (Verbatim)
40d19b90e0e1df62f36682e65252fd6222800fac,[Unnamed Skill],40d19b90e0e1df62f36682e65252fd6222800fac,[Unnamed Skill],1.0,Type-1 (Verbatim)
40d19b90e0e1df62f36682e65252fd6222800fac,[Unnamed Skill],40d19b90e0e1df62f36682e65252fd6222800fac,[Unnamed Skill],1.0,Type-1 (Verbatim)
40d19b90e0e1df62f36682e65252fd6222800fac,[Unnamed Skill],40d19b90e0e1df62f36682e65252fd6222800fac,[Unnamed Skill],1.0,Type-1 (Verbatim)
40d19b90e0e1df62f36682e65252fd6222800fac,[Unnamed Skill],40d19b90e0e1df62f36682e65252fd6222800fac,[Unnamed Skill],1.0,Type-1 (Verbatim)
40d19b90e0e1df62f36682e65252fd6222800fac,[Unnamed Skill],40d19b90e0e1df62f36682e65252fd6222800fac,[Unnamed Skill],1.0,Type-1 (Verbatim)
40d19b90e0e1df62f36682e65252fd6222800fac,[Unnamed Skill],40d19b90e0e1df62f36682e65252fd6222800fac,[Unnamed Skill],1.0,Type-1 (Verbatim)
40d19b90e0e1df62f36682e65252fd6222800fac,[Unnamed Skill],40d19b90e0e1df62f36682e65252fd6222800fac,[Unnamed Skill],1.0,Type-1 (Verbatim)
40d19b90e0e1df62f36682e65252fd6222800fac,[Unnamed Skill],40d19b90e0e1df62f36682e65252fd6222800fac,[Unnamed Skill],1.0,Type-1 (Verbatim)
40d19b90e0e1df62f36682e65252fd6222800fac,[Unnamed Skill],40d19b90e0e1df62f36682e65252fd6222800fac,[Unnamed Skill],1.0,Type-1 (Verbatim)
40d19b90e0e1df62f36682e65252fd6222800fac,[Unnamed Skill],40d19b90e0e1df62f36682e65252fd6222800fac,[Unnamed Skill],1.0,Type-1 (Verbatim)
40d19b90e0e1df62f36682e65252fd6222800fac,[Unnamed Skill],40d19b90e0e1df62f36682e65252fd6222800fac,[Unnamed Skill],1.0,Type-1 (Verbatim)
40d19b90e0e1df62f36682e65252fd6222800fac,[Unnamed Skill],40d19b90e0e1df62f36682e65252fd6222800fac,[Unnamed Skill],1.0,Type-1 (Verbatim)
40d19b90e0e1df62f36682e65252fd6222800fac,[Unnamed Skill],40d19b90e0e1df62f36682e65252fd6222800fac,[Unnamed Skill],1.0,Type-1 (Verbatim)
40d19b90e0e1df62f36682e65252fd6222800fac,[Unnamed Skill],40d19b90e0e1df62f36682e65252fd6222800fac,[Unnamed Skill],1.0,Type-1 (Verbatim)
6095c33caaf0999eab0e0556e5efb4a7fe25a2fd,[Unnamed Skill],6095c33caaf0999eab0e0556e5efb4a7fe25a2fd,[Unnamed Skill],1.0,Type-1 (Verbatim)
6095c33caaf0999eab0e0556e5efb4a7fe25a2fd,[Unnamed Skill],6095c33caaf0999eab0e0556e5efb4a7fe25a2fd,[Unnamed Skill],1.0,Type-1 (Verbatim)
6095c33caaf0999eab0e0556e5efb4a7fe25a2fd,[Unnamed Skill],6095c33caaf0999eab0e0556e5efb4a7fe25a2fd,[Unnamed Skill],1.0,Type-1 (Verbatim)
6095c33caaf0999eab0e0556e5efb4a7fe25a2fd,[Unnamed Skill],6095c33caaf0999eab0e0556e5efb4a7fe25a2fd,[Unnamed Skill],1.0,Type-1 (Verbatim)
6095c33caaf0999eab0e0556e5efb4a7fe25a2fd,[Unnamed Skill],6095c33caaf0999eab0e0556e5efb4a7fe25a2fd,[Unnamed Skill],1.0,Type-1 (Verbatim)
6095c33caaf0999eab0e0556e5efb4a7fe25a2fd,[Unnamed Skill],6095c33caaf0999eab0e0556e5efb4a7fe25a2fd,[Unnamed Skill],1.0,Type-1 (Verbatim)
6095c33caaf0999eab0e0556e5efb4a7fe25a2fd,[Unnamed Skill],6095c33caaf0999eab0e0556e5efb4a7fe25a2fd,[Unnamed Skill],1.0,Type-1 (Verbatim)
6095c33caaf0999eab0e0556e5efb4a7fe25a2fd,[Unnamed Skill],6095c33caaf0999eab0e0556e5efb4a7fe25a2fd,[Unnamed Skill],1.0,Type-1 (Verbatim)
6095c33caaf0999eab0e0556e5efb4a7fe25a2fd,[Unnamed Skill],6095c33caaf0999eab0e0556e5efb4a7fe25a2fd,[Unnamed Skill],1.0,Type-1 (Verbatim)
6095c33caaf0999eab0e0556e5efb4a7fe25a2fd,[Unnamed Skill],6095c33caaf0999eab0e0556e5efb4a7fe25a2fd,[Unnamed Skill],1.0,Type-1 (Verbatim)
6095c33caaf0999eab0e0556e5efb4a7fe25a2fd,[Unnamed Skill],6095c33caaf0999eab0e0556e5efb4a7fe25a2fd,[Unnamed Skill],1.0,Type-1 (Verbatim)
6095c33caaf0999eab0e0556e5efb4a7fe25a2fd,[Unnamed Skill],6095c33caaf0999eab0e0556e5efb4a7fe25a2fd,[Unnamed Skill],1.0,Type-1 (Verbatim)
6095c33caaf0999eab0e0556e5efb4a7fe25a2fd,[Unnamed Skill],6095c33caaf0999eab0e0556e5efb4a7fe25a2fd,[Unnamed Skill],1.0,Type-1 (Verbatim)
6095c33caaf0999eab0e0556e5efb4a7fe25a2fd,[Unnamed Skill],6095c33caaf0999eab0e0556e5efb4a7fe25a2fd,[Unnamed Skill],1.0,Type-1 (Verbatim)
6095c33caaf0999eab0e0556e5efb4a7fe25a2fd,[Unnamed Skill],6095c33caaf0999eab0e0556e5efb4a7fe25a2fd,[Unnamed Skill],1.0,Type-1 (Verbatim)
6095c33caaf0999eab0e0556e5efb4a7fe25a2fd,[Unnamed Skill],6095c33caaf0999eab0e0556e5efb4a7fe25a2fd,[Unnamed Skill],1.0,Type-1 (Verbatim)
6095c33caaf0999eab0e0556e5efb4a7fe25a2fd,[Unnamed Skill],6095c33caaf0999eab0e0556e5efb4a7fe25a2fd,[Unnamed Skill],1.0,Type-1 (Verbatim)
6095c33caaf0999eab0e0556e5efb4a7fe25a2fd,[Unnamed Skill],6095c33caaf0999eab0e0556e5efb4a7fe25a2fd,[Unnamed Skill],1.0,Type-1 (Verbatim)
6095c33caaf0999eab0e0556e5efb4a7fe25a2fd,[Unnamed Skill],6095c33caaf0999eab0e0556e5efb4a7fe25a2fd,[Unnamed Skill],1.0,Type-1 (Verbatim)
6095c33caaf0999eab0e0556e5efb4a7fe25a2fd,[Unnamed Skill],6095c33caaf0999eab0e0556e5efb4a7fe25a2fd,[Unnamed Skill],1.0,Type-1 (Verbatim)
6095c33caaf0999eab0e0556e5efb4a7fe25a2fd,[Unnamed Skill],6095c33caaf0999eab0e0556e5efb4a7fe25a2fd,[Unnamed Skill],1.0,Type-1 (Verbatim)
6095c33caaf0999eab0e0556e5efb4a7fe25a2fd,[Unnamed Skill],6095c33caaf0999eab0e0556e5efb4a7fe25a2fd,[Unnamed Skill],1.0,Type-1 (Verbatim)
6095c33caaf0999eab0e0556e5efb4a7fe25a2fd,[Unnamed Skill],6095c33caaf0999eab0e0556e5efb4a7fe25a2fd,[Unnamed Skill],1.0,Type-1 (Verbatim)
6095c33caaf0999eab0e0556e5efb4a7fe25a2fd,[Unnamed Skill],6095c33caaf0999eab0e0556e5efb4a7fe25a2fd,[Unnamed Skill],1.0,Type-1 (Verbatim)
6095c33caaf0999eab0e0556e5efb4a7fe25a2fd,[Unnamed Skill],6095c33caaf0999eab0e0556e5efb4a7fe25a2fd,[Unnamed Skill],1.0,Type-1 (Verbatim)
6095c33caaf0999eab0e0556e5efb4a7fe25a2fd,[Unnamed Skill],6095c33caaf0999eab0e0556e5efb4a7fe25a2fd,[Unnamed Skill],1.0,Type-1 (Verbatim)
6095c33caaf0999eab0e0556e5efb4a7fe25a2fd,[Unnamed Skill],6095c33caaf0999eab0e0556e5efb4a7fe25a2fd,[Unnamed Skill],1.0,Type-1 (Verbatim)
6095c33caaf0999eab0e0556e5efb4a7fe25a2fd,[Unnamed Skill],6095c33caaf0999eab0e0556e5efb4a7fe25a2fd,[Unnamed Skill],1.0,Type-1 (Verbatim)
6095c33caaf0999eab0e0556e5efb4a7fe25a2fd,[Unnamed Skill],6095c33caaf0999eab0e0556e5efb4a7fe25a2fd,[Unnamed Skill],1.0,Type-1 (Verbatim)
6095c33caaf0999eab0e0556e5efb4a7fe25a2fd,[Unnamed Skill],6095c33caaf0999eab0e0556e5efb4a7fe25a2fd,[Unnamed Skill],1.0,Type-1 (Verbatim)
6095c33caaf0999eab0e0556e5efb4a7fe25a2fd,[Unnamed Skill],6095c33caaf0999eab0e0556e5efb4a7fe25a2fd,[Unnamed Skill],1.0,Type-1 (Verbatim)
6095c33caaf0999eab0e0556e5efb4a7fe25a2fd,[Unnamed Skill],6095c33caaf0999eab0e0556e5efb4a7fe25a2fd,[Unnamed Skill],1.0,Type-1 (Verbatim)
6095c33caaf0999eab0e0556e5efb4a7fe25a2fd,[Unnamed Skill],6095c33caaf0999eab0e0556e5efb4a7fe25a2fd,[Unnamed Skill],1.0,Type-1 (Verbatim)
6095c33caaf0999eab0e0556e5efb4a7fe25a2fd,[Unnamed Skill],6095c33caaf0999eab0e0556e5efb4a7fe25a2fd,[Unnamed Skill],1.0,Type-1 (Verbatim)
6095c33caaf0999eab0e0556e5efb4a7fe25a2fd,[Unnamed Skill],6095c33caaf0999eab0e0556e5efb4a7fe25a2fd,[Unnamed Skill],1.0,Type-1 (Verbatim)
6095c33caaf0999eab0e0556e5efb4a7fe25a2fd,[Unnamed Skill],6095c33caaf0999eab0e0556e5efb4a7fe25a2fd,[Unnamed Skill],1.0,Type-1 (Verbatim)
6095c33caaf0999eab0e0556e5efb4a7fe25a2fd,[Unnamed Skill],6095c33caaf0999eab0e0556e5efb4a7fe25a2fd,[Unnamed Skill],1.0,Type-1 (Verbatim)
6095c33caaf0999eab0e0556e5efb4a7fe25a2fd,[Unnamed Skill],6095c33caaf0999eab0e0556e5efb4a7fe25a2fd,[Unnamed Skill],1.0,Type-1 (Verbatim)
6095c33caaf0999eab0e0556e5efb4a7fe25a2fd,[Unnamed Skill],6095c33caaf0999eab0e0556e5efb4a7fe25a2fd,[Unnamed Skill],1.0,Type-1 (Verbatim)
6095c33caaf0999eab0e0556e5efb4a7fe25a2fd,[Unnamed Skill],6095c33caaf0999eab0e0556e5efb4a7fe25a2fd,[Unnamed Skill],1.0,Type-1 (Verbatim)
6095c33caaf0999eab0e0556e5efb4a7fe25a2fd,[Unnamed Skill],6095c33caaf0999eab0e0556e5efb4a7fe25a2fd,[Unnamed Skill],1.0,Type-1 (Verbatim)
6095c33caaf0999eab0e0556e5efb4a7fe25a2fd,[Unnamed Skill],6095c33caaf0999eab0e0556e5efb4a7fe25a2fd,[Unnamed Skill],1.0,Type-1 (Verbatim)
6095c33caaf0999eab0e0556e5efb4a7fe25a2fd,[Unnamed Skill],6095c33caaf0999eab0e0556e5efb4a7fe25a2fd,[Unnamed Skill],1.0,Type-1 (Verbatim)
6095c33caaf0999eab0e0556e5efb4a7fe25a2fd,[Unnamed Skill],6095c33caaf0999eab0e0556e5efb4a7fe25a2fd,[Unnamed Skill],1.0,Type-1 (Verbatim)
6095c33caaf0999eab0e0556e5efb4a7fe25a2fd,[Unnamed Skill],6095c33caaf0999eab0e0556e5efb4a7fe25a2fd,[Unnamed Skill],1.0,Type-1 (Verbatim)
6095c33caaf0999eab0e0556e5efb4a7fe25a2fd,[Unnamed Skill],6095c33caaf0999eab0e0556e5efb4a7fe25a2fd,[Unnamed Skill],1.0,Type-1 (Verbatim)
6095c33caaf0999eab0e0556e5efb4a7fe25a2fd,[Unnamed Skill],6095c33caaf0999eab0e0556e5efb4a7fe25a2fd,[Unnamed Skill],1.0,Type-1 (Verbatim)
6095c33caaf0999eab0e0556e5efb4a7fe25a2fd,[Unnamed Skill],6095c33caaf0999eab0e0556e5efb4a7fe25a2fd,[Unnamed Skill],1.0,Type-1 (Verbatim)
6095c33caaf0999eab0e0556e5efb4a7fe25a2fd,[Unnamed Skill],6095c33caaf0999eab0e0556e5efb4a7fe25a2fd,[Unnamed Skill],1.0,Type-1 (Verbatim)
6095c33caaf0999eab0e0556e5efb4a7fe25a2fd,[Unnamed Skill],6095c33caaf0999eab0e0556e5efb4a7fe25a2fd,[Unnamed Skill],1.0,Type-1 (Verbatim)
6095c33caaf0999eab0e0556e5efb4a7fe25a2fd,[Unnamed Skill],6095c33caaf0999eab0e0556e5efb4a7fe25a2fd,[Unnamed Skill],1.0,Type-1 (Verbatim)
6095c33caaf0999eab0e0556e5efb4a7fe25a2fd,[Unnamed Skill],6095c33caaf0999eab0e0556e5efb4a7fe25a2fd,[Unnamed Skill],1.0,Type-1 (Verbatim)
6095c33caaf0999eab0e0556e5efb4a7fe25a2fd,[Unnamed Skill],6095c33caaf0999eab0e0556e5efb4a7fe25a2fd,[Unnamed Skill],1.0,Type-1 (Verbatim)
6095c33caaf0999eab0e0556e5efb4a7fe25a2fd,[Unnamed Skill],6095c33caaf0999eab0e0556e5efb4a7fe25a2fd,[Unnamed Skill],1.0,Type-1 (Verbatim)
6095c33caaf0999eab0e0556e5efb4a7fe25a2fd,[Unnamed Skill],6095c33caaf0999eab0e0556e5efb4a7fe25a2fd,[Unnamed Skill],1.0,Type-1 (Verbatim)
6095c33caaf0999eab0e0556e5efb4a7fe25a2fd,[Unnamed Skill],6095c33caaf0999eab0e0556e5efb4a7fe25a2fd,[Unnamed Skill],1.0,Type-1 (Verbatim)
6095c33caaf0999eab0e0556e5efb4a7fe25a2fd,[Unnamed Skill],6095c33caaf0999eab0e0556e5efb4a7fe25a2fd,[Unnamed Skill],1.0,Type-1 (Verbatim)
6095c33caaf0999eab0e0556e5efb4a7fe25a2fd,[Unnamed Skill],6095c33caaf0999eab0e0556e5efb4a7fe25a2fd,[Unnamed Skill],1.0,Type-1 (Verbatim)
6095c33caaf0999eab0e0556e5efb4a7fe25a2fd,[Unnamed Skill],6095c33caaf0999eab0e0556e5efb4a7fe25a2fd,[Unnamed Skill],1.0,Type-1 (Verbatim)
6095c33caaf0999eab0e0556e5efb4a7fe25a2fd,[Unnamed Skill],6095c33caaf0999eab0e0556e5efb4a7fe25a2fd,[Unnamed Skill],1.0,Type-1 (Verbatim)
6095c33caaf0999eab0e0556e5efb4a7fe25a2fd,[Unnamed Skill],6095c33caaf0999eab0e0556e5efb4a7fe25a2fd,[Unnamed Skill],1.0,Type-1 (Verbatim)
6095c33caaf0999eab0e0556e5efb4a7fe25a2fd,[Unnamed Skill],6095c33caaf0999eab0e0556e5efb4a7fe25a2fd,[Unnamed Skill],1.0,Type-1 (Verbatim)
6095c33caaf0999eab0e0556e5efb4a7fe25a2fd,[Unnamed Skill],6095c33caaf0999eab0e0556e5efb4a7fe25a2fd,[Unnamed Skill],1.0,Type-1 (Verbatim)
6095c33caaf0999eab0e0556e5efb4a7fe25a2fd,[Unnamed Skill],6095c33caaf0999eab0e0556e5efb4a7fe25a2fd,[Unnamed Skill],1.0,Type-1 (Verbatim)
6095c33caaf0999eab0e0556e5efb4a7fe25a2fd,[Unnamed Skill],6095c33caaf0999eab0e0556e5efb4a7fe25a2fd,[Unnamed Skill],1.0,Type-1 (Verbatim)
6095c33caaf0999eab0e0556e5efb4a7fe25a2fd,[Unnamed Skill],6095c33caaf0999eab0e0556e5efb4a7fe25a2fd,[Unnamed Skill],1.0,Type-1 (Verbatim)
6095c33caaf0999eab0e0556e5efb4a7fe25a2fd,[Unnamed Skill],6095c33caaf0999eab0e0556e5efb4a7fe25a2fd,[Unnamed Skill],1.0,Type-1 (Verbatim)
6095c33caaf0999eab0e0556e5efb4a7fe25a2fd,[Unnamed Skill],6095c33caaf0999eab0e0556e5efb4a7fe25a2fd,[Unnamed Skill],1.0,Type-1 (Verbatim)
6095c33caaf0999eab0e0556e5efb4a7fe25a2fd,[Unnamed Skill],6095c33caaf0999eab0e0556e5efb4a7fe25a2fd,[Unnamed Skill],1.0,Type-1 (Verbatim)
6095c33caaf0999eab0e0556e5efb4a7fe25a2fd,[Unnamed Skill],6095c33caaf0999eab0e0556e5efb4a7fe25a2fd,[Unnamed Skill],1.0,Type-1 (Verbatim)
6095c33caaf0999eab0e0556e5efb4a7fe25a2fd,[Unnamed Skill],6095c33caaf0999eab0e0556e5efb4a7fe25a2fd,[Unnamed Skill],1.0,Type-1 (Verbatim)
6095c33caaf0999eab0e0556e5efb4a7fe25a2fd,[Unnamed Skill],6095c33caaf0999eab0e0556e5efb4a7fe25a2fd,[Unnamed Skill],1.0,Type-1 (Verbatim)
6095c33caaf0999eab0e0556e5efb4a7fe25a2fd,[Unnamed Skill],6095c33caaf0999eab0e0556e5efb4a7fe25a2fd,[Unnamed Skill],1.0,Type-1 (Verbatim)
6095c33caaf0999eab0e0556e5efb4a7fe25a2fd,[Unnamed Skill],6095c33caaf0999eab0e0556e5efb4a7fe25a2fd,[Unnamed Skill],1.0,Type-1 (Verbatim)
6095c33caaf0999eab0e0556e5efb4a7fe25a2fd,[Unnamed Skill],6095c33caaf0999eab0e0556e5efb4a7fe25a2fd,[Unnamed Skill],1.0,Type-1 (Verbatim)
6095c33caaf0999eab0e0556e5efb4a7fe25a2fd,[Unnamed Skill],6095c33caaf0999eab0e0556e5efb4a7fe25a2fd,[Unnamed Skill],1.0,Type-1 (Verbatim)
6095c33caaf0999eab0e0556e5efb4a7fe25a2fd,[Unnamed Skill],6095c33caaf0999eab0e0556e5efb4a7fe25a2fd,[Unnamed Skill],1.0,Type-1 (Verbatim)
6095c33caaf0999eab0e0556e5efb4a7fe25a2fd,[Unnamed Skill],6095c33caaf0999eab0e0556e5efb4a7fe25a2fd,[Unnamed Skill],1.0,Type-1 (Verbatim)
6095c33caaf0999eab0e0556e5efb4a7fe25a2fd,[Unnamed Skill],6095c33caaf0999eab0e0556e5efb4a7fe25a2fd,[Unnamed Skill],1.0,Type-1 (Verbatim)
6095c33caaf0999eab0e0556e5efb4a7fe25a2fd,[Unnamed Skill],6095c33caaf0999eab0e0556e5efb4a7fe25a2fd,[Unnamed Skill],1.0,Type-1 (Verbatim)
6095c33caaf0999eab0e0556e5efb4a7fe25a2fd,[Unnamed Skill],6095c33caaf0999eab0e0556e5efb4a7fe25a2fd,[Unnamed Skill],1.0,Type-1 (Verbatim)
6095c33caaf0999eab0e0556e5efb4a7fe25a2fd,[Unnamed Skill],6095c33caaf0999eab0e0556e5efb4a7fe25a2fd,[Unnamed Skill],1.0,Type-1 (Verbatim)
6095c33caaf0999eab0e0556e5efb4a7fe25a2fd,[Unnamed Skill],6095c33caaf0999eab0e0556e5efb4a7fe25a2fd,[Unnamed Skill],1.0,Type-1 (Verbatim)
6095c33caaf0999eab0e0556e5efb4a7fe25a2fd,[Unnamed Skill],6095c33caaf0999eab0e0556e5efb4a7fe25a2fd,[Unnamed Skill],1.0,Type-1 (Verbatim)
6095c33caaf0999eab0e0556e5efb4a7fe25a2fd,[Unnamed Skill],6095c33caaf0999eab0e0556e5efb4a7fe25a2fd,[Unnamed Skill],1.0,Type-1 (Verbatim)
6095c33caaf0999eab0e0556e5efb4a7fe25a2fd,[Unnamed Skill],6095c33caaf0999eab0e0556e5efb4a7fe25a2fd,[Unnamed Skill],1.0,Type-1 (Verbatim)
6095c33caaf0999eab0e0556e5efb4a7fe25a2fd,[Unnamed Skill],6095c33caaf0999eab0e0556e5efb4a7fe25a2fd,[Unnamed Skill],1.0,Type-1 (Verbatim)
6095c33caaf0999eab0e0556e5efb4a7fe25a2fd,[Unnamed Skill],6095c33caaf0999eab0e0556e5efb4a7fe25a2fd,[Unnamed Skill],1.0,Type-1 (Verbatim)
6095c33caaf0999eab0e0556e5efb4a7fe25a2fd,[Unnamed Skill],6095c33caaf0999eab0e0556e5efb4a7fe25a2fd,[Unnamed Skill],1.0,Type-1 (Verbatim)
6095c33caaf0999eab0e0556e5efb4a7fe25a2fd,[Unnamed Skill],6095c33caaf0999eab0e0556e5efb4a7fe25a2fd,[Unnamed Skill],1.0,Type-1 (Verbatim)
6095c33caaf0999eab0e0556e5efb4a7fe25a2fd,[Unnamed Skill],6095c33caaf0999eab0e0556e5efb4a7fe25a2fd,[Unnamed Skill],1.0,Type-1 (Verbatim)
6095c33caaf0999eab0e0556e5efb4a7fe25a2fd,[Unnamed Skill],6095c33caaf0999eab0e0556e5efb4a7fe25a2fd,[Unnamed Skill],1.0,Type-1 (Verbatim)
6095c33caaf0999eab0e0556e5efb4a7fe25a2fd,[Unnamed Skill],6095c33caaf0999eab0e0556e5efb4a7fe25a2fd,[Unnamed Skill],1.0,Type-1 (Verbatim)
6095c33caaf0999eab0e0556e5efb4a7fe25a2fd,[Unnamed Skill],6095c33caaf0999eab0e0556e5efb4a7fe25a2fd,[Unnamed Skill],1.0,Type-1 (Verbatim)
6095c33caaf0999eab0e0556e5efb4a7fe25a2fd,[Unnamed Skill],6095c33caaf0999eab0e0556e5efb4a7fe25a2fd,[Unnamed Skill],1.0,Type-1 (Verbatim)
6095c33caaf0999eab0e0556e5efb4a7fe25a2fd,[Unnamed Skill],6095c33caaf0999eab0e0556e5efb4a7fe25a2fd,[Unnamed Skill],1.0,Type-1 (Verbatim)
6095c33caaf0999eab0e0556e5efb4a7fe25a2fd,[Unnamed Skill],6095c33caaf0999eab0e0556e5efb4a7fe25a2fd,[Unnamed Skill],1.0,Type-1 (Verbatim)
6095c33caaf0999eab0e0556e5efb4a7fe25a2fd,[Unnamed Skill],6095c33caaf0999eab0e0556e5efb4a7fe25a2fd,[Unnamed Skill],1.0,Type-1 (Verbatim)
6095c33caaf0999eab0e0556e5efb4a7fe25a2fd,[Unnamed Skill],6095c33caaf0999eab0e0556e5efb4a7fe25a2fd,[Unnamed Skill],1.0,Type-1 (Verbatim)
6095c33caaf0999eab0e0556e5efb4a7fe25a2fd,[Unnamed Skill],6095c33caaf0999eab0e0556e5efb4a7fe25a2fd,[Unnamed Skill],1.0,Type-1 (Verbatim)
6095c33caaf0999eab0e0556e5efb4a7fe25a2fd,[Unnamed Skill],6095c33caaf0999eab0e0556e5efb4a7fe25a2fd,[Unnamed Skill],1.0,Type-1 (Verbatim)
6095c33caaf0999eab0e0556e5efb4a7fe25a2fd,[Unnamed Skill],6095c33caaf0999eab0e0556e5efb4a7fe25a2fd,[Unnamed Skill],1.0,Type-1 (Verbatim)
6095c33caaf0999eab0e0556e5efb4a7fe25a2fd,[Unnamed Skill],6095c33caaf0999eab0e0556e5efb4a7fe25a2fd,[Unnamed Skill],1.0,Type-1 (Verbatim)
6095c33caaf0999eab0e0556e5efb4a7fe25a2fd,[Unnamed Skill],6095c33caaf0999eab0e0556e5efb4a7fe25a2fd,[Unnamed Skill],1.0,Type-1 (Verbatim)
6095c33caaf0999eab0e0556e5efb4a7fe25a2fd,[Unnamed Skill],6095c33caaf0999eab0e0556e5efb4a7fe25a2fd,[Unnamed Skill],1.0,Type-1 (Verbatim)
6095c33caaf0999eab0e0556e5efb4a7fe25a2fd,[Unnamed Skill],6095c33caaf0999eab0e0556e5efb4a7fe25a2fd,[Unnamed Skill],1.0,Type-1 (Verbatim)
6095c33caaf0999eab0e0556e5efb4a7fe25a2fd,[Unnamed Skill],6095c33caaf0999eab0e0556e5efb4a7fe25a2fd,[Unnamed Skill],1.0,Type-1 (Verbatim)
6095c33caaf0999eab0e0556e5efb4a7fe25a2fd,[Unnamed Skill],6095c33caaf0999eab0e0556e5efb4a7fe25a2fd,[Unnamed Skill],1.0,Type-1 (Verbatim)
6095c33caaf0999eab0e0556e5efb4a7fe25a2fd,[Unnamed Skill],6095c33caaf0999eab0e0556e5efb4a7fe25a2fd,[Unnamed Skill],1.0,Type-1 (Verbatim)
6095c33caaf0999eab0e0556e5efb4a7fe25a2fd,[Unnamed Skill],6095c33caaf0999eab0e0556e5efb4a7fe25a2fd,[Unnamed Skill],1.0,Type-1 (Verbatim)
6095c33caaf0999eab0e0556e5efb4a7fe25a2fd,[Unnamed Skill],6095c33caaf0999eab0e0556e5efb4a7fe25a2fd,[Unnamed Skill],1.0,Type-1 (Verbatim)
6095c33caaf0999eab0e0556e5efb4a7fe25a2fd,[Unnamed Skill],6095c33caaf0999eab0e0556e5efb4a7fe25a2fd,[Unnamed Skill],1.0,Type-1 (Verbatim)
6095c33caaf0999eab0e0556e5efb4a7fe25a2fd,[Unnamed Skill],6095c33caaf0999eab0e0556e5efb4a7fe25a2fd,[Unnamed Skill],1.0,Type-1 (Verbatim)
6095c33caaf0999eab0e0556e5efb4a7fe25a2fd,[Unnamed Skill],6095c33caaf0999eab0e0556e5efb4a7fe25a2fd,[Unnamed Skill],1.0,Type-1 (Verbatim)
6095c33caaf0999eab0e0556e5efb4a7fe25a2fd,[Unnamed Skill],6095c33caaf0999eab0e0556e5efb4a7fe25a2fd,[Unnamed Skill],1.0,Type-1 (Verbatim)
6095c33caaf0999eab0e0556e5efb4a7fe25a2fd,[Unnamed Skill],6095c33caaf0999eab0e0556e5efb4a7fe25a2fd,[Unnamed Skill],1.0,Type-1 (Verbatim)
6095c33caaf0999eab0e0556e5efb4a7fe25a2fd,[Unnamed Skill],6095c33caaf0999eab0e0556e5efb4a7fe25a2fd,[Unnamed Skill],1.0,Type-1 (Verbatim)
6095c33caaf0999eab0e0556e5efb4a7fe25a2fd,[Unnamed Skill],6095c33caaf0999eab0e0556e5efb4a7fe25a2fd,[Unnamed Skill],1.0,Type-1 (Verbatim)
6095c33caaf0999eab0e0556e5efb4a7fe25a2fd,[Unnamed Skill],6095c33caaf0999eab0e0556e5efb4a7fe25a2fd,[Unnamed Skill],1.0,Type-1 (Verbatim)
6095c33caaf0999eab0e0556e5efb4a7fe25a2fd,[Unnamed Skill],6095c33caaf0999eab0e0556e5efb4a7fe25a2fd,[Unnamed Skill],1.0,Type-1 (Verbatim)
6095c33caaf0999eab0e0556e5efb4a7fe25a2fd,[Unnamed Skill],6095c33caaf0999eab0e0556e5efb4a7fe25a2fd,[Unnamed Skill],1.0,Type-1 (Verbatim)
6095c33caaf0999eab0e0556e5efb4a7fe25a2fd,[Unnamed Skill],6095c33caaf0999eab0e0556e5efb4a7fe25a2fd,[Unnamed Skill],1.0,Type-1 (Verbatim)
6095c33caaf0999eab0e0556e5efb4a7fe25a2fd,[Unnamed Skill],6095c33caaf0999eab0e0556e5efb4a7fe25a2fd,[Unnamed Skill],1.0,Type-1 (Verbatim)
6095c33caaf0999eab0e0556e5efb4a7fe25a2fd,[Unnamed Skill],6095c33caaf0999eab0e0556e5efb4a7fe25a2fd,[Unnamed Skill],1.0,Type-1 (Verbatim)
6095c33caaf0999eab0e0556e5efb4a7fe25a2fd,[Unnamed Skill],6095c33caaf0999eab0e0556e5efb4a7fe25a2fd,[Unnamed Skill],1.0,Type-1 (Verbatim)
6095c33caaf0999eab0e0556e5efb4a7fe25a2fd,[Unnamed Skill],6095c33caaf0999eab0e0556e5efb4a7fe25a2fd,[Unnamed Skill],1.0,Type-1 (Verbatim)
6095c33caaf0999eab0e0556e5efb4a7fe25a2fd,[Unnamed Skill],6095c33caaf0999eab0e0556e5efb4a7fe25a2fd,[Unnamed Skill],1.0,Type-1 (Verbatim)
6095c33caaf0999eab0e0556e5efb4a7fe25a2fd,[Unnamed Skill],6095c33caaf0999eab0e0556e5efb4a7fe25a2fd,[Unnamed Skill],1.0,Type-1 (Verbatim)
6095c33caaf0999eab0e0556e5efb4a7fe25a2fd,[Unnamed Skill],6095c33caaf0999eab0e0556e5efb4a7fe25a2fd,[Unnamed Skill],1.0,Type-1 (Verbatim)
6095c33caaf0999eab0e0556e5efb4a7fe25a2fd,[Unnamed Skill],6095c33caaf0999eab0e0556e5efb4a7fe25a2fd,[Unnamed Skill],1.0,Type-1 (Verbatim)
6095c33caaf0999eab0e0556e5efb4a7fe25a2fd,[Unnamed Skill],6095c33caaf0999eab0e0556e5efb4a7fe25a2fd,[Unnamed Skill],1.0,Type-1 (Verbatim)
6095c33caaf0999eab0e0556e5efb4a7fe25a2fd,[Unnamed Skill],6095c33caaf0999eab0e0556e5efb4a7fe25a2fd,[Unnamed Skill],1.0,Type-1 (Verbatim)
6095c33caaf0999eab0e0556e5efb4a7fe25a2fd,[Unnamed Skill],6095c33caaf0999eab0e0556e5efb4a7fe25a2fd,[Unnamed Skill],1.0,Type-1 (Verbatim)
6095c33caaf0999eab0e0556e5efb4a7fe25a2fd,[Unnamed Skill],6095c33caaf0999eab0e0556e5efb4a7fe25a2fd,[Unnamed Skill],1.0,Type-1 (Verbatim)
6095c33caaf0999eab0e0556e5efb4a7fe25a2fd,[Unnamed Skill],6095c33caaf0999eab0e0556e5efb4a7fe25a2fd,[Unnamed Skill],1.0,Type-1 (Verbatim)
6095c33caaf0999eab0e0556e5efb4a7fe25a2fd,[Unnamed Skill],6095c33caaf0999eab0e0556e5efb4a7fe25a2fd,[Unnamed Skill],1.0,Type-1 (Verbatim)
6095c33caaf0999eab0e0556e5efb4a7fe25a2fd,[Unnamed Skill],6095c33caaf0999eab0e0556e5efb4a7fe25a2fd,[Unnamed Skill],1.0,Type-1 (Verbatim)
6095c33caaf0999eab0e0556e5efb4a7fe25a2fd,[Unnamed Skill],6095c33caaf0999eab0e0556e5efb4a7fe25a2fd,[Unnamed Skill],1.0,Type-1 (Verbatim)
6095c33caaf0999eab0e0556e5efb4a7fe25a2fd,[Unnamed Skill],6095c33caaf0999eab0e0556e5efb4a7fe25a2fd,[Unnamed Skill],1.0,Type-1 (Verbatim)
6095c33caaf0999eab0e0556e5efb4a7fe25a2fd,[Unnamed Skill],6095c33caaf0999eab0e0556e5efb4a7fe25a2fd,[Unnamed Skill],1.0,Type-1 (Verbatim)
6095c33caaf0999eab0e0556e5efb4a7fe25a2fd,[Unnamed Skill],6095c33caaf0999eab0e0556e5efb4a7fe25a2fd,[Unnamed Skill],1.0,Type-1 (Verbatim)
6095c33caaf0999eab0e0556e5efb4a7fe25a2fd,[Unnamed Skill],6095c33caaf0999eab0e0556e5efb4a7fe25a2fd,[Unnamed Skill],1.0,Type-1 (Verbatim)
74aae86319840e04c0efd2f19eb1b98194fb8403,[Unnamed Skill],74aae86319840e04c0efd2f19eb1b98194fb8403,[Unnamed Skill],1.0,Type-1 (Verbatim)
74aae86319840e04c0efd2f19eb1b98194fb8403,[Unnamed Skill],74aae86319840e04c0efd2f19eb1b98194fb8403,[Unnamed Skill],1.0,Type-1 (Verbatim)
74aae86319840e04c0efd2f19eb1b98194fb8403,[Unnamed Skill],74aae86319840e04c0efd2f19eb1b98194fb8403,[Unnamed Skill],1.0,Type-1 (Verbatim)
74aae86319840e04c0efd2f19eb1b98194fb8403,[Unnamed Skill],74aae86319840e04c0efd2f19eb1b98194fb8403,[Unnamed Skill],1.0,Type-1 (Verbatim)
74aae86319840e04c0efd2f19eb1b98194fb8403,[Unnamed Skill],74aae86319840e04c0efd2f19eb1b98194fb8403,[Unnamed Skill],1.0,Type-1 (Verbatim)
74aae86319840e04c0efd2f19eb1b98194fb8403,[Unnamed Skill],74aae86319840e04c0efd2f19eb1b98194fb8403,[Unnamed Skill],1.0,Type-1 (Verbatim)
74aae86319840e04c0efd2f19eb1b98194fb8403,[Unnamed Skill],74aae86319840e04c0efd2f19eb1b98194fb8403,[Unnamed Skill],1.0,Type-1 (Verbatim)
74aae86319840e04c0efd2f19eb1b98194fb8403,[Unnamed Skill],74aae86319840e04c0efd2f19eb1b98194fb8403,[Unnamed Skill],1.0,Type-1 (Verbatim)
74aae86319840e04c0efd2f19eb1b98194fb8403,[Unnamed Skill],74aae86319840e04c0efd2f19eb1b98194fb8403,[Unnamed Skill],1.0,Type-1 (Verbatim)
74aae86319840e04c0efd2f19eb1b98194fb8403,[Unnamed Skill],74aae86319840e04c0efd2f19eb1b98194fb8403,[Unnamed Skill],1.0,Type-1 (Verbatim)
74aae86319840e04c0efd2f19eb1b98194fb8403,[Unnamed Skill],74aae86319840e04c0efd2f19eb1b98194fb8403,[Unnamed Skill],1.0,Type-1 (Verbatim)
74aae86319840e04c0efd2f19eb1b98194fb8403,[Unnamed Skill],74aae86319840e04c0efd2f19eb1b98194fb8403,[Unnamed Skill],1.0,Type-1 (Verbatim)
74aae86319840e04c0efd2f19eb1b98194fb8403,[Unnamed Skill],74aae86319840e04c0efd2f19eb1b98194fb8403,[Unnamed Skill],1.0,Type-1 (Verbatim)
74aae86319840e04c0efd2f19eb1b98194fb8403,[Unnamed Skill],74aae86319840e04c0efd2f19eb1b98194fb8403,[Unnamed Skill],1.0,Type-1 (Verbatim)
74aae86319840e04c0efd2f19eb1b98194fb8403,[Unnamed Skill],74aae86319840e04c0efd2f19eb1b98194fb8403,[Unnamed Skill],1.0,Type-1 (Verbatim)
74aae86319840e04c0efd2f19eb1b98194fb8403,[Unnamed Skill],74aae86319840e04c0efd2f19eb1b98194fb8403,[Unnamed Skill],1.0,Type-1 (Verbatim)
74aae86319840e04c0efd2f19eb1b98194fb8403,[Unnamed Skill],74aae86319840e04c0efd2f19eb1b98194fb8403,[Unnamed Skill],1.0,Type-1 (Verbatim)
74aae86319840e04c0efd2f19eb1b98194fb8403,[Unnamed Skill],74aae86319840e04c0efd2f19eb1b98194fb8403,[Unnamed Skill],1.0,Type-1 (Verbatim)
74aae86319840e04c0efd2f19eb1b98194fb8403,[Unnamed Skill],74aae86319840e04c0efd2f19eb1b98194fb8403,[Unnamed Skill],1.0,Type-1 (Verbatim)
74aae86319840e04c0efd2f19eb1b98194fb8403,[Unnamed Skill],74aae86319840e04c0efd2f19eb1b98194fb8403,[Unnamed Skill],1.0,Type-1 (Verbatim)
74aae86319840e04c0efd2f19eb1b98194fb8403,[Unnamed Skill],74aae86319840e04c0efd2f19eb1b98194fb8403,[Unnamed Skill],1.0,Type-1 (Verbatim)
74aae86319840e04c0efd2f19eb1b98194fb8403,[Unnamed Skill],74aae86319840e04c0efd2f19eb1b98194fb8403,[Unnamed Skill],1.0,Type-1 (Verbatim)
74aae86319840e04c0efd2f19eb1b98194fb8403,[Unnamed Skill],74aae86319840e04c0efd2f19eb1b98194fb8403,[Unnamed Skill],1.0,Type-1 (Verbatim)
74aae86319840e04c0efd2f19eb1b98194fb8403,[Unnamed Skill],74aae86319840e04c0efd2f19eb1b98194fb8403,[Unnamed Skill],1.0,Type-1 (Verbatim)
74aae86319840e04c0efd2f19eb1b98194fb8403,[Unnamed Skill],74aae86319840e04c0efd2f19eb1b98194fb8403,[Unnamed Skill],1.0,Type-1 (Verbatim)
74aae86319840e04c0efd2f19eb1b98194fb8403,[Unnamed Skill],74aae86319840e04c0efd2f19eb1b98194fb8403,[Unnamed Skill],1.0,Type-1 (Verbatim)
74aae86319840e04c0efd2f19eb1b98194fb8403,[Unnamed Skill],74aae86319840e04c0efd2f19eb1b98194fb8403,[Unnamed Skill],1.0,Type-1 (Verbatim)
74aae86319840e04c0efd2f19eb1b98194fb8403,[Unnamed Skill],74aae86319840e04c0efd2f19eb1b98194fb8403,[Unnamed Skill],1.0,Type-1 (Verbatim)
74aae86319840e04c0efd2f19eb1b98194fb8403,[Unnamed Skill],74aae86319840e04c0efd2f19eb1b98194fb8403,[Unnamed Skill],1.0,Type-1 (Verbatim)
74aae86319840e04c0efd2f19eb1b98194fb8403,[Unnamed Skill],74aae86319840e04c0efd2f19eb1b98194fb8403,[Unnamed Skill],1.0,Type-1 (Verbatim)
74aae86319840e04c0efd2f19eb1b98194fb8403,[Unnamed Skill],74aae86319840e04c0efd2f19eb1b98194fb8403,[Unnamed Skill],1.0,Type-1 (Verbatim)
74aae86319840e04c0efd2f19eb1b98194fb8403,[Unnamed Skill],74aae86319840e04c0efd2f19eb1b98194fb8403,[Unnamed Skill],1.0,Type-1 (Verbatim)
74aae86319840e04c0efd2f19eb1b98194fb8403,[Unnamed Skill],74aae86319840e04c0efd2f19eb1b98194fb8403,[Unnamed Skill],1.0,Type-1 (Verbatim)
74aae86319840e04c0efd2f19eb1b98194fb8403,[Unnamed Skill],74aae86319840e04c0efd2f19eb1b98194fb8403,[Unnamed Skill],1.0,Type-1 (Verbatim)
74aae86319840e04c0efd2f19eb1b98194fb8403,[Unnamed Skill],74aae86319840e04c0efd2f19eb1b98194fb8403,[Unnamed Skill],1.0,Type-1 (Verbatim)
74aae86319840e04c0efd2f19eb1b98194fb8403,[Unnamed Skill],74aae86319840e04c0efd2f19eb1b98194fb8403,[Unnamed Skill],1.0,Type-1 (Verbatim)
74aae86319840e04c0efd2f19eb1b98194fb8403,[Unnamed Skill],74aae86319840e04c0efd2f19eb1b98194fb8403,[Unnamed Skill],1.0,Type-1 (Verbatim)
74aae86319840e04c0efd2f19eb1b98194fb8403,[Unnamed Skill],74aae86319840e04c0efd2f19eb1b98194fb8403,[Unnamed Skill],1.0,Type-1 (Verbatim)
74aae86319840e04c0efd2f19eb1b98194fb8403,[Unnamed Skill],74aae86319840e04c0efd2f19eb1b98194fb8403,[Unnamed Skill],1.0,Type-1 (Verbatim)
74aae86319840e04c0efd2f19eb1b98194fb8403,[Unnamed Skill],74aae86319840e04c0efd2f19eb1b98194fb8403,[Unnamed Skill],1.0,Type-1 (Verbatim)
74aae86319840e04c0efd2f19eb1b98194fb8403,[Unnamed Skill],74aae86319840e04c0efd2f19eb1b98194fb8403,[Unnamed Skill],1.0,Type-1 (Verbatim)
74aae86319840e04c0efd2f19eb1b98194fb8403,[Unnamed Skill],74aae86319840e04c0efd2f19eb1b98194fb8403,[Unnamed Skill],1.0,Type-1 (Verbatim)
74aae86319840e04c0efd2f19eb1b98194fb8403,[Unnamed Skill],74aae86319840e04c0efd2f19eb1b98194fb8403,[Unnamed Skill],1.0,Type-1 (Verbatim)
74aae86319840e04c0efd2f19eb1b98194fb8403,[Unnamed Skill],74aae86319840e04c0efd2f19eb1b98194fb8403,[Unnamed Skill],1.0,Type-1 (Verbatim)
74aae86319840e04c0efd2f19eb1b98194fb8403,[Unnamed Skill],74aae86319840e04c0efd2f19eb1b98194fb8403,[Unnamed Skill],1.0,Type-1 (Verbatim)
74aae86319840e04c0efd2f19eb1b98194fb8403,[Unnamed Skill],74aae86319840e04c0efd2f19eb1b98194fb8403,[Unnamed Skill],1.0,Type-1 (Verbatim)
74aae86319840e04c0efd2f19eb1b98194fb8403,[Unnamed Skill],74aae86319840e04c0efd2f19eb1b98194fb8403,[Unnamed Skill],1.0,Type-1 (Verbatim)
74aae86319840e04c0efd2f19eb1b98194fb8403,[Unnamed Skill],74aae86319840e04c0efd2f19eb1b98194fb8403,[Unnamed Skill],1.0,Type-1 (Verbatim)
74aae86319840e04c0efd2f19eb1b98194fb8403,[Unnamed Skill],74aae86319840e04c0efd2f19eb1b98194fb8403,[Unnamed Skill],1.0,Type-1 (Verbatim)
74aae86319840e04c0efd2f19eb1b98194fb8403,[Unnamed Skill],74aae86319840e04c0efd2f19eb1b98194fb8403,[Unnamed Skill],1.0,Type-1 (Verbatim)
74aae86319840e04c0efd2f19eb1b98194fb8403,[Unnamed Skill],74aae86319840e04c0efd2f19eb1b98194fb8403,[Unnamed Skill],1.0,Type-1 (Verbatim)
74aae86319840e04c0efd2f19eb1b98194fb8403,[Unnamed Skill],74aae86319840e04c0efd2f19eb1b98194fb8403,[Unnamed Skill],1.0,Type-1 (Verbatim)
74aae86319840e04c0efd2f19eb1b98194fb8403,[Unnamed Skill],74aae86319840e04c0efd2f19eb1b98194fb8403,[Unnamed Skill],1.0,Type-1 (Verbatim)
74aae86319840e04c0efd2f19eb1b98194fb8403,[Unnamed Skill],74aae86319840e04c0efd2f19eb1b98194fb8403,[Unnamed Skill],1.0,Type-1 (Verbatim)
74aae86319840e04c0efd2f19eb1b98194fb8403,[Unnamed Skill],74aae86319840e04c0efd2f19eb1b98194fb8403,[Unnamed Skill],1.0,Type-1 (Verbatim)
74aae86319840e04c0efd2f19eb1b98194fb8403,[Unnamed Skill],74aae86319840e04c0efd2f19eb1b98194fb8403,[Unnamed Skill],1.0,Type-1 (Verbatim)
74aae86319840e04c0efd2f19eb1b98194fb8403,[Unnamed Skill],74aae86319840e04c0efd2f19eb1b98194fb8403,[Unnamed Skill],1.0,Type-1 (Verbatim)
74aae86319840e04c0efd2f19eb1b98194fb8403,[Unnamed Skill],74aae86319840e04c0efd2f19eb1b98194fb8403,[Unnamed Skill],1.0,Type-1 (Verbatim)
74aae86319840e04c0efd2f19eb1b98194fb8403,[Unnamed Skill],74aae86319840e04c0efd2f19eb1b98194fb8403,[Unnamed Skill],1.0,Type-1 (Verbatim)
74aae86319840e04c0efd2f19eb1b98194fb8403,[Unnamed Skill],74aae86319840e04c0efd2f19eb1b98194fb8403,[Unnamed Skill],1.0,Type-1 (Verbatim)
74aae86319840e04c0efd2f19eb1b98194fb8403,[Unnamed Skill],74aae86319840e04c0efd2f19eb1b98194fb8403,[Unnamed Skill],1.0,Type-1 (Verbatim)
74aae86319840e04c0efd2f19eb1b98194fb8403,[Unnamed Skill],74aae86319840e04c0efd2f19eb1b98194fb8403,[Unnamed Skill],1.0,Type-1 (Verbatim)
74aae86319840e04c0efd2f19eb1b98194fb8403,[Unnamed Skill],74aae86319840e04c0efd2f19eb1b98194fb8403,[Unnamed Skill],1.0,Type-1 (Verbatim)
74aae86319840e04c0efd2f19eb1b98194fb8403,[Unnamed Skill],74aae86319840e04c0efd2f19eb1b98194fb8403,[Unnamed Skill],1.0,Type-1 (Verbatim)
74aae86319840e04c0efd2f19eb1b98194fb8403,[Unnamed Skill],74aae86319840e04c0efd2f19eb1b98194fb8403,[Unnamed Skill],1.0,Type-1 (Verbatim)
74aae86319840e04c0efd2f19eb1b98194fb8403,[Unnamed Skill],74aae86319840e04c0efd2f19eb1b98194fb8403,[Unnamed Skill],1.0,Type-1 (Verbatim)
74aae86319840e04c0efd2f19eb1b98194fb8403,[Unnamed Skill],74aae86319840e04c0efd2f19eb1b98194fb8403,[Unnamed Skill],1.0,Type-1 (Verbatim)
74aae86319840e04c0efd2f19eb1b98194fb8403,[Unnamed Skill],74aae86319840e04c0efd2f19eb1b98194fb8403,[Unnamed Skill],1.0,Type-1 (Verbatim)
74aae86319840e04c0efd2f19eb1b98194fb8403,[Unnamed Skill],74aae86319840e04c0efd2f19eb1b98194fb8403,[Unnamed Skill],1.0,Type-1 (Verbatim)
74aae86319840e04c0efd2f19eb1b98194fb8403,[Unnamed Skill],74aae86319840e04c0efd2f19eb1b98194fb8403,[Unnamed Skill],1.0,Type-1 (Verbatim)
74aae86319840e04c0efd2f19eb1b98194fb8403,[Unnamed Skill],74aae86319840e04c0efd2f19eb1b98194fb8403,[Unnamed Skill],1.0,Type-1 (Verbatim)
74aae86319840e04c0efd2f19eb1b98194fb8403,[Unnamed Skill],74aae86319840e04c0efd2f19eb1b98194fb8403,[Unnamed Skill],1.0,Type-1 (Verbatim)
74aae86319840e04c0efd2f19eb1b98194fb8403,[Unnamed Skill],74aae86319840e04c0efd2f19eb1b98194fb8403,[Unnamed Skill],1.0,Type-1 (Verbatim)
74aae86319840e04c0efd2f19eb1b98194fb8403,[Unnamed Skill],74aae86319840e04c0efd2f19eb1b98194fb8403,[Unnamed Skill],1.0,Type-1 (Verbatim)
74aae86319840e04c0efd2f19eb1b98194fb8403,[Unnamed Skill],74aae86319840e04c0efd2f19eb1b98194fb8403,[Unnamed Skill],1.0,Type-1 (Verbatim)
74aae86319840e04c0efd2f19eb1b98194fb8403,[Unnamed Skill],74aae86319840e04c0efd2f19eb1b98194fb8403,[Unnamed Skill],1.0,Type-1 (Verbatim)
74aae86319840e04c0efd2f19eb1b98194fb8403,[Unnamed Skill],74aae86319840e04c0efd2f19eb1b98194fb8403,[Unnamed Skill],1.0,Type-1 (Verbatim)
74aae86319840e04c0efd2f19eb1b98194fb8403,[Unnamed Skill],74aae86319840e04c0efd2f19eb1b98194fb8403,[Unnamed Skill],1.0,Type-1 (Verbatim)
74aae86319840e04c0efd2f19eb1b98194fb8403,[Unnamed Skill],74aae86319840e04c0efd2f19eb1b98194fb8403,[Unnamed Skill],1.0,Type-1 (Verbatim)
74aae86319840e04c0efd2f19eb1b98194fb8403,[Unnamed Skill],74aae86319840e04c0efd2f19eb1b98194fb8403,[Unnamed Skill],1.0,Type-1 (Verbatim)
74aae86319840e04c0efd2f19eb1b98194fb8403,[Unnamed Skill],74aae86319840e04c0efd2f19eb1b98194fb8403,[Unnamed Skill],1.0,Type-1 (Verbatim)
74aae86319840e04c0efd2f19eb1b98194fb8403,[Unnamed Skill],74aae86319840e04c0efd2f19eb1b98194fb8403,[Unnamed Skill],1.0,Type-1 (Verbatim)
74aae86319840e04c0efd2f19eb1b98194fb8403,[Unnamed Skill],74aae86319840e04c0efd2f19eb1b98194fb8403,[Unnamed Skill],1.0,Type-1 (Verbatim)
74aae86319840e04c0efd2f19eb1b98194fb8403,[Unnamed Skill],74aae86319840e04c0efd2f19eb1b98194fb8403,[Unnamed Skill],1.0,Type-1 (Verbatim)
74aae86319840e04c0efd2f19eb1b98194fb8403,[Unnamed Skill],74aae86319840e04c0efd2f19eb1b98194fb8403,[Unnamed Skill],1.0,Type-1 (Verbatim)
74aae86319840e04c0efd2f19eb1b98194fb8403,[Unnamed Skill],74aae86319840e04c0efd2f19eb1b98194fb8403,[Unnamed Skill],1.0,Type-1 (Verbatim)
74aae86319840e04c0efd2f19eb1b98194fb8403,[Unnamed Skill],74aae86319840e04c0efd2f19eb1b98194fb8403,[Unnamed Skill],1.0,Type-1 (Verbatim)
74aae86319840e04c0efd2f19eb1b98194fb8403,[Unnamed Skill],74aae86319840e04c0efd2f19eb1b98194fb8403,[Unnamed Skill],1.0,Type-1 (Verbatim)
74aae86319840e04c0efd2f19eb1b98194fb8403,[Unnamed Skill],74aae86319840e04c0efd2f19eb1b98194fb8403,[Unnamed Skill],1.0,Type-1 (Verbatim)
74aae86319840e04c0efd2f19eb1b98194fb8403,[Unnamed Skill],74aae86319840e04c0efd2f19eb1b98194fb8403,[Unnamed Skill],1.0,Type-1 (Verbatim)
74aae86319840e04c0efd2f19eb1b98194fb8403,[Unnamed Skill],74aae86319840e04c0efd2f19eb1b98194fb8403,[Unnamed Skill],1.0,Type-1 (Verbatim)
74aae86319840e04c0efd2f19eb1b98194fb8403,[Unnamed Skill],74aae86319840e04c0efd2f19eb1b98194fb8403,[Unnamed Skill],1.0,Type-1 (Verbatim)
74aae86319840e04c0efd2f19eb1b98194fb8403,[Unnamed Skill],74aae86319840e04c0efd2f19eb1b98194fb8403,[Unnamed Skill],1.0,Type-1 (Verbatim)
74aae86319840e04c0efd2f19eb1b98194fb8403,[Unnamed Skill],74aae86319840e04c0efd2f19eb1b98194fb8403,[Unnamed Skill],1.0,Type-1 (Verbatim)
74aae86319840e04c0efd2f19eb1b98194fb8403,[Unnamed Skill],74aae86319840e04c0efd2f19eb1b98194fb8403,[Unnamed Skill],1.0,Type-1 (Verbatim)
74aae86319840e04c0efd2f19eb1b98194fb8403,[Unnamed Skill],74aae86319840e04c0efd2f19eb1b98194fb8403,[Unnamed Skill],1.0,Type-1 (Verbatim)
74aae86319840e04c0efd2f19eb1b98194fb8403,[Unnamed Skill],74aae86319840e04c0efd2f19eb1b98194fb8403,[Unnamed Skill],1.0,Type-1 (Verbatim)
74aae86319840e04c0efd2f19eb1b98194fb8403,[Unnamed Skill],74aae86319840e04c0efd2f19eb1b98194fb8403,[Unnamed Skill],1.0,Type-1 (Verbatim)
74aae86319840e04c0efd2f19eb1b98194fb8403,[Unnamed Skill],74aae86319840e04c0efd2f19eb1b98194fb8403,[Unnamed Skill],1.0,Type-1 (Verbatim)
74aae86319840e04c0efd2f19eb1b98194fb8403,[Unnamed Skill],74aae86319840e04c0efd2f19eb1b98194fb8403,[Unnamed Skill],1.0,Type-1 (Verbatim)
74aae86319840e04c0efd2f19eb1b98194fb8403,[Unnamed Skill],74aae86319840e04c0efd2f19eb1b98194fb8403,[Unnamed Skill],1.0,Type-1 (Verbatim)
74aae86319840e04c0efd2f19eb1b98194fb8403,[Unnamed Skill],74aae86319840e04c0efd2f19eb1b98194fb8403,[Unnamed Skill],1.0,Type-1 (Verbatim)
74aae86319840e04c0efd2f19eb1b98194fb8403,[Unnamed Skill],74aae86319840e04c0efd2f19eb1b98194fb8403,[Unnamed Skill],1.0,Type-1 (Verbatim)
74aae86319840e04c0efd2f19eb1b98194fb8403,[Unnamed Skill],74aae86319840e04c0efd2f19eb1b98194fb8403,[Unnamed Skill],1.0,Type-1 (Verbatim)
74aae86319840e04c0efd2f19eb1b98194fb8403,[Unnamed Skill],74aae86319840e04c0efd2f19eb1b98194fb8403,[Unnamed Skill],1.0,Type-1 (Verbatim)
74aae86319840e04c0efd2f19eb1b98194fb8403,[Unnamed Skill],74aae86319840e04c0efd2f19eb1b98194fb8403,[Unnamed Skill],1.0,Type-1 (Verbatim)
74aae86319840e04c0efd2f19eb1b98194fb8403,[Unnamed Skill],74aae86319840e04c0efd2f19eb1b98194fb8403,[Unnamed Skill],1.0,Type-1 (Verbatim)
74aae86319840e04c0efd2f19eb1b98194fb8403,[Unnamed Skill],74aae86319840e04c0efd2f19eb1b98194fb8403,[Unnamed Skill],1.0,Type-1 (Verbatim)
74aae86319840e04c0efd2f19eb1b98194fb8403,[Unnamed Skill],74aae86319840e04c0efd2f19eb1b98194fb8403,[Unnamed Skill],1.0,Type-1 (Verbatim)
74aae86319840e04c0efd2f19eb1b98194fb8403,[Unnamed Skill],74aae86319840e04c0efd2f19eb1b98194fb8403,[Unnamed Skill],1.0,Type-1 (Verbatim)
74aae86319840e04c0efd2f19eb1b98194fb8403,[Unnamed Skill],74aae86319840e04c0efd2f19eb1b98194fb8403,[Unnamed Skill],1.0,Type-1 (Verbatim)
74aae86319840e04c0efd2f19eb1b98194fb8403,[Unnamed Skill],74aae86319840e04c0efd2f19eb1b98194fb8403,[Unnamed Skill],1.0,Type-1 (Verbatim)
74aae86319840e04c0efd2f19eb1b98194fb8403,[Unnamed Skill],74aae86319840e04c0efd2f19eb1b98194fb8403,[Unnamed Skill],1.0,Type-1 (Verbatim)
74aae86319840e04c0efd2f19eb1b98194fb8403,[Unnamed Skill],74aae86319840e04c0efd2f19eb1b98194fb8403,[Unnamed Skill],1.0,Type-1 (Verbatim)
74aae86319840e04c0efd2f19eb1b98194fb8403,[Unnamed Skill],74aae86319840e04c0efd2f19eb1b98194fb8403,[Unnamed Skill],1.0,Type-1 (Verbatim)
74aae86319840e04c0efd2f19eb1b98194fb8403,[Unnamed Skill],74aae86319840e04c0efd2f19eb1b98194fb8403,[Unnamed Skill],1.0,Type-1 (Verbatim)
74aae86319840e04c0efd2f19eb1b98194fb8403,[Unnamed Skill],74aae86319840e04c0efd2f19eb1b98194fb8403,[Unnamed Skill],1.0,Type-1 (Verbatim)
74aae86319840e04c0efd2f19eb1b98194fb8403,[Unnamed Skill],74aae86319840e04c0efd2f19eb1b98194fb8403,[Unnamed Skill],1.0,Type-1 (Verbatim)
74aae86319840e04c0efd2f19eb1b98194fb8403,[Unnamed Skill],74aae86319840e04c0efd2f19eb1b98194fb8403,[Unnamed Skill],1.0,Type-1 (Verbatim)
74aae86319840e04c0efd2f19eb1b98194fb8403,[Unnamed Skill],74aae86319840e04c0efd2f19eb1b98194fb8403,[Unnamed Skill],1.0,Type-1 (Verbatim)
74aae86319840e04c0efd2f19eb1b98194fb8403,[Unnamed Skill],74aae86319840e04c0efd2f19eb1b98194fb8403,[Unnamed Skill],1.0,Type-1 (Verbatim)
74aae86319840e04c0efd2f19eb1b98194fb8403,[Unnamed Skill],74aae86319840e04c0efd2f19eb1b98194fb8403,[Unnamed Skill],1.0,Type-1 (Verbatim)
74aae86319840e04c0efd2f19eb1b98194fb8403,[Unnamed Skill],74aae86319840e04c0efd2f19eb1b98194fb8403,[Unnamed Skill],1.0,Type-1 (Verbatim)
74aae86319840e04c0efd2f19eb1b98194fb8403,[Unnamed Skill],74aae86319840e04c0efd2f19eb1b98194fb8403,[Unnamed Skill],1.0,Type-1 (Verbatim)
74aae86319840e04c0efd2f19eb1b98194fb8403,[Unnamed Skill],74aae86319840e04c0efd2f19eb1b98194fb8403,[Unnamed Skill],1.0,Type-1 (Verbatim)
74aae86319840e04c0efd2f19eb1b98194fb8403,[Unnamed Skill],74aae86319840e04c0efd2f19eb1b98194fb8403,[Unnamed Skill],1.0,Type-1 (Verbatim)
74aae86319840e04c0efd2f19eb1b98194fb8403,[Unnamed Skill],74aae86319840e04c0efd2f19eb1b98194fb8403,[Unnamed Skill],1.0,Type-1 (Verbatim)
74aae86319840e04c0efd2f19eb1b98194fb8403,[Unnamed Skill],74aae86319840e04c0efd2f19eb1b98194fb8403,[Unnamed Skill],1.0,Type-1 (Verbatim)
74aae86319840e04c0efd2f19eb1b98194fb8403,[Unnamed Skill],74aae86319840e04c0efd2f19eb1b98194fb8403,[Unnamed Skill],1.0,Type-1 (Verbatim)
74aae86319840e04c0efd2f19eb1b98194fb8403,[Unnamed Skill],74aae86319840e04c0efd2f19eb1b98194fb8403,[Unnamed Skill],1.0,Type-1 (Verbatim)
74aae86319840e04c0efd2f19eb1b98194fb8403,[Unnamed Skill],74aae86319840e04c0efd2f19eb1b98194fb8403,[Unnamed Skill],1.0,Type-1 (Verbatim)
74aae86319840e04c0efd2f19eb1b98194fb8403,[Unnamed Skill],74aae86319840e04c0efd2f19eb1b98194fb8403,[Unnamed Skill],1.0,Type-1 (Verbatim)
74aae86319840e04c0efd2f19eb1b98194fb8403,[Unnamed Skill],74aae86319840e04c0efd2f19eb1b98194fb8403,[Unnamed Skill],1.0,Type-1 (Verbatim)
74aae86319840e04c0efd2f19eb1b98194fb8403,[Unnamed Skill],74aae86319840e04c0efd2f19eb1b98194fb8403,[Unnamed Skill],1.0,Type-1 (Verbatim)
74aae86319840e04c0efd2f19eb1b98194fb8403,[Unnamed Skill],74aae86319840e04c0efd2f19eb1b98194fb8403,[Unnamed Skill],1.0,Type-1 (Verbatim)
74aae86319840e04c0efd2f19eb1b98194fb8403,[Unnamed Skill],74aae86319840e04c0efd2f19eb1b98194fb8403,[Unnamed Skill],1.0,Type-1 (Verbatim)
74aae86319840e04c0efd2f19eb1b98194fb8403,[Unnamed Skill],74aae86319840e04c0efd2f19eb1b98194fb8403,[Unnamed Skill],1.0,Type-1 (Verbatim)
74aae86319840e04c0efd2f19eb1b98194fb8403,[Unnamed Skill],74aae86319840e04c0efd2f19eb1b98194fb8403,[Unnamed Skill],1.0,Type-1 (Verbatim)
74aae86319840e04c0efd2f19eb1b98194fb8403,[Unnamed Skill],74aae86319840e04c0efd2f19eb1b98194fb8403,[Unnamed Skill],1.0,Type-1 (Verbatim)
74aae86319840e04c0efd2f19eb1b98194fb8403,[Unnamed Skill],74aae86319840e04c0efd2f19eb1b98194fb8403,[Unnamed Skill],1.0,Type-1 (Verbatim)
74aae86319840e04c0efd2f19eb1b98194fb8403,[Unnamed Skill],74aae86319840e04c0efd2f19eb1b98194fb8403,[Unnamed Skill],1.0,Type-1 (Verbatim)
74aae86319840e04c0efd2f19eb1b98194fb8403,[Unnamed Skill],74aae86319840e04c0efd2f19eb1b98194fb8403,[Unnamed Skill],1.0,Type-1 (Verbatim)
74aae86319840e04c0efd2f19eb1b98194fb8403,[Unnamed Skill],74aae86319840e04c0efd2f19eb1b98194fb8403,[Unnamed Skill],1.0,Type-1 (Verbatim)
74aae86319840e04c0efd2f19eb1b98194fb8403,[Unnamed Skill],74aae86319840e04c0efd2f19eb1b98194fb8403,[Unnamed Skill],1.0,Type-1 (Verbatim)
74aae86319840e04c0efd2f19eb1b98194fb8403,[Unnamed Skill],74aae86319840e04c0efd2f19eb1b98194fb8403,[Unnamed Skill],1.0,Type-1 (Verbatim)
74aae86319840e04c0efd2f19eb1b98194fb8403,[Unnamed Skill],74aae86319840e04c0efd2f19eb1b98194fb8403,[Unnamed Skill],1.0,Type-1 (Verbatim)
7dd20d3ebf00c6f67f5aadd816865b5b158dc605,[Unnamed Skill],7dd20d3ebf00c6f67f5aadd816865b5b158dc605,[Unnamed Skill],1.0,Type-1 (Verbatim)
7dd20d3ebf00c6f67f5aadd816865b5b158dc605,[Unnamed Skill],7dd20d3ebf00c6f67f5aadd816865b5b158dc605,[Unnamed Skill],1.0,Type-1 (Verbatim)
7dd20d3ebf00c6f67f5aadd816865b5b158dc605,[Unnamed Skill],7dd20d3ebf00c6f67f5aadd816865b5b158dc605,[Unnamed Skill],1.0,Type-1 (Verbatim)
7dd20d3ebf00c6f67f5aadd816865b5b158dc605,[Unnamed Skill],7dd20d3ebf00c6f67f5aadd816865b5b158dc605,[Unnamed Skill],1.0,Type-1 (Verbatim)
7dd20d3ebf00c6f67f5aadd816865b5b158dc605,[Unnamed Skill],7dd20d3ebf00c6f67f5aadd816865b5b158dc605,[Unnamed Skill],1.0,Type-1 (Verbatim)
7dd20d3ebf00c6f67f5aadd816865b5b158dc605,[Unnamed Skill],7dd20d3ebf00c6f67f5aadd816865b5b158dc605,[Unnamed Skill],1.0,Type-1 (Verbatim)
7dd20d3ebf00c6f67f5aadd816865b5b158dc605,[Unnamed Skill],7dd20d3ebf00c6f67f5aadd816865b5b158dc605,[Unnamed Skill],1.0,Type-1 (Verbatim)
7dd20d3ebf00c6f67f5aadd816865b5b158dc605,[Unnamed Skill],7dd20d3ebf00c6f67f5aadd816865b5b158dc605,[Unnamed Skill],1.0,Type-1 (Verbatim)
7dd20d3ebf00c6f67f5aadd816865b5b158dc605,[Unnamed Skill],7dd20d3ebf00c6f67f5aadd816865b5b158dc605,[Unnamed Skill],1.0,Type-1 (Verbatim)
7dd20d3ebf00c6f67f5aadd816865b5b158dc605,[Unnamed Skill],7dd20d3ebf00c6f67f5aadd816865b5b158dc605,[Unnamed Skill],1.0,Type-1 (Verbatim)
7dd20d3ebf00c6f67f5aadd816865b5b158dc605,[Unnamed Skill],7dd20d3ebf00c6f67f5aadd816865b5b158dc605,[Unnamed Skill],1.0,Type-1 (Verbatim)
7dd20d3ebf00c6f67f5aadd816865b5b158dc605,[Unnamed Skill],7dd20d3ebf00c6f67f5aadd816865b5b158dc605,[Unnamed Skill],1.0,Type-1 (Verbatim)
7dd20d3ebf00c6f67f5aadd816865b5b158dc605,[Unnamed Skill],7dd20d3ebf00c6f67f5aadd816865b5b158dc605,[Unnamed Skill],1.0,Type-1 (Verbatim)
7dd20d3ebf00c6f67f5aadd816865b5b158dc605,[Unnamed Skill],7dd20d3ebf00c6f67f5aadd816865b5b158dc605,[Unnamed Skill],1.0,Type-1 (Verbatim)
7dd20d3ebf00c6f67f5aadd816865b5b158dc605,[Unnamed Skill],7dd20d3ebf00c6f67f5aadd816865b5b158dc605,[Unnamed Skill],1.0,Type-1 (Verbatim)
7dd20d3ebf00c6f67f5aadd816865b5b158dc605,[Unnamed Skill],7dd20d3ebf00c6f67f5aadd816865b5b158dc605,[Unnamed Skill],1.0,Type-1 (Verbatim)
7dd20d3ebf00c6f67f5aadd816865b5b158dc605,[Unnamed Skill],7dd20d3ebf00c6f67f5aadd816865b5b158dc605,[Unnamed Skill],1.0,Type-1 (Verbatim)
7dd20d3ebf00c6f67f5aadd816865b5b158dc605,[Unnamed Skill],7dd20d3ebf00c6f67f5aadd816865b5b158dc605,[Unnamed Skill],1.0,Type-1 (Verbatim)
7dd20d3ebf00c6f67f5aadd816865b5b158dc605,[Unnamed Skill],7dd20d3ebf00c6f67f5aadd816865b5b158dc605,[Unnamed Skill],1.0,Type-1 (Verbatim)
7dd20d3ebf00c6f67f5aadd816865b5b158dc605,[Unnamed Skill],7dd20d3ebf00c6f67f5aadd816865b5b158dc605,[Unnamed Skill],1.0,Type-1 (Verbatim)
7dd20d3ebf00c6f67f5aadd816865b5b158dc605,[Unnamed Skill],7dd20d3ebf00c6f67f5aadd816865b5b158dc605,[Unnamed Skill],1.0,Type-1 (Verbatim)
7dd20d3ebf00c6f67f5aadd816865b5b158dc605,[Unnamed Skill],7dd20d3ebf00c6f67f5aadd816865b5b158dc605,[Unnamed Skill],1.0,Type-1 (Verbatim)
7dd20d3ebf00c6f67f5aadd816865b5b158dc605,[Unnamed Skill],7dd20d3ebf00c6f67f5aadd816865b5b158dc605,[Unnamed Skill],1.0,Type-1 (Verbatim)
7dd20d3ebf00c6f67f5aadd816865b5b158dc605,[Unnamed Skill],7dd20d3ebf00c6f67f5aadd816865b5b158dc605,[Unnamed Skill],1.0,Type-1 (Verbatim)
7dd20d3ebf00c6f67f5aadd816865b5b158dc605,[Unnamed Skill],7dd20d3ebf00c6f67f5aadd816865b5b158dc605,[Unnamed Skill],1.0,Type-1 (Verbatim)
7dd20d3ebf00c6f67f5aadd816865b5b158dc605,[Unnamed Skill],7dd20d3ebf00c6f67f5aadd816865b5b158dc605,[Unnamed Skill],1.0,Type-1 (Verbatim)
7dd20d3ebf00c6f67f5aadd816865b5b158dc605,[Unnamed Skill],7dd20d3ebf00c6f67f5aadd816865b5b158dc605,[Unnamed Skill],1.0,Type-1 (Verbatim)
7dd20d3ebf00c6f67f5aadd816865b5b158dc605,[Unnamed Skill],7dd20d3ebf00c6f67f5aadd816865b5b158dc605,[Unnamed Skill],1.0,Type-1 (Verbatim)
7dd20d3ebf00c6f67f5aadd816865b5b158dc605,[Unnamed Skill],7dd20d3ebf00c6f67f5aadd816865b5b158dc605,[Unnamed Skill],1.0,Type-1 (Verbatim)
7dd20d3ebf00c6f67f5aadd816865b5b158dc605,[Unnamed Skill],7dd20d3ebf00c6f67f5aadd816865b5b158dc605,[Unnamed Skill],1.0,Type-1 (Verbatim)
7dd20d3ebf00c6f67f5aadd816865b5b158dc605,[Unnamed Skill],7dd20d3ebf00c6f67f5aadd816865b5b158dc605,[Unnamed Skill],1.0,Type-1 (Verbatim)
7dd20d3ebf00c6f67f5aadd816865b5b158dc605,[Unnamed Skill],7dd20d3ebf00c6f67f5aadd816865b5b158dc605,[Unnamed Skill],1.0,Type-1 (Verbatim)
7dd20d3ebf00c6f67f5aadd816865b5b158dc605,[Unnamed Skill],7dd20d3ebf00c6f67f5aadd816865b5b158dc605,[Unnamed Skill],1.0,Type-1 (Verbatim)
7dd20d3ebf00c6f67f5aadd816865b5b158dc605,[Unnamed Skill],7dd20d3ebf00c6f67f5aadd816865b5b158dc605,[Unnamed Skill],1.0,Type-1 (Verbatim)
7dd20d3ebf00c6f67f5aadd816865b5b158dc605,[Unnamed Skill],7dd20d3ebf00c6f67f5aadd816865b5b158dc605,[Unnamed Skill],1.0,Type-1 (Verbatim)
7dd20d3ebf00c6f67f5aadd816865b5b158dc605,[Unnamed Skill],7dd20d3ebf00c6f67f5aadd816865b5b158dc605,[Unnamed Skill],1.0,Type-1 (Verbatim)
7dd20d3ebf00c6f67f5aadd816865b5b158dc605,[Unnamed Skill],7dd20d3ebf00c6f67f5aadd816865b5b158dc605,[Unnamed Skill],1.0,Type-1 (Verbatim)
7dd20d3ebf00c6f67f5aadd816865b5b158dc605,[Unnamed Skill],7dd20d3ebf00c6f67f5aadd816865b5b158dc605,[Unnamed Skill],1.0,Type-1 (Verbatim)
7dd20d3ebf00c6f67f5aadd816865b5b158dc605,[Unnamed Skill],7dd20d3ebf00c6f67f5aadd816865b5b158dc605,[Unnamed Skill],1.0,Type-1 (Verbatim)
7dd20d3ebf00c6f67f5aadd816865b5b158dc605,[Unnamed Skill],7dd20d3ebf00c6f67f5aadd816865b5b158dc605,[Unnamed Skill],1.0,Type-1 (Verbatim)
7dd20d3ebf00c6f67f5aadd816865b5b158dc605,[Unnamed Skill],7dd20d3ebf00c6f67f5aadd816865b5b158dc605,[Unnamed Skill],1.0,Type-1 (Verbatim)
7dd20d3ebf00c6f67f5aadd816865b5b158dc605,[Unnamed Skill],7dd20d3ebf00c6f67f5aadd816865b5b158dc605,[Unnamed Skill],1.0,Type-1 (Verbatim)
7dd20d3ebf00c6f67f5aadd816865b5b158dc605,[Unnamed Skill],7dd20d3ebf00c6f67f5aadd816865b5b158dc605,[Unnamed Skill],1.0,Type-1 (Verbatim)
7dd20d3ebf00c6f67f5aadd816865b5b158dc605,[Unnamed Skill],7dd20d3ebf00c6f67f5aadd816865b5b158dc605,[Unnamed Skill],1.0,Type-1 (Verbatim)
7dd20d3ebf00c6f67f5aadd816865b5b158dc605,[Unnamed Skill],7dd20d3ebf00c6f67f5aadd816865b5b158dc605,[Unnamed Skill],1.0,Type-1 (Verbatim)
7dd20d3ebf00c6f67f5aadd816865b5b158dc605,[Unnamed Skill],7dd20d3ebf00c6f67f5aadd816865b5b158dc605,[Unnamed Skill],1.0,Type-1 (Verbatim)
7dd20d3ebf00c6f67f5aadd816865b5b158dc605,[Unnamed Skill],7dd20d3ebf00c6f67f5aadd816865b5b158dc605,[Unnamed Skill],1.0,Type-1 (Verbatim)
7dd20d3ebf00c6f67f5aadd816865b5b158dc605,[Unnamed Skill],7dd20d3ebf00c6f67f5aadd816865b5b158dc605,[Unnamed Skill],1.0,Type-1 (Verbatim)
7dd20d3ebf00c6f67f5aadd816865b5b158dc605,[Unnamed Skill],7dd20d3ebf00c6f67f5aadd816865b5b158dc605,[Unnamed Skill],1.0,Type-1 (Verbatim)
7dd20d3ebf00c6f67f5aadd816865b5b158dc605,[Unnamed Skill],7dd20d3ebf00c6f67f5aadd816865b5b158dc605,[Unnamed Skill],1.0,Type-1 (Verbatim)
7dd20d3ebf00c6f67f5aadd816865b5b158dc605,[Unnamed Skill],7dd20d3ebf00c6f67f5aadd816865b5b158dc605,[Unnamed Skill],1.0,Type-1 (Verbatim)
7dd20d3ebf00c6f67f5aadd816865b5b158dc605,[Unnamed Skill],7dd20d3ebf00c6f67f5aadd816865b5b158dc605,[Unnamed Skill],1.0,Type-1 (Verbatim)
7dd20d3ebf00c6f67f5aadd816865b5b158dc605,[Unnamed Skill],7dd20d3ebf00c6f67f5aadd816865b5b158dc605,[Unnamed Skill],1.0,Type-1 (Verbatim)
7dd20d3ebf00c6f67f5aadd816865b5b158dc605,[Unnamed Skill],7dd20d3ebf00c6f67f5aadd816865b5b158dc605,[Unnamed Skill],1.0,Type-1 (Verbatim)
7dd20d3ebf00c6f67f5aadd816865b5b158dc605,[Unnamed Skill],7dd20d3ebf00c6f67f5aadd816865b5b158dc605,[Unnamed Skill],1.0,Type-1 (Verbatim)
7dd20d3ebf00c6f67f5aadd816865b5b158dc605,[Unnamed Skill],7dd20d3ebf00c6f67f5aadd816865b5b158dc605,[Unnamed Skill],1.0,Type-1 (Verbatim)
7dd20d3ebf00c6f67f5aadd816865b5b158dc605,[Unnamed Skill],7dd20d3ebf00c6f67f5aadd816865b5b158dc605,[Unnamed Skill],1.0,Type-1 (Verbatim)
7dd20d3ebf00c6f67f5aadd816865b5b158dc605,[Unnamed Skill],7dd20d3ebf00c6f67f5aadd816865b5b158dc605,[Unnamed Skill],1.0,Type-1 (Verbatim)
7dd20d3ebf00c6f67f5aadd816865b5b158dc605,[Unnamed Skill],7dd20d3ebf00c6f67f5aadd816865b5b158dc605,[Unnamed Skill],1.0,Type-1 (Verbatim)
7dd20d3ebf00c6f67f5aadd816865b5b158dc605,[Unnamed Skill],7dd20d3ebf00c6f67f5aadd816865b5b158dc605,[Unnamed Skill],1.0,Type-1 (Verbatim)
7dd20d3ebf00c6f67f5aadd816865b5b158dc605,[Unnamed Skill],7dd20d3ebf00c6f67f5aadd816865b5b158dc605,[Unnamed Skill],1.0,Type-1 (Verbatim)
7dd20d3ebf00c6f67f5aadd816865b5b158dc605,[Unnamed Skill],7dd20d3ebf00c6f67f5aadd816865b5b158dc605,[Unnamed Skill],1.0,Type-1 (Verbatim)
7dd20d3ebf00c6f67f5aadd816865b5b158dc605,[Unnamed Skill],7dd20d3ebf00c6f67f5aadd816865b5b158dc605,[Unnamed Skill],1.0,Type-1 (Verbatim)
7dd20d3ebf00c6f67f5aadd816865b5b158dc605,[Unnamed Skill],7dd20d3ebf00c6f67f5aadd816865b5b158dc605,[Unnamed Skill],1.0,Type-1 (Verbatim)
7dd20d3ebf00c6f67f5aadd816865b5b158dc605,[Unnamed Skill],7dd20d3ebf00c6f67f5aadd816865b5b158dc605,[Unnamed Skill],1.0,Type-1 (Verbatim)
7dd20d3ebf00c6f67f5aadd816865b5b158dc605,[Unnamed Skill],7dd20d3ebf00c6f67f5aadd816865b5b158dc605,[Unnamed Skill],1.0,Type-1 (Verbatim)
7dd20d3ebf00c6f67f5aadd816865b5b158dc605,[Unnamed Skill],7dd20d3ebf00c6f67f5aadd816865b5b158dc605,[Unnamed Skill],1.0,Type-1 (Verbatim)
7dd20d3ebf00c6f67f5aadd816865b5b158dc605,[Unnamed Skill],7dd20d3ebf00c6f67f5aadd816865b5b158dc605,[Unnamed Skill],1.0,Type-1 (Verbatim)
7dd20d3ebf00c6f67f5aadd816865b5b158dc605,[Unnamed Skill],7dd20d3ebf00c6f67f5aadd816865b5b158dc605,[Unnamed Skill],1.0,Type-1 (Verbatim)
7dd20d3ebf00c6f67f5aadd816865b5b158dc605,[Unnamed Skill],7dd20d3ebf00c6f67f5aadd816865b5b158dc605,[Unnamed Skill],1.0,Type-1 (Verbatim)
7dd20d3ebf00c6f67f5aadd816865b5b158dc605,[Unnamed Skill],7dd20d3ebf00c6f67f5aadd816865b5b158dc605,[Unnamed Skill],1.0,Type-1 (Verbatim)
7dd20d3ebf00c6f67f5aadd816865b5b158dc605,[Unnamed Skill],7dd20d3ebf00c6f67f5aadd816865b5b158dc605,[Unnamed Skill],1.0,Type-1 (Verbatim)
7dd20d3ebf00c6f67f5aadd816865b5b158dc605,[Unnamed Skill],7dd20d3ebf00c6f67f5aadd816865b5b158dc605,[Unnamed Skill],1.0,Type-1 (Verbatim)
7dd20d3ebf00c6f67f5aadd816865b5b158dc605,[Unnamed Skill],7dd20d3ebf00c6f67f5aadd816865b5b158dc605,[Unnamed Skill],1.0,Type-1 (Verbatim)
7dd20d3ebf00c6f67f5aadd816865b5b158dc605,[Unnamed Skill],7dd20d3ebf00c6f67f5aadd816865b5b158dc605,[Unnamed Skill],1.0,Type-1 (Verbatim)
7dd20d3ebf00c6f67f5aadd816865b5b158dc605,[Unnamed Skill],7dd20d3ebf00c6f67f5aadd816865b5b158dc605,[Unnamed Skill],1.0,Type-1 (Verbatim)
7dd20d3ebf00c6f67f5aadd816865b5b158dc605,[Unnamed Skill],7dd20d3ebf00c6f67f5aadd816865b5b158dc605,[Unnamed Skill],1.0,Type-1 (Verbatim)
7dd20d3ebf00c6f67f5aadd816865b5b158dc605,[Unnamed Skill],7dd20d3ebf00c6f67f5aadd816865b5b158dc605,[Unnamed Skill],1.0,Type-1 (Verbatim)
7dd20d3ebf00c6f67f5aadd816865b5b158dc605,[Unnamed Skill],7dd20d3ebf00c6f67f5aadd816865b5b158dc605,[Unnamed Skill],1.0,Type-1 (Verbatim)
7dd20d3ebf00c6f67f5aadd816865b5b158dc605,[Unnamed Skill],7dd20d3ebf00c6f67f5aadd816865b5b158dc605,[Unnamed Skill],1.0,Type-1 (Verbatim)
7dd20d3ebf00c6f67f5aadd816865b5b158dc605,[Unnamed Skill],7dd20d3ebf00c6f67f5aadd816865b5b158dc605,[Unnamed Skill],1.0,Type-1 (Verbatim)
7dd20d3ebf00c6f67f5aadd816865b5b158dc605,[Unnamed Skill],7dd20d3ebf00c6f67f5aadd816865b5b158dc605,[Unnamed Skill],1.0,Type-1 (Verbatim)
7dd20d3ebf00c6f67f5aadd816865b5b158dc605,[Unnamed Skill],7dd20d3ebf00c6f67f5aadd816865b5b158dc605,[Unnamed Skill],1.0,Type-1 (Verbatim)
7dd20d3ebf00c6f67f5aadd816865b5b158dc605,[Unnamed Skill],7dd20d3ebf00c6f67f5aadd816865b5b158dc605,[Unnamed Skill],1.0,Type-1 (Verbatim)
7dd20d3ebf00c6f67f5aadd816865b5b158dc605,[Unnamed Skill],7dd20d3ebf00c6f67f5aadd816865b5b158dc605,[Unnamed Skill],1.0,Type-1 (Verbatim)
7dd20d3ebf00c6f67f5aadd816865b5b158dc605,[Unnamed Skill],7dd20d3ebf00c6f67f5aadd816865b5b158dc605,[Unnamed Skill],1.0,Type-1 (Verbatim)
7dd20d3ebf00c6f67f5aadd816865b5b158dc605,[Unnamed Skill],7dd20d3ebf00c6f67f5aadd816865b5b158dc605,[Unnamed Skill],1.0,Type-1 (Verbatim)
7dd20d3ebf00c6f67f5aadd816865b5b158dc605,[Unnamed Skill],7dd20d3ebf00c6f67f5aadd816865b5b158dc605,[Unnamed Skill],1.0,Type-1 (Verbatim)
7dd20d3ebf00c6f67f5aadd816865b5b158dc605,[Unnamed Skill],7dd20d3ebf00c6f67f5aadd816865b5b158dc605,[Unnamed Skill],1.0,Type-1 (Verbatim)
7dd20d3ebf00c6f67f5aadd816865b5b158dc605,[Unnamed Skill],7dd20d3ebf00c6f67f5aadd816865b5b158dc605,[Unnamed Skill],1.0,Type-1 (Verbatim)
7dd20d3ebf00c6f67f5aadd816865b5b158dc605,[Unnamed Skill],7dd20d3ebf00c6f67f5aadd816865b5b158dc605,[Unnamed Skill],1.0,Type-1 (Verbatim)
7dd20d3ebf00c6f67f5aadd816865b5b158dc605,[Unnamed Skill],7dd20d3ebf00c6f67f5aadd816865b5b158dc605,[Unnamed Skill],1.0,Type-1 (Verbatim)
7dd20d3ebf00c6f67f5aadd816865b5b158dc605,[Unnamed Skill],7dd20d3ebf00c6f67f5aadd816865b5b158dc605,[Unnamed Skill],1.0,Type-1 (Verbatim)
7dd20d3ebf00c6f67f5aadd816865b5b158dc605,[Unnamed Skill],7dd20d3ebf00c6f67f5aadd816865b5b158dc605,[Unnamed Skill],1.0,Type-1 (Verbatim)
7dd20d3ebf00c6f67f5aadd816865b5b158dc605,[Unnamed Skill],7dd20d3ebf00c6f67f5aadd816865b5b158dc605,[Unnamed Skill],1.0,Type-1 (Verbatim)
7dd20d3ebf00c6f67f5aadd816865b5b158dc605,[Unnamed Skill],7dd20d3ebf00c6f67f5aadd816865b5b158dc605,[Unnamed Skill],1.0,Type-1 (Verbatim)
7dd20d3ebf00c6f67f5aadd816865b5b158dc605,[Unnamed Skill],7dd20d3ebf00c6f67f5aadd816865b5b158dc605,[Unnamed Skill],1.0,Type-1 (Verbatim)
7dd20d3ebf00c6f67f5aadd816865b5b158dc605,[Unnamed Skill],7dd20d3ebf00c6f67f5aadd816865b5b158dc605,[Unnamed Skill],1.0,Type-1 (Verbatim)
7dd20d3ebf00c6f67f5aadd816865b5b158dc605,[Unnamed Skill],7dd20d3ebf00c6f67f5aadd816865b5b158dc605,[Unnamed Skill],1.0,Type-1 (Verbatim)
7dd20d3ebf00c6f67f5aadd816865b5b158dc605,[Unnamed Skill],7dd20d3ebf00c6f67f5aadd816865b5b158dc605,[Unnamed Skill],1.0,Type-1 (Verbatim)
7dd20d3ebf00c6f67f5aadd816865b5b158dc605,[Unnamed Skill],7dd20d3ebf00c6f67f5aadd816865b5b158dc605,[Unnamed Skill],1.0,Type-1 (Verbatim)
7dd20d3ebf00c6f67f5aadd816865b5b158dc605,[Unnamed Skill],7dd20d3ebf00c6f67f5aadd816865b5b158dc605,[Unnamed Skill],1.0,Type-1 (Verbatim)
7dd20d3ebf00c6f67f5aadd816865b5b158dc605,[Unnamed Skill],7dd20d3ebf00c6f67f5aadd816865b5b158dc605,[Unnamed Skill],1.0,Type-1 (Verbatim)
7dd20d3ebf00c6f67f5aadd816865b5b158dc605,[Unnamed Skill],7dd20d3ebf00c6f67f5aadd816865b5b158dc605,[Unnamed Skill],1.0,Type-1 (Verbatim)
7dd20d3ebf00c6f67f5aadd816865b5b158dc605,[Unnamed Skill],7dd20d3ebf00c6f67f5aadd816865b5b158dc605,[Unnamed Skill],1.0,Type-1 (Verbatim)
7dd20d3ebf00c6f67f5aadd816865b5b158dc605,[Unnamed Skill],7dd20d3ebf00c6f67f5aadd816865b5b158dc605,[Unnamed Skill],1.0,Type-1 (Verbatim)
7dd20d3ebf00c6f67f5aadd816865b5b158dc605,[Unnamed Skill],7dd20d3ebf00c6f67f5aadd816865b5b158dc605,[Unnamed Skill],1.0,Type-1 (Verbatim)
7dd20d3ebf00c6f67f5aadd816865b5b158dc605,[Unnamed Skill],7dd20d3ebf00c6f67f5aadd816865b5b158dc605,[Unnamed Skill],1.0,Type-1 (Verbatim)
7dd20d3ebf00c6f67f5aadd816865b5b158dc605,[Unnamed Skill],7dd20d3ebf00c6f67f5aadd816865b5b158dc605,[Unnamed Skill],1.0,Type-1 (Verbatim)
7dd20d3ebf00c6f67f5aadd816865b5b158dc605,[Unnamed Skill],7dd20d3ebf00c6f67f5aadd816865b5b158dc605,[Unnamed Skill],1.0,Type-1 (Verbatim)
7dd20d3ebf00c6f67f5aadd816865b5b158dc605,[Unnamed Skill],7dd20d3ebf00c6f67f5aadd816865b5b158dc605,[Unnamed Skill],1.0,Type-1 (Verbatim)
7dd20d3ebf00c6f67f5aadd816865b5b158dc605,[Unnamed Skill],7dd20d3ebf00c6f67f5aadd816865b5b158dc605,[Unnamed Skill],1.0,Type-1 (Verbatim)
7dd20d3ebf00c6f67f5aadd816865b5b158dc605,[Unnamed Skill],7dd20d3ebf00c6f67f5aadd816865b5b158dc605,[Unnamed Skill],1.0,Type-1 (Verbatim)
7dd20d3ebf00c6f67f5aadd816865b5b158dc605,[Unnamed Skill],7dd20d3ebf00c6f67f5aadd816865b5b158dc605,[Unnamed Skill],1.0,Type-1 (Verbatim)
7dd20d3ebf00c6f67f5aadd816865b5b158dc605,[Unnamed Skill],7dd20d3ebf00c6f67f5aadd816865b5b158dc605,[Unnamed Skill],1.0,Type-1 (Verbatim)
7dd20d3ebf00c6f67f5aadd816865b5b158dc605,[Unnamed Skill],7dd20d3ebf00c6f67f5aadd816865b5b158dc605,[Unnamed Skill],1.0,Type-1 (Verbatim)
7dd20d3ebf00c6f67f5aadd816865b5b158dc605,[Unnamed Skill],7dd20d3ebf00c6f67f5aadd816865b5b158dc605,[Unnamed Skill],1.0,Type-1 (Verbatim)
7dd20d3ebf00c6f67f5aadd816865b5b158dc605,[Unnamed Skill],7dd20d3ebf00c6f67f5aadd816865b5b158dc605,[Unnamed Skill],1.0,Type-1 (Verbatim)
7dd20d3ebf00c6f67f5aadd816865b5b158dc605,[Unnamed Skill],7dd20d3ebf00c6f67f5aadd816865b5b158dc605,[Unnamed Skill],1.0,Type-1 (Verbatim)
7dd20d3ebf00c6f67f5aadd816865b5b158dc605,[Unnamed Skill],7dd20d3ebf00c6f67f5aadd816865b5b158dc605,[Unnamed Skill],1.0,Type-1 (Verbatim)
7dd20d3ebf00c6f67f5aadd816865b5b158dc605,[Unnamed Skill],7dd20d3ebf00c6f67f5aadd816865b5b158dc605,[Unnamed Skill],1.0,Type-1 (Verbatim)
7dd20d3ebf00c6f67f5aadd816865b5b158dc605,[Unnamed Skill],7dd20d3ebf00c6f67f5aadd816865b5b158dc605,[Unnamed Skill],1.0,Type-1 (Verbatim)
7dd20d3ebf00c6f67f5aadd816865b5b158dc605,[Unnamed Skill],7dd20d3ebf00c6f67f5aadd816865b5b158dc605,[Unnamed Skill],1.0,Type-1 (Verbatim)
7dd20d3ebf00c6f67f5aadd816865b5b158dc605,[Unnamed Skill],7dd20d3ebf00c6f67f5aadd816865b5b158dc605,[Unnamed Skill],1.0,Type-1 (Verbatim)
7dd20d3ebf00c6f67f5aadd816865b5b158dc605,[Unnamed Skill],7dd20d3ebf00c6f67f5aadd816865b5b158dc605,[Unnamed Skill],1.0,Type-1 (Verbatim)
7dd20d3ebf00c6f67f5aadd816865b5b158dc605,[Unnamed Skill],7dd20d3ebf00c6f67f5aadd816865b5b158dc605,[Unnamed Skill],1.0,Type-1 (Verbatim)
7dd20d3ebf00c6f67f5aadd816865b5b158dc605,[Unnamed Skill],7dd20d3ebf00c6f67f5aadd816865b5b158dc605,[Unnamed Skill],1.0,Type-1 (Verbatim)
7dd20d3ebf00c6f67f5aadd816865b5b158dc605,[Unnamed Skill],7dd20d3ebf00c6f67f5aadd816865b5b158dc605,[Unnamed Skill],1.0,Type-1 (Verbatim)
7dd20d3ebf00c6f67f5aadd816865b5b158dc605,[Unnamed Skill],7dd20d3ebf00c6f67f5aadd816865b5b158dc605,[Unnamed Skill],1.0,Type-1 (Verbatim)
7dd20d3ebf00c6f67f5aadd816865b5b158dc605,[Unnamed Skill],7dd20d3ebf00c6f67f5aadd816865b5b158dc605,[Unnamed Skill],1.0,Type-1 (Verbatim)
7dd20d3ebf00c6f67f5aadd816865b5b158dc605,[Unnamed Skill],7dd20d3ebf00c6f67f5aadd816865b5b158dc605,[Unnamed Skill],1.0,Type-1 (Verbatim)
7dd20d3ebf00c6f67f5aadd816865b5b158dc605,[Unnamed Skill],7dd20d3ebf00c6f67f5aadd816865b5b158dc605,[Unnamed Skill],1.0,Type-1 (Verbatim)
7dd20d3ebf00c6f67f5aadd816865b5b158dc605,[Unnamed Skill],7dd20d3ebf00c6f67f5aadd816865b5b158dc605,[Unnamed Skill],1.0,Type-1 (Verbatim)
7dd20d3ebf00c6f67f5aadd816865b5b158dc605,[Unnamed Skill],7dd20d3ebf00c6f67f5aadd816865b5b158dc605,[Unnamed Skill],1.0,Type-1 (Verbatim)
7dd20d3ebf00c6f67f5aadd816865b5b158dc605,[Unnamed Skill],7dd20d3ebf00c6f67f5aadd816865b5b158dc605,[Unnamed Skill],1.0,Type-1 (Verbatim)
7dd20d3ebf00c6f67f5aadd816865b5b158dc605,[Unnamed Skill],7dd20d3ebf00c6f67f5aadd816865b5b158dc605,[Unnamed Skill],1.0,Type-1 (Verbatim)
7dd20d3ebf00c6f67f5aadd816865b5b158dc605,[Unnamed Skill],7dd20d3ebf00c6f67f5aadd816865b5b158dc605,[Unnamed Skill],1.0,Type-1 (Verbatim)
7dd20d3ebf00c6f67f5aadd816865b5b158dc605,[Unnamed Skill],7dd20d3ebf00c6f67f5aadd816865b5b158dc605,[Unnamed Skill],1.0,Type-1 (Verbatim)
7dd20d3ebf00c6f67f5aadd816865b5b158dc605,[Unnamed Skill],7dd20d3ebf00c6f67f5aadd816865b5b158dc605,[Unnamed Skill],1.0,Type-1 (Verbatim)
7dd20d3ebf00c6f67f5aadd816865b5b158dc605,[Unnamed Skill],7dd20d3ebf00c6f67f5aadd816865b5b158dc605,[Unnamed Skill],1.0,Type-1 (Verbatim)
7dd20d3ebf00c6f67f5aadd816865b5b158dc605,[Unnamed Skill],7dd20d3ebf00c6f67f5aadd816865b5b158dc605,[Unnamed Skill],1.0,Type-1 (Verbatim)
7dd20d3ebf00c6f67f5aadd816865b5b158dc605,[Unnamed Skill],7dd20d3ebf00c6f67f5aadd816865b5b158dc605,[Unnamed Skill],1.0,Type-1 (Verbatim)
7dd20d3ebf00c6f67f5aadd816865b5b158dc605,[Unnamed Skill],7dd20d3ebf00c6f67f5aadd816865b5b158dc605,[Unnamed Skill],1.0,Type-1 (Verbatim)
7dd20d3ebf00c6f67f5aadd816865b5b158dc605,[Unnamed Skill],7dd20d3ebf00c6f67f5aadd816865b5b158dc605,[Unnamed Skill],1.0,Type-1 (Verbatim)
7dd20d3ebf00c6f67f5aadd816865b5b158dc605,[Unnamed Skill],7dd20d3ebf00c6f67f5aadd816865b5b158dc605,[Unnamed Skill],1.0,Type-1 (Verbatim)
7dd20d3ebf00c6f67f5aadd816865b5b158dc605,[Unnamed Skill],7dd20d3ebf00c6f67f5aadd816865b5b158dc605,[Unnamed Skill],1.0,Type-1 (Verbatim)
6a215e82304bebf601bb56fb6594d67d31661fbc,[Unnamed Skill],6a215e82304bebf601bb56fb6594d67d31661fbc,[Unnamed Skill],1.0,Type-1 (Verbatim)
6a215e82304bebf601bb56fb6594d67d31661fbc,[Unnamed Skill],6a215e82304bebf601bb56fb6594d67d31661fbc,[Unnamed Skill],1.0,Type-1 (Verbatim)
6a215e82304bebf601bb56fb6594d67d31661fbc,[Unnamed Skill],6a215e82304bebf601bb56fb6594d67d31661fbc,[Unnamed Skill],1.0,Type-1 (Verbatim)
6a215e82304bebf601bb56fb6594d67d31661fbc,[Unnamed Skill],6a215e82304bebf601bb56fb6594d67d31661fbc,[Unnamed Skill],1.0,Type-1 (Verbatim)
6a215e82304bebf601bb56fb6594d67d31661fbc,[Unnamed Skill],6a215e82304bebf601bb56fb6594d67d31661fbc,[Unnamed Skill],1.0,Type-1 (Verbatim)
6a215e82304bebf601bb56fb6594d67d31661fbc,[Unnamed Skill],6a215e82304bebf601bb56fb6594d67d31661fbc,[Unnamed Skill],1.0,Type-1 (Verbatim)
6a215e82304bebf601bb56fb6594d67d31661fbc,[Unnamed Skill],6a215e82304bebf601bb56fb6594d67d31661fbc,[Unnamed Skill],1.0,Type-1 (Verbatim)
6a215e82304bebf601bb56fb6594d67d31661fbc,[Unnamed Skill],6a215e82304bebf601bb56fb6594d67d31661fbc,[Unnamed Skill],1.0,Type-1 (Verbatim)
6a215e82304bebf601bb56fb6594d67d31661fbc,[Unnamed Skill],6a215e82304bebf601bb56fb6594d67d31661fbc,[Unnamed Skill],1.0,Type-1 (Verbatim)
6a215e82304bebf601bb56fb6594d67d31661fbc,[Unnamed Skill],6a215e82304bebf601bb56fb6594d67d31661fbc,[Unnamed Skill],1.0,Type-1 (Verbatim)
6a215e82304bebf601bb56fb6594d67d31661fbc,[Unnamed Skill],6a215e82304bebf601bb56fb6594d67d31661fbc,[Unnamed Skill],1.0,Type-1 (Verbatim)
6a215e82304bebf601bb56fb6594d67d31661fbc,[Unnamed Skill],6a215e82304bebf601bb56fb6594d67d31661fbc,[Unnamed Skill],1.0,Type-1 (Verbatim)
6a215e82304bebf601bb56fb6594d67d31661fbc,[Unnamed Skill],6a215e82304bebf601bb56fb6594d67d31661fbc,[Unnamed Skill],1.0,Type-1 (Verbatim)
6a215e82304bebf601bb56fb6594d67d31661fbc,[Unnamed Skill],6a215e82304bebf601bb56fb6594d67d31661fbc,[Unnamed Skill],1.0,Type-1 (Verbatim)
6a215e82304bebf601bb56fb6594d67d31661fbc,[Unnamed Skill],6a215e82304bebf601bb56fb6594d67d31661fbc,[Unnamed Skill],1.0,Type-1 (Verbatim)
6a215e82304bebf601bb56fb6594d67d31661fbc,[Unnamed Skill],6a215e82304bebf601bb56fb6594d67d31661fbc,[Unnamed Skill],1.0,Type-1 (Verbatim)
6a215e82304bebf601bb56fb6594d67d31661fbc,[Unnamed Skill],6a215e82304bebf601bb56fb6594d67d31661fbc,[Unnamed Skill],1.0,Type-1 (Verbatim)
6a215e82304bebf601bb56fb6594d67d31661fbc,[Unnamed Skill],6a215e82304bebf601bb56fb6594d67d31661fbc,[Unnamed Skill],1.0,Type-1 (Verbatim)
6a215e82304bebf601bb56fb6594d67d31661fbc,[Unnamed Skill],6a215e82304bebf601bb56fb6594d67d31661fbc,[Unnamed Skill],1.0,Type-1 (Verbatim)
6a215e82304bebf601bb56fb6594d67d31661fbc,[Unnamed Skill],6a215e82304bebf601bb56fb6594d67d31661fbc,[Unnamed Skill],1.0,Type-1 (Verbatim)
6a215e82304bebf601bb56fb6594d67d31661fbc,[Unnamed Skill],6a215e82304bebf601bb56fb6594d67d31661fbc,[Unnamed Skill],1.0,Type-1 (Verbatim)
6a215e82304bebf601bb56fb6594d67d31661fbc,[Unnamed Skill],6a215e82304bebf601bb56fb6594d67d31661fbc,[Unnamed Skill],1.0,Type-1 (Verbatim)
6a215e82304bebf601bb56fb6594d67d31661fbc,[Unnamed Skill],6a215e82304bebf601bb56fb6594d67d31661fbc,[Unnamed Skill],1.0,Type-1 (Verbatim)
6a215e82304bebf601bb56fb6594d67d31661fbc,[Unnamed Skill],6a215e82304bebf601bb56fb6594d67d31661fbc,[Unnamed Skill],1.0,Type-1 (Verbatim)
6a215e82304bebf601bb56fb6594d67d31661fbc,[Unnamed Skill],6a215e82304bebf601bb56fb6594d67d31661fbc,[Unnamed Skill],1.0,Type-1 (Verbatim)
6a215e82304bebf601bb56fb6594d67d31661fbc,[Unnamed Skill],6a215e82304bebf601bb56fb6594d67d31661fbc,[Unnamed Skill],1.0,Type-1 (Verbatim)
6a215e82304bebf601bb56fb6594d67d31661fbc,[Unnamed Skill],6a215e82304bebf601bb56fb6594d67d31661fbc,[Unnamed Skill],1.0,Type-1 (Verbatim)
6a215e82304bebf601bb56fb6594d67d31661fbc,[Unnamed Skill],6a215e82304bebf601bb56fb6594d67d31661fbc,[Unnamed Skill],1.0,Type-1 (Verbatim)
6a215e82304bebf601bb56fb6594d67d31661fbc,[Unnamed Skill],6a215e82304bebf601bb56fb6594d67d31661fbc,[Unnamed Skill],1.0,Type-1 (Verbatim)
6a215e82304bebf601bb56fb6594d67d31661fbc,[Unnamed Skill],6a215e82304bebf601bb56fb6594d67d31661fbc,[Unnamed Skill],1.0,Type-1 (Verbatim)
6a215e82304bebf601bb56fb6594d67d31661fbc,[Unnamed Skill],6a215e82304bebf601bb56fb6594d67d31661fbc,[Unnamed Skill],1.0,Type-1 (Verbatim)
6a215e82304bebf601bb56fb6594d67d31661fbc,[Unnamed Skill],6a215e82304bebf601bb56fb6594d67d31661fbc,[Unnamed Skill],1.0,Type-1 (Verbatim)
6a215e82304bebf601bb56fb6594d67d31661fbc,[Unnamed Skill],6a215e82304bebf601bb56fb6594d67d31661fbc,[Unnamed Skill],1.0,Type-1 (Verbatim)
6a215e82304bebf601bb56fb6594d67d31661fbc,[Unnamed Skill],6a215e82304bebf601bb56fb6594d67d31661fbc,[Unnamed Skill],1.0,Type-1 (Verbatim)
6a215e82304bebf601bb56fb6594d67d31661fbc,[Unnamed Skill],6a215e82304bebf601bb56fb6594d67d31661fbc,[Unnamed Skill],1.0,Type-1 (Verbatim)
6a215e82304bebf601bb56fb6594d67d31661fbc,[Unnamed Skill],6a215e82304bebf601bb56fb6594d67d31661fbc,[Unnamed Skill],1.0,Type-1 (Verbatim)
6a215e82304bebf601bb56fb6594d67d31661fbc,[Unnamed Skill],6a215e82304bebf601bb56fb6594d67d31661fbc,[Unnamed Skill],1.0,Type-1 (Verbatim)
6a215e82304bebf601bb56fb6594d67d31661fbc,[Unnamed Skill],6a215e82304bebf601bb56fb6594d67d31661fbc,[Unnamed Skill],1.0,Type-1 (Verbatim)
6a215e82304bebf601bb56fb6594d67d31661fbc,[Unnamed Skill],6a215e82304bebf601bb56fb6594d67d31661fbc,[Unnamed Skill],1.0,Type-1 (Verbatim)
6a215e82304bebf601bb56fb6594d67d31661fbc,[Unnamed Skill],6a215e82304bebf601bb56fb6594d67d31661fbc,[Unnamed Skill],1.0,Type-1 (Verbatim)
6a215e82304bebf601bb56fb6594d67d31661fbc,[Unnamed Skill],6a215e82304bebf601bb56fb6594d67d31661fbc,[Unnamed Skill],1.0,Type-1 (Verbatim)
6a215e82304bebf601bb56fb6594d67d31661fbc,[Unnamed Skill],6a215e82304bebf601bb56fb6594d67d31661fbc,[Unnamed Skill],1.0,Type-1 (Verbatim)
6a215e82304bebf601bb56fb6594d67d31661fbc,[Unnamed Skill],6a215e82304bebf601bb56fb6594d67d31661fbc,[Unnamed Skill],1.0,Type-1 (Verbatim)
6a215e82304bebf601bb56fb6594d67d31661fbc,[Unnamed Skill],6a215e82304bebf601bb56fb6594d67d31661fbc,[Unnamed Skill],1.0,Type-1 (Verbatim)
6a215e82304bebf601bb56fb6594d67d31661fbc,[Unnamed Skill],6a215e82304bebf601bb56fb6594d67d31661fbc,[Unnamed Skill],1.0,Type-1 (Verbatim)
6a215e82304bebf601bb56fb6594d67d31661fbc,[Unnamed Skill],6a215e82304bebf601bb56fb6594d67d31661fbc,[Unnamed Skill],1.0,Type-1 (Verbatim)
6a215e82304bebf601bb56fb6594d67d31661fbc,[Unnamed Skill],6a215e82304bebf601bb56fb6594d67d31661fbc,[Unnamed Skill],1.0,Type-1 (Verbatim)
6a215e82304bebf601bb56fb6594d67d31661fbc,[Unnamed Skill],6a215e82304bebf601bb56fb6594d67d31661fbc,[Unnamed Skill],1.0,Type-1 (Verbatim)
6a215e82304bebf601bb56fb6594d67d31661fbc,[Unnamed Skill],6a215e82304bebf601bb56fb6594d67d31661fbc,[Unnamed Skill],1.0,Type-1 (Verbatim)
6a215e82304bebf601bb56fb6594d67d31661fbc,[Unnamed Skill],6a215e82304bebf601bb56fb6594d67d31661fbc,[Unnamed Skill],1.0,Type-1 (Verbatim)
6a215e82304bebf601bb56fb6594d67d31661fbc,[Unnamed Skill],6a215e82304bebf601bb56fb6594d67d31661fbc,[Unnamed Skill],1.0,Type-1 (Verbatim)
6a215e82304bebf601bb56fb6594d67d31661fbc,[Unnamed Skill],6a215e82304bebf601bb56fb6594d67d31661fbc,[Unnamed Skill],1.0,Type-1 (Verbatim)
6a215e82304bebf601bb56fb6594d67d31661fbc,[Unnamed Skill],6a215e82304bebf601bb56fb6594d67d31661fbc,[Unnamed Skill],1.0,Type-1 (Verbatim)
6a215e82304bebf601bb56fb6594d67d31661fbc,[Unnamed Skill],6a215e82304bebf601bb56fb6594d67d31661fbc,[Unnamed Skill],1.0,Type-1 (Verbatim)
6a215e82304bebf601bb56fb6594d67d31661fbc,[Unnamed Skill],6a215e82304bebf601bb56fb6594d67d31661fbc,[Unnamed Skill],1.0,Type-1 (Verbatim)
6a215e82304bebf601bb56fb6594d67d31661fbc,[Unnamed Skill],6a215e82304bebf601bb56fb6594d67d31661fbc,[Unnamed Skill],1.0,Type-1 (Verbatim)
6a215e82304bebf601bb56fb6594d67d31661fbc,[Unnamed Skill],6a215e82304bebf601bb56fb6594d67d31661fbc,[Unnamed Skill],1.0,Type-1 (Verbatim)
6a215e82304bebf601bb56fb6594d67d31661fbc,[Unnamed Skill],6a215e82304bebf601bb56fb6594d67d31661fbc,[Unnamed Skill],1.0,Type-1 (Verbatim)
6a215e82304bebf601bb56fb6594d67d31661fbc,[Unnamed Skill],6a215e82304bebf601bb56fb6594d67d31661fbc,[Unnamed Skill],1.0,Type-1 (Verbatim)
6a215e82304bebf601bb56fb6594d67d31661fbc,[Unnamed Skill],6a215e82304bebf601bb56fb6594d67d31661fbc,[Unnamed Skill],1.0,Type-1 (Verbatim)
6a215e82304bebf601bb56fb6594d67d31661fbc,[Unnamed Skill],6a215e82304bebf601bb56fb6594d67d31661fbc,[Unnamed Skill],1.0,Type-1 (Verbatim)
6a215e82304bebf601bb56fb6594d67d31661fbc,[Unnamed Skill],6a215e82304bebf601bb56fb6594d67d31661fbc,[Unnamed Skill],1.0,Type-1 (Verbatim)
6a215e82304bebf601bb56fb6594d67d31661fbc,[Unnamed Skill],6a215e82304bebf601bb56fb6594d67d31661fbc,[Unnamed Skill],1.0,Type-1 (Verbatim)
6a215e82304bebf601bb56fb6594d67d31661fbc,[Unnamed Skill],6a215e82304bebf601bb56fb6594d67d31661fbc,[Unnamed Skill],1.0,Type-1 (Verbatim)
6a215e82304bebf601bb56fb6594d67d31661fbc,[Unnamed Skill],6a215e82304bebf601bb56fb6594d67d31661fbc,[Unnamed Skill],1.0,Type-1 (Verbatim)
6a215e82304bebf601bb56fb6594d67d31661fbc,[Unnamed Skill],6a215e82304bebf601bb56fb6594d67d31661fbc,[Unnamed Skill],1.0,Type-1 (Verbatim)
6a215e82304bebf601bb56fb6594d67d31661fbc,[Unnamed Skill],6a215e82304bebf601bb56fb6594d67d31661fbc,[Unnamed Skill],1.0,Type-1 (Verbatim)
6a215e82304bebf601bb56fb6594d67d31661fbc,[Unnamed Skill],6a215e82304bebf601bb56fb6594d67d31661fbc,[Unnamed Skill],1.0,Type-1 (Verbatim)
6a215e82304bebf601bb56fb6594d67d31661fbc,[Unnamed Skill],6a215e82304bebf601bb56fb6594d67d31661fbc,[Unnamed Skill],1.0,Type-1 (Verbatim)
6a215e82304bebf601bb56fb6594d67d31661fbc,[Unnamed Skill],6a215e82304bebf601bb56fb6594d67d31661fbc,[Unnamed Skill],1.0,Type-1 (Verbatim)
6a215e82304bebf601bb56fb6594d67d31661fbc,[Unnamed Skill],6a215e82304bebf601bb56fb6594d67d31661fbc,[Unnamed Skill],1.0,Type-1 (Verbatim)
6a215e82304bebf601bb56fb6594d67d31661fbc,[Unnamed Skill],6a215e82304bebf601bb56fb6594d67d31661fbc,[Unnamed Skill],1.0,Type-1 (Verbatim)
6a215e82304bebf601bb56fb6594d67d31661fbc,[Unnamed Skill],6a215e82304bebf601bb56fb6594d67d31661fbc,[Unnamed Skill],1.0,Type-1 (Verbatim)
6a215e82304bebf601bb56fb6594d67d31661fbc,[Unnamed Skill],6a215e82304bebf601bb56fb6594d67d31661fbc,[Unnamed Skill],1.0,Type-1 (Verbatim)
6a215e82304bebf601bb56fb6594d67d31661fbc,[Unnamed Skill],6a215e82304bebf601bb56fb6594d67d31661fbc,[Unnamed Skill],1.0,Type-1 (Verbatim)
6a215e82304bebf601bb56fb6594d67d31661fbc,[Unnamed Skill],6a215e82304bebf601bb56fb6594d67d31661fbc,[Unnamed Skill],1.0,Type-1 (Verbatim)
6a215e82304bebf601bb56fb6594d67d31661fbc,[Unnamed Skill],6a215e82304bebf601bb56fb6594d67d31661fbc,[Unnamed Skill],1.0,Type-1 (Verbatim)
6a215e82304bebf601bb56fb6594d67d31661fbc,[Unnamed Skill],6a215e82304bebf601bb56fb6594d67d31661fbc,[Unnamed Skill],1.0,Type-1 (Verbatim)
6a215e82304bebf601bb56fb6594d67d31661fbc,[Unnamed Skill],6a215e82304bebf601bb56fb6594d67d31661fbc,[Unnamed Skill],1.0,Type-1 (Verbatim)
6a215e82304bebf601bb56fb6594d67d31661fbc,[Unnamed Skill],6a215e82304bebf601bb56fb6594d67d31661fbc,[Unnamed Skill],1.0,Type-1 (Verbatim)
6a215e82304bebf601bb56fb6594d67d31661fbc,[Unnamed Skill],6a215e82304bebf601bb56fb6594d67d31661fbc,[Unnamed Skill],1.0,Type-1 (Verbatim)
6a215e82304bebf601bb56fb6594d67d31661fbc,[Unnamed Skill],6a215e82304bebf601bb56fb6594d67d31661fbc,[Unnamed Skill],1.0,Type-1 (Verbatim)
6a215e82304bebf601bb56fb6594d67d31661fbc,[Unnamed Skill],6a215e82304bebf601bb56fb6594d67d31661fbc,[Unnamed Skill],1.0,Type-1 (Verbatim)
6a215e82304bebf601bb56fb6594d67d31661fbc,[Unnamed Skill],6a215e82304bebf601bb56fb6594d67d31661fbc,[Unnamed Skill],1.0,Type-1 (Verbatim)
6a215e82304bebf601bb56fb6594d67d31661fbc,[Unnamed Skill],6a215e82304bebf601bb56fb6594d67d31661fbc,[Unnamed Skill],1.0,Type-1 (Verbatim)
6a215e82304bebf601bb56fb6594d67d31661fbc,[Unnamed Skill],6a215e82304bebf601bb56fb6594d67d31661fbc,[Unnamed Skill],1.0,Type-1 (Verbatim)
6a215e82304bebf601bb56fb6594d67d31661fbc,[Unnamed Skill],6a215e82304bebf601bb56fb6594d67d31661fbc,[Unnamed Skill],1.0,Type-1 (Verbatim)
6a215e82304bebf601bb56fb6594d67d31661fbc,[Unnamed Skill],6a215e82304bebf601bb56fb6594d67d31661fbc,[Unnamed Skill],1.0,Type-1 (Verbatim)
6a215e82304bebf601bb56fb6594d67d31661fbc,[Unnamed Skill],6a215e82304bebf601bb56fb6594d67d31661fbc,[Unnamed Skill],1.0,Type-1 (Verbatim)
6a215e82304bebf601bb56fb6594d67d31661fbc,[Unnamed Skill],6a215e82304bebf601bb56fb6594d67d31661fbc,[Unnamed Skill],1.0,Type-1 (Verbatim)
6a215e82304bebf601bb56fb6594d67d31661fbc,[Unnamed Skill],6a215e82304bebf601bb56fb6594d67d31661fbc,[Unnamed Skill],1.0,Type-1 (Verbatim)
6a215e82304bebf601bb56fb6594d67d31661fbc,[Unnamed Skill],6a215e82304bebf601bb56fb6594d67d31661fbc,[Unnamed Skill],1.0,Type-1 (Verbatim)
6a215e82304bebf601bb56fb6594d67d31661fbc,[Unnamed Skill],6a215e82304bebf601bb56fb6594d67d31661fbc,[Unnamed Skill],1.0,Type-1 (Verbatim)
6a215e82304bebf601bb56fb6594d67d31661fbc,[Unnamed Skill],6a215e82304bebf601bb56fb6594d67d31661fbc,[Unnamed Skill],1.0,Type-1 (Verbatim)
6a215e82304bebf601bb56fb6594d67d31661fbc,[Unnamed Skill],6a215e82304bebf601bb56fb6594d67d31661fbc,[Unnamed Skill],1.0,Type-1 (Verbatim)
6a215e82304bebf601bb56fb6594d67d31661fbc,[Unnamed Skill],6a215e82304bebf601bb56fb6594d67d31661fbc,[Unnamed Skill],1.0,Type-1 (Verbatim)
6a215e82304bebf601bb56fb6594d67d31661fbc,[Unnamed Skill],6a215e82304bebf601bb56fb6594d67d31661fbc,[Unnamed Skill],1.0,Type-1 (Verbatim)
6a215e82304bebf601bb56fb6594d67d31661fbc,[Unnamed Skill],6a215e82304bebf601bb56fb6594d67d31661fbc,[Unnamed Skill],1.0,Type-1 (Verbatim)
6a215e82304bebf601bb56fb6594d67d31661fbc,[Unnamed Skill],6a215e82304bebf601bb56fb6594d67d31661fbc,[Unnamed Skill],1.0,Type-1 (Verbatim)
6a215e82304bebf601bb56fb6594d67d31661fbc,[Unnamed Skill],6a215e82304bebf601bb56fb6594d67d31661fbc,[Unnamed Skill],1.0,Type-1 (Verbatim)
6a215e82304bebf601bb56fb6594d67d31661fbc,[Unnamed Skill],6a215e82304bebf601bb56fb6594d67d31661fbc,[Unnamed Skill],1.0,Type-1 (Verbatim)
6a215e82304bebf601bb56fb6594d67d31661fbc,[Unnamed Skill],6a215e82304bebf601bb56fb6594d67d31661fbc,[Unnamed Skill],1.0,Type-1 (Verbatim)
6a215e82304bebf601bb56fb6594d67d31661fbc,[Unnamed Skill],6a215e82304bebf601bb56fb6594d67d31661fbc,[Unnamed Skill],1.0,Type-1 (Verbatim)
6a215e82304bebf601bb56fb6594d67d31661fbc,[Unnamed Skill],6a215e82304bebf601bb56fb6594d67d31661fbc,[Unnamed Skill],1.0,Type-1 (Verbatim)
6a215e82304bebf601bb56fb6594d67d31661fbc,[Unnamed Skill],6a215e82304bebf601bb56fb6594d67d31661fbc,[Unnamed Skill],1.0,Type-1 (Verbatim)
6a215e82304bebf601bb56fb6594d67d31661fbc,[Unnamed Skill],6a215e82304bebf601bb56fb6594d67d31661fbc,[Unnamed Skill],1.0,Type-1 (Verbatim)
6a215e82304bebf601bb56fb6594d67d31661fbc,[Unnamed Skill],6a215e82304bebf601bb56fb6594d67d31661fbc,[Unnamed Skill],1.0,Type-1 (Verbatim)
6a215e82304bebf601bb56fb6594d67d31661fbc,[Unnamed Skill],6a215e82304bebf601bb56fb6594d67d31661fbc,[Unnamed Skill],1.0,Type-1 (Verbatim)
6a215e82304bebf601bb56fb6594d67d31661fbc,[Unnamed Skill],6a215e82304bebf601bb56fb6594d67d31661fbc,[Unnamed Skill],1.0,Type-1 (Verbatim)
6a215e82304bebf601bb56fb6594d67d31661fbc,[Unnamed Skill],6a215e82304bebf601bb56fb6594d67d31661fbc,[Unnamed Skill],1.0,Type-1 (Verbatim)
6a215e82304bebf601bb56fb6594d67d31661fbc,[Unnamed Skill],6a215e82304bebf601bb56fb6594d67d31661fbc,[Unnamed Skill],1.0,Type-1 (Verbatim)
6a215e82304bebf601bb56fb6594d67d31661fbc,[Unnamed Skill],6a215e82304bebf601bb56fb6594d67d31661fbc,[Unnamed Skill],1.0,Type-1 (Verbatim)
6a215e82304bebf601bb56fb6594d67d31661fbc,[Unnamed Skill],6a215e82304bebf601bb56fb6594d67d31661fbc,[Unnamed Skill],1.0,Type-1 (Verbatim)
6a215e82304bebf601bb56fb6594d67d31661fbc,[Unnamed Skill],6a215e82304bebf601bb56fb6594d67d31661fbc,[Unnamed Skill],1.0,Type-1 (Verbatim)
6a215e82304bebf601bb56fb6594d67d31661fbc,[Unnamed Skill],6a215e82304bebf601bb56fb6594d67d31661fbc,[Unnamed Skill],1.0,Type-1 (Verbatim)
6a215e82304bebf601bb56fb6594d67d31661fbc,[Unnamed Skill],6a215e82304bebf601bb56fb6594d67d31661fbc,[Unnamed Skill],1.0,Type-1 (Verbatim)
6a215e82304bebf601bb56fb6594d67d31661fbc,[Unnamed Skill],6a215e82304bebf601bb56fb6594d67d31661fbc,[Unnamed Skill],1.0,Type-1 (Verbatim)
6a215e82304bebf601bb56fb6594d67d31661fbc,[Unnamed Skill],6a215e82304bebf601bb56fb6594d67d31661fbc,[Unnamed Skill],1.0,Type-1 (Verbatim)
6a215e82304bebf601bb56fb6594d67d31661fbc,[Unnamed Skill],6a215e82304bebf601bb56fb6594d67d31661fbc,[Unnamed Skill],1.0,Type-1 (Verbatim)
6a215e82304bebf601bb56fb6594d67d31661fbc,[Unnamed Skill],6a215e82304bebf601bb56fb6594d67d31661fbc,[Unnamed Skill],1.0,Type-1 (Verbatim)
6a215e82304bebf601bb56fb6594d67d31661fbc,[Unnamed Skill],6a215e82304bebf601bb56fb6594d67d31661fbc,[Unnamed Skill],1.0,Type-1 (Verbatim)
6a215e82304bebf601bb56fb6594d67d31661fbc,[Unnamed Skill],6a215e82304bebf601bb56fb6594d67d31661fbc,[Unnamed Skill],1.0,Type-1 (Verbatim)
6a215e82304bebf601bb56fb6594d67d31661fbc,[Unnamed Skill],6a215e82304bebf601bb56fb6594d67d31661fbc,[Unnamed Skill],1.0,Type-1 (Verbatim)
6a215e82304bebf601bb56fb6594d67d31661fbc,[Unnamed Skill],6a215e82304bebf601bb56fb6594d67d31661fbc,[Unnamed Skill],1.0,Type-1 (Verbatim)
6a215e82304bebf601bb56fb6594d67d31661fbc,[Unnamed Skill],6a215e82304bebf601bb56fb6594d67d31661fbc,[Unnamed Skill],1.0,Type-1 (Verbatim)
6a215e82304bebf601bb56fb6594d67d31661fbc,[Unnamed Skill],6a215e82304bebf601bb56fb6594d67d31661fbc,[Unnamed Skill],1.0,Type-1 (Verbatim)
6a215e82304bebf601bb56fb6594d67d31661fbc,[Unnamed Skill],6a215e82304bebf601bb56fb6594d67d31661fbc,[Unnamed Skill],1.0,Type-1 (Verbatim)
6a215e82304bebf601bb56fb6594d67d31661fbc,[Unnamed Skill],6a215e82304bebf601bb56fb6594d67d31661fbc,[Unnamed Skill],1.0,Type-1 (Verbatim)
6a215e82304bebf601bb56fb6594d67d31661fbc,[Unnamed Skill],6a215e82304bebf601bb56fb6594d67d31661fbc,[Unnamed Skill],1.0,Type-1 (Verbatim)
6a215e82304bebf601bb56fb6594d67d31661fbc,[Unnamed Skill],6a215e82304bebf601bb56fb6594d67d31661fbc,[Unnamed Skill],1.0,Type-1 (Verbatim)
6a215e82304bebf601bb56fb6594d67d31661fbc,[Unnamed Skill],6a215e82304bebf601bb56fb6594d67d31661fbc,[Unnamed Skill],1.0,Type-1 (Verbatim)
6a215e82304bebf601bb56fb6594d67d31661fbc,[Unnamed Skill],6a215e82304bebf601bb56fb6594d67d31661fbc,[Unnamed Skill],1.0,Type-1 (Verbatim)
6a215e82304bebf601bb56fb6594d67d31661fbc,[Unnamed Skill],6a215e82304bebf601bb56fb6594d67d31661fbc,[Unnamed Skill],1.0,Type-1 (Verbatim)
6a215e82304bebf601bb56fb6594d67d31661fbc,[Unnamed Skill],6a215e82304bebf601bb56fb6594d67d31661fbc,[Unnamed Skill],1.0,Type-1 (Verbatim)
6a215e82304bebf601bb56fb6594d67d31661fbc,[Unnamed Skill],6a215e82304bebf601bb56fb6594d67d31661fbc,[Unnamed Skill],1.0,Type-1 (Verbatim)
6a215e82304bebf601bb56fb6594d67d31661fbc,[Unnamed Skill],6a215e82304bebf601bb56fb6594d67d31661fbc,[Unnamed Skill],1.0,Type-1 (Verbatim)
6a215e82304bebf601bb56fb6594d67d31661fbc,[Unnamed Skill],6a215e82304bebf601bb56fb6594d67d31661fbc,[Unnamed Skill],1.0,Type-1 (Verbatim)
6a215e82304bebf601bb56fb6594d67d31661fbc,[Unnamed Skill],6a215e82304bebf601bb56fb6594d67d31661fbc,[Unnamed Skill],1.0,Type-1 (Verbatim)
6a215e82304bebf601bb56fb6594d67d31661fbc,[Unnamed Skill],6a215e82304bebf601bb56fb6594d67d31661fbc,[Unnamed Skill],1.0,Type-1 (Verbatim)
6a215e82304bebf601bb56fb6594d67d31661fbc,[Unnamed Skill],6a215e82304bebf601bb56fb6594d67d31661fbc,[Unnamed Skill],1.0,Type-1 (Verbatim)
6a215e82304bebf601bb56fb6594d67d31661fbc,[Unnamed Skill],6a215e82304bebf601bb56fb6594d67d31661fbc,[Unnamed Skill],1.0,Type-1 (Verbatim)
6a215e82304bebf601bb56fb6594d67d31661fbc,[Unnamed Skill],6a215e82304bebf601bb56fb6594d67d31661fbc,[Unnamed Skill],1.0,Type-1 (Verbatim)
6a215e82304bebf601bb56fb6594d67d31661fbc,[Unnamed Skill],6a215e82304bebf601bb56fb6594d67d31661fbc,[Unnamed Skill],1.0,Type-1 (Verbatim)
6a215e82304bebf601bb56fb6594d67d31661fbc,[Unnamed Skill],6a215e82304bebf601bb56fb6594d67d31661fbc,[Unnamed Skill],1.0,Type-1 (Verbatim)
6a215e82304bebf601bb56fb6594d67d31661fbc,[Unnamed Skill],6a215e82304bebf601bb56fb6594d67d31661fbc,[Unnamed Skill],1.0,Type-1 (Verbatim)
6a215e82304bebf601bb56fb6594d67d31661fbc,[Unnamed Skill],6a215e82304bebf601bb56fb6594d67d31661fbc,[Unnamed Skill],1.0,Type-1 (Verbatim)
2baeffe0e3dd5dce21f3934a21e0b1eb9e6c2425,[Unnamed Skill],2baeffe0e3dd5dce21f3934a21e0b1eb9e6c2425,[Unnamed Skill],1.0,Type-1 (Verbatim)
2baeffe0e3dd5dce21f3934a21e0b1eb9e6c2425,[Unnamed Skill],2baeffe0e3dd5dce21f3934a21e0b1eb9e6c2425,test-skill,1.0,Type-1 (Verbatim)
9aa276dfb48697010bf0166b3bfcceaaa0540563,[Unnamed Skill],9aa276dfb48697010bf0166b3bfcceaaa0540563,PPTX Generator,1.0,Type-1 (Verbatim)
b87b247d46fa33938c7e5d08f9b00ad95552b97d,[Unnamed Skill],b87b247d46fa33938c7e5d08f9b00ad95552b97d,Brand Guidelines,1.0,Type-1 (Verbatim)
e4853cb83abbd4c7cef1b634bb50cf3e04624e6a,[Unnamed Skill],e4853cb83abbd4c7cef1b634bb50cf3e04624e6a,[Unnamed Skill],1.0,Type-1 (Verbatim)
e4853cb83abbd4c7cef1b634bb50cf3e04624e6a,[Unnamed Skill],e4853cb83abbd4c7cef1b634bb50cf3e04624e6a,[Unnamed Skill],1.0,Type-1 (Verbatim)
b16498d397a7f3f7714882bf432eae53f162ba50,[Unnamed Skill],b16498d397a7f3f7714882bf432eae53f162ba50,[Unnamed Skill],1.0,Type-1 (Verbatim)
9470cfcfe231a35e46494cddbacdd395991afb1e,[Unnamed Skill],9470cfcfe231a35e46494cddbacdd395991afb1e,[Unnamed Skill],1.0,Type-1 (Verbatim)
e07245f537697e44a07f9220072d80aafcc53914,[Unnamed Skill],e07245f537697e44a07f9220072d80aafcc53914,[Unnamed Skill],1.0,Type-1 (Verbatim)
bf509851df84522edb0847cc2fa9cc4ab71d2b52,[Unnamed Skill],bf509851df84522edb0847cc2fa9cc4ab71d2b52,[Unnamed Skill],1.0,Type-1 (Verbatim)
3a15968e862a6f0d115f47dbfe230c71e75f1486,[Unnamed Skill],3a15968e862a6f0d115f47dbfe230c71e75f1486,[Unnamed Skill],1.0,Type-1 (Verbatim)
09422e159f42ae9608df1ba307b919ea831a370e,[Unnamed Skill],09422e159f42ae9608df1ba307b919ea831a370e,[Unnamed Skill],1.0,Type-1 (Verbatim)
021c715f8940904eacbfeb8656d2b555564339b9,[Unnamed Skill],021c715f8940904eacbfeb8656d2b555564339b9,[Unnamed Skill],1.0,Type-1 (Verbatim)
54f764032150f01cbdf3ef5ca04c2385c6b8909a,[Unnamed Skill],54f764032150f01cbdf3ef5ca04c2385c6b8909a,[Unnamed Skill],1.0,Type-1 (Verbatim)
e54067b14646f4d95071ea4002ac66eabdc32286,[Unnamed Skill],e54067b14646f4d95071ea4002ac66eabdc32286,[Unnamed Skill],1.0,Type-1 (Verbatim)
22eb4d2926be6814fcff6905e39092e6153bc9a2,[Unnamed Skill],22eb4d2926be6814fcff6905e39092e6153bc9a2,[Unnamed Skill],1.0,Type-1 (Verbatim)
8fb3d9af821012ea265c5b6a0b6bd1a99b53af18,[Unnamed Skill],8fb3d9af821012ea265c5b6a0b6bd1a99b53af18,[Unnamed Skill],1.0,Type-1 (Verbatim)
8fb3d9af821012ea265c5b6a0b6bd1a99b53af18,[Unnamed Skill],8fb3d9af821012ea265c5b6a0b6bd1a99b53af18,[Unnamed Skill],1.0,Type-1 (Verbatim)
96079575bfd48e3878d3cf9d967bd834a380a51f,[Unnamed Skill],96079575bfd48e3878d3cf9d967bd834a380a51f,[Unnamed Skill],1.0,Type-1 (Verbatim)
5220d392e7b1779c6da60210764d169077dfb213,[Unnamed Skill],5220d392e7b1779c6da60210764d169077dfb213,weather,1.0,Type-1 (Verbatim)
48794f08f823e7c2b023c0107638e0d0b379ae7f,with-reference,48794f08f823e7c2b023c0107638e0d0b379ae7f,[Unnamed Skill],1.0,Type-1 (Verbatim)
0eb505cc788e2fe65b5b8722cb1a3c6bd4f4a0a9,[Unnamed Skill],0eb505cc788e2fe65b5b8722cb1a3c6bd4f4a0a9,[Unnamed Skill],1.0,Type-1 (Verbatim)
66119b062787a265cee41fe4eb5e62e9c8996f4a,[Unnamed Skill],66119b062787a265cee41fe4eb5e62e9c8996f4a,[Unnamed Skill],1.0,Type-1 (Verbatim)
eadf07abd4a3e0a4662fdbc8098f783c25226d7d,[Unnamed Skill],eadf07abd4a3e0a4662fdbc8098f783c25226d7d,joke-generator,1.0,Type-1 (Verbatim)
87b6e0229e44595a525cd488b68663b15fabfdeb,[Unnamed Skill],87b6e0229e44595a525cd488b68663b15fabfdeb,[Unnamed Skill],1.0,Type-1 (Verbatim)
87b6e0229e44595a525cd488b68663b15fabfdeb,[Unnamed Skill],87b6e0229e44595a525cd488b68663b15fabfdeb,[Unnamed Skill],1.0,Type-1 (Verbatim)
b13799d779bd1544281ad284d0134a1527e24898,[Unnamed Skill],b13799d779bd1544281ad284d0134a1527e24898,[Unnamed Skill],1.0,Type-1 (Verbatim)
4c166725d2cbc5e2eaf8e3382f395c2d6d3535ee,[Unnamed Skill],4c166725d2cbc5e2eaf8e3382f395c2d6d3535ee,[Unnamed Skill],1.0,Type-1 (Verbatim)
4c166725d2cbc5e2eaf8e3382f395c2d6d3535ee,[Unnamed Skill],4c166725d2cbc5e2eaf8e3382f395c2d6d3535ee,[Unnamed Skill],1.0,Type-1 (Verbatim)
9adfaed57ac6545b679d437e598091eb9260cc60,responsive-check,9adfaed57ac6545b679d437e598091eb9260cc60,[Unnamed Skill],1.0,Type-1 (Verbatim)
da1110b65c2fea498fba26956c1cbfd0f58bb1d3,doc-writer,da1110b65c2fea498fba26956c1cbfd0f58bb1d3,[Unnamed Skill],1.0,Type-1 (Verbatim)
676c51843f0c05973726e9bd8c6fc3577bd62d9e,[Unnamed Skill],676c51843f0c05973726e9bd8c6fc3577bd62d9e,github,1.0,Type-1 (Verbatim)
db0e6b5f8d28eac395bbe2c084ec38ec573c14e9,current-month,db0e6b5f8d28eac395bbe2c084ec38ec573c14e9,[Unnamed Skill],1.0,Type-1 (Verbatim)
cbad8e29b854cba386f46d84a46230ff90b36694,system-architect,cbad8e29b854cba386f46d84a46230ff90b36694,[Unnamed Skill],1.0,Type-1 (Verbatim)
32f020af7b9800fac330ae0272ff5dc5da2e4da8,[Unnamed Skill],32f020af7b9800fac330ae0272ff5dc5da2e4da8,[Unnamed Skill],1.0,Type-1 (Verbatim)
921bb10c0ba20fbd8c11538b59669e62c15fa3ae,test-automator,921bb10c0ba20fbd8c11538b59669e62c15fa3ae,[Unnamed Skill],1.0,Type-1 (Verbatim)
e6303c348ee8a99bf54b4723b6183ce21b54204c,security-auditor,e6303c348ee8a99bf54b4723b6183ce21b54204c,[Unnamed Skill],1.0,Type-1 (Verbatim)
89223c7f2abf88a458253f7591c324a4fea802ee,[Unnamed Skill],89223c7f2abf88a458253f7591c324a4fea802ee,[Unnamed Skill],1.0,Type-1 (Verbatim)
b2f0df476c191bd246ed2b15c6a7d25da0bdc526,[Unnamed Skill],b2f0df476c191bd246ed2b15c6a7d25da0bdc526,[Unnamed Skill],1.0,Type-1 (Verbatim)
77e243ba7f24bf26c6acb0d865af50e8ee04ab58,[Unnamed Skill],77e243ba7f24bf26c6acb0d865af50e8ee04ab58,allcll-analysis,1.0,Type-1 (Verbatim)
6167ac6379b0e93fce4c4368caad8ea3111ab913,refactoring-expert,6167ac6379b0e93fce4c4368caad8ea3111ab913,[Unnamed Skill],1.0,Type-1 (Verbatim)
15ae59d4dde45a4ddb3bc7743eeac48f9c589aa1,[Unnamed Skill],15ae59d4dde45a4ddb3bc7743eeac48f9c589aa1,allcll-bug-fix,1.0,Type-1 (Verbatim)
fb18fc636f1f4798e9a59a4428f7d5d93029878a,stop-backend,fb18fc636f1f4798e9a59a4428f7d5d93029878a,[Unnamed Skill],1.0,Type-1 (Verbatim)
d02bbdce348ba21ffd5bab30a41e3a0414922c51,ui-reference,d02bbdce348ba21ffd5bab30a41e3a0414922c51,[Unnamed Skill],1.0,Type-1 (Verbatim)
fafd23f5dde311a1035bc478fdae44d4785bf04a,[Unnamed Skill],fafd23f5dde311a1035bc478fdae44d4785bf04a,[Unnamed Skill],1.0,Type-1 (Verbatim)
56b052f9a7fca617ff80285d9b12c247dba239c4,debugger,56b052f9a7fca617ff80285d9b12c247dba239c4,[Unnamed Skill],1.0,Type-1 (Verbatim)
1732262bf3aa93314af29c69469164db1661620a,[Unnamed Skill],1732262bf3aa93314af29c69469164db1661620a,[Unnamed Skill],1.0,Type-1 (Verbatim)
1732262bf3aa93314af29c69469164db1661620a,[Unnamed Skill],1732262bf3aa93314af29c69469164db1661620a,[Unnamed Skill],1.0,Type-1 (Verbatim)
1732262bf3aa93314af29c69469164db1661620a,[Unnamed Skill],1732262bf3aa93314af29c69469164db1661620a,[Unnamed Skill],1.0,Type-1 (Verbatim)
c7866262187dd79f4d7602f06e33be9438a89b20,[Unnamed Skill],c7866262187dd79f4d7602f06e33be9438a89b20,semantic-error-handling,1.0,Type-1 (Verbatim)
b094824a854f7516e496d2d6ad93befc95312638,[Unnamed Skill],b094824a854f7516e496d2d6ad93befc95312638,deploy,1.0,Type-1 (Verbatim)
e3f0c4921a6f66fe6aab93e3d25a9a93813ba601,[Unnamed Skill],e3f0c4921a6f66fe6aab93e3d25a9a93813ba601,[Unnamed Skill],1.0,Type-1 (Verbatim)
e3f0c4921a6f66fe6aab93e3d25a9a93813ba601,[Unnamed Skill],e3f0c4921a6f66fe6aab93e3d25a9a93813ba601,[Unnamed Skill],1.0,Type-1 (Verbatim)
e3f0c4921a6f66fe6aab93e3d25a9a93813ba601,[Unnamed Skill],e3f0c4921a6f66fe6aab93e3d25a9a93813ba601,[Unnamed Skill],1.0,Type-1 (Verbatim)
e3f0c4921a6f66fe6aab93e3d25a9a93813ba601,[Unnamed Skill],e3f0c4921a6f66fe6aab93e3d25a9a93813ba601,[Unnamed Skill],1.0,Type-1 (Verbatim)
cf7f1892bdd2935c986377e0a6b97a5c1be879ec,[Unnamed Skill],cf7f1892bdd2935c986377e0a6b97a5c1be879ec,[Unnamed Skill],1.0,Type-1 (Verbatim)
93e9f17e065ac453027a2baeb563850c180dc795,[Unnamed Skill],93e9f17e065ac453027a2baeb563850c180dc795,professional-unit-testing,1.0,Type-1 (Verbatim)
b0c70f3d1351b8dec72f747a1ded29da69dafec2,[Unnamed Skill],b0c70f3d1351b8dec72f747a1ded29da69dafec2,senior-engineering-judgment,1.0,Type-1 (Verbatim)
8b59778d49d526b838460a8748270237bd92b3ea,[Unnamed Skill],8b59778d49d526b838460a8748270237bd92b3ea,[Unnamed Skill],1.0,Type-1 (Verbatim)
3f0719d66b660592fa06265599f60ec5c7ccda43,shell-script,3f0719d66b660592fa06265599f60ec5c7ccda43,[Unnamed Skill],1.0,Type-1 (Verbatim)
a13c10abf0d9befdee481b7f568827c0e56097c5,[Unnamed Skill],a13c10abf0d9befdee481b7f568827c0e56097c5,api-documentation-generator,1.0,Type-1 (Verbatim)
cf8ec6a6683940f46a2598feb21b9bc74d7eb15c,dockerfile-correct-usage,cf8ec6a6683940f46a2598feb21b9bc74d7eb15c,[Unnamed Skill],1.0,Type-1 (Verbatim)
ff75fd9b9ee923b2143f0a86f75161d609fbe0dc,test-usecase,ff75fd9b9ee923b2143f0a86f75161d609fbe0dc,[Unnamed Skill],1.0,Type-1 (Verbatim)
48c7d0dd1713bf6ef47785e23598af4fa2d3a0fb,Make-A-Table,48c7d0dd1713bf6ef47785e23598af4fa2d3a0fb,[Unnamed Skill],1.0,Type-1 (Verbatim)
b4b2144b06c46eedce15caae6afd2186988e08ee,[Unnamed Skill],b4b2144b06c46eedce15caae6afd2186988e08ee,[Unnamed Skill],1.0,Type-1 (Verbatim)
3c0de8050f4e3b60029665aaeffdfbd85db4f12e,java,3c0de8050f4e3b60029665aaeffdfbd85db4f12e,[Unnamed Skill],1.0,Type-1 (Verbatim)
913750f567838773fada3f314acc185b1f33d911,migration,913750f567838773fada3f314acc185b1f33d911,[Unnamed Skill],1.0,Type-1 (Verbatim)
bd60eb0c2f646b46a32d966a752d8312e8f4fd2a,[Unnamed Skill],bd60eb0c2f646b46a32d966a752d8312e8f4fd2a,allcll-refactoring,1.0,Type-1 (Verbatim)
2aab5fc53cdcebd50d219d317fa85618366e8a78,[Unnamed Skill],2aab5fc53cdcebd50d219d317fa85618366e8a78,docker-hardening,1.0,Type-1 (Verbatim)
5a1459919a6d2b0b3bff64f4c166d7e9a17a5c38,flashsale-sba,5a1459919a6d2b0b3bff64f4c166d7e9a17a5c38,[Unnamed Skill],1.0,Type-1 (Verbatim)
901bb1bad54848e4e564ca1194fbb6f711ea8b48,[Unnamed Skill],901bb1bad54848e4e564ca1194fbb6f711ea8b48,tdd-red,1.0,Type-1 (Verbatim)
6b87271d632d7804df7af24d775754f4d688abbe,postgresql-persistence-design,6b87271d632d7804df7af24d775754f4d688abbe,[Unnamed Skill],1.0,Type-1 (Verbatim)
cbcca73991b0d69dca4b7f4ca0f44983764f6b89,[Unnamed Skill],cbcca73991b0d69dca4b7f4ca0f44983764f6b89,[Unnamed Skill],1.0,Type-1 (Verbatim)
f19dd749bd43db3639c3dcf0a2a3ba7124aae1d4,[Unnamed Skill],f19dd749bd43db3639c3dcf0a2a3ba7124aae1d4,[Unnamed Skill],1.0,Type-1 (Verbatim)
f19dd749bd43db3639c3dcf0a2a3ba7124aae1d4,[Unnamed Skill],f19dd749bd43db3639c3dcf0a2a3ba7124aae1d4,[Unnamed Skill],1.0,Type-1 (Verbatim)
bd04394c675ee54173a093c50eb74da01a2940fa,[Unnamed Skill],bd04394c675ee54173a093c50eb74da01a2940fa,[Unnamed Skill],1.0,Type-1 (Verbatim)
bd04394c675ee54173a093c50eb74da01a2940fa,[Unnamed Skill],bd04394c675ee54173a093c50eb74da01a2940fa,[Unnamed Skill],1.0,Type-1 (Verbatim)
bd04394c675ee54173a093c50eb74da01a2940fa,[Unnamed Skill],bd04394c675ee54173a093c50eb74da01a2940fa,[Unnamed Skill],1.0,Type-1 (Verbatim)
bd04394c675ee54173a093c50eb74da01a2940fa,[Unnamed Skill],bd04394c675ee54173a093c50eb74da01a2940fa,[Unnamed Skill],1.0,Type-1 (Verbatim)
bd04394c675ee54173a093c50eb74da01a2940fa,[Unnamed Skill],bd04394c675ee54173a093c50eb74da01a2940fa,[Unnamed Skill],1.0,Type-1 (Verbatim)
bd04394c675ee54173a093c50eb74da01a2940fa,[Unnamed Skill],bd04394c675ee54173a093c50eb74da01a2940fa,[Unnamed Skill],1.0,Type-1 (Verbatim)
bd04394c675ee54173a093c50eb74da01a2940fa,[Unnamed Skill],bd04394c675ee54173a093c50eb74da01a2940fa,[Unnamed Skill],1.0,Type-1 (Verbatim)
a97d72c50c64982aeebdbd40d108e78b59d53c62,[Unnamed Skill],a97d72c50c64982aeebdbd40d108e78b59d53c62,[Unnamed Skill],1.0,Type-1 (Verbatim)
59406ed269595a7d88612b1f5db37974afc0c33d,[Unnamed Skill],59406ed269595a7d88612b1f5db37974afc0c33d,[Unnamed Skill],1.0,Type-1 (Verbatim)
ae59b6b9d87e98bd4bb4cf5a39c691e2bc712716,plan-deep-dive,ae59b6b9d87e98bd4bb4cf5a39c691e2bc712716,[Unnamed Skill],1.0,Type-1 (Verbatim)
c187bf3f02a297f1137d4c79ad0af9fb8ebe11dc,[Unnamed Skill],c187bf3f02a297f1137d4c79ad0af9fb8ebe11dc,tdd-refactor,1.0,Type-1 (Verbatim)
c7959a9767757186a5e72e7e62572888dd1e1e94,[Unnamed Skill],c7959a9767757186a5e72e7e62572888dd1e1e94,[Unnamed Skill],1.0,Type-1 (Verbatim)
c7959a9767757186a5e72e7e62572888dd1e1e94,[Unnamed Skill],c7959a9767757186a5e72e7e62572888dd1e1e94,[Unnamed Skill],1.0,Type-1 (Verbatim)
c7959a9767757186a5e72e7e62572888dd1e1e94,[Unnamed Skill],c7959a9767757186a5e72e7e62572888dd1e1e94,commit-code,1.0,Type-1 (Verbatim)
c7959a9767757186a5e72e7e62572888dd1e1e94,commit-code,c7959a9767757186a5e72e7e62572888dd1e1e94,[Unnamed Skill],1.0,Type-1 (Verbatim)
194fb09408c712495e4ea264a86126e053540aae,[Unnamed Skill],194fb09408c712495e4ea264a86126e053540aae,[Unnamed Skill],1.0,Type-1 (Verbatim)
e36c6dba6c04fe212280229a9bc4e0c43abc24a0,[Unnamed Skill],e36c6dba6c04fe212280229a9bc4e0c43abc24a0,junit,1.0,Type-1 (Verbatim)
25bcb213cb1cb57554cb6d821109f1a4908a6668,[Unnamed Skill],25bcb213cb1cb57554cb6d821109f1a4908a6668,redis,1.0,Type-1 (Verbatim)
b7df949248f75ebf93fbd957104ad82546747563,[Unnamed Skill],b7df949248f75ebf93fbd957104ad82546747563,[Unnamed Skill],1.0,Type-1 (Verbatim)
b7df949248f75ebf93fbd957104ad82546747563,[Unnamed Skill],b7df949248f75ebf93fbd957104ad82546747563,image-resize,1.0,Type-1 (Verbatim)
ebb03e93a4d1277725a573eeaca1b3f8a3f8a9b0,[Unnamed Skill],ebb03e93a4d1277725a573eeaca1b3f8a3f8a9b0,touhou_little_maid,1.0,Type-1 (Verbatim)
edd69472a186658698d6086ad2742fb21d9dff9f,[Unnamed Skill],edd69472a186658698d6086ad2742fb21d9dff9f,mysql,1.0,Type-1 (Verbatim)
9162f6b7566c47518976857171c512becf9817de,[Unnamed Skill],9162f6b7566c47518976857171c512becf9817de,[Unnamed Skill],1.0,Type-1 (Verbatim)
9162f6b7566c47518976857171c512becf9817de,[Unnamed Skill],9162f6b7566c47518976857171c512becf9817de,[Unnamed Skill],1.0,Type-1 (Verbatim)
9162f6b7566c47518976857171c512becf9817de,[Unnamed Skill],9162f6b7566c47518976857171c512becf9817de,push-feature,1.0,Type-1 (Verbatim)
9162f6b7566c47518976857171c512becf9817de,push-feature,9162f6b7566c47518976857171c512becf9817de,[Unnamed Skill],1.0,Type-1 (Verbatim)
2af0dc0493aa31434258405ad4350461bd9d5725,[Unnamed Skill],2af0dc0493aa31434258405ad4350461bd9d5725,docker-compose,1.0,Type-1 (Verbatim)
da1c6b9751e2b6a538b86357c6b6fc9785e5d89f,microservices-oriented-thinking,da1c6b9751e2b6a538b86357c6b6fc9785e5d89f,[Unnamed Skill],1.0,Type-1 (Verbatim)
3d4a13de0863a59848c6c344c16797ecf6a260ba,[Unnamed Skill],3d4a13de0863a59848c6c344c16797ecf6a260ba,[Unnamed Skill],1.0,Type-1 (Verbatim)
3d4a13de0863a59848c6c344c16797ecf6a260ba,[Unnamed Skill],3d4a13de0863a59848c6c344c16797ecf6a260ba,run-frontend,1.0,Type-1 (Verbatim)
3d2d15515e41d2808c4a8dde12d01f6670e95304,manifest-validator,3d2d15515e41d2808c4a8dde12d01f6670e95304,[Unnamed Skill],1.0,Type-1 (Verbatim)
d65a93f98857b8d58ce508dadbe5a4ba7eb9f24d,[Unnamed Skill],d65a93f98857b8d58ce508dadbe5a4ba7eb9f24d,build-package,1.0,Type-1 (Verbatim)
8e69337705e0d01d9ebdc6e3fae18004ae7429bd,[Unnamed Skill],8e69337705e0d01d9ebdc6e3fae18004ae7429bd,data-report,1.0,Type-1 (Verbatim)
2faca84d26eb857fd16b5695c27aef4df6c06c54,[Unnamed Skill],2faca84d26eb857fd16b5695c27aef4df6c06c54,feature-planning,1.0,Type-1 (Verbatim)
77663a7a929f2d25f9bbcd23fe1bad844cd32e36,[Unnamed Skill],77663a7a929f2d25f9bbcd23fe1bad844cd32e36,[Unnamed Skill],1.0,Type-1 (Verbatim)
77663a7a929f2d25f9bbcd23fe1bad844cd32e36,[Unnamed Skill],77663a7a929f2d25f9bbcd23fe1bad844cd32e36,[Unnamed Skill],1.0,Type-1 (Verbatim)
77663a7a929f2d25f9bbcd23fe1bad844cd32e36,[Unnamed Skill],77663a7a929f2d25f9bbcd23fe1bad844cd32e36,example-skill,1.0,Type-1 (Verbatim)
dbd9352effa7832c23b859d087ec85243f15b179,spring-docker-deploy,dbd9352effa7832c23b859d087ec85243f15b179,[Unnamed Skill],1.0,Type-1 (Verbatim)
680b06878aacf76d9a58dab55c6dc23179c37544,[Unnamed Skill],680b06878aacf76d9a58dab55c6dc23179c37544,[Unnamed Skill],1.0,Type-1 (Verbatim)
26bf1f2592b2de4dac096b1548c1ca05d662ecfa,[Unnamed Skill],26bf1f2592b2de4dac096b1548c1ca05d662ecfa,[Unnamed Skill],1.0,Type-1 (Verbatim)
26bf1f2592b2de4dac096b1548c1ca05d662ecfa,[Unnamed Skill],26bf1f2592b2de4dac096b1548c1ca05d662ecfa,[Unnamed Skill],1.0,Type-1 (Verbatim)
26bf1f2592b2de4dac096b1548c1ca05d662ecfa,[Unnamed Skill],26bf1f2592b2de4dac096b1548c1ca05d662ecfa,git-changelog,1.0,Type-1 (Verbatim)
d8cfbd730028a5bdf3e486a05ef783bb3dc4ff7c,[Unnamed Skill],d8cfbd730028a5bdf3e486a05ef783bb3dc4ff7c,[Unnamed Skill],1.0,Type-1 (Verbatim)
d8cfbd730028a5bdf3e486a05ef783bb3dc4ff7c,[Unnamed Skill],d8cfbd730028a5bdf3e486a05ef783bb3dc4ff7c,data-transform,1.0,Type-1 (Verbatim)
d8cfbd730028a5bdf3e486a05ef783bb3dc4ff7c,data-transform,d8cfbd730028a5bdf3e486a05ef783bb3dc4ff7c,[Unnamed Skill],1.0,Type-1 (Verbatim)
ad38c5d6594089ea27fd5faba6e5a99a212585cd,[Unnamed Skill],ad38c5d6594089ea27fd5faba6e5a99a212585cd,[Unnamed Skill],1.0,Type-1 (Verbatim)
97c50f90e937eff243e6bb95b62eac7b56f042aa,[Unnamed Skill],97c50f90e937eff243e6bb95b62eac7b56f042aa,commit,1.0,Type-1 (Verbatim)
b8e821fe3421d8f5ac49d3d9e496e301b8a1e62f,battle-plan,b8e821fe3421d8f5ac49d3d9e496e301b8a1e62f,[Unnamed Skill],1.0,Type-1 (Verbatim)
b8e821fe3421d8f5ac49d3d9e496e301b8a1e62f,[Unnamed Skill],b8e821fe3421d8f5ac49d3d9e496e301b8a1e62f,[Unnamed Skill],1.0,Type-1 (Verbatim)
b8e821fe3421d8f5ac49d3d9e496e301b8a1e62f,[Unnamed Skill],b8e821fe3421d8f5ac49d3d9e496e301b8a1e62f,[Unnamed Skill],1.0,Type-1 (Verbatim)
5ad5c3b2a21cc7e90da3eaccfcbab9202c8e7717,[Unnamed Skill],5ad5c3b2a21cc7e90da3eaccfcbab9202c8e7717,xunzhi-debug-playbook,1.0,Type-1 (Verbatim)
5ad5c3b2a21cc7e90da3eaccfcbab9202c8e7717,xunzhi-debug-playbook,5ad5c3b2a21cc7e90da3eaccfcbab9202c8e7717,[Unnamed Skill],1.0,Type-1 (Verbatim)
f22844473df9179cf1f75927482a6c8eeaedecb5,[Unnamed Skill],f22844473df9179cf1f75927482a6c8eeaedecb5,[Unnamed Skill],1.0,Type-1 (Verbatim)
fd52d1251220c7baec630576061b9d04ab6ce15b,[Unnamed Skill],fd52d1251220c7baec630576061b9d04ab6ce15b,[Unnamed Skill],1.0,Type-1 (Verbatim)
fd52d1251220c7baec630576061b9d04ab6ce15b,[Unnamed Skill],fd52d1251220c7baec630576061b9d04ab6ce15b,[Unnamed Skill],1.0,Type-1 (Verbatim)
fd52d1251220c7baec630576061b9d04ab6ce15b,[Unnamed Skill],fd52d1251220c7baec630576061b9d04ab6ce15b,python-backend,1.0,Type-1 (Verbatim)
02471746af5fa81d12a9f12bee900f2a397811b0,[Unnamed Skill],02471746af5fa81d12a9f12bee900f2a397811b0,[Unnamed Skill],1.0,Type-1 (Verbatim)
02471746af5fa81d12a9f12bee900f2a397811b0,[Unnamed Skill],02471746af5fa81d12a9f12bee900f2a397811b0,[Unnamed Skill],1.0,Type-1 (Verbatim)
02471746af5fa81d12a9f12bee900f2a397811b0,[Unnamed Skill],02471746af5fa81d12a9f12bee900f2a397811b0,[Unnamed Skill],1.0,Type-1 (Verbatim)
d809eeaadd843ef439765eae4b86a46f0e3c9fd2,[Unnamed Skill],d809eeaadd843ef439765eae4b86a46f0e3c9fd2,[Unnamed Skill],1.0,Type-1 (Verbatim)
d7d61178f09bb2a88c0db7ea0efe2ac19649cc6b,[Unnamed Skill],d7d61178f09bb2a88c0db7ea0efe2ac19649cc6b,[Unnamed Skill],1.0,Type-1 (Verbatim)
f960ed82b64ffb1c1841707663c910bf160946ea,jipguhae-design,f960ed82b64ffb1c1841707663c910bf160946ea,[Unnamed Skill],1.0,Type-1 (Verbatim)
1bd003387e875af161b0baae555e4e0ea4cb2d0a,[Unnamed Skill],1bd003387e875af161b0baae555e4e0ea4cb2d0a,forge-qa,1.0,Type-1 (Verbatim)
af86dd39226a668bdf0b81355400cc00c5af3f2b,[Unnamed Skill],af86dd39226a668bdf0b81355400cc00c5af3f2b,[Unnamed Skill],1.0,Type-1 (Verbatim)
806290ad94387833a7dbe4087cf7b885a5658773,bench,806290ad94387833a7dbe4087cf7b885a5658773,[Unnamed Skill],1.0,Type-1 (Verbatim)
5d20be53f49c3d4e10c993c099340999b978650c,save-progress,5d20be53f49c3d4e10c993c099340999b978650c,[Unnamed Skill],1.0,Type-1 (Verbatim)
aef34eeb223c13d4b80abd59d001152649560730,[Unnamed Skill],aef34eeb223c13d4b80abd59d001152649560730,greeting-user,1.0,Type-1 (Verbatim)
14b11bad8826e1174957f3bdca51467f78a74a10,test-adapter,14b11bad8826e1174957f3bdca51467f78a74a10,[Unnamed Skill],1.0,Type-1 (Verbatim)
a40c8ac343d1b4aaee7c243464e850126642ebb1,explain,a40c8ac343d1b4aaee7c243464e850126642ebb1,[Unnamed Skill],1.0,Type-1 (Verbatim)
28770e05f394b7612ea5fac46ac0ea8fd209ee31,[Unnamed Skill],28770e05f394b7612ea5fac46ac0ea8fd209ee31,[Unnamed Skill],1.0,Type-1 (Verbatim)
28770e05f394b7612ea5fac46ac0ea8fd209ee31,[Unnamed Skill],28770e05f394b7612ea5fac46ac0ea8fd209ee31,[Unnamed Skill],1.0,Type-1 (Verbatim)
28770e05f394b7612ea5fac46ac0ea8fd209ee31,[Unnamed Skill],28770e05f394b7612ea5fac46ac0ea8fd209ee31,[Unnamed Skill],1.0,Type-1 (Verbatim)
28770e05f394b7612ea5fac46ac0ea8fd209ee31,[Unnamed Skill],28770e05f394b7612ea5fac46ac0ea8fd209ee31,[Unnamed Skill],1.0,Type-1 (Verbatim)
28770e05f394b7612ea5fac46ac0ea8fd209ee31,[Unnamed Skill],28770e05f394b7612ea5fac46ac0ea8fd209ee31,frontend,1.0,Type-1 (Verbatim)
28770e05f394b7612ea5fac46ac0ea8fd209ee31,frontend,28770e05f394b7612ea5fac46ac0ea8fd209ee31,[Unnamed Skill],1.0,Type-1 (Verbatim)
28770e05f394b7612ea5fac46ac0ea8fd209ee31,[Unnamed Skill],28770e05f394b7612ea5fac46ac0ea8fd209ee31,[Unnamed Skill],1.0,Type-1 (Verbatim)
28770e05f394b7612ea5fac46ac0ea8fd209ee31,[Unnamed Skill],28770e05f394b7612ea5fac46ac0ea8fd209ee31,[Unnamed Skill],1.0,Type-1 (Verbatim)
28770e05f394b7612ea5fac46ac0ea8fd209ee31,[Unnamed Skill],28770e05f394b7612ea5fac46ac0ea8fd209ee31,[Unnamed Skill],1.0,Type-1 (Verbatim)
918630e215d85a85387f05db739f6c79e68aab59,[Unnamed Skill],918630e215d85a85387f05db739f6c79e68aab59,[Unnamed Skill],1.0,Type-1 (Verbatim)
918630e215d85a85387f05db739f6c79e68aab59,[Unnamed Skill],918630e215d85a85387f05db739f6c79e68aab59,[Unnamed Skill],1.0,Type-1 (Verbatim)
918630e215d85a85387f05db739f6c79e68aab59,[Unnamed Skill],918630e215d85a85387f05db739f6c79e68aab59,[Unnamed Skill],1.0,Type-1 (Verbatim)
4fa0652e2285005e9977905c0814c46d065ebd26,[Unnamed Skill],4fa0652e2285005e9977905c0814c46d065ebd26,local-merge-gate,1.0,Type-1 (Verbatim)
5e6f4564ca2e59b32924cc105dc5161c8c6613fa,[Unnamed Skill],5e6f4564ca2e59b32924cc105dc5161c8c6613fa,xunzhi-change-playbook,1.0,Type-1 (Verbatim)
20fe47a4952f8f070922a122392d9c27dbea9c86,commit,20fe47a4952f8f070922a122392d9c27dbea9c86,[Unnamed Skill],1.0,Type-1 (Verbatim)
498940086423d5cf0fd6ddf55a8cf4f819467928,spring-boot-mastery,498940086423d5cf0fd6ddf55a8cf4f819467928,[Unnamed Skill],1.0,Type-1 (Verbatim)
0bcb4e795810fb34e76a37dd663050814f4e8f20,fill-template-plugin,0bcb4e795810fb34e76a37dd663050814f4e8f20,[Unnamed Skill],1.0,Type-1 (Verbatim)
e9565b57ef41d24a5d2ea2b9d9303398c0cc3e4d,[Unnamed Skill],e9565b57ef41d24a5d2ea2b9d9303398c0cc3e4d,[Unnamed Skill],1.0,Type-1 (Verbatim)
d2ea8f3aeb8a11cf30e0524dc8d48131cc6f4037,[Unnamed Skill],d2ea8f3aeb8a11cf30e0524dc8d48131cc6f4037,[Unnamed Skill],1.0,Type-1 (Verbatim)
c4f1071b5612fd1d368af39a4fa1e577fcf3e98d,math-calculator,c4f1071b5612fd1d368af39a4fa1e577fcf3e98d,[Unnamed Skill],1.0,Type-1 (Verbatim)
8294d7310ffdc5df276f7ce9dbd65c86576b23ea,[Unnamed Skill],8294d7310ffdc5df276f7ce9dbd65c86576b23ea,[Unnamed Skill],1.0,Type-1 (Verbatim)
c7e3948df1ca6f5fe766a2aa69366114b8653716,mod-architecture,c7e3948df1ca6f5fe766a2aa69366114b8653716,[Unnamed Skill],1.0,Type-1 (Verbatim)
a72a841129197f9c96d943c6d014c2fbb0b8e573,[Unnamed Skill],a72a841129197f9c96d943c6d014c2fbb0b8e573,ui-useconfirm-usage,1.0,Type-1 (Verbatim)
2c9356cefe6dfade2cc5e820b5af5561b0b035ab,[Unnamed Skill],2c9356cefe6dfade2cc5e820b5af5561b0b035ab,github,1.0,Type-1 (Verbatim)
980ac629e5f3da05272e778384fa0085bc3a7cba,Android 原生功能,980ac629e5f3da05272e778384fa0085bc3a7cba,[Unnamed Skill],1.0,Type-1 (Verbatim)
287b1fc5eca3d79a8c4081e0abd3c4e8f4eaafd7,[Unnamed Skill],287b1fc5eca3d79a8c4081e0abd3c4e8f4eaafd7,[Unnamed Skill],1.0,Type-1 (Verbatim)
287b1fc5eca3d79a8c4081e0abd3c4e8f4eaafd7,[Unnamed Skill],287b1fc5eca3d79a8c4081e0abd3c4e8f4eaafd7,[Unnamed Skill],1.0,Type-1 (Verbatim)
287b1fc5eca3d79a8c4081e0abd3c4e8f4eaafd7,[Unnamed Skill],287b1fc5eca3d79a8c4081e0abd3c4e8f4eaafd7,[Unnamed Skill],1.0,Type-1 (Verbatim)
bbedce011f56651f9f65bfebb16651bd8c4c47ca,[Unnamed Skill],bbedce011f56651f9f65bfebb16651bd8c4c47ca,[Unnamed Skill],1.0,Type-1 (Verbatim)
bbedce011f56651f9f65bfebb16651bd8c4c47ca,[Unnamed Skill],bbedce011f56651f9f65bfebb16651bd8c4c47ca,[Unnamed Skill],1.0,Type-1 (Verbatim)
bbedce011f56651f9f65bfebb16651bd8c4c47ca,[Unnamed Skill],bbedce011f56651f9f65bfebb16651bd8c4c47ca,[Unnamed Skill],1.0,Type-1 (Verbatim)
bbedce011f56651f9f65bfebb16651bd8c4c47ca,[Unnamed Skill],bbedce011f56651f9f65bfebb16651bd8c4c47ca,[Unnamed Skill],1.0,Type-1 (Verbatim)
bbedce011f56651f9f65bfebb16651bd8c4c47ca,[Unnamed Skill],bbedce011f56651f9f65bfebb16651bd8c4c47ca,ali-backend,1.0,Type-1 (Verbatim)
bbedce011f56651f9f65bfebb16651bd8c4c47ca,ali-backend,bbedce011f56651f9f65bfebb16651bd8c4c47ca,[Unnamed Skill],1.0,Type-1 (Verbatim)
bbedce011f56651f9f65bfebb16651bd8c4c47ca,[Unnamed Skill],bbedce011f56651f9f65bfebb16651bd8c4c47ca,[Unnamed Skill],1.0,Type-1 (Verbatim)
bbedce011f56651f9f65bfebb16651bd8c4c47ca,[Unnamed Skill],bbedce011f56651f9f65bfebb16651bd8c4c47ca,[Unnamed Skill],1.0,Type-1 (Verbatim)
bbedce011f56651f9f65bfebb16651bd8c4c47ca,[Unnamed Skill],bbedce011f56651f9f65bfebb16651bd8c4c47ca,[Unnamed Skill],1.0,Type-1 (Verbatim)
7773913df2db82d90fbce29dc0c09ccaf70166f3,[Unnamed Skill],7773913df2db82d90fbce29dc0c09ccaf70166f3,document-watermark,1.0,Type-1 (Verbatim)
f43afc8cd5a922937f741b9dfcef6cfef8d4169a,code-style,f43afc8cd5a922937f741b9dfcef6cfef8d4169a,[Unnamed Skill],1.0,Type-1 (Verbatim)
71ea169defee8ecc04c63062967e787919d63840,[Unnamed Skill],71ea169defee8ecc04c63062967e787919d63840,core-java-jvm-engineering,1.0,Type-1 (Verbatim)
26bda3d36ea96c808f4bf4a9a500eaf56b104702,[Unnamed Skill],26bda3d36ea96c808f4bf4a9a500eaf56b104702,[Unnamed Skill],1.0,Type-1 (Verbatim)
537fec7809eb7093c8e9b650c789f04ee206d693,RESTful API design and creation best practices,537fec7809eb7093c8e9b650c789f04ee206d693,[Unnamed Skill],1.0,Type-1 (Verbatim)
012ef37fe8b3846e57051fe0717e0c02b627a4d4,security,012ef37fe8b3846e57051fe0717e0c02b627a4d4,[Unnamed Skill],1.0,Type-1 (Verbatim)
45eb84bcd6dd017cf5fb12ee7832008f5b1c161b,[Unnamed Skill],45eb84bcd6dd017cf5fb12ee7832008f5b1c161b,tasks-to-issues,1.0,Type-1 (Verbatim)
8073de192a852e49835acb8edd06c01a2654eb8c,[Unnamed Skill],8073de192a852e49835acb8edd06c01a2654eb8c,[Unnamed Skill],1.0,Type-1 (Verbatim)
7d6bab7f7ceac22019a51c42ff8219ffe4a23404,[Unnamed Skill],7d6bab7f7ceac22019a51c42ff8219ffe4a23404,docs,1.0,Type-1 (Verbatim)
7d6bab7f7ceac22019a51c42ff8219ffe4a23404,docs,7d6bab7f7ceac22019a51c42ff8219ffe4a23404,[Unnamed Skill],1.0,Type-1 (Verbatim)
e46b0738dfcb29f689923e82f06bba99e7ebef20,implement-backend,e46b0738dfcb29f689923e82f06bba99e7ebef20,[Unnamed Skill],1.0,Type-1 (Verbatim)
a94f25931bf25b4db77953bf2feeb44de90d733c,spring-testing-tdd,a94f25931bf25b4db77953bf2feeb44de90d733c,[Unnamed Skill],1.0,Type-1 (Verbatim)
294692ef1a0e131240cf6bf5d4cc279d362c13b6,[Unnamed Skill],294692ef1a0e131240cf6bf5d4cc279d362c13b6,codename-one,1.0,Type-1 (Verbatim)
294692ef1a0e131240cf6bf5d4cc279d362c13b6,codename-one,294692ef1a0e131240cf6bf5d4cc279d362c13b6,[Unnamed Skill],1.0,Type-1 (Verbatim)
294692ef1a0e131240cf6bf5d4cc279d362c13b6,[Unnamed Skill],294692ef1a0e131240cf6bf5d4cc279d362c13b6,[Unnamed Skill],1.0,Type-1 (Verbatim)
294692ef1a0e131240cf6bf5d4cc279d362c13b6,[Unnamed Skill],294692ef1a0e131240cf6bf5d4cc279d362c13b6,[Unnamed Skill],1.0,Type-1 (Verbatim)
bea789a62f1121b66ea56f2cdc9eaf4b41dbf39a,ui-theme-and-vscode-webview,bea789a62f1121b66ea56f2cdc9eaf4b41dbf39a,[Unnamed Skill],1.0,Type-1 (Verbatim)
6c83f1cdd28a1c93d5877e08be4797e95d3dfaec,[Unnamed Skill],6c83f1cdd28a1c93d5877e08be4797e95d3dfaec,[Unnamed Skill],1.0,Type-1 (Verbatim)
8877737926632305e998b6dccdb7cf38e841c99e,spring-security-jwt-oauth2,8877737926632305e998b6dccdb7cf38e841c99e,[Unnamed Skill],1.0,Type-1 (Verbatim)
ceae92ab319216a68274168fba9b63b998b65997,[Unnamed Skill],ceae92ab319216a68274168fba9b63b998b65997,[Unnamed Skill],1.0,Type-1 (Verbatim)
ceae92ab319216a68274168fba9b63b998b65997,[Unnamed Skill],ceae92ab319216a68274168fba9b63b998b65997,[Unnamed Skill],1.0,Type-1 (Verbatim)
a7bc1f0ab63b1269a5c57b9685e95d1aae7f6cc7,knowledge-qa,a7bc1f0ab63b1269a5c57b9685e95d1aae7f6cc7,[Unnamed Skill],1.0,Type-1 (Verbatim)
d8a31494bf1c605f8320d310318419c3d1b34dff,[Unnamed Skill],d8a31494bf1c605f8320d310318419c3d1b34dff,[Unnamed Skill],1.0,Type-1 (Verbatim)
d8a31494bf1c605f8320d310318419c3d1b34dff,[Unnamed Skill],d8a31494bf1c605f8320d310318419c3d1b34dff,[Unnamed Skill],1.0,Type-1 (Verbatim)
d8a31494bf1c605f8320d310318419c3d1b34dff,[Unnamed Skill],d8a31494bf1c605f8320d310318419c3d1b34dff,[Unnamed Skill],1.0,Type-1 (Verbatim)
d8a31494bf1c605f8320d310318419c3d1b34dff,[Unnamed Skill],d8a31494bf1c605f8320d310318419c3d1b34dff,test-development,1.0,Type-1 (Verbatim)
269eaa0f843b83333bdf33f56b742d58b6dc1f2b,[Unnamed Skill],269eaa0f843b83333bdf33f56b742d58b6dc1f2b,[Unnamed Skill],1.0,Type-1 (Verbatim)
1911c9f6767f2b167a960b28d863cdcd86cf9e8b,[Unnamed Skill],1911c9f6767f2b167a960b28d863cdcd86cf9e8b,[Unnamed Skill],1.0,Type-1 (Verbatim)
1911c9f6767f2b167a960b28d863cdcd86cf9e8b,[Unnamed Skill],1911c9f6767f2b167a960b28d863cdcd86cf9e8b,[Unnamed Skill],1.0,Type-1 (Verbatim)
1911c9f6767f2b167a960b28d863cdcd86cf9e8b,[Unnamed Skill],1911c9f6767f2b167a960b28d863cdcd86cf9e8b,[Unnamed Skill],1.0,Type-1 (Verbatim)
39ae0cd4553de5cc1dad0ac933165be3cefe5500,paperlab_reproducibility_capsule,39ae0cd4553de5cc1dad0ac933165be3cefe5500,[Unnamed Skill],1.0,Type-1 (Verbatim)
22fa2d2958880005b6277f11f8e55afe43fbdbd4,sales_analytics,22fa2d2958880005b6277f11f8e55afe43fbdbd4,[Unnamed Skill],1.0,Type-1 (Verbatim)
1ff51971a4b5550e3dc720bb2e796f314bcfcd11,[Unnamed Skill],1ff51971a4b5550e3dc720bb2e796f314bcfcd11,forge-mixin-safety,1.0,Type-1 (Verbatim)
40be6eaea6b226b406f894b096d3ca8fbe0d0c0b,[Unnamed Skill],40be6eaea6b226b406f894b096d3ca8fbe0d0c0b,paperlab_journal_positioning,1.0,Type-1 (Verbatim)
88eea4af699dba0009cca9cc2f0481e37c670b2c,[Unnamed Skill],88eea4af699dba0009cca9cc2f0481e37c670b2c,[Unnamed Skill],1.0,Type-1 (Verbatim)
88eea4af699dba0009cca9cc2f0481e37c670b2c,[Unnamed Skill],88eea4af699dba0009cca9cc2f0481e37c670b2c,[Unnamed Skill],1.0,Type-1 (Verbatim)
88eea4af699dba0009cca9cc2f0481e37c670b2c,[Unnamed Skill],88eea4af699dba0009cca9cc2f0481e37c670b2c,[Unnamed Skill],1.0,Type-1 (Verbatim)
88eea4af699dba0009cca9cc2f0481e37c670b2c,[Unnamed Skill],88eea4af699dba0009cca9cc2f0481e37c670b2c,bytedance-backend,1.0,Type-1 (Verbatim)
637aa0c553e47b1eaa34a82824fc0aed45a0bcaa,[Unnamed Skill],637aa0c553e47b1eaa34a82824fc0aed45a0bcaa,auth-agnostic-architecture-boundary,1.0,Type-1 (Verbatim)
d1f35c26d09c4359715c8470adb594013d797ca7,context7-mcp,d1f35c26d09c4359715c8470adb594013d797ca7,[Unnamed Skill],1.0,Type-1 (Verbatim)
7ddb6d5627a3101ce74b63f7e93331baf2d16fda,[Unnamed Skill],7ddb6d5627a3101ce74b63f7e93331baf2d16fda,skill-test-case-update,1.0,Type-1 (Verbatim)
2e22e078b0fd893e5a48cef1602942dc712f41be,spring-api-rest-design,2e22e078b0fd893e5a48cef1602942dc712f41be,[Unnamed Skill],1.0,Type-1 (Verbatim)
d1e79f2d7f563dc84abc33272194b737d49ba8c4,typescript-style-review,d1e79f2d7f563dc84abc33272194b737d49ba8c4,[Unnamed Skill],1.0,Type-1 (Verbatim)
08212d88a236de6782dd1df15b8095d34c1298d2,[Unnamed Skill],08212d88a236de6782dd1df15b8095d34c1298d2,synthesize-report,1.0,Type-1 (Verbatim)
313cf60ebf4c9cb8deece6d991de57fd35ca7584,context,313cf60ebf4c9cb8deece6d991de57fd35ca7584,[Unnamed Skill],1.0,Type-1 (Verbatim)
313cf60ebf4c9cb8deece6d991de57fd35ca7584,[Unnamed Skill],313cf60ebf4c9cb8deece6d991de57fd35ca7584,[Unnamed Skill],1.0,Type-1 (Verbatim)
57d81278d88455480f88a34d04d1a8a84ca3b247,[Unnamed Skill],57d81278d88455480f88a34d04d1a8a84ca3b247,[Unnamed Skill],1.0,Type-1 (Verbatim)
57d81278d88455480f88a34d04d1a8a84ca3b247,[Unnamed Skill],57d81278d88455480f88a34d04d1a8a84ca3b247,[Unnamed Skill],1.0,Type-1 (Verbatim)
65abe00bd81ae0e45f62d78307b1f9ea0e914fff,[Unnamed Skill],65abe00bd81ae0e45f62d78307b1f9ea0e914fff,lms-project,1.0,Type-1 (Verbatim)
89590c8c002f58c9167da242f0a44beedd76cf25,[Unnamed Skill],89590c8c002f58c9167da242f0a44beedd76cf25,[Unnamed Skill],1.0,Type-1 (Verbatim)
89590c8c002f58c9167da242f0a44beedd76cf25,[Unnamed Skill],89590c8c002f58c9167da242f0a44beedd76cf25,docs-to-backlog,1.0,Type-1 (Verbatim)
6e812bfb83c5580634ea5d87e907f4ef2f7f70ed,init,6e812bfb83c5580634ea5d87e907f4ef2f7f70ed,[Unnamed Skill],1.0,Type-1 (Verbatim)
26228ed9185fb95c5d22d38b769382e86e4c1be1,test,26228ed9185fb95c5d22d38b769382e86e4c1be1,[Unnamed Skill],1.0,Type-1 (Verbatim)
faf412e1d0d0dc7928c54caddb015a07fe2636a8,[Unnamed Skill],faf412e1d0d0dc7928c54caddb015a07fe2636a8,review,1.0,Type-1 (Verbatim)
825c3fb6694db068686503b0c5fc88378f9aebf9,mcp-core-api-doc,825c3fb6694db068686503b0c5fc88378f9aebf9,[Unnamed Skill],1.0,Type-1 (Verbatim)
cf3bd062bd8c2da9385b8a0daeb075b2ddbe3401,前端功能,cf3bd062bd8c2da9385b8a0daeb075b2ddbe3401,[Unnamed Skill],1.0,Type-1 (Verbatim)
b7446510e5a20c69e087ad68c2e19522740e93ac,secrets,b7446510e5a20c69e087ad68c2e19522740e93ac,[Unnamed Skill],1.0,Type-1 (Verbatim)
9560d1b6106c3a2d27ce76e681223ce6bfb2768b,[Unnamed Skill],9560d1b6106c3a2d27ce76e681223ce6bfb2768b,[Unnamed Skill],1.0,Type-1 (Verbatim)
c269f8ecf160fae4528651d0a7b96971f9dd34f1,[Unnamed Skill],c269f8ecf160fae4528651d0a7b96971f9dd34f1,[Unnamed Skill],1.0,Type-1 (Verbatim)
c269f8ecf160fae4528651d0a7b96971f9dd34f1,[Unnamed Skill],c269f8ecf160fae4528651d0a7b96971f9dd34f1,[Unnamed Skill],1.0,Type-1 (Verbatim)
c269f8ecf160fae4528651d0a7b96971f9dd34f1,[Unnamed Skill],c269f8ecf160fae4528651d0a7b96971f9dd34f1,[Unnamed Skill],1.0,Type-1 (Verbatim)
897bf583a8f09aef9b4f4dfd971586b6eb750bab,pipeline,897bf583a8f09aef9b4f4dfd971586b6eb750bab,[Unnamed Skill],1.0,Type-1 (Verbatim)
8211d1e6fd0a19c6ce16d1c5da1da8ea404d5974,[Unnamed Skill],8211d1e6fd0a19c6ce16d1c5da1da8ea404d5974,angular-standards,1.0,Type-1 (Verbatim)
ae75b7caafac4fbaf135b7b07674593a2098248a,[Unnamed Skill],ae75b7caafac4fbaf135b7b07674593a2098248a,[Unnamed Skill],1.0,Type-1 (Verbatim)
176b0c9f2ecef40a0d9203b4963efbad0402b021,[Unnamed Skill],176b0c9f2ecef40a0d9203b4963efbad0402b021,flashsale-sba,1.0,Type-1 (Verbatim)
176b0c9f2ecef40a0d9203b4963efbad0402b021,flashsale-sba,176b0c9f2ecef40a0d9203b4963efbad0402b021,[Unnamed Skill],1.0,Type-1 (Verbatim)
176b0c9f2ecef40a0d9203b4963efbad0402b021,[Unnamed Skill],176b0c9f2ecef40a0d9203b4963efbad0402b021,[Unnamed Skill],1.0,Type-1 (Verbatim)
3bbab46ad62f5d8f4ed2e68b57ef6e21564d8349,[Unnamed Skill],3bbab46ad62f5d8f4ed2e68b57ef6e21564d8349,[Unnamed Skill],1.0,Type-1 (Verbatim)
18e009cb6721e5fa27bf0f8971ebca47ad50a73f,[Unnamed Skill],18e009cb6721e5fa27bf0f8971ebca47ad50a73f,[Unnamed Skill],1.0,Type-1 (Verbatim)
18e009cb6721e5fa27bf0f8971ebca47ad50a73f,[Unnamed Skill],18e009cb6721e5fa27bf0f8971ebca47ad50a73f,[Unnamed Skill],1.0,Type-1 (Verbatim)
18e009cb6721e5fa27bf0f8971ebca47ad50a73f,[Unnamed Skill],18e009cb6721e5fa27bf0f8971ebca47ad50a73f,debug-issue,1.0,Type-1 (Verbatim)
18e009cb6721e5fa27bf0f8971ebca47ad50a73f,debug-issue,18e009cb6721e5fa27bf0f8971ebca47ad50a73f,[Unnamed Skill],1.0,Type-1 (Verbatim)
037b3918fc0470f5acf8307d58c8311717bbb0cf,[Unnamed Skill],037b3918fc0470f5acf8307d58c8311717bbb0cf,common-code-review,1.0,Type-1 (Verbatim)
037b3918fc0470f5acf8307d58c8311717bbb0cf,common-code-review,037b3918fc0470f5acf8307d58c8311717bbb0cf,[Unnamed Skill],1.0,Type-1 (Verbatim)
a3019dda17fdccc58ebe0722803d77aac37b7182,sdd-review,a3019dda17fdccc58ebe0722803d77aac37b7182,[Unnamed Skill],1.0,Type-1 (Verbatim)
130f46513965a34a3f700a10eb2c510b51cd52dc,[Unnamed Skill],130f46513965a34a3f700a10eb2c510b51cd52dc,[Unnamed Skill],1.0,Type-1 (Verbatim)
130f46513965a34a3f700a10eb2c510b51cd52dc,[Unnamed Skill],130f46513965a34a3f700a10eb2c510b51cd52dc,[Unnamed Skill],1.0,Type-1 (Verbatim)
130f46513965a34a3f700a10eb2c510b51cd52dc,[Unnamed Skill],130f46513965a34a3f700a10eb2c510b51cd52dc,[Unnamed Skill],1.0,Type-1 (Verbatim)
130f46513965a34a3f700a10eb2c510b51cd52dc,[Unnamed Skill],130f46513965a34a3f700a10eb2c510b51cd52dc,[Unnamed Skill],1.0,Type-1 (Verbatim)
130f46513965a34a3f700a10eb2c510b51cd52dc,[Unnamed Skill],130f46513965a34a3f700a10eb2c510b51cd52dc,ai-agent-dev,1.0,Type-1 (Verbatim)
6ab1a873147973295d0281fa72776f61848dad63,[Unnamed Skill],6ab1a873147973295d0281fa72776f61848dad63,[Unnamed Skill],1.0,Type-1 (Verbatim)
6ab1a873147973295d0281fa72776f61848dad63,[Unnamed Skill],6ab1a873147973295d0281fa72776f61848dad63,[Unnamed Skill],1.0,Type-1 (Verbatim)
6ab1a873147973295d0281fa72776f61848dad63,[Unnamed Skill],6ab1a873147973295d0281fa72776f61848dad63,[Unnamed Skill],1.0,Type-1 (Verbatim)
6ab1a873147973295d0281fa72776f61848dad63,[Unnamed Skill],6ab1a873147973295d0281fa72776f61848dad63,[Unnamed Skill],1.0,Type-1 (Verbatim)
125c6a2ce681d74595f0319ace7804ea7827ed4a,[Unnamed Skill],125c6a2ce681d74595f0319ace7804ea7827ed4a,[Unnamed Skill],1.0,Type-1 (Verbatim)
125c6a2ce681d74595f0319ace7804ea7827ed4a,[Unnamed Skill],125c6a2ce681d74595f0319ace7804ea7827ed4a,[Unnamed Skill],1.0,Type-1 (Verbatim)
72ceae42766f50afdf41c11c374a91d13d627200,[Unnamed Skill],72ceae42766f50afdf41c11c374a91d13d627200,[Unnamed Skill],1.0,Type-1 (Verbatim)
72ceae42766f50afdf41c11c374a91d13d627200,[Unnamed Skill],72ceae42766f50afdf41c11c374a91d13d627200,[Unnamed Skill],1.0,Type-1 (Verbatim)
72ceae42766f50afdf41c11c374a91d13d627200,[Unnamed Skill],72ceae42766f50afdf41c11c374a91d13d627200,[Unnamed Skill],1.0,Type-1 (Verbatim)
72ceae42766f50afdf41c11c374a91d13d627200,[Unnamed Skill],72ceae42766f50afdf41c11c374a91d13d627200,[Unnamed Skill],1.0,Type-1 (Verbatim)
72ceae42766f50afdf41c11c374a91d13d627200,[Unnamed Skill],72ceae42766f50afdf41c11c374a91d13d627200,[Unnamed Skill],1.0,Type-1 (Verbatim)
72ceae42766f50afdf41c11c374a91d13d627200,[Unnamed Skill],72ceae42766f50afdf41c11c374a91d13d627200,[Unnamed Skill],1.0,Type-1 (Verbatim)
72ceae42766f50afdf41c11c374a91d13d627200,[Unnamed Skill],72ceae42766f50afdf41c11c374a91d13d627200,[Unnamed Skill],1.0,Type-1 (Verbatim)
72ceae42766f50afdf41c11c374a91d13d627200,[Unnamed Skill],72ceae42766f50afdf41c11c374a91d13d627200,[Unnamed Skill],1.0,Type-1 (Verbatim)
72ceae42766f50afdf41c11c374a91d13d627200,[Unnamed Skill],72ceae42766f50afdf41c11c374a91d13d627200,[Unnamed Skill],1.0,Type-1 (Verbatim)
969dabd28b3132df8113502445d7f64ed836cd1a,[Unnamed Skill],969dabd28b3132df8113502445d7f64ed836cd1a,java-docs,1.0,Type-1 (Verbatim)
69d52a212d442dbe77286e3d1ae3ac9cd7f3642d,[Unnamed Skill],69d52a212d442dbe77286e3d1ae3ac9cd7f3642d,common-debugging,1.0,Type-1 (Verbatim)
3ec8c8e7ec813dfb9a7d85df2832e5213e05afce,spring-persistence-jpa-flyway,3ec8c8e7ec813dfb9a7d85df2832e5213e05afce,[Unnamed Skill],1.0,Type-1 (Verbatim)
a11b4c5388bbcdfbcf50490602e6ead6914fea30,[Unnamed Skill],a11b4c5388bbcdfbcf50490602e6ead6914fea30,forge-build-check,1.0,Type-1 (Verbatim)
fe005785cff7650ad22f4e9d2f7fa20816daf080,[Unnamed Skill],fe005785cff7650ad22f4e9d2f7fa20816daf080,[Unnamed Skill],1.0,Type-1 (Verbatim)
9b42217109e3547bb6c78d09878707560b05d8b8,[Unnamed Skill],9b42217109e3547bb6c78d09878707560b05d8b8,[Unnamed Skill],1.0,Type-1 (Verbatim)
d4e5c84bd11ddf9669ba65b3db30e9101d1eec55,skill-ba-analysis,d4e5c84bd11ddf9669ba65b3db30e9101d1eec55,[Unnamed Skill],1.0,Type-1 (Verbatim)
0b3c164767d6200ab4a3632396690ad53dd01756,[Unnamed Skill],0b3c164767d6200ab4a3632396690ad53dd01756,forge-client-server-boundaries,1.0,Type-1 (Verbatim)
9bfb194af4eb12ab78bd216584af0a2067ec3016,sdd-read,9bfb194af4eb12ab78bd216584af0a2067ec3016,[Unnamed Skill],1.0,Type-1 (Verbatim)
667e84bb3c3bd61557c295eb19cbaba6b900bc0f,[Unnamed Skill],667e84bb3c3bd61557c295eb19cbaba6b900bc0f,[Unnamed Skill],1.0,Type-1 (Verbatim)
42afc2559c164f5436cef5e4be5faeedb32396b5,[Unnamed Skill],42afc2559c164f5436cef5e4be5faeedb32396b5,[Unnamed Skill],1.0,Type-1 (Verbatim)
42afc2559c164f5436cef5e4be5faeedb32396b5,[Unnamed Skill],42afc2559c164f5436cef5e4be5faeedb32396b5,asdd-orchestrate,1.0,Type-1 (Verbatim)
42afc2559c164f5436cef5e4be5faeedb32396b5,asdd-orchestrate,42afc2559c164f5436cef5e4be5faeedb32396b5,[Unnamed Skill],1.0,Type-1 (Verbatim)
42afc2559c164f5436cef5e4be5faeedb32396b5,[Unnamed Skill],42afc2559c164f5436cef5e4be5faeedb32396b5,[Unnamed Skill],1.0,Type-1 (Verbatim)
56ea935b74f371bfeb4c7d3c19d5139df866e73b,[Unnamed Skill],56ea935b74f371bfeb4c7d3c19d5139df866e73b,[Unnamed Skill],1.0,Type-1 (Verbatim)
56ea935b74f371bfeb4c7d3c19d5139df866e73b,[Unnamed Skill],56ea935b74f371bfeb4c7d3c19d5139df866e73b,[Unnamed Skill],1.0,Type-1 (Verbatim)
40c24a0b3f17317bce3022489e3be7d333724895,[Unnamed Skill],40c24a0b3f17317bce3022489e3be7d333724895,[Unnamed Skill],1.0,Type-1 (Verbatim)
40c24a0b3f17317bce3022489e3be7d333724895,[Unnamed Skill],40c24a0b3f17317bce3022489e3be7d333724895,[Unnamed Skill],1.0,Type-1 (Verbatim)
9dc088af507d1c4f5e90496681e2d691585f5511,[Unnamed Skill],9dc088af507d1c4f5e90496681e2d691585f5511,[Unnamed Skill],1.0,Type-1 (Verbatim)
9dc088af507d1c4f5e90496681e2d691585f5511,[Unnamed Skill],9dc088af507d1c4f5e90496681e2d691585f5511,[Unnamed Skill],1.0,Type-1 (Verbatim)
9dc088af507d1c4f5e90496681e2d691585f5511,[Unnamed Skill],9dc088af507d1c4f5e90496681e2d691585f5511,[Unnamed Skill],1.0,Type-1 (Verbatim)
9dc088af507d1c4f5e90496681e2d691585f5511,[Unnamed Skill],9dc088af507d1c4f5e90496681e2d691585f5511,[Unnamed Skill],1.0,Type-1 (Verbatim)
6bd5b45066f759374a18d8266e966b89a112a620,[Unnamed Skill],6bd5b45066f759374a18d8266e966b89a112a620,[Unnamed Skill],1.0,Type-1 (Verbatim)
6bd5b45066f759374a18d8266e966b89a112a620,[Unnamed Skill],6bd5b45066f759374a18d8266e966b89a112a620,[Unnamed Skill],1.0,Type-1 (Verbatim)
6bd5b45066f759374a18d8266e966b89a112a620,[Unnamed Skill],6bd5b45066f759374a18d8266e966b89a112a620,inventory_management,1.0,Type-1 (Verbatim)
9078f50c546e11ab7094a14187036545ea5381df,[Unnamed Skill],9078f50c546e11ab7094a14187036545ea5381df,brd-analyzer,1.0,Type-1 (Verbatim)
e07d7f73a25d690371819fee2e24ee290bb26fc4,[Unnamed Skill],e07d7f73a25d690371819fee2e24ee290bb26fc4,[Unnamed Skill],1.0,Type-1 (Verbatim)
efba7032b8655a3a4636b31097c5c2e8a1bbda1f,[Unnamed Skill],efba7032b8655a3a4636b31097c5c2e8a1bbda1f,paperlab_paper_to_book_chapter,1.0,Type-1 (Verbatim)
760472dab76ea7feabc5427ebf601e2e2a0c68fa,[Unnamed Skill],760472dab76ea7feabc5427ebf601e2e2a0c68fa,skill-test-case-design,1.0,Type-1 (Verbatim)
5c98b12838890986f33b7c0457d677e2967fe78c,sdd-requirements,5c98b12838890986f33b7c0457d677e2967fe78c,[Unnamed Skill],1.0,Type-1 (Verbatim)
1d8758975d589a2d2bd3adc79fe6e5995f725877,[Unnamed Skill],1d8758975d589a2d2bd3adc79fe6e5995f725877,review,1.0,Type-1 (Verbatim)
7a804f9423531ab2eebf7b9e6286d0890225ac31,[Unnamed Skill],7a804f9423531ab2eebf7b9e6286d0890225ac31,[Unnamed Skill],1.0,Type-1 (Verbatim)
b00a1592bab3e401882b44259fb77005d1f07379,[Unnamed Skill],b00a1592bab3e401882b44259fb77005d1f07379,math-calculator,1.0,Type-1 (Verbatim)
ce424a7556cf8e9c7282c62d0c9c6a0cbf4c60bb,[Unnamed Skill],ce424a7556cf8e9c7282c62d0c9c6a0cbf4c60bb,running-cloudprem,1.0,Type-1 (Verbatim)
50bfc3d88f1182a64a1dd7ce6ef16c47df78a461,[Unnamed Skill],50bfc3d88f1182a64a1dd7ce6ef16c47df78a461,[Unnamed Skill],1.0,Type-1 (Verbatim)
50bfc3d88f1182a64a1dd7ce6ef16c47df78a461,[Unnamed Skill],50bfc3d88f1182a64a1dd7ce6ef16c47df78a461,[Unnamed Skill],1.0,Type-1 (Verbatim)
de6e151cb02f12c87f577c3882df5c301f8b61bc,[Unnamed Skill],de6e151cb02f12c87f577c3882df5c301f8b61bc,security,1.0,Type-1 (Verbatim)
de6e151cb02f12c87f577c3882df5c301f8b61bc,security,de6e151cb02f12c87f577c3882df5c301f8b61bc,[Unnamed Skill],1.0,Type-1 (Verbatim)
c4c731ddfb0481f0cc2bf33094095eac91365592,[Unnamed Skill],c4c731ddfb0481f0cc2bf33094095eac91365592,后端功能,1.0,Type-1 (Verbatim)
391f5b592cb920535e378c664c7eb93ee525fed7,react-modern-stack,391f5b592cb920535e378c664c7eb93ee525fed7,[Unnamed Skill],1.0,Type-1 (Verbatim)
3c077190ce51317b8d38374aed1063197910fca6,[Unnamed Skill],3c077190ce51317b8d38374aed1063197910fca6,[Unnamed Skill],1.0,Type-1 (Verbatim)
0e7015e56596fdb1ae33025072d0ab04ab067134,[Unnamed Skill],0e7015e56596fdb1ae33025072d0ab04ab067134,responsive-breakpoints,1.0,Type-1 (Verbatim)
025723d051473c3893928df71415772f9ffb7eba,[Unnamed Skill],025723d051473c3893928df71415772f9ffb7eba,git-commit-message-generator,1.0,Type-1 (Verbatim)
8df49e1873b2262bcc39dbc8f2e16b148b8ba5ef,skill-db-change-management,8df49e1873b2262bcc39dbc8f2e16b148b8ba5ef,[Unnamed Skill],1.0,Type-1 (Verbatim)
09ebd1800d330b2d14ab2d2d9ef33cc16f1d2185,[Unnamed Skill],09ebd1800d330b2d14ab2d2d9ef33cc16f1d2185,skill-bpmn-workflow-generation,1.0,Type-1 (Verbatim)
7b594c38700d8841dced5d3b17856abf79285c52,[Unnamed Skill],7b594c38700d8841dced5d3b17856abf79285c52,api-call-pattern,1.0,Type-1 (Verbatim)
e2b4c84cbbfe6d451f8e70dfe5909199793c493d,[Unnamed Skill],e2b4c84cbbfe6d451f8e70dfe5909199793c493d,[Unnamed Skill],1.0,Type-1 (Verbatim)
c92935b71ae84ee6e415c1b6fb340a82bc3958ae,[Unnamed Skill],c92935b71ae84ee6e415c1b6fb340a82bc3958ae,[Unnamed Skill],1.0,Type-1 (Verbatim)
97b55cee741dee626d2a69b64f83670d06b0c269,execution-manifest,97b55cee741dee626d2a69b64f83670d06b0c269,[Unnamed Skill],1.0,Type-1 (Verbatim)
77945f530682e131893306430a570a72440353c4,[Unnamed Skill],77945f530682e131893306430a570a72440353c4,[Unnamed Skill],1.0,Type-1 (Verbatim)
77945f530682e131893306430a570a72440353c4,[Unnamed Skill],77945f530682e131893306430a570a72440353c4,[Unnamed Skill],1.0,Type-1 (Verbatim)
48cfbb9ea82e099882dc2dc366688e8b93cb2b45,bench-debug,48cfbb9ea82e099882dc2dc366688e8b93cb2b45,[Unnamed Skill],1.0,Type-1 (Verbatim)
48cfbb9ea82e099882dc2dc366688e8b93cb2b45,[Unnamed Skill],48cfbb9ea82e099882dc2dc366688e8b93cb2b45,[Unnamed Skill],1.0,Type-1 (Verbatim)
0a9ba877a461af4f8dfa4d00f142aec54cc7c29b,[Unnamed Skill],0a9ba877a461af4f8dfa4d00f142aec54cc7c29b,[Unnamed Skill],1.0,Type-1 (Verbatim)
65721c20b5b895254b846dfd03dce28cde0e7a56,forge-runtime-debug,65721c20b5b895254b846dfd03dce28cde0e7a56,[Unnamed Skill],1.0,Type-1 (Verbatim)
7e11260040883cccecb2ec9befaf8e26d0386f8d,[Unnamed Skill],7e11260040883cccecb2ec9befaf8e26d0386f8d,common-protocol-enforcement,1.0,Type-1 (Verbatim)
acd988c1c4c27b2d0097d19cb35e4bdbef91d669,[Unnamed Skill],acd988c1c4c27b2d0097d19cb35e4bdbef91d669,triage-ticket,1.0,Type-1 (Verbatim)
34c308483563fc841e0a7f09107f0ada24cc20d1,[Unnamed Skill],34c308483563fc841e0a7f09107f0ada24cc20d1,skill-db-audit-and-quality,1.0,Type-1 (Verbatim)
bd05873910f5c34050e94e9c3d2557efcd3945cf,[Unnamed Skill],bd05873910f5c34050e94e9c3d2557efcd3945cf,[Unnamed Skill],1.0,Type-1 (Verbatim)
bd05873910f5c34050e94e9c3d2557efcd3945cf,[Unnamed Skill],bd05873910f5c34050e94e9c3d2557efcd3945cf,[Unnamed Skill],1.0,Type-1 (Verbatim)
0df3dd56fb90ffbce8c0bdd3591bbaabdc273b82,security-admin-dashboard,0df3dd56fb90ffbce8c0bdd3591bbaabdc273b82,[Unnamed Skill],1.0,Type-1 (Verbatim)
99a256c34e4964133cded7d1c7009e85e4505167,[Unnamed Skill],99a256c34e4964133cded7d1c7009e85e4505167,[Unnamed Skill],1.0,Type-1 (Verbatim)
df31f65d44406adfa6e8ed5188be6d5c2860bff0,[Unnamed Skill],df31f65d44406adfa6e8ed5188be6d5c2860bff0,business-trip,1.0,Type-1 (Verbatim)
ea3709f2899ede2a54ecd71dc428a1622658d902,[Unnamed Skill],ea3709f2899ede2a54ecd71dc428a1622658d902,[Unnamed Skill],1.0,Type-1 (Verbatim)
ea3709f2899ede2a54ecd71dc428a1622658d902,[Unnamed Skill],ea3709f2899ede2a54ecd71dc428a1622658d902,[Unnamed Skill],1.0,Type-1 (Verbatim)
ecbc0ca8161b25ced3b4f728398c2ec33988a777,[Unnamed Skill],ecbc0ca8161b25ced3b4f728398c2ec33988a777,[Unnamed Skill],1.0,Type-1 (Verbatim)
ecbc0ca8161b25ced3b4f728398c2ec33988a777,[Unnamed Skill],ecbc0ca8161b25ced3b4f728398c2ec33988a777,[Unnamed Skill],1.0,Type-1 (Verbatim)
1fc39762d06f5b37118c9c49daeeb11e69d55a55,skill-automation-scripts,1fc39762d06f5b37118c9c49daeeb11e69d55a55,[Unnamed Skill],1.0,Type-1 (Verbatim)
44edebac6b30eabbeb90d21b26b420e0c0a61a9a,[Unnamed Skill],44edebac6b30eabbeb90d21b26b420e0c0a61a9a,[Unnamed Skill],1.0,Type-1 (Verbatim)
3f602d2b248f98041e163b65f6d71d0a9409c192,family-trip,3f602d2b248f98041e163b65f6d71d0a9409c192,[Unnamed Skill],1.0,Type-1 (Verbatim)
4e614679f5b80e36e9f506b848bc77f83726d38c,[Unnamed Skill],4e614679f5b80e36e9f506b848bc77f83726d38c,[Unnamed Skill],1.0,Type-1 (Verbatim)
668ec86c9bf87bd960bc994d0561bbf73147e649,[Unnamed Skill],668ec86c9bf87bd960bc994d0561bbf73147e649,[Unnamed Skill],1.0,Type-1 (Verbatim)
0325d116a3f785937dd09a0aa5e25b1e469a7c37,[Unnamed Skill],0325d116a3f785937dd09a0aa5e25b1e469a7c37,feedback-loop,1.0,Type-1 (Verbatim)
24800357b12450e7ea9c929ed21dc47f3d4327ad,[Unnamed Skill],24800357b12450e7ea9c929ed21dc47f3d4327ad,java-best-practices,1.0,Type-1 (Verbatim)
3d64104c50607c162019e02c995806ea403ac27b,skill-generate-tests,3d64104c50607c162019e02c995806ea403ac27b,[Unnamed Skill],1.0,Type-1 (Verbatim)
3e4f6ad3411d31cd53c90f3d7e1d6e266cd211f8,[Unnamed Skill],3e4f6ad3411d31cd53c90f3d7e1d6e266cd211f8,[Unnamed Skill],1.0,Type-1 (Verbatim)
77b30a3c4ddc96136709e5b13389eaddf6994f75,[Unnamed Skill],77b30a3c4ddc96136709e5b13389eaddf6994f75,building-native-image,1.0,Type-1 (Verbatim)
36b098f58031e03a054985eb3a9074e7cf536be8,[Unnamed Skill],36b098f58031e03a054985eb3a9074e7cf536be8,local-script-execution,1.0,Type-1 (Verbatim)
4e685bbed007841d1a3a49487e6cfb16b69661d7,[Unnamed Skill],4e685bbed007841d1a3a49487e6cfb16b69661d7,[Unnamed Skill],1.0,Type-1 (Verbatim)
0e32968bdd2d369279ff458a4de06a49c55648a4,cleanup-chrome,0e32968bdd2d369279ff458a4de06a49c55648a4,[Unnamed Skill],1.0,Type-1 (Verbatim)
fb9dc04bdb3affe07e4207cc44109cf59f8081bb,[Unnamed Skill],fb9dc04bdb3affe07e4207cc44109cf59f8081bb,[Unnamed Skill],1.0,Type-1 (Verbatim)
ac045dd2f61654b359cbac75c27f62242dce7786,[Unnamed Skill],ac045dd2f61654b359cbac75c27f62242dce7786,[Unnamed Skill],1.0,Type-1 (Verbatim)
881ce8534b7453877063684523953c31e48ecbc4,[Unnamed Skill],881ce8534b7453877063684523953c31e48ecbc4,java-backend-regression-tests,1.0,Type-1 (Verbatim)
7f57334823199ca382e42e94c58ff60a248ff000,generer-test-junit,7f57334823199ca382e42e94c58ff60a248ff000,[Unnamed Skill],1.0,Type-1 (Verbatim)
cd26a414fc4511336102be6533889e871605797c,[Unnamed Skill],cd26a414fc4511336102be6533889e871605797c,[Unnamed Skill],1.0,Type-1 (Verbatim)
c220e856f71bc57f5ef5e467a97c4428df4320c2,[Unnamed Skill],c220e856f71bc57f5ef5e467a97c4428df4320c2,[Unnamed Skill],1.0,Type-1 (Verbatim)
60d3876fa24df1b4b2e25894a9cf0868d74a5606,debugging,60d3876fa24df1b4b2e25894a9cf0868d74a5606,[Unnamed Skill],1.0,Type-1 (Verbatim)
f6a85d39978b672c9a17eb1e23c42799e5f26d6c,security-testing-hardening,f6a85d39978b672c9a17eb1e23c42799e5f26d6c,[Unnamed Skill],1.0,Type-1 (Verbatim)
fbf00f1a2bf6faa5c5592c20927f82598349f6dc,Java,fbf00f1a2bf6faa5c5592c20927f82598349f6dc,[Unnamed Skill],1.0,Type-1 (Verbatim)
096f8bfb930fe11608713b2bb18a232f194b7113,[Unnamed Skill],096f8bfb930fe11608713b2bb18a232f194b7113,[Unnamed Skill],1.0,Type-1 (Verbatim)
43118850b74cb78ee168046cc3737a4d9ff1c40b,[Unnamed Skill],43118850b74cb78ee168046cc3737a4d9ff1c40b,java-spark-offset-checker,1.0,Type-1 (Verbatim)
76d5c2c020d1abf820c7ac5c3809e382b73402ae,[Unnamed Skill],76d5c2c020d1abf820c7ac5c3809e382b73402ae,xunzhi-business-dictionary,1.0,Type-1 (Verbatim)
76d5c2c020d1abf820c7ac5c3809e382b73402ae,xunzhi-business-dictionary,76d5c2c020d1abf820c7ac5c3809e382b73402ae,[Unnamed Skill],1.0,Type-1 (Verbatim)
70666494d826263451b54002d11dd362da5887a7,[Unnamed Skill],70666494d826263451b54002d11dd362da5887a7,[Unnamed Skill],1.0,Type-1 (Verbatim)
1f1348a6e51fd25f928561f3aed821920a91bf4e,[Unnamed Skill],1f1348a6e51fd25f928561f3aed821920a91bf4e,[Unnamed Skill],1.0,Type-1 (Verbatim)
1f1348a6e51fd25f928561f3aed821920a91bf4e,[Unnamed Skill],1f1348a6e51fd25f928561f3aed821920a91bf4e,[Unnamed Skill],1.0,Type-1 (Verbatim)
8067c5414be59dc484eb1e9513e0cc1ceaf768fe,[Unnamed Skill],8067c5414be59dc484eb1e9513e0cc1ceaf768fe,paperlab_book_release_orchestration,1.0,Type-1 (Verbatim)
f82a4d3bba4c82bfa83486b9e617f984629205d7,[Unnamed Skill],f82a4d3bba4c82bfa83486b9e617f984629205d7,[Unnamed Skill],1.0,Type-1 (Verbatim)
f82a4d3bba4c82bfa83486b9e617f984629205d7,[Unnamed Skill],f82a4d3bba4c82bfa83486b9e617f984629205d7,[Unnamed Skill],1.0,Type-1 (Verbatim)
1840f7236fecfcd243ef104f05e6e62299234c23,[Unnamed Skill],1840f7236fecfcd243ef104f05e6e62299234c23,xunzhi-media-domain,1.0,Type-1 (Verbatim)
1840f7236fecfcd243ef104f05e6e62299234c23,xunzhi-media-domain,1840f7236fecfcd243ef104f05e6e62299234c23,[Unnamed Skill],1.0,Type-1 (Verbatim)
1840f7236fecfcd243ef104f05e6e62299234c23,[Unnamed Skill],1840f7236fecfcd243ef104f05e6e62299234c23,[Unnamed Skill],1.0,Type-1 (Verbatim)
88ca2465f29bc8383e75af69bbef2032f6f643de,spec-to-skeleton,88ca2465f29bc8383e75af69bbef2032f6f643de,[Unnamed Skill],1.0,Type-1 (Verbatim)
1145be82249c5d5be266a5e688faf668b767cbb9,[Unnamed Skill],1145be82249c5d5be266a5e688faf668b767cbb9,[Unnamed Skill],1.0,Type-1 (Verbatim)
1145be82249c5d5be266a5e688faf668b767cbb9,[Unnamed Skill],1145be82249c5d5be266a5e688faf668b767cbb9,[Unnamed Skill],1.0,Type-1 (Verbatim)
f618fc6bb4f19f53c368032efa5f778ae56d3de2,adventure-trip,f618fc6bb4f19f53c368032efa5f778ae56d3de2,[Unnamed Skill],1.0,Type-1 (Verbatim)
44127e3dd4c37323b371b399e77c5df4096293d2,security-token-lifecycle,44127e3dd4c37323b371b399e77c5df4096293d2,[Unnamed Skill],1.0,Type-1 (Verbatim)
2ffcd1f520ca37510d56a4a13d283dd6a5b8cf4e,[Unnamed Skill],2ffcd1f520ca37510d56a4a13d283dd6a5b8cf4e,bdd-generator,1.0,Type-1 (Verbatim)
f45c643329400483b55eaca87327c7ec30c000a7,[Unnamed Skill],f45c643329400483b55eaca87327c7ec30c000a7,spring-properties-md,1.0,Type-1 (Verbatim)
75c950be5e45fbf74f67ade21fa22d81be40d812,[Unnamed Skill],75c950be5e45fbf74f67ade21fa22d81be40d812,ekbatan-verification,1.0,Type-1 (Verbatim)
75c950be5e45fbf74f67ade21fa22d81be40d812,ekbatan-verification,75c950be5e45fbf74f67ade21fa22d81be40d812,[Unnamed Skill],1.0,Type-1 (Verbatim)
75c950be5e45fbf74f67ade21fa22d81be40d812,[Unnamed Skill],75c950be5e45fbf74f67ade21fa22d81be40d812,[Unnamed Skill],1.0,Type-1 (Verbatim)
459948345d00a7cee8e0650417438f050d203276,[Unnamed Skill],459948345d00a7cee8e0650417438f050d203276,[Unnamed Skill],1.0,Type-1 (Verbatim)
efee34b66b5beae495d54e3445547ebda7f6fb68,caveman,efee34b66b5beae495d54e3445547ebda7f6fb68,[Unnamed Skill],1.0,Type-1 (Verbatim)
f899d568612e0eb60267dead4099bbcd857d34f1,[Unnamed Skill],f899d568612e0eb60267dead4099bbcd857d34f1,[Unnamed Skill],1.0,Type-1 (Verbatim)
c8b3dbf68ee25674ed98b6056156eb7120a52c0a,skill.inspection.health,c8b3dbf68ee25674ed98b6056156eb7120a52c0a,[Unnamed Skill],1.0,Type-1 (Verbatim)
1d87830f34f41c45b6874f45fb44eccd334f3c37,[Unnamed Skill],1d87830f34f41c45b6874f45fb44eccd334f3c37,[Unnamed Skill],1.0,Type-1 (Verbatim)
1d87830f34f41c45b6874f45fb44eccd334f3c37,[Unnamed Skill],1d87830f34f41c45b6874f45fb44eccd334f3c37,ui-core-development,1.0,Type-1 (Verbatim)
ee5a7f6c403a3e07019eb9a7ea397d63a25196da,[Unnamed Skill],ee5a7f6c403a3e07019eb9a7ea397d63a25196da,[Unnamed Skill],1.0,Type-1 (Verbatim)
ee5a7f6c403a3e07019eb9a7ea397d63a25196da,[Unnamed Skill],ee5a7f6c403a3e07019eb9a7ea397d63a25196da,[Unnamed Skill],1.0,Type-1 (Verbatim)
3f1fc4c1fd6161e93bf4549c8a177458e59b4fd1,[Unnamed Skill],3f1fc4c1fd6161e93bf4549c8a177458e59b4fd1,skill-user-story-writing,1.0,Type-1 (Verbatim)
5c3ba19cef6241d7fdfd384a12c15541609eb4ee,[Unnamed Skill],5c3ba19cef6241d7fdfd384a12c15541609eb4ee,[Unnamed Skill],1.0,Type-1 (Verbatim)
5c3ba19cef6241d7fdfd384a12c15541609eb4ee,[Unnamed Skill],5c3ba19cef6241d7fdfd384a12c15541609eb4ee,[Unnamed Skill],1.0,Type-1 (Verbatim)
38194d9f8000a7a9caca2b779b4182c5c12d13ef,[Unnamed Skill],38194d9f8000a7a9caca2b779b4182c5c12d13ef,[Unnamed Skill],1.0,Type-1 (Verbatim)
38194d9f8000a7a9caca2b779b4182c5c12d13ef,[Unnamed Skill],38194d9f8000a7a9caca2b779b4182c5c12d13ef,[Unnamed Skill],1.0,Type-1 (Verbatim)
f076784e881891e85b7620b929fdb3af461a9649,[Unnamed Skill],f076784e881891e85b7620b929fdb3af461a9649,[Unnamed Skill],1.0,Type-1 (Verbatim)
18fdb0f1d77ab2f69becf78d4f568f1ef8805017,[Unnamed Skill],18fdb0f1d77ab2f69becf78d4f568f1ef8805017,[Unnamed Skill],1.0,Type-1 (Verbatim)
18fdb0f1d77ab2f69becf78d4f568f1ef8805017,[Unnamed Skill],18fdb0f1d77ab2f69becf78d4f568f1ef8805017,spring-mvc-testing,1.0,Type-1 (Verbatim)
0b070bef0ad93090208b46c138cc461e072da9f7,[Unnamed Skill],0b070bef0ad93090208b46c138cc461e072da9f7,api-spec,1.0,Type-1 (Verbatim)
d14617df942c27f4d794ec0f480bbdacf5570b1c,check-arch,d14617df942c27f4d794ec0f480bbdacf5570b1c,[Unnamed Skill],1.0,Type-1 (Verbatim)
7655e3a09936f9a296fe73ca53e1ee545b73b066,[Unnamed Skill],7655e3a09936f9a296fe73ca53e1ee545b73b066,[Unnamed Skill],1.0,Type-1 (Verbatim)
7655e3a09936f9a296fe73ca53e1ee545b73b066,[Unnamed Skill],7655e3a09936f9a296fe73ca53e1ee545b73b066,[Unnamed Skill],1.0,Type-1 (Verbatim)
cc268681e08cc48ad863547f7e94381f2735b20c,micro-interactions,cc268681e08cc48ad863547f7e94381f2735b20c,[Unnamed Skill],1.0,Type-1 (Verbatim)
403d99c190b63f6b10b311234c2646975abeb4aa,[Unnamed Skill],403d99c190b63f6b10b311234c2646975abeb4aa,generate-spec,1.0,Type-1 (Verbatim)
513502163f54ad0982d8330d81c168f4f93bdd94,jpa,513502163f54ad0982d8330d81c168f4f93bdd94,[Unnamed Skill],1.0,Type-1 (Verbatim)
6d1f29a271289da58624180bfcfa06e9a4c617f8,[Unnamed Skill],6d1f29a271289da58624180bfcfa06e9a4c617f8,[Unnamed Skill],1.0,Type-1 (Verbatim)
012e37b6bf31da1ed4bf936ec8aff53974d5291e,[Unnamed Skill],012e37b6bf31da1ed4bf936ec8aff53974d5291e,[Unnamed Skill],1.0,Type-1 (Verbatim)
15dc9419a145b01b5f9be5d8c1cb38ce5a355659,generate-classes,15dc9419a145b01b5f9be5d8c1cb38ce5a355659,[Unnamed Skill],1.0,Type-1 (Verbatim)
e65f8140bec8ca3c17d3ad256d07430a0ff4da72,[Unnamed Skill],e65f8140bec8ca3c17d3ad256d07430a0ff4da72,[Unnamed Skill],1.0,Type-1 (Verbatim)
50129d414592ca84bb55ef69996f2965cb166d61,create-unit-test,50129d414592ca84bb55ef69996f2965cb166d61,[Unnamed Skill],1.0,Type-1 (Verbatim)
50129d414592ca84bb55ef69996f2965cb166d61,[Unnamed Skill],50129d414592ca84bb55ef69996f2965cb166d61,[Unnamed Skill],1.0,Type-1 (Verbatim)
e17bcf51ea21d509ddfdb24296a4550bf11f89a5,[Unnamed Skill],e17bcf51ea21d509ddfdb24296a4550bf11f89a5,xunzhi-auth-user,1.0,Type-1 (Verbatim)
e17bcf51ea21d509ddfdb24296a4550bf11f89a5,xunzhi-auth-user,e17bcf51ea21d509ddfdb24296a4550bf11f89a5,[Unnamed Skill],1.0,Type-1 (Verbatim)
e17bcf51ea21d509ddfdb24296a4550bf11f89a5,[Unnamed Skill],e17bcf51ea21d509ddfdb24296a4550bf11f89a5,[Unnamed Skill],1.0,Type-1 (Verbatim)
93f7eb0eabc4d3934df6339a53cb0d22f4ebcf5d,[Unnamed Skill],93f7eb0eabc4d3934df6339a53cb0d22f4ebcf5d,xunzhi-ai-runtime,1.0,Type-1 (Verbatim)
93f7eb0eabc4d3934df6339a53cb0d22f4ebcf5d,xunzhi-ai-runtime,93f7eb0eabc4d3934df6339a53cb0d22f4ebcf5d,[Unnamed Skill],1.0,Type-1 (Verbatim)
6b22e2ea3f66e6ae194022ac4401466b9054512a,[Unnamed Skill],6b22e2ea3f66e6ae194022ac4401466b9054512a,[Unnamed Skill],1.0,Type-1 (Verbatim)
6b22e2ea3f66e6ae194022ac4401466b9054512a,[Unnamed Skill],6b22e2ea3f66e6ae194022ac4401466b9054512a,[Unnamed Skill],1.0,Type-1 (Verbatim)
6b22e2ea3f66e6ae194022ac4401466b9054512a,[Unnamed Skill],6b22e2ea3f66e6ae194022ac4401466b9054512a,[Unnamed Skill],1.0,Type-1 (Verbatim)
6b22e2ea3f66e6ae194022ac4401466b9054512a,[Unnamed Skill],6b22e2ea3f66e6ae194022ac4401466b9054512a,[Unnamed Skill],1.0,Type-1 (Verbatim)
6b22e2ea3f66e6ae194022ac4401466b9054512a,[Unnamed Skill],6b22e2ea3f66e6ae194022ac4401466b9054512a,[Unnamed Skill],1.0,Type-1 (Verbatim)
6b22e2ea3f66e6ae194022ac4401466b9054512a,[Unnamed Skill],6b22e2ea3f66e6ae194022ac4401466b9054512a,[Unnamed Skill],1.0,Type-1 (Verbatim)
6b22e2ea3f66e6ae194022ac4401466b9054512a,[Unnamed Skill],6b22e2ea3f66e6ae194022ac4401466b9054512a,[Unnamed Skill],1.0,Type-1 (Verbatim)
6b22e2ea3f66e6ae194022ac4401466b9054512a,[Unnamed Skill],6b22e2ea3f66e6ae194022ac4401466b9054512a,[Unnamed Skill],1.0,Type-1 (Verbatim)
6b22e2ea3f66e6ae194022ac4401466b9054512a,[Unnamed Skill],6b22e2ea3f66e6ae194022ac4401466b9054512a,[Unnamed Skill],1.0,Type-1 (Verbatim)
6b22e2ea3f66e6ae194022ac4401466b9054512a,[Unnamed Skill],6b22e2ea3f66e6ae194022ac4401466b9054512a,[Unnamed Skill],1.0,Type-1 (Verbatim)
6b22e2ea3f66e6ae194022ac4401466b9054512a,[Unnamed Skill],6b22e2ea3f66e6ae194022ac4401466b9054512a,[Unnamed Skill],1.0,Type-1 (Verbatim)
6b22e2ea3f66e6ae194022ac4401466b9054512a,[Unnamed Skill],6b22e2ea3f66e6ae194022ac4401466b9054512a,[Unnamed Skill],1.0,Type-1 (Verbatim)
6b22e2ea3f66e6ae194022ac4401466b9054512a,[Unnamed Skill],6b22e2ea3f66e6ae194022ac4401466b9054512a,[Unnamed Skill],1.0,Type-1 (Verbatim)
6b22e2ea3f66e6ae194022ac4401466b9054512a,[Unnamed Skill],6b22e2ea3f66e6ae194022ac4401466b9054512a,[Unnamed Skill],1.0,Type-1 (Verbatim)
6b22e2ea3f66e6ae194022ac4401466b9054512a,[Unnamed Skill],6b22e2ea3f66e6ae194022ac4401466b9054512a,[Unnamed Skill],1.0,Type-1 (Verbatim)
6b22e2ea3f66e6ae194022ac4401466b9054512a,[Unnamed Skill],6b22e2ea3f66e6ae194022ac4401466b9054512a,[Unnamed Skill],1.0,Type-1 (Verbatim)
6b22e2ea3f66e6ae194022ac4401466b9054512a,[Unnamed Skill],6b22e2ea3f66e6ae194022ac4401466b9054512a,[Unnamed Skill],1.0,Type-1 (Verbatim)
6b22e2ea3f66e6ae194022ac4401466b9054512a,[Unnamed Skill],6b22e2ea3f66e6ae194022ac4401466b9054512a,[Unnamed Skill],1.0,Type-1 (Verbatim)
6b22e2ea3f66e6ae194022ac4401466b9054512a,[Unnamed Skill],6b22e2ea3f66e6ae194022ac4401466b9054512a,manage-cloud-project,1.0,Type-1 (Verbatim)
6b22e2ea3f66e6ae194022ac4401466b9054512a,manage-cloud-project,6b22e2ea3f66e6ae194022ac4401466b9054512a,[Unnamed Skill],1.0,Type-1 (Verbatim)
6b22e2ea3f66e6ae194022ac4401466b9054512a,[Unnamed Skill],6b22e2ea3f66e6ae194022ac4401466b9054512a,[Unnamed Skill],1.0,Type-1 (Verbatim)
6b22e2ea3f66e6ae194022ac4401466b9054512a,[Unnamed Skill],6b22e2ea3f66e6ae194022ac4401466b9054512a,[Unnamed Skill],1.0,Type-1 (Verbatim)
6b22e2ea3f66e6ae194022ac4401466b9054512a,[Unnamed Skill],6b22e2ea3f66e6ae194022ac4401466b9054512a,[Unnamed Skill],1.0,Type-1 (Verbatim)
6b22e2ea3f66e6ae194022ac4401466b9054512a,[Unnamed Skill],6b22e2ea3f66e6ae194022ac4401466b9054512a,[Unnamed Skill],1.0,Type-1 (Verbatim)
6b22e2ea3f66e6ae194022ac4401466b9054512a,[Unnamed Skill],6b22e2ea3f66e6ae194022ac4401466b9054512a,[Unnamed Skill],1.0,Type-1 (Verbatim)
6b22e2ea3f66e6ae194022ac4401466b9054512a,[Unnamed Skill],6b22e2ea3f66e6ae194022ac4401466b9054512a,[Unnamed Skill],1.0,Type-1 (Verbatim)
6b22e2ea3f66e6ae194022ac4401466b9054512a,[Unnamed Skill],6b22e2ea3f66e6ae194022ac4401466b9054512a,[Unnamed Skill],1.0,Type-1 (Verbatim)
6b22e2ea3f66e6ae194022ac4401466b9054512a,[Unnamed Skill],6b22e2ea3f66e6ae194022ac4401466b9054512a,[Unnamed Skill],1.0,Type-1 (Verbatim)
6b22e2ea3f66e6ae194022ac4401466b9054512a,[Unnamed Skill],6b22e2ea3f66e6ae194022ac4401466b9054512a,[Unnamed Skill],1.0,Type-1 (Verbatim)
e1fc9a1913bcfd4af0c87a0ea1da78edc46b3031,license,e1fc9a1913bcfd4af0c87a0ea1da78edc46b3031,[Unnamed Skill],1.0,Type-1 (Verbatim)
f2a7738e678e2fa472a048be59e4fd896256c2fc,[Unnamed Skill],f2a7738e678e2fa472a048be59e4fd896256c2fc,implement-backend,1.0,Type-1 (Verbatim)
f2a7738e678e2fa472a048be59e4fd896256c2fc,implement-backend,f2a7738e678e2fa472a048be59e4fd896256c2fc,[Unnamed Skill],1.0,Type-1 (Verbatim)
879ed33716e0a990cb5a9c699ec10844976db434,[Unnamed Skill],879ed33716e0a990cb5a9c699ec10844976db434,[Unnamed Skill],1.0,Type-1 (Verbatim)
a5b5fdab7ca2043451d4af5cbbae3e55e0123b69,[Unnamed Skill],a5b5fdab7ca2043451d4af5cbbae3e55e0123b69,explain-fast-code-guide,1.0,Type-1 (Verbatim)
0503b36d2468dd2e004eab0faa842996257d4ed0,[Unnamed Skill],0503b36d2468dd2e004eab0faa842996257d4ed0,[Unnamed Skill],1.0,Type-1 (Verbatim)
4852fdac31d1d033c332d7652133b498d9806fd4,[Unnamed Skill],4852fdac31d1d033c332d7652133b498d9806fd4,gherkin-case-generator,1.0,Type-1 (Verbatim)
4852fdac31d1d033c332d7652133b498d9806fd4,gherkin-case-generator,4852fdac31d1d033c332d7652133b498d9806fd4,[Unnamed Skill],1.0,Type-1 (Verbatim)
b8e8533c263286a07df90a13edd9c1782442c6e6,documentation-templates,b8e8533c263286a07df90a13edd9c1782442c6e6,[Unnamed Skill],1.0,Type-1 (Verbatim)
c0ed7369be3a4c092e58fe22b29c030d3afa3cae,[Unnamed Skill],c0ed7369be3a4c092e58fe22b29c030d3afa3cae,[Unnamed Skill],1.0,Type-1 (Verbatim)
c0ed7369be3a4c092e58fe22b29c030d3afa3cae,[Unnamed Skill],c0ed7369be3a4c092e58fe22b29c030d3afa3cae,[Unnamed Skill],1.0,Type-1 (Verbatim)
f92304f8cf9f600585ec1ee712f0afdb1aa357db,[Unnamed Skill],f92304f8cf9f600585ec1ee712f0afdb1aa357db,[Unnamed Skill],1.0,Type-1 (Verbatim)
f92304f8cf9f600585ec1ee712f0afdb1aa357db,[Unnamed Skill],f92304f8cf9f600585ec1ee712f0afdb1aa357db,[Unnamed Skill],1.0,Type-1 (Verbatim)
da1fb9c9f101088d16b66214acefd58c6745dc4b,[Unnamed Skill],da1fb9c9f101088d16b66214acefd58c6745dc4b,[Unnamed Skill],1.0,Type-1 (Verbatim)
726006806300ccc6963c352829c7d9a1660ac87c,[Unnamed Skill],726006806300ccc6963c352829c7d9a1660ac87c,java-backend-maintenance,1.0,Type-1 (Verbatim)
b1ef2de858bd21d8e85559d86a2bf255a823b068,[Unnamed Skill],b1ef2de858bd21d8e85559d86a2bf255a823b068,[Unnamed Skill],1.0,Type-1 (Verbatim)
b1ef2de858bd21d8e85559d86a2bf255a823b068,[Unnamed Skill],b1ef2de858bd21d8e85559d86a2bf255a823b068,[Unnamed Skill],1.0,Type-1 (Verbatim)
5c6bb21bc47e42abc6ce05b3c1c68de1e908c4fc,[Unnamed Skill],5c6bb21bc47e42abc6ce05b3c1c68de1e908c4fc,paperlab_notebook_regression_baselines,1.0,Type-1 (Verbatim)
2e3048bba7d1f5d950cec1c94ceb31199ee5240b,[Unnamed Skill],2e3048bba7d1f5d950cec1c94ceb31199ee5240b,spark-offset-checker,1.0,Type-1 (Verbatim)
03123d3cab4dfa732da5d72d1135229759c2fa40,[Unnamed Skill],03123d3cab4dfa732da5d72d1135229759c2fa40,spring-boot-security,1.0,Type-1 (Verbatim)
ea4efc66026ca5544e86c64cf0a045c62efe28a5,[Unnamed Skill],ea4efc66026ca5544e86c64cf0a045c62efe28a5,[Unnamed Skill],1.0,Type-1 (Verbatim)
ea4efc66026ca5544e86c64cf0a045c62efe28a5,[Unnamed Skill],ea4efc66026ca5544e86c64cf0a045c62efe28a5,[Unnamed Skill],1.0,Type-1 (Verbatim)
ea4efc66026ca5544e86c64cf0a045c62efe28a5,[Unnamed Skill],ea4efc66026ca5544e86c64cf0a045c62efe28a5,[Unnamed Skill],1.0,Type-1 (Verbatim)
ea4efc66026ca5544e86c64cf0a045c62efe28a5,[Unnamed Skill],ea4efc66026ca5544e86c64cf0a045c62efe28a5,[Unnamed Skill],1.0,Type-1 (Verbatim)
ea4efc66026ca5544e86c64cf0a045c62efe28a5,[Unnamed Skill],ea4efc66026ca5544e86c64cf0a045c62efe28a5,[Unnamed Skill],1.0,Type-1 (Verbatim)
ea4efc66026ca5544e86c64cf0a045c62efe28a5,[Unnamed Skill],ea4efc66026ca5544e86c64cf0a045c62efe28a5,[Unnamed Skill],1.0,Type-1 (Verbatim)
ea4efc66026ca5544e86c64cf0a045c62efe28a5,[Unnamed Skill],ea4efc66026ca5544e86c64cf0a045c62efe28a5,[Unnamed Skill],1.0,Type-1 (Verbatim)
ea4efc66026ca5544e86c64cf0a045c62efe28a5,[Unnamed Skill],ea4efc66026ca5544e86c64cf0a045c62efe28a5,[Unnamed Skill],1.0,Type-1 (Verbatim)
ea4efc66026ca5544e86c64cf0a045c62efe28a5,[Unnamed Skill],ea4efc66026ca5544e86c64cf0a045c62efe28a5,[Unnamed Skill],1.0,Type-1 (Verbatim)
ea4efc66026ca5544e86c64cf0a045c62efe28a5,[Unnamed Skill],ea4efc66026ca5544e86c64cf0a045c62efe28a5,[Unnamed Skill],1.0,Type-1 (Verbatim)
ea4efc66026ca5544e86c64cf0a045c62efe28a5,[Unnamed Skill],ea4efc66026ca5544e86c64cf0a045c62efe28a5,[Unnamed Skill],1.0,Type-1 (Verbatim)
ea4efc66026ca5544e86c64cf0a045c62efe28a5,[Unnamed Skill],ea4efc66026ca5544e86c64cf0a045c62efe28a5,[Unnamed Skill],1.0,Type-1 (Verbatim)
ea4efc66026ca5544e86c64cf0a045c62efe28a5,[Unnamed Skill],ea4efc66026ca5544e86c64cf0a045c62efe28a5,[Unnamed Skill],1.0,Type-1 (Verbatim)
ea4efc66026ca5544e86c64cf0a045c62efe28a5,[Unnamed Skill],ea4efc66026ca5544e86c64cf0a045c62efe28a5,[Unnamed Skill],1.0,Type-1 (Verbatim)
ea4efc66026ca5544e86c64cf0a045c62efe28a5,[Unnamed Skill],ea4efc66026ca5544e86c64cf0a045c62efe28a5,production-standards,1.0,Type-1 (Verbatim)
ea4efc66026ca5544e86c64cf0a045c62efe28a5,production-standards,ea4efc66026ca5544e86c64cf0a045c62efe28a5,[Unnamed Skill],1.0,Type-1 (Verbatim)
ea4efc66026ca5544e86c64cf0a045c62efe28a5,[Unnamed Skill],ea4efc66026ca5544e86c64cf0a045c62efe28a5,[Unnamed Skill],1.0,Type-1 (Verbatim)
ea4efc66026ca5544e86c64cf0a045c62efe28a5,[Unnamed Skill],ea4efc66026ca5544e86c64cf0a045c62efe28a5,[Unnamed Skill],1.0,Type-1 (Verbatim)
ea4efc66026ca5544e86c64cf0a045c62efe28a5,[Unnamed Skill],ea4efc66026ca5544e86c64cf0a045c62efe28a5,[Unnamed Skill],1.0,Type-1 (Verbatim)
ea4efc66026ca5544e86c64cf0a045c62efe28a5,[Unnamed Skill],ea4efc66026ca5544e86c64cf0a045c62efe28a5,[Unnamed Skill],1.0,Type-1 (Verbatim)
ea4efc66026ca5544e86c64cf0a045c62efe28a5,[Unnamed Skill],ea4efc66026ca5544e86c64cf0a045c62efe28a5,[Unnamed Skill],1.0,Type-1 (Verbatim)
ea4efc66026ca5544e86c64cf0a045c62efe28a5,[Unnamed Skill],ea4efc66026ca5544e86c64cf0a045c62efe28a5,[Unnamed Skill],1.0,Type-1 (Verbatim)
ea4efc66026ca5544e86c64cf0a045c62efe28a5,[Unnamed Skill],ea4efc66026ca5544e86c64cf0a045c62efe28a5,[Unnamed Skill],1.0,Type-1 (Verbatim)
ea4efc66026ca5544e86c64cf0a045c62efe28a5,[Unnamed Skill],ea4efc66026ca5544e86c64cf0a045c62efe28a5,[Unnamed Skill],1.0,Type-1 (Verbatim)
ea4efc66026ca5544e86c64cf0a045c62efe28a5,[Unnamed Skill],ea4efc66026ca5544e86c64cf0a045c62efe28a5,[Unnamed Skill],1.0,Type-1 (Verbatim)
ea4efc66026ca5544e86c64cf0a045c62efe28a5,[Unnamed Skill],ea4efc66026ca5544e86c64cf0a045c62efe28a5,[Unnamed Skill],1.0,Type-1 (Verbatim)
ea4efc66026ca5544e86c64cf0a045c62efe28a5,[Unnamed Skill],ea4efc66026ca5544e86c64cf0a045c62efe28a5,[Unnamed Skill],1.0,Type-1 (Verbatim)
0845cb645b249f1e219867281c5e6f38b36b69ca,[Unnamed Skill],0845cb645b249f1e219867281c5e6f38b36b69ca,paperlab_publication_opportunity_mining,1.0,Type-1 (Verbatim)
00a402398e4434efa0d3b41d573e02b4535900fd,[Unnamed Skill],00a402398e4434efa0d3b41d573e02b4535900fd,generate-spec,1.0,Type-1 (Verbatim)
00a402398e4434efa0d3b41d573e02b4535900fd,generate-spec,00a402398e4434efa0d3b41d573e02b4535900fd,[Unnamed Skill],1.0,Type-1 (Verbatim)
b56bb70383ec419fbe418ee18305f4cc994416db,[Unnamed Skill],b56bb70383ec419fbe418ee18305f4cc994416db,[Unnamed Skill],1.0,Type-1 (Verbatim)
b56bb70383ec419fbe418ee18305f4cc994416db,[Unnamed Skill],b56bb70383ec419fbe418ee18305f4cc994416db,[Unnamed Skill],1.0,Type-1 (Verbatim)
b56bb70383ec419fbe418ee18305f4cc994416db,[Unnamed Skill],b56bb70383ec419fbe418ee18305f4cc994416db,[Unnamed Skill],1.0,Type-1 (Verbatim)
986e0a1ba60308bcf32dbe97e4c25e0b86478c1b,[Unnamed Skill],986e0a1ba60308bcf32dbe97e4c25e0b86478c1b,[Unnamed Skill],1.0,Type-1 (Verbatim)
986e0a1ba60308bcf32dbe97e4c25e0b86478c1b,[Unnamed Skill],986e0a1ba60308bcf32dbe97e4c25e0b86478c1b,[Unnamed Skill],1.0,Type-1 (Verbatim)
7871c6a37e217241317f8bfafdf6bfd908015cb7,[Unnamed Skill],7871c6a37e217241317f8bfafdf6bfd908015cb7,[Unnamed Skill],1.0,Type-1 (Verbatim)
145064d3750408ce5165713028c6f2d2c4d1de63,[Unnamed Skill],145064d3750408ce5165713028c6f2d2c4d1de63,[Unnamed Skill],1.0,Type-1 (Verbatim)
f2ea50dbccca52fb19f729a829e1281d710a3329,[Unnamed Skill],f2ea50dbccca52fb19f729a829e1281d710a3329,xunzhi-repo-map,1.0,Type-1 (Verbatim)
f2ea50dbccca52fb19f729a829e1281d710a3329,xunzhi-repo-map,f2ea50dbccca52fb19f729a829e1281d710a3329,[Unnamed Skill],1.0,Type-1 (Verbatim)
93826ad7166ea27f447756f97589bb5e42240127,feishu-formatter,93826ad7166ea27f447756f97589bb5e42240127,[Unnamed Skill],1.0,Type-1 (Verbatim)
72c45d21120df96cfe1c50914d6c14db8d8658c4,[Unnamed Skill],72c45d21120df96cfe1c50914d6c14db8d8658c4,[Unnamed Skill],1.0,Type-1 (Verbatim)
72c45d21120df96cfe1c50914d6c14db8d8658c4,[Unnamed Skill],72c45d21120df96cfe1c50914d6c14db8d8658c4,[Unnamed Skill],1.0,Type-1 (Verbatim)
faeee12c2589eb9d5140e0b65543ae86fb7835c8,[Unnamed Skill],faeee12c2589eb9d5140e0b65543ae86fb7835c8,[Unnamed Skill],1.0,Type-1 (Verbatim)
faeee12c2589eb9d5140e0b65543ae86fb7835c8,[Unnamed Skill],faeee12c2589eb9d5140e0b65543ae86fb7835c8,[Unnamed Skill],1.0,Type-1 (Verbatim)
7b4cce2c4a6cae7d5210f6766a50dcda23913b3f,[Unnamed Skill],7b4cce2c4a6cae7d5210f6766a50dcda23913b3f,[Unnamed Skill],1.0,Type-1 (Verbatim)
74377cd50718e05987a0725b18d720fd36ae4382,[Unnamed Skill],74377cd50718e05987a0725b18d720fd36ae4382,[Unnamed Skill],1.0,Type-1 (Verbatim)
d68cb01b1ae21900d4e692459d2f3c6f00732659,[Unnamed Skill],d68cb01b1ae21900d4e692459d2f3c6f00732659,xunzhi-agent-domain,1.0,Type-1 (Verbatim)
d68cb01b1ae21900d4e692459d2f3c6f00732659,xunzhi-agent-domain,d68cb01b1ae21900d4e692459d2f3c6f00732659,[Unnamed Skill],1.0,Type-1 (Verbatim)
82bccaca754a8a19b338206b47aeef97f3311ad3,implement-frontend,82bccaca754a8a19b338206b47aeef97f3311ad3,[Unnamed Skill],1.0,Type-1 (Verbatim)
3992872c3372f44df5edab418f53f46f6fb170d2,[Unnamed Skill],3992872c3372f44df5edab418f53f46f6fb170d2,skill-ba-reverse-engineer-application,1.0,Type-1 (Verbatim)
1ee73130ff5394098ef92bbae52940adb74bd9a5,[Unnamed Skill],1ee73130ff5394098ef92bbae52940adb74bd9a5,javafx-patterns,1.0,Type-1 (Verbatim)
5e73db5c5ddb41be5ed333e916be8e83fcae8555,[Unnamed Skill],5e73db5c5ddb41be5ed333e916be8e83fcae8555,spring-ai-rag-media-pgvector,1.0,Type-1 (Verbatim)
a987ead5a70cba1fe2c3da0a2eaafe67bd2361be,[Unnamed Skill],a987ead5a70cba1fe2c3da0a2eaafe67bd2361be,[Unnamed Skill],1.0,Type-1 (Verbatim)
a987ead5a70cba1fe2c3da0a2eaafe67bd2361be,[Unnamed Skill],a987ead5a70cba1fe2c3da0a2eaafe67bd2361be,[Unnamed Skill],1.0,Type-1 (Verbatim)
e2486f8aabc20896645a4fefde8b439da73b845d,[Unnamed Skill],e2486f8aabc20896645a4fefde8b439da73b845d,math-parser,1.0,Type-1 (Verbatim)
9b4c55bd1302900fce16c9033646164babf689fa,[Unnamed Skill],9b4c55bd1302900fce16c9033646164babf689fa,[Unnamed Skill],1.0,Type-1 (Verbatim)
9b4c55bd1302900fce16c9033646164babf689fa,[Unnamed Skill],9b4c55bd1302900fce16c9033646164babf689fa,[Unnamed Skill],1.0,Type-1 (Verbatim)
7960f9923c217f78c03abb2b28934a308934569b,[Unnamed Skill],7960f9923c217f78c03abb2b28934a308934569b,[Unnamed Skill],1.0,Type-1 (Verbatim)
4a2a7e77d9e193212b35fbe933505b22fa7a0d05,[Unnamed Skill],4a2a7e77d9e193212b35fbe933505b22fa7a0d05,[Unnamed Skill],1.0,Type-1 (Verbatim)
d2c1efad8a3f6b220376ba4cb7d39e29c132387f,[Unnamed Skill],d2c1efad8a3f6b220376ba4cb7d39e29c132387f,agentic-sdlc-doctor,1.0,Type-1 (Verbatim)
da04c79dd4adb11b3a85a5e04cda0f6adfbc1fa7,ci-e2e-debug,da04c79dd4adb11b3a85a5e04cda0f6adfbc1fa7,[Unnamed Skill],1.0,Type-1 (Verbatim)
12911bdd963861c75e1c85b20a9fbc19b71655b0,[Unnamed Skill],12911bdd963861c75e1c85b20a9fbc19b71655b0,[Unnamed Skill],1.0,Type-1 (Verbatim)
12911bdd963861c75e1c85b20a9fbc19b71655b0,[Unnamed Skill],12911bdd963861c75e1c85b20a9fbc19b71655b0,ekbatan-examples,1.0,Type-1 (Verbatim)
12911bdd963861c75e1c85b20a9fbc19b71655b0,ekbatan-examples,12911bdd963861c75e1c85b20a9fbc19b71655b0,[Unnamed Skill],1.0,Type-1 (Verbatim)
b78189242667f147800c92942adacb3f8ebfbae9,[Unnamed Skill],b78189242667f147800c92942adacb3f8ebfbae9,academic-research-workflow,1.0,Type-1 (Verbatim)
a20e71d483cc9758a335680331e77e15f099ec01,[Unnamed Skill],a20e71d483cc9758a335680331e77e15f099ec01,[Unnamed Skill],1.0,Type-1 (Verbatim)
a20e71d483cc9758a335680331e77e15f099ec01,[Unnamed Skill],a20e71d483cc9758a335680331e77e15f099ec01,[Unnamed Skill],1.0,Type-1 (Verbatim)
1595c0a54d72d8ee2aff96f40484e3cbec99d15d,skill-generate-tests,1595c0a54d72d8ee2aff96f40484e3cbec99d15d,[Unnamed Skill],1.0,Type-1 (Verbatim)
29c4af455b9f492c1015ed59fd9fd79377c62b90,[Unnamed Skill],29c4af455b9f492c1015ed59fd9fd79377c62b90,[Unnamed Skill],1.0,Type-1 (Verbatim)
f91d0065a6273a16425c3e4c54ad900bfe91a956,[Unnamed Skill],f91d0065a6273a16425c3e4c54ad900bfe91a956,[Unnamed Skill],1.0,Type-1 (Verbatim)
30159c8a99337a26a22b2175497d390363e23732,[Unnamed Skill],30159c8a99337a26a22b2175497d390363e23732,[Unnamed Skill],1.0,Type-1 (Verbatim)
d0991c7fa05d9a8db309eb3b079147a851010587,unit-testing,d0991c7fa05d9a8db309eb3b079147a851010587,[Unnamed Skill],1.0,Type-1 (Verbatim)
1ea9d9cddbe85279768f46af8f4e04771bac8c7d,[Unnamed Skill],1ea9d9cddbe85279768f46af8f4e04771bac8c7d,[Unnamed Skill],1.0,Type-1 (Verbatim)
7de3dd850564028d8d84d85e2e30660d12061eba,[Unnamed Skill],7de3dd850564028d8d84d85e2e30660d12061eba,[Unnamed Skill],1.0,Type-1 (Verbatim)
7de3dd850564028d8d84d85e2e30660d12061eba,[Unnamed Skill],7de3dd850564028d8d84d85e2e30660d12061eba,[Unnamed Skill],1.0,Type-1 (Verbatim)
a9ce8a2d768a39973bee031552476f5543d431cb,code-quality,a9ce8a2d768a39973bee031552476f5543d431cb,[Unnamed Skill],1.0,Type-1 (Verbatim)
a9ce8a2d768a39973bee031552476f5543d431cb,[Unnamed Skill],a9ce8a2d768a39973bee031552476f5543d431cb,[Unnamed Skill],1.0,Type-1 (Verbatim)
fa500d2835c65c0a3852e251cf6e8feb85a85eec,[Unnamed Skill],fa500d2835c65c0a3852e251cf6e8feb85a85eec,saga-pattern,1.0,Type-1 (Verbatim)
72403dfe875ec724d3ad61436bcbadf872bb720f,spring-architecture-clean-ddd,72403dfe875ec724d3ad61436bcbadf872bb720f,[Unnamed Skill],1.0,Type-1 (Verbatim)
84d49e869150839fc54465174b2dfd3ddc817308,[Unnamed Skill],84d49e869150839fc54465174b2dfd3ddc817308,use,1.0,Type-1 (Verbatim)
ce1156fd32490f63780acdbd9b9a0edd18bab7b3,[Unnamed Skill],ce1156fd32490f63780acdbd9b9a0edd18bab7b3,[Unnamed Skill],1.0,Type-1 (Verbatim)
ce1156fd32490f63780acdbd9b9a0edd18bab7b3,[Unnamed Skill],ce1156fd32490f63780acdbd9b9a0edd18bab7b3,[Unnamed Skill],1.0,Type-1 (Verbatim)
3f84226df2067c7007d5108978e68ff86332a1a3,cross-ide-skill-router,3f84226df2067c7007d5108978e68ff86332a1a3,[Unnamed Skill],1.0,Type-1 (Verbatim)
f5ee7d6eb3890b59c705385884d7162904cfb6c1,pdf-extractor,f5ee7d6eb3890b59c705385884d7162904cfb6c1,[Unnamed Skill],1.0,Type-1 (Verbatim)
e3e3ce4faca25c41de6a22cfdb45f7dfc5243ae8,[Unnamed Skill],e3e3ce4faca25c41de6a22cfdb45f7dfc5243ae8,spring-websocket-testing,1.0,Type-1 (Verbatim)
e0a07ea2404bab2a30d3aea52af07e8d3358daf5,[Unnamed Skill],e0a07ea2404bab2a30d3aea52af07e8d3358daf5,paperlab_neqsim_api_claim_verification,1.0,Type-1 (Verbatim)
44ce3957e53614a1d10865ad645a6051c05c5371,exee-plan,44ce3957e53614a1d10865ad645a6051c05c5371,[Unnamed Skill],1.0,Type-1 (Verbatim)
729418d829d5a5c722c8f6f056be55581a91f66c,skeleton-to-tests,729418d829d5a5c722c8f6f056be55581a91f66c,[Unnamed Skill],1.0,Type-1 (Verbatim)
035b6bb35db61af3770a186989834c9ddd46e628,review-analysis,035b6bb35db61af3770a186989834c9ddd46e628,[Unnamed Skill],1.0,Type-1 (Verbatim)
035b6bb35db61af3770a186989834c9ddd46e628,[Unnamed Skill],035b6bb35db61af3770a186989834c9ddd46e628,[Unnamed Skill],1.0,Type-1 (Verbatim)
1c2c1a365509030e01e05a475327e94645ae835b,[Unnamed Skill],1c2c1a365509030e01e05a475327e94645ae835b,[Unnamed Skill],1.0,Type-1 (Verbatim)
1c2c1a365509030e01e05a475327e94645ae835b,[Unnamed Skill],1c2c1a365509030e01e05a475327e94645ae835b,[Unnamed Skill],1.0,Type-1 (Verbatim)
81aaf2f1477247932e2ddde16e169b6c93be6e0d,[Unnamed Skill],81aaf2f1477247932e2ddde16e169b6c93be6e0d,[Unnamed Skill],1.0,Type-1 (Verbatim)
8abd6f147fdb89021dcbf7e56c91c5290e4f9b7d,spring-testing-fundamentals,8abd6f147fdb89021dcbf7e56c91c5290e4f9b7d,[Unnamed Skill],1.0,Type-1 (Verbatim)
a35ada949ef285abccee1a62638e4ea7b5a4a158,[Unnamed Skill],a35ada949ef285abccee1a62638e4ea7b5a4a158,[Unnamed Skill],1.0,Type-1 (Verbatim)
c57242718cee3936d77e09ec10d3079ee3e73704,consorcio-sdd,c57242718cee3936d77e09ec10d3079ee3e73704,[Unnamed Skill],1.0,Type-1 (Verbatim)
e27c2e01453f744552c60e0f4eed0269b3e82e4e,[Unnamed Skill],e27c2e01453f744552c60e0f4eed0269b3e82e4e,bisq-contributor-workflow,1.0,Type-1 (Verbatim)
09ae1c0be8e7b496fc37303f9ffb59c70ac3e5b0,issue,09ae1c0be8e7b496fc37303f9ffb59c70ac3e5b0,[Unnamed Skill],1.0,Type-1 (Verbatim)
09ae1c0be8e7b496fc37303f9ffb59c70ac3e5b0,[Unnamed Skill],09ae1c0be8e7b496fc37303f9ffb59c70ac3e5b0,[Unnamed Skill],1.0,Type-1 (Verbatim)
bd42475e6672bb49969bba928575a775cb8ec76c,[Unnamed Skill],bd42475e6672bb49969bba928575a775cb8ec76c,[Unnamed Skill],1.0,Type-1 (Verbatim)
29e2b58bf6fd06e7edce46a66e2f2dab0946b05d,security-cve-scanning,29e2b58bf6fd06e7edce46a66e2f2dab0946b05d,[Unnamed Skill],1.0,Type-1 (Verbatim)
237e280633e373cf1537dfcecadf58fe58e3cd7b,[Unnamed Skill],237e280633e373cf1537dfcecadf58fe58e3cd7b,[Unnamed Skill],1.0,Type-1 (Verbatim)
237e280633e373cf1537dfcecadf58fe58e3cd7b,[Unnamed Skill],237e280633e373cf1537dfcecadf58fe58e3cd7b,[Unnamed Skill],1.0,Type-1 (Verbatim)
1e4d04ceef35c247dc593a394af896b2edebcd1f,[Unnamed Skill],1e4d04ceef35c247dc593a394af896b2edebcd1f,ui-component-patterns,1.0,Type-1 (Verbatim)
1e4d04ceef35c247dc593a394af896b2edebcd1f,ui-component-patterns,1e4d04ceef35c247dc593a394af896b2edebcd1f,[Unnamed Skill],1.0,Type-1 (Verbatim)
39417d3f67cdf427aac2709fe97d40e9b0f4f855,[Unnamed Skill],39417d3f67cdf427aac2709fe97d40e9b0f4f855,[Unnamed Skill],1.0,Type-1 (Verbatim)
ff8cefdd5102ffd5e3594bee28e9b8ec80f41773,[Unnamed Skill],ff8cefdd5102ffd5e3594bee28e9b8ec80f41773,[Unnamed Skill],1.0,Type-1 (Verbatim)
ff8cefdd5102ffd5e3594bee28e9b8ec80f41773,[Unnamed Skill],ff8cefdd5102ffd5e3594bee28e9b8ec80f41773,[Unnamed Skill],1.0,Type-1 (Verbatim)
851943a11c0b296fbfa34a199635f929a1b94a35,[Unnamed Skill],851943a11c0b296fbfa34a199635f929a1b94a35,[Unnamed Skill],1.0,Type-1 (Verbatim)
851943a11c0b296fbfa34a199635f929a1b94a35,[Unnamed Skill],851943a11c0b296fbfa34a199635f929a1b94a35,[Unnamed Skill],1.0,Type-1 (Verbatim)
610974dbd373f72558e10f153e13be584bc3301f,[Unnamed Skill],610974dbd373f72558e10f153e13be584bc3301f,[Unnamed Skill],1.0,Type-1 (Verbatim)
30dc2983523a43dae2cd29bcbbd77fa6f3410e6d,event-driven,30dc2983523a43dae2cd29bcbbd77fa6f3410e6d,[Unnamed Skill],1.0,Type-1 (Verbatim)
30dc2983523a43dae2cd29bcbbd77fa6f3410e6d,[Unnamed Skill],30dc2983523a43dae2cd29bcbbd77fa6f3410e6d,[Unnamed Skill],1.0,Type-1 (Verbatim)
ff6e78da4f7afef381baa6faae038d8866fb0d0a,[Unnamed Skill],ff6e78da4f7afef381baa6faae038d8866fb0d0a,[Unnamed Skill],1.0,Type-1 (Verbatim)
b6fd7bf65578c262ea2d5973c9f4527c445e34b3,agent-automation,b6fd7bf65578c262ea2d5973c9f4527c445e34b3,[Unnamed Skill],1.0,Type-1 (Verbatim)
fbd4bef4b487db377aa9f5c3989cb6be14e82421,[Unnamed Skill],fbd4bef4b487db377aa9f5c3989cb6be14e82421,[Unnamed Skill],1.0,Type-1 (Verbatim)
056b302dca5f0fd67831f36386382bb6047501de,[Unnamed Skill],056b302dca5f0fd67831f36386382bb6047501de,jmix-create-enum,1.0,Type-1 (Verbatim)
056b302dca5f0fd67831f36386382bb6047501de,jmix-create-enum,056b302dca5f0fd67831f36386382bb6047501de,[Unnamed Skill],1.0,Type-1 (Verbatim)
1eb34b44cac156cb165567824e397c346625ded3,[Unnamed Skill],1eb34b44cac156cb165567824e397c346625ded3,arch-test,1.0,Type-1 (Verbatim)
1eb34b44cac156cb165567824e397c346625ded3,arch-test,1eb34b44cac156cb165567824e397c346625ded3,[Unnamed Skill],1.0,Type-1 (Verbatim)
ccb816a9365f358798a87a247bc558e68905af5e,[Unnamed Skill],ccb816a9365f358798a87a247bc558e68905af5e,[Unnamed Skill],1.0,Type-1 (Verbatim)
6e50035b2fc4ce9fa0d36d8e0ea8abeedf9bc723,[Unnamed Skill],6e50035b2fc4ce9fa0d36d8e0ea8abeedf9bc723,[Unnamed Skill],1.0,Type-1 (Verbatim)
19f58bf35cf15214870708bd44859d76548bcc22,[Unnamed Skill],19f58bf35cf15214870708bd44859d76548bcc22,[Unnamed Skill],1.0,Type-1 (Verbatim)
32933db1fe77d58f9696a92d8d9e9cf6bdac88ff,[Unnamed Skill],32933db1fe77d58f9696a92d8d9e9cf6bdac88ff,unit-testing,1.0,Type-1 (Verbatim)
32933db1fe77d58f9696a92d8d9e9cf6bdac88ff,unit-testing,32933db1fe77d58f9696a92d8d9e9cf6bdac88ff,[Unnamed Skill],1.0,Type-1 (Verbatim)
e67f94c57322affec23f8a02268834b2d0e9ae70,[Unnamed Skill],e67f94c57322affec23f8a02268834b2d0e9ae70,[Unnamed Skill],1.0,Type-1 (Verbatim)
9854d5623b1f413da8559938ce64b91a1c207b0d,[Unnamed Skill],9854d5623b1f413da8559938ce64b91a1c207b0d,[Unnamed Skill],1.0,Type-1 (Verbatim)
341b31c4b532866976e6a2db49ebbcdb3111f5a6,[Unnamed Skill],341b31c4b532866976e6a2db49ebbcdb3111f5a6,[Unnamed Skill],1.0,Type-1 (Verbatim)
e592acc733a4c152f958323328756e3090ad713c,[Unnamed Skill],e592acc733a4c152f958323328756e3090ad713c,building-and-testing,1.0,Type-1 (Verbatim)
269fd480e8a8169e8ac6cae32a4855c2d207d122,[Unnamed Skill],269fd480e8a8169e8ac6cae32a4855c2d207d122,[Unnamed Skill],1.0,Type-1 (Verbatim)
e76e74476a54864909a11484a515f37df118a278,freshness-gate,e76e74476a54864909a11484a515f37df118a278,[Unnamed Skill],1.0,Type-1 (Verbatim)
cca8166bfcf39b006665b770e8dfe8b78f7ec328,test,cca8166bfcf39b006665b770e8dfe8b78f7ec328,[Unnamed Skill],1.0,Type-1 (Verbatim)
bf63981c63062993bf937ed06e8ac81d730281fa,[Unnamed Skill],bf63981c63062993bf937ed06e8ac81d730281fa,[Unnamed Skill],1.0,Type-1 (Verbatim)
bf63981c63062993bf937ed06e8ac81d730281fa,[Unnamed Skill],bf63981c63062993bf937ed06e8ac81d730281fa,[Unnamed Skill],1.0,Type-1 (Verbatim)
a591862734d39d188a6741874b2678702617f038,[Unnamed Skill],a591862734d39d188a6741874b2678702617f038,[Unnamed Skill],1.0,Type-1 (Verbatim)
a591862734d39d188a6741874b2678702617f038,[Unnamed Skill],a591862734d39d188a6741874b2678702617f038,[Unnamed Skill],1.0,Type-1 (Verbatim)
fbde44074aafa9b76881b113ee82dbde795a76d5,[Unnamed Skill],fbde44074aafa9b76881b113ee82dbde795a76d5,nx-run-tasks,1.0,Type-1 (Verbatim)
d63f3e982eb609c4580a0421c11978ced003575a,[Unnamed Skill],d63f3e982eb609c4580a0421c11978ced003575a,[Unnamed Skill],1.0,Type-1 (Verbatim)
f40225cc2eece26c1b98f5a9479d74f7f9949372,[Unnamed Skill],f40225cc2eece26c1b98f5a9479d74f7f9949372,[Unnamed Skill],1.0,Type-1 (Verbatim)
8d0b2f51565648f619f1ae9282f1a550ad828c33,[Unnamed Skill],8d0b2f51565648f619f1ae9282f1a550ad828c33,[Unnamed Skill],1.0,Type-1 (Verbatim)
1d32eb19831ade31042835dfbe3cd4bf1e97e427,[Unnamed Skill],1d32eb19831ade31042835dfbe3cd4bf1e97e427,ohppt,1.0,Type-1 (Verbatim)
06c9147e2fd5b91fed62476ec0faab7ec241aa1c,[Unnamed Skill],06c9147e2fd5b91fed62476ec0faab7ec241aa1c,kset-framework-fixer,1.0,Type-1 (Verbatim)
ebce566d9129cbce124f6b49fdcd53d0ce887f0c,[Unnamed Skill],ebce566d9129cbce124f6b49fdcd53d0ce887f0c,[Unnamed Skill],1.0,Type-1 (Verbatim)
52a64067131792a59a4223dcffb7c684618e6be8,[Unnamed Skill],52a64067131792a59a4223dcffb7c684618e6be8,[Unnamed Skill],1.0,Type-1 (Verbatim)
43472c0d1456e89c426c5b09f92426fe550ab147,[Unnamed Skill],43472c0d1456e89c426c5b09f92426fe550ab147,[Unnamed Skill],1.0,Type-1 (Verbatim)
2fd19ba1e67d66ee97b178e6691611b9975a82d3,[Unnamed Skill],2fd19ba1e67d66ee97b178e6691611b9975a82d3,[Unnamed Skill],1.0,Type-1 (Verbatim)
2fd19ba1e67d66ee97b178e6691611b9975a82d3,[Unnamed Skill],2fd19ba1e67d66ee97b178e6691611b9975a82d3,[Unnamed Skill],1.0,Type-1 (Verbatim)
6a62d0441753157ca6ca50479e490c2948033adb,[Unnamed Skill],6a62d0441753157ca6ca50479e490c2948033adb,[Unnamed Skill],1.0,Type-1 (Verbatim)
6af876a723dc0db870f7f94251e8990e39fa3616,[Unnamed Skill],6af876a723dc0db870f7f94251e8990e39fa3616,frontend-quality-regression,1.0,Type-1 (Verbatim)
f42d3d61087d71166493f9e216d2965caad4c6af,[Unnamed Skill],f42d3d61087d71166493f9e216d2965caad4c6af,classloading-and-runtime-dev,1.0,Type-1 (Verbatim)
c1b2533f489ab7f8fd01225a0edfd709271c0a39,[Unnamed Skill],c1b2533f489ab7f8fd01225a0edfd709271c0a39,[Unnamed Skill],1.0,Type-1 (Verbatim)
c3d3dfa4fd6d869bf549200275caf95e14c7bf7c,[Unnamed Skill],c3d3dfa4fd6d869bf549200275caf95e14c7bf7c,[Unnamed Skill],1.0,Type-1 (Verbatim)
afe0d756066ed824032045d79a2a75214b47ab4e,academic-search,afe0d756066ed824032045d79a2a75214b47ab4e,[Unnamed Skill],1.0,Type-1 (Verbatim)
6f48930413b6b91a6f1abf5e5203b404f4822c02,[Unnamed Skill],6f48930413b6b91a6f1abf5e5203b404f4822c02,[Unnamed Skill],1.0,Type-1 (Verbatim)
4fc424e70425994f7de8e1af2a84d3b05e486fd3,mongodb-change-streams,4fc424e70425994f7de8e1af2a84d3b05e486fd3,[Unnamed Skill],1.0,Type-1 (Verbatim)
873be841a19908b3c7c82051e41bbc750b4225ee,[Unnamed Skill],873be841a19908b3c7c82051e41bbc750b4225ee,[Unnamed Skill],1.0,Type-1 (Verbatim)
fdcc8f1f0fa7f0b1e46fdc9e2e833d679006b311,[Unnamed Skill],fdcc8f1f0fa7f0b1e46fdc9e2e833d679006b311,[Unnamed Skill],1.0,Type-1 (Verbatim)
540e9202ba45bcbad0fb917eaf5a7dfcaadfe65a,[Unnamed Skill],540e9202ba45bcbad0fb917eaf5a7dfcaadfe65a,[Unnamed Skill],1.0,Type-1 (Verbatim)
3b20b610f72169d91386e70e2da73f56fb7f1c63,[Unnamed Skill],3b20b610f72169d91386e70e2da73f56fb7f1c63,[Unnamed Skill],1.0,Type-1 (Verbatim)
4225e44e72d1386869565a6bfca8043c3a48c35e,[Unnamed Skill],4225e44e72d1386869565a6bfca8043c3a48c35e,[Unnamed Skill],1.0,Type-1 (Verbatim)
f3964419651d0d947a6c87af64c0d1b7ea45b0f9,[Unnamed Skill],f3964419651d0d947a6c87af64c0d1b7ea45b0f9,[Unnamed Skill],1.0,Type-1 (Verbatim)
f3964419651d0d947a6c87af64c0d1b7ea45b0f9,[Unnamed Skill],f3964419651d0d947a6c87af64c0d1b7ea45b0f9,[Unnamed Skill],1.0,Type-1 (Verbatim)
8259c8f1fecd37b1d0679da2f28ebe27d04fb036,[Unnamed Skill],8259c8f1fecd37b1d0679da2f28ebe27d04fb036,[Unnamed Skill],1.0,Type-1 (Verbatim)
8259c8f1fecd37b1d0679da2f28ebe27d04fb036,[Unnamed Skill],8259c8f1fecd37b1d0679da2f28ebe27d04fb036,[Unnamed Skill],1.0,Type-1 (Verbatim)
2364407896648bd73a0e094cfbb9c979cba4babc,react-hooks,2364407896648bd73a0e094cfbb9c979cba4babc,[Unnamed Skill],1.0,Type-1 (Verbatim)
5f4c591df094481cdc0ee805a0fef84cd9105bcb,[Unnamed Skill],5f4c591df094481cdc0ee805a0fef84cd9105bcb,context7-cli,1.0,Type-1 (Verbatim)
b9999e35486767298fdb882724961d0d156cbf96,[Unnamed Skill],b9999e35486767298fdb882724961d0d156cbf96,[Unnamed Skill],1.0,Type-1 (Verbatim)
b9999e35486767298fdb882724961d0d156cbf96,[Unnamed Skill],b9999e35486767298fdb882724961d0d156cbf96,[Unnamed Skill],1.0,Type-1 (Verbatim)
b9999e35486767298fdb882724961d0d156cbf96,[Unnamed Skill],b9999e35486767298fdb882724961d0d156cbf96,[Unnamed Skill],1.0,Type-1 (Verbatim)
e8370981abf2d3b8afa7f2b2a75b9a1d196947ce,local-test,e8370981abf2d3b8afa7f2b2a75b9a1d196947ce,[Unnamed Skill],1.0,Type-1 (Verbatim)
e8370981abf2d3b8afa7f2b2a75b9a1d196947ce,[Unnamed Skill],e8370981abf2d3b8afa7f2b2a75b9a1d196947ce,[Unnamed Skill],1.0,Type-1 (Verbatim)
5f02537eef419c01feb75b2a02bc3427e0c6f670,[Unnamed Skill],5f02537eef419c01feb75b2a02bc3427e0c6f670,diagram-parser,1.0,Type-1 (Verbatim)
64cee102ee12a789e9276feb2f131af2707e694d,karpathy-skill,64cee102ee12a789e9276feb2f131af2707e694d,[Unnamed Skill],1.0,Type-1 (Verbatim)
64cee102ee12a789e9276feb2f131af2707e694d,[Unnamed Skill],64cee102ee12a789e9276feb2f131af2707e694d,[Unnamed Skill],1.0,Type-1 (Verbatim)
64cee102ee12a789e9276feb2f131af2707e694d,[Unnamed Skill],64cee102ee12a789e9276feb2f131af2707e694d,[Unnamed Skill],1.0,Type-1 (Verbatim)
9db0a0542b4512b02168f2e9239e4fe7eb754136,[Unnamed Skill],9db0a0542b4512b02168f2e9239e4fe7eb754136,[Unnamed Skill],1.0,Type-1 (Verbatim)
9db0a0542b4512b02168f2e9239e4fe7eb754136,[Unnamed Skill],9db0a0542b4512b02168f2e9239e4fe7eb754136,[Unnamed Skill],1.0,Type-1 (Verbatim)
3e3cf236060458a04a7e297380a6442e36258435,[Unnamed Skill],3e3cf236060458a04a7e297380a6442e36258435,[Unnamed Skill],1.0,Type-1 (Verbatim)
4331cd344e151225622f0824ec0d4b13e5f5ab10,[Unnamed Skill],4331cd344e151225622f0824ec0d4b13e5f5ab10,architecture,1.0,Type-1 (Verbatim)
8d90eb4748980195c29b7406a046b1c3a4ebc1c5,[Unnamed Skill],8d90eb4748980195c29b7406a046b1c3a4ebc1c5,[Unnamed Skill],1.0,Type-1 (Verbatim)
064f4bfa7eb863bc93cea71ebcee879f2ef937e8,[Unnamed Skill],064f4bfa7eb863bc93cea71ebcee879f2ef937e8,[Unnamed Skill],1.0,Type-1 (Verbatim)
6ab34bceb88f75fd64d0e7ffb431d93ff295acd6,[Unnamed Skill],6ab34bceb88f75fd64d0e7ffb431d93ff295acd6,story,1.0,Type-1 (Verbatim)
30b122afc3339e1725a466738d117cb63acb0734,company-address-management-ui,30b122afc3339e1725a466738d117cb63acb0734,[Unnamed Skill],1.0,Type-1 (Verbatim)
b94ef5969bcac95db93aaddb99e43a85ce07a0c9,[Unnamed Skill],b94ef5969bcac95db93aaddb99e43a85ce07a0c9,[Unnamed Skill],1.0,Type-1 (Verbatim)
a8d71b3639a1bc09a72c175e61c990484fbd23e8,[Unnamed Skill],a8d71b3639a1bc09a72c175e61c990484fbd23e8,[Unnamed Skill],1.0,Type-1 (Verbatim)
a8d71b3639a1bc09a72c175e61c990484fbd23e8,[Unnamed Skill],a8d71b3639a1bc09a72c175e61c990484fbd23e8,[Unnamed Skill],1.0,Type-1 (Verbatim)
4dea97a8c9759cb81a7541c504a2dbba9c4a3e64,[Unnamed Skill],4dea97a8c9759cb81a7541c504a2dbba9c4a3e64,[Unnamed Skill],1.0,Type-1 (Verbatim)
c795182a843136fd7819a6fab2b7163102bb809c,[Unnamed Skill],c795182a843136fd7819a6fab2b7163102bb809c,class-diagram,1.0,Type-1 (Verbatim)
4a5af9c8032f2398319a845eeab1821a801527dc,docker-containerization,4a5af9c8032f2398319a845eeab1821a801527dc,[Unnamed Skill],1.0,Type-1 (Verbatim)
4a5af9c8032f2398319a845eeab1821a801527dc,[Unnamed Skill],4a5af9c8032f2398319a845eeab1821a801527dc,[Unnamed Skill],1.0,Type-1 (Verbatim)
b1ab5006f1f8f4e4ec692d7814647f390c32beeb,[Unnamed Skill],b1ab5006f1f8f4e4ec692d7814647f390c32beeb,integration-test,1.0,Type-1 (Verbatim)
b1ab5006f1f8f4e4ec692d7814647f390c32beeb,integration-test,b1ab5006f1f8f4e4ec692d7814647f390c32beeb,[Unnamed Skill],1.0,Type-1 (Verbatim)
f29938daa8497d51c076ce335911375d7c634c86,commit,f29938daa8497d51c076ce335911375d7c634c86,[Unnamed Skill],1.0,Type-1 (Verbatim)
47ecc0f3f96295adc8758baae6c5ab9f909bce8b,[Unnamed Skill],47ecc0f3f96295adc8758baae6c5ab9f909bce8b,[Unnamed Skill],1.0,Type-1 (Verbatim)
51a263792b3a52265363f7edb436287a7b25612f,[Unnamed Skill],51a263792b3a52265363f7edb436287a7b25612f,[Unnamed Skill],1.0,Type-1 (Verbatim)
e1650df4d8982bc7336a737ca5a15fd1133f4674,[Unnamed Skill],e1650df4d8982bc7336a737ca5a15fd1133f4674,[Unnamed Skill],1.0,Type-1 (Verbatim)
18248eb3244db281a7f817d725470aea84715983,[Unnamed Skill],18248eb3244db281a7f817d725470aea84715983,automation-flow-proposer,1.0,Type-1 (Verbatim)
18248eb3244db281a7f817d725470aea84715983,automation-flow-proposer,18248eb3244db281a7f817d725470aea84715983,[Unnamed Skill],1.0,Type-1 (Verbatim)
baad7a4204a50f1804f68217bbbfa5416fdddc13,[Unnamed Skill],baad7a4204a50f1804f68217bbbfa5416fdddc13,[Unnamed Skill],1.0,Type-1 (Verbatim)
baad7a4204a50f1804f68217bbbfa5416fdddc13,[Unnamed Skill],baad7a4204a50f1804f68217bbbfa5416fdddc13,[Unnamed Skill],1.0,Type-1 (Verbatim)
6d284bd9e184e312e9548816b8d971dc53cee596,adapter-scheduler-job-generator,6d284bd9e184e312e9548816b8d971dc53cee596,[Unnamed Skill],1.0,Type-1 (Verbatim)
226640700ca0aa00a57ad4e3cb439f540d9004a3,[Unnamed Skill],226640700ca0aa00a57ad4e3cb439f540d9004a3,[Unnamed Skill],1.0,Type-1 (Verbatim)
226640700ca0aa00a57ad4e3cb439f540d9004a3,[Unnamed Skill],226640700ca0aa00a57ad4e3cb439f540d9004a3,[Unnamed Skill],1.0,Type-1 (Verbatim)
1354b125dca8d710eabe40d2fbeaf045963ec8cf,[Unnamed Skill],1354b125dca8d710eabe40d2fbeaf045963ec8cf,adapter-mq-consumer-generator,1.0,Type-1 (Verbatim)
85405d801aaf20cf107f0f3ce270e0e31f245f7e,[Unnamed Skill],85405d801aaf20cf107f0f3ce270e0e31f245f7e,infra-it-k8s-generator,1.0,Type-1 (Verbatim)
9964bb2c2374130aa797c3d250f6a298ef68524a,[Unnamed Skill],9964bb2c2374130aa797c3d250f6a298ef68524a,[Unnamed Skill],1.0,Type-1 (Verbatim)
9964bb2c2374130aa797c3d250f6a298ef68524a,[Unnamed Skill],9964bb2c2374130aa797c3d250f6a298ef68524a,pf1e-creature-json,1.0,Type-1 (Verbatim)
9964bb2c2374130aa797c3d250f6a298ef68524a,pf1e-creature-json,9964bb2c2374130aa797c3d250f6a298ef68524a,[Unnamed Skill],1.0,Type-1 (Verbatim)
58c90f433dce7a5506479aa044027434a4a54cca,[Unnamed Skill],58c90f433dce7a5506479aa044027434a4a54cca,[Unnamed Skill],1.0,Type-1 (Verbatim)
58c90f433dce7a5506479aa044027434a4a54cca,[Unnamed Skill],58c90f433dce7a5506479aa044027434a4a54cca,[Unnamed Skill],1.0,Type-1 (Verbatim)
6c903f5900c046055935db134c4d8f459cd6035c,[Unnamed Skill],6c903f5900c046055935db134c4d8f459cd6035c,[Unnamed Skill],1.0,Type-1 (Verbatim)
98d233ec298e2ae5f9082425f957e78e4cc92eb4,[Unnamed Skill],98d233ec298e2ae5f9082425f957e78e4cc92eb4,[Unnamed Skill],1.0,Type-1 (Verbatim)
6a4dd656108bcb5bcf126753f1cc926df28ed36d,registry,6a4dd656108bcb5bcf126753f1cc926df28ed36d,[Unnamed Skill],1.0,Type-1 (Verbatim)
2ef4b8c08311295762d30dc36268128d779209cf,[Unnamed Skill],2ef4b8c08311295762d30dc36268128d779209cf,[Unnamed Skill],1.0,Type-1 (Verbatim)
2ef4b8c08311295762d30dc36268128d779209cf,[Unnamed Skill],2ef4b8c08311295762d30dc36268128d779209cf,[Unnamed Skill],1.0,Type-1 (Verbatim)
168147e3e7b28ccb4697c376d63e9344ed0c89cd,[Unnamed Skill],168147e3e7b28ccb4697c376d63e9344ed0c89cd,commit,1.0,Type-1 (Verbatim)
48f4adbfc00f79e447f9c9ebd48044f58aaccdca,[Unnamed Skill],48f4adbfc00f79e447f9c9ebd48044f58aaccdca,[Unnamed Skill],1.0,Type-1 (Verbatim)
48f4adbfc00f79e447f9c9ebd48044f58aaccdca,[Unnamed Skill],48f4adbfc00f79e447f9c9ebd48044f58aaccdca,[Unnamed Skill],1.0,Type-1 (Verbatim)
48f4adbfc00f79e447f9c9ebd48044f58aaccdca,[Unnamed Skill],48f4adbfc00f79e447f9c9ebd48044f58aaccdca,[Unnamed Skill],1.0,Type-1 (Verbatim)
debdb0e3e9eb8b76e0bf5becdaab19a3a80a38d9,[Unnamed Skill],debdb0e3e9eb8b76e0bf5becdaab19a3a80a38d9,tdd-patterns,1.0,Type-1 (Verbatim)
b69715bacf238861027f775b1374312c58cf1fca,[Unnamed Skill],b69715bacf238861027f775b1374312c58cf1fca,[Unnamed Skill],1.0,Type-1 (Verbatim)
b69715bacf238861027f775b1374312c58cf1fca,[Unnamed Skill],b69715bacf238861027f775b1374312c58cf1fca,combat-manager-api,1.0,Type-1 (Verbatim)
b69715bacf238861027f775b1374312c58cf1fca,combat-manager-api,b69715bacf238861027f775b1374312c58cf1fca,[Unnamed Skill],1.0,Type-1 (Verbatim)
4a042af15f65d8767e83113b654badfb0699212c,[Unnamed Skill],4a042af15f65d8767e83113b654badfb0699212c,xunzhi-interview-domain,1.0,Type-1 (Verbatim)
4a042af15f65d8767e83113b654badfb0699212c,xunzhi-interview-domain,4a042af15f65d8767e83113b654badfb0699212c,[Unnamed Skill],1.0,Type-1 (Verbatim)
751c3a742de8a02ee7e7c32d6aa12e2122aaafb7,[Unnamed Skill],751c3a742de8a02ee7e7c32d6aa12e2122aaafb7,[Unnamed Skill],1.0,Type-1 (Verbatim)
555f7d6e8031057083fad9870f9cc4d0cb75c33c,[Unnamed Skill],555f7d6e8031057083fad9870f9cc4d0cb75c33c,infra-it-cache-generator,1.0,Type-1 (Verbatim)
e77827504a5f8892302a2548a2bbbba9f06a2804,[Unnamed Skill],e77827504a5f8892302a2548a2bbbba9f06a2804,[Unnamed Skill],1.0,Type-1 (Verbatim)
ea32757ac2fda7f7bbbf7a50b3665d176d7c9222,[Unnamed Skill],ea32757ac2fda7f7bbbf7a50b3665d176d7c9222,[Unnamed Skill],1.0,Type-1 (Verbatim)
ea32757ac2fda7f7bbbf7a50b3665d176d7c9222,[Unnamed Skill],ea32757ac2fda7f7bbbf7a50b3665d176d7c9222,[Unnamed Skill],1.0,Type-1 (Verbatim)
0292e0374668233acfde1442bcc01cb50fe877eb,ui-designer,0292e0374668233acfde1442bcc01cb50fe877eb,[Unnamed Skill],1.0,Type-1 (Verbatim)
961ef224d3609b9a238b0c44859fea6a8e5527f6,[Unnamed Skill],961ef224d3609b9a238b0c44859fea6a8e5527f6,heady-cloud-orchestrator,1.0,Type-1 (Verbatim)
a418376b22551c802b2d8616773750621ca7098a,start-wiring-config-generator,a418376b22551c802b2d8616773750621ca7098a,[Unnamed Skill],1.0,Type-1 (Verbatim)
dbea76061ae155438c0351cae607070a55296994,[Unnamed Skill],dbea76061ae155438c0351cae607070a55296994,java-fundamentals,1.0,Type-1 (Verbatim)
682fea80b08a35552266feea7be97c6f6659e2dc,[Unnamed Skill],682fea80b08a35552266feea7be97c6f6659e2dc,[Unnamed Skill],1.0,Type-1 (Verbatim)
612d5dd9369d2394f0765c2f322d816997acbc48,[Unnamed Skill],612d5dd9369d2394f0765c2f322d816997acbc48,screenshot,1.0,Type-1 (Verbatim)
d5d0e0acfdfdc12e29b9fd6cf46d79732e15fd6d,infra-it-http-generator,d5d0e0acfdfdc12e29b9fd6cf46d79732e15fd6d,[Unnamed Skill],1.0,Type-1 (Verbatim)
c66bc045de8d8ff01bd4e82c560b70048e9a65b3,[Unnamed Skill],c66bc045de8d8ff01bd4e82c560b70048e9a65b3,[Unnamed Skill],1.0,Type-1 (Verbatim)
e1fef8048a2ce6340051f395151e20d53105ed81,[Unnamed Skill],e1fef8048a2ce6340051f395151e20d53105ed81,[Unnamed Skill],1.0,Type-1 (Verbatim)
34b8340486d06fcfd5d25a08fa1435b15b234eea,[Unnamed Skill],34b8340486d06fcfd5d25a08fa1435b15b234eea,[Unnamed Skill],1.0,Type-1 (Verbatim)
34b8340486d06fcfd5d25a08fa1435b15b234eea,[Unnamed Skill],34b8340486d06fcfd5d25a08fa1435b15b234eea,[Unnamed Skill],1.0,Type-1 (Verbatim)
34b8340486d06fcfd5d25a08fa1435b15b234eea,[Unnamed Skill],34b8340486d06fcfd5d25a08fa1435b15b234eea,[Unnamed Skill],1.0,Type-1 (Verbatim)
ddb07e807888d9c89dbf17be6d35b9225aaee707,[Unnamed Skill],ddb07e807888d9c89dbf17be6d35b9225aaee707,[Unnamed Skill],1.0,Type-1 (Verbatim)
8fd8cf182a0118ae1b485a6e54e4296beed73ca9,[Unnamed Skill],8fd8cf182a0118ae1b485a6e54e4296beed73ca9,[Unnamed Skill],1.0,Type-1 (Verbatim)
21714b508519f76ce2484784f554e2b42b3db15f,[Unnamed Skill],21714b508519f76ce2484784f554e2b42b3db15f,[Unnamed Skill],1.0,Type-1 (Verbatim)
01d5005db63d34534f96c5f71d339d28a8dbc7ea,sdd-slice-bootstrap,01d5005db63d34534f96c5f71d339d28a8dbc7ea,[Unnamed Skill],1.0,Type-1 (Verbatim)
0098b19c7fb5c01324f2a779157ba8855fce4649,domain-repository-port-generator,0098b19c7fb5c01324f2a779157ba8855fce4649,[Unnamed Skill],1.0,Type-1 (Verbatim)
5267bf59970423b29c3b0b500510b7b848565d1b,[Unnamed Skill],5267bf59970423b29c3b0b500510b7b848565d1b,[Unnamed Skill],1.0,Type-1 (Verbatim)
08e4e272884baf7ddf01dfa7e93a3113ce47fc9b,[Unnamed Skill],08e4e272884baf7ddf01dfa7e93a3113ce47fc9b,[Unnamed Skill],1.0,Type-1 (Verbatim)
08e4e272884baf7ddf01dfa7e93a3113ce47fc9b,[Unnamed Skill],08e4e272884baf7ddf01dfa7e93a3113ce47fc9b,[Unnamed Skill],1.0,Type-1 (Verbatim)
e55b07bffdedd40314c1db339436069b49aba332,[Unnamed Skill],e55b07bffdedd40314c1db339436069b49aba332,[Unnamed Skill],1.0,Type-1 (Verbatim)
ee2d7cbd1289559bc6225e88f558f7f3459645fa,[Unnamed Skill],ee2d7cbd1289559bc6225e88f558f7f3459645fa,automation-flow-proposer,1.0,Type-1 (Verbatim)
45eb7ce8763081aabb09e8d84783e2ea145f9a7f,[Unnamed Skill],45eb7ce8763081aabb09e8d84783e2ea145f9a7f,[Unnamed Skill],1.0,Type-1 (Verbatim)
45eb7ce8763081aabb09e8d84783e2ea145f9a7f,[Unnamed Skill],45eb7ce8763081aabb09e8d84783e2ea145f9a7f,[Unnamed Skill],1.0,Type-1 (Verbatim)
45eb7ce8763081aabb09e8d84783e2ea145f9a7f,[Unnamed Skill],45eb7ce8763081aabb09e8d84783e2ea145f9a7f,[Unnamed Skill],1.0,Type-1 (Verbatim)
8d396d08a39b10db94b01a5c87fa38bf8d6d7914,teach-impeccable,8d396d08a39b10db94b01a5c87fa38bf8d6d7914,[Unnamed Skill],1.0,Type-1 (Verbatim)
1daaf3271f612fef76106426ce2d94f2e8392208,[Unnamed Skill],1daaf3271f612fef76106426ce2d94f2e8392208,[Unnamed Skill],1.0,Type-1 (Verbatim)
1daaf3271f612fef76106426ce2d94f2e8392208,[Unnamed Skill],1daaf3271f612fef76106426ce2d94f2e8392208,[Unnamed Skill],1.0,Type-1 (Verbatim)
1daaf3271f612fef76106426ce2d94f2e8392208,[Unnamed Skill],1daaf3271f612fef76106426ce2d94f2e8392208,[Unnamed Skill],1.0,Type-1 (Verbatim)
1daaf3271f612fef76106426ce2d94f2e8392208,[Unnamed Skill],1daaf3271f612fef76106426ce2d94f2e8392208,[Unnamed Skill],1.0,Type-1 (Verbatim)
a23ab61f0eaca01d89acd5fa87a0412bc56a7612,stress-test,a23ab61f0eaca01d89acd5fa87a0412bc56a7612,[Unnamed Skill],1.0,Type-1 (Verbatim)
a23ab61f0eaca01d89acd5fa87a0412bc56a7612,[Unnamed Skill],a23ab61f0eaca01d89acd5fa87a0412bc56a7612,[Unnamed Skill],1.0,Type-1 (Verbatim)
f72bacb2ea02b000a0ed3d9bd4902c92352d68e6,[Unnamed Skill],f72bacb2ea02b000a0ed3d9bd4902c92352d68e6,[Unnamed Skill],1.0,Type-1 (Verbatim)
f72bacb2ea02b000a0ed3d9bd4902c92352d68e6,[Unnamed Skill],f72bacb2ea02b000a0ed3d9bd4902c92352d68e6,[Unnamed Skill],1.0,Type-1 (Verbatim)
1310196317f13400908b8b2c4e8f1019f03a069c,music-generation,1310196317f13400908b8b2c4e8f1019f03a069c,[Unnamed Skill],1.0,Type-1 (Verbatim)
37ac7ba10fc5d7542ae7485719dba1d14032b460,[Unnamed Skill],37ac7ba10fc5d7542ae7485719dba1d14032b460,[Unnamed Skill],1.0,Type-1 (Verbatim)
37ac7ba10fc5d7542ae7485719dba1d14032b460,[Unnamed Skill],37ac7ba10fc5d7542ae7485719dba1d14032b460,[Unnamed Skill],1.0,Type-1 (Verbatim)
1af41c7d730d65f4b8fcb39ba60d8acdd87a0f36,[Unnamed Skill],1af41c7d730d65f4b8fcb39ba60d8acdd87a0f36,[Unnamed Skill],1.0,Type-1 (Verbatim)
cdc877ee5502cdb2f53fa467e08286f7eb241ea4,[Unnamed Skill],cdc877ee5502cdb2f53fa467e08286f7eb241ea4,[Unnamed Skill],1.0,Type-1 (Verbatim)
d07025bf943345bc1cf15eb923594f889ff881f0,[Unnamed Skill],d07025bf943345bc1cf15eb923594f889ff881f0,[Unnamed Skill],1.0,Type-1 (Verbatim)
d07025bf943345bc1cf15eb923594f889ff881f0,[Unnamed Skill],d07025bf943345bc1cf15eb923594f889ff881f0,[Unnamed Skill],1.0,Type-1 (Verbatim)
9d19c3aa58240738862384e4c77cc1adb311614d,[Unnamed Skill],9d19c3aa58240738862384e4c77cc1adb311614d,frontend-antd-page-builder,1.0,Type-1 (Verbatim)
993046fb1433ac0b11e87bbaec1089c851818d8e,[Unnamed Skill],993046fb1433ac0b11e87bbaec1089c851818d8e,[Unnamed Skill],1.0,Type-1 (Verbatim)
993046fb1433ac0b11e87bbaec1089c851818d8e,[Unnamed Skill],993046fb1433ac0b11e87bbaec1089c851818d8e,[Unnamed Skill],1.0,Type-1 (Verbatim)
993046fb1433ac0b11e87bbaec1089c851818d8e,[Unnamed Skill],993046fb1433ac0b11e87bbaec1089c851818d8e,[Unnamed Skill],1.0,Type-1 (Verbatim)
993046fb1433ac0b11e87bbaec1089c851818d8e,[Unnamed Skill],993046fb1433ac0b11e87bbaec1089c851818d8e,[Unnamed Skill],1.0,Type-1 (Verbatim)
993046fb1433ac0b11e87bbaec1089c851818d8e,[Unnamed Skill],993046fb1433ac0b11e87bbaec1089c851818d8e,[Unnamed Skill],1.0,Type-1 (Verbatim)
993046fb1433ac0b11e87bbaec1089c851818d8e,[Unnamed Skill],993046fb1433ac0b11e87bbaec1089c851818d8e,[Unnamed Skill],1.0,Type-1 (Verbatim)
993046fb1433ac0b11e87bbaec1089c851818d8e,[Unnamed Skill],993046fb1433ac0b11e87bbaec1089c851818d8e,[Unnamed Skill],1.0,Type-1 (Verbatim)
993046fb1433ac0b11e87bbaec1089c851818d8e,[Unnamed Skill],993046fb1433ac0b11e87bbaec1089c851818d8e,[Unnamed Skill],1.0,Type-1 (Verbatim)
993046fb1433ac0b11e87bbaec1089c851818d8e,[Unnamed Skill],993046fb1433ac0b11e87bbaec1089c851818d8e,[Unnamed Skill],1.0,Type-1 (Verbatim)
993046fb1433ac0b11e87bbaec1089c851818d8e,[Unnamed Skill],993046fb1433ac0b11e87bbaec1089c851818d8e,[Unnamed Skill],1.0,Type-1 (Verbatim)
993046fb1433ac0b11e87bbaec1089c851818d8e,[Unnamed Skill],993046fb1433ac0b11e87bbaec1089c851818d8e,[Unnamed Skill],1.0,Type-1 (Verbatim)
993046fb1433ac0b11e87bbaec1089c851818d8e,[Unnamed Skill],993046fb1433ac0b11e87bbaec1089c851818d8e,[Unnamed Skill],1.0,Type-1 (Verbatim)
993046fb1433ac0b11e87bbaec1089c851818d8e,[Unnamed Skill],993046fb1433ac0b11e87bbaec1089c851818d8e,[Unnamed Skill],1.0,Type-1 (Verbatim)
993046fb1433ac0b11e87bbaec1089c851818d8e,[Unnamed Skill],993046fb1433ac0b11e87bbaec1089c851818d8e,[Unnamed Skill],1.0,Type-1 (Verbatim)
993046fb1433ac0b11e87bbaec1089c851818d8e,[Unnamed Skill],993046fb1433ac0b11e87bbaec1089c851818d8e,[Unnamed Skill],1.0,Type-1 (Verbatim)
993046fb1433ac0b11e87bbaec1089c851818d8e,[Unnamed Skill],993046fb1433ac0b11e87bbaec1089c851818d8e,[Unnamed Skill],1.0,Type-1 (Verbatim)
993046fb1433ac0b11e87bbaec1089c851818d8e,[Unnamed Skill],993046fb1433ac0b11e87bbaec1089c851818d8e,[Unnamed Skill],1.0,Type-1 (Verbatim)
993046fb1433ac0b11e87bbaec1089c851818d8e,[Unnamed Skill],993046fb1433ac0b11e87bbaec1089c851818d8e,[Unnamed Skill],1.0,Type-1 (Verbatim)
993046fb1433ac0b11e87bbaec1089c851818d8e,[Unnamed Skill],993046fb1433ac0b11e87bbaec1089c851818d8e,[Unnamed Skill],1.0,Type-1 (Verbatim)
993046fb1433ac0b11e87bbaec1089c851818d8e,[Unnamed Skill],993046fb1433ac0b11e87bbaec1089c851818d8e,[Unnamed Skill],1.0,Type-1 (Verbatim)
993046fb1433ac0b11e87bbaec1089c851818d8e,[Unnamed Skill],993046fb1433ac0b11e87bbaec1089c851818d8e,[Unnamed Skill],1.0,Type-1 (Verbatim)
993046fb1433ac0b11e87bbaec1089c851818d8e,[Unnamed Skill],993046fb1433ac0b11e87bbaec1089c851818d8e,[Unnamed Skill],1.0,Type-1 (Verbatim)
993046fb1433ac0b11e87bbaec1089c851818d8e,[Unnamed Skill],993046fb1433ac0b11e87bbaec1089c851818d8e,[Unnamed Skill],1.0,Type-1 (Verbatim)
993046fb1433ac0b11e87bbaec1089c851818d8e,[Unnamed Skill],993046fb1433ac0b11e87bbaec1089c851818d8e,[Unnamed Skill],1.0,Type-1 (Verbatim)
993046fb1433ac0b11e87bbaec1089c851818d8e,[Unnamed Skill],993046fb1433ac0b11e87bbaec1089c851818d8e,[Unnamed Skill],1.0,Type-1 (Verbatim)
993046fb1433ac0b11e87bbaec1089c851818d8e,[Unnamed Skill],993046fb1433ac0b11e87bbaec1089c851818d8e,[Unnamed Skill],1.0,Type-1 (Verbatim)
993046fb1433ac0b11e87bbaec1089c851818d8e,[Unnamed Skill],993046fb1433ac0b11e87bbaec1089c851818d8e,[Unnamed Skill],1.0,Type-1 (Verbatim)
993046fb1433ac0b11e87bbaec1089c851818d8e,[Unnamed Skill],993046fb1433ac0b11e87bbaec1089c851818d8e,[Unnamed Skill],1.0,Type-1 (Verbatim)
993046fb1433ac0b11e87bbaec1089c851818d8e,[Unnamed Skill],993046fb1433ac0b11e87bbaec1089c851818d8e,[Unnamed Skill],1.0,Type-1 (Verbatim)
c7d2781cedb30029a63d930b60e5074e955a4ef5,[Unnamed Skill],c7d2781cedb30029a63d930b60e5074e955a4ef5,[Unnamed Skill],1.0,Type-1 (Verbatim)
dc06b44cafd9255be27da149f194bbdb8c1320b5,[Unnamed Skill],dc06b44cafd9255be27da149f194bbdb8c1320b5,[Unnamed Skill],1.0,Type-1 (Verbatim)
2c27912abc528d0a6823b09195c07ebde1efe7cb,[Unnamed Skill],2c27912abc528d0a6823b09195c07ebde1efe7cb,[Unnamed Skill],1.0,Type-1 (Verbatim)
da9da170fb43919c24b44b0b45dada6fb329501d,[Unnamed Skill],da9da170fb43919c24b44b0b45dada6fb329501d,openspec-new-change,1.0,Type-1 (Verbatim)
e19af280c1039c8f14f3a262a40ce0342fee2e2d,[Unnamed Skill],e19af280c1039c8f14f3a262a40ce0342fee2e2d,[Unnamed Skill],1.0,Type-1 (Verbatim)
e19af280c1039c8f14f3a262a40ce0342fee2e2d,[Unnamed Skill],e19af280c1039c8f14f3a262a40ce0342fee2e2d,[Unnamed Skill],1.0,Type-1 (Verbatim)
0fda4aac6423e2bde492a1fcea53fd4978dd3365,[Unnamed Skill],0fda4aac6423e2bde492a1fcea53fd4978dd3365,react-performance,1.0,Type-1 (Verbatim)
90f4d32f68d830d63ae0d3daf0140e4792563b25,[Unnamed Skill],90f4d32f68d830d63ae0d3daf0140e4792563b25,[Unnamed Skill],1.0,Type-1 (Verbatim)
90f4d32f68d830d63ae0d3daf0140e4792563b25,[Unnamed Skill],90f4d32f68d830d63ae0d3daf0140e4792563b25,[Unnamed Skill],1.0,Type-1 (Verbatim)
fe7c8d90c85bd0de5640f7c4db522659537bbb5e,[Unnamed Skill],fe7c8d90c85bd0de5640f7c4db522659537bbb5e,[Unnamed Skill],1.0,Type-1 (Verbatim)
fe7c8d90c85bd0de5640f7c4db522659537bbb5e,[Unnamed Skill],fe7c8d90c85bd0de5640f7c4db522659537bbb5e,[Unnamed Skill],1.0,Type-1 (Verbatim)
fe7c8d90c85bd0de5640f7c4db522659537bbb5e,[Unnamed Skill],fe7c8d90c85bd0de5640f7c4db522659537bbb5e,[Unnamed Skill],1.0,Type-1 (Verbatim)
f348b53273d24489c637956a82207f0035f2f69d,[Unnamed Skill],f348b53273d24489c637956a82207f0035f2f69d,[Unnamed Skill],1.0,Type-1 (Verbatim)
4d180ccb063087672ba604f0e51df1a32ea125f0,[Unnamed Skill],4d180ccb063087672ba604f0e51df1a32ea125f0,form-validation-patterns,1.0,Type-1 (Verbatim)
848549c780ea16b54ff3b726fa4b6e743dbdba35,open-pr,848549c780ea16b54ff3b726fa4b6e743dbdba35,[Unnamed Skill],1.0,Type-1 (Verbatim)
9fccd2e7ef4f8b59cdc5909db1ac10723920e4d1,openspec-new-change,9fccd2e7ef4f8b59cdc5909db1ac10723920e4d1,[Unnamed Skill],1.0,Type-1 (Verbatim)
d220b622807a47a7f83fe7ce58258611bebfe8de,[Unnamed Skill],d220b622807a47a7f83fe7ce58258611bebfe8de,[Unnamed Skill],1.0,Type-1 (Verbatim)
d220b622807a47a7f83fe7ce58258611bebfe8de,[Unnamed Skill],d220b622807a47a7f83fe7ce58258611bebfe8de,[Unnamed Skill],1.0,Type-1 (Verbatim)
d220b622807a47a7f83fe7ce58258611bebfe8de,[Unnamed Skill],d220b622807a47a7f83fe7ce58258611bebfe8de,spring-boot-skill,1.0,Type-1 (Verbatim)
ccf684c285f856a41307f309a3379aa9b56393b3,[Unnamed Skill],ccf684c285f856a41307f309a3379aa9b56393b3,[Unnamed Skill],1.0,Type-1 (Verbatim)
ccf684c285f856a41307f309a3379aa9b56393b3,[Unnamed Skill],ccf684c285f856a41307f309a3379aa9b56393b3,[Unnamed Skill],1.0,Type-1 (Verbatim)
ccf684c285f856a41307f309a3379aa9b56393b3,[Unnamed Skill],ccf684c285f856a41307f309a3379aa9b56393b3,[Unnamed Skill],1.0,Type-1 (Verbatim)
bb8066a8db856423ca8bd3e535e5c14efe7cc621,[Unnamed Skill],bb8066a8db856423ca8bd3e535e5c14efe7cc621,openspec-browser-test,1.0,Type-1 (Verbatim)
97d814ec1a9e691bb727d06f1953a6282f75ff6d,[Unnamed Skill],97d814ec1a9e691bb727d06f1953a6282f75ff6d,web-accessibility,1.0,Type-1 (Verbatim)
7ab84097cba8b9a49762d9dc340438787a858868,[Unnamed Skill],7ab84097cba8b9a49762d9dc340438787a858868,[Unnamed Skill],1.0,Type-1 (Verbatim)
f3ef0b1bdb6a970e6f7bb401da48074729f00b5d,ci-cd-github-actions,f3ef0b1bdb6a970e6f7bb401da48074729f00b5d,[Unnamed Skill],1.0,Type-1 (Verbatim)
6be120e7769b76216f2dfb1f28b7e8727a3e8f03,[Unnamed Skill],6be120e7769b76216f2dfb1f28b7e8727a3e8f03,[Unnamed Skill],1.0,Type-1 (Verbatim)
a4299d872f51ed20e4542c1c3f99db5273e73b5b,[Unnamed Skill],a4299d872f51ed20e4542c1c3f99db5273e73b5b,nop-codegen-master,1.0,Type-1 (Verbatim)
f483c2fd63c1633bf56daae07ad1ac2ffba91d81,[Unnamed Skill],f483c2fd63c1633bf56daae07ad1ac2ffba91d81,[Unnamed Skill],1.0,Type-1 (Verbatim)
b5da58d17eb7fa509baaca6974d77b91c94c7735,[Unnamed Skill],b5da58d17eb7fa509baaca6974d77b91c94c7735,[Unnamed Skill],1.0,Type-1 (Verbatim)
b5da58d17eb7fa509baaca6974d77b91c94c7735,[Unnamed Skill],b5da58d17eb7fa509baaca6974d77b91c94c7735,[Unnamed Skill],1.0,Type-1 (Verbatim)
ca0c726059caf2dc7529060887033969f6d7af46,[Unnamed Skill],ca0c726059caf2dc7529060887033969f6d7af46,java-junit,1.0,Type-1 (Verbatim)
80798cacacf2a4b4a9c1d8e812e6782a13a663b2,[Unnamed Skill],80798cacacf2a4b4a9c1d8e812e6782a13a663b2,[Unnamed Skill],1.0,Type-1 (Verbatim)
80798cacacf2a4b4a9c1d8e812e6782a13a663b2,[Unnamed Skill],80798cacacf2a4b4a9c1d8e812e6782a13a663b2,[Unnamed Skill],1.0,Type-1 (Verbatim)
ebcf675a8d852e3ffcff0f818be06dffb46ade7b,[Unnamed Skill],ebcf675a8d852e3ffcff0f818be06dffb46ade7b,[Unnamed Skill],1.0,Type-1 (Verbatim)
3c76fae02c8616339ebbbfdf33d66f3e74a42820,nextjs-rendering,3c76fae02c8616339ebbbfdf33d66f3e74a42820,[Unnamed Skill],1.0,Type-1 (Verbatim)
6fc4725e7f4afbf70b1a774ba6a2dfbe2d332445,[Unnamed Skill],6fc4725e7f4afbf70b1a774ba6a2dfbe2d332445,[Unnamed Skill],1.0,Type-1 (Verbatim)
6fc4725e7f4afbf70b1a774ba6a2dfbe2d332445,[Unnamed Skill],6fc4725e7f4afbf70b1a774ba6a2dfbe2d332445,ekbatan-maintainer,1.0,Type-1 (Verbatim)
6fc4725e7f4afbf70b1a774ba6a2dfbe2d332445,ekbatan-maintainer,6fc4725e7f4afbf70b1a774ba6a2dfbe2d332445,[Unnamed Skill],1.0,Type-1 (Verbatim)
b5f5e40e9a5c0ece8b8575fe667c9e0ebb94c5f0,dsa,b5f5e40e9a5c0ece8b8575fe667c9e0ebb94c5f0,[Unnamed Skill],1.0,Type-1 (Verbatim)
8633cd071ec5424d1696eaa2622a9453fc64cbfc,skill-creator,8633cd071ec5424d1696eaa2622a9453fc64cbfc,[Unnamed Skill],1.0,Type-1 (Verbatim)
6b3416ee41da1c9c0ffbbb3b67cda2f017445a31,jmix-create-service,6b3416ee41da1c9c0ffbbb3b67cda2f017445a31,[Unnamed Skill],1.0,Type-1 (Verbatim)
6b3416ee41da1c9c0ffbbb3b67cda2f017445a31,[Unnamed Skill],6b3416ee41da1c9c0ffbbb3b67cda2f017445a31,[Unnamed Skill],1.0,Type-1 (Verbatim)
22ab9843e5197b40ca4463f9996a9b15d2e7babe,[Unnamed Skill],22ab9843e5197b40ca4463f9996a9b15d2e7babe,heady-buddy-device,1.0,Type-1 (Verbatim)
927a4e4b6468b39e854cb999b25030082f09a6a7,[Unnamed Skill],927a4e4b6468b39e854cb999b25030082f09a6a7,[Unnamed Skill],1.0,Type-1 (Verbatim)
19d5602000aedf7d040e22ded34b7bf13494df44,publish-version-tag,19d5602000aedf7d040e22ded34b7bf13494df44,[Unnamed Skill],1.0,Type-1 (Verbatim)
f2d7f08168eaa4c7708b8d8ae64415e36e7171b4,spring-api-rules,f2d7f08168eaa4c7708b8d8ae64415e36e7171b4,[Unnamed Skill],1.0,Type-1 (Verbatim)
de1313497a3ce22432f2711e00c72b542334ef08,[Unnamed Skill],de1313497a3ce22432f2711e00c72b542334ef08,[Unnamed Skill],1.0,Type-1 (Verbatim)
9834f94b79f97a2c6ee5d0017dc0fd7232bbbfc0,[Unnamed Skill],9834f94b79f97a2c6ee5d0017dc0fd7232bbbfc0,[Unnamed Skill],1.0,Type-1 (Verbatim)
9834f94b79f97a2c6ee5d0017dc0fd7232bbbfc0,[Unnamed Skill],9834f94b79f97a2c6ee5d0017dc0fd7232bbbfc0,[Unnamed Skill],1.0,Type-1 (Verbatim)
9834f94b79f97a2c6ee5d0017dc0fd7232bbbfc0,[Unnamed Skill],9834f94b79f97a2c6ee5d0017dc0fd7232bbbfc0,[Unnamed Skill],1.0,Type-1 (Verbatim)
1cab64814ef2ecd025a1e56db7d509bc6d22fdc1,[Unnamed Skill],1cab64814ef2ecd025a1e56db7d509bc6d22fdc1,[Unnamed Skill],1.0,Type-1 (Verbatim)
1cab64814ef2ecd025a1e56db7d509bc6d22fdc1,[Unnamed Skill],1cab64814ef2ecd025a1e56db7d509bc6d22fdc1,[Unnamed Skill],1.0,Type-1 (Verbatim)
1cab64814ef2ecd025a1e56db7d509bc6d22fdc1,[Unnamed Skill],1cab64814ef2ecd025a1e56db7d509bc6d22fdc1,[Unnamed Skill],1.0,Type-1 (Verbatim)
cbffe5e791ace3f0c2378dfa80239cb47f2ac204,skill-share,cbffe5e791ace3f0c2378dfa80239cb47f2ac204,[Unnamed Skill],1.0,Type-1 (Verbatim)
7339c8a38d6c2e1ee5fd721327bca3441a9408be,[Unnamed Skill],7339c8a38d6c2e1ee5fd721327bca3441a9408be,[Unnamed Skill],1.0,Type-1 (Verbatim)
46ad5a0300c8056cdd52d5a6f7bd70f712a68167,agent-md-refactor,46ad5a0300c8056cdd52d5a6f7bd70f712a68167,[Unnamed Skill],1.0,Type-1 (Verbatim)
46ad5a0300c8056cdd52d5a6f7bd70f712a68167,[Unnamed Skill],46ad5a0300c8056cdd52d5a6f7bd70f712a68167,[Unnamed Skill],1.0,Type-1 (Verbatim)
46ad5a0300c8056cdd52d5a6f7bd70f712a68167,[Unnamed Skill],46ad5a0300c8056cdd52d5a6f7bd70f712a68167,[Unnamed Skill],1.0,Type-1 (Verbatim)
46ad5a0300c8056cdd52d5a6f7bd70f712a68167,[Unnamed Skill],46ad5a0300c8056cdd52d5a6f7bd70f712a68167,[Unnamed Skill],1.0,Type-1 (Verbatim)
46ad5a0300c8056cdd52d5a6f7bd70f712a68167,[Unnamed Skill],46ad5a0300c8056cdd52d5a6f7bd70f712a68167,[Unnamed Skill],1.0,Type-1 (Verbatim)
46ad5a0300c8056cdd52d5a6f7bd70f712a68167,[Unnamed Skill],46ad5a0300c8056cdd52d5a6f7bd70f712a68167,[Unnamed Skill],1.0,Type-1 (Verbatim)
46ad5a0300c8056cdd52d5a6f7bd70f712a68167,[Unnamed Skill],46ad5a0300c8056cdd52d5a6f7bd70f712a68167,[Unnamed Skill],1.0,Type-1 (Verbatim)
46ad5a0300c8056cdd52d5a6f7bd70f712a68167,[Unnamed Skill],46ad5a0300c8056cdd52d5a6f7bd70f712a68167,[Unnamed Skill],1.0,Type-1 (Verbatim)
f48a3d21791875eba353bb64c321727016d95f7a,[Unnamed Skill],f48a3d21791875eba353bb64c321727016d95f7a,[Unnamed Skill],1.0,Type-1 (Verbatim)
4fa83f7e9f509debca051e0cc5454d82c0c040da,[Unnamed Skill],4fa83f7e9f509debca051e0cc5454d82c0c040da,[Unnamed Skill],1.0,Type-1 (Verbatim)
ee884b0c38c116d79f5a0d3ca5ab877469dc4519,[Unnamed Skill],ee884b0c38c116d79f5a0d3ca5ab877469dc4519,[Unnamed Skill],1.0,Type-1 (Verbatim)
4da1bd30b6951f479f4c9bf6827eed10dd294dd3,trading-master,4da1bd30b6951f479f4c9bf6827eed10dd294dd3,[Unnamed Skill],1.0,Type-1 (Verbatim)
9554f594bd447233b4dfdb9ccac74fa984fdb7bb,[Unnamed Skill],9554f594bd447233b4dfdb9ccac74fa984fdb7bb,[Unnamed Skill],1.0,Type-1 (Verbatim)
90dfceaf2ecdc191a4dcfb0069768a9560638998,[Unnamed Skill],90dfceaf2ecdc191a4dcfb0069768a9560638998,[Unnamed Skill],1.0,Type-1 (Verbatim)
433f562de225c44329c76b8490c88c4b8e6c79e2,[Unnamed Skill],433f562de225c44329c76b8490c88c4b8e6c79e2,heady-a2a-protocol,1.0,Type-1 (Verbatim)
b9c27c56b0848746bd592202edfda83a99cfc867,[Unnamed Skill],b9c27c56b0848746bd592202edfda83a99cfc867,[Unnamed Skill],1.0,Type-1 (Verbatim)
6b998af589a7f35594b9b4f5e6b8f4bd22bb55c9,[Unnamed Skill],6b998af589a7f35594b9b4f5e6b8f4bd22bb55c9,[Unnamed Skill],1.0,Type-1 (Verbatim)
b13537057a95f3ec5670bcf9ca39209dfccd6527,compile,b13537057a95f3ec5670bcf9ca39209dfccd6527,[Unnamed Skill],1.0,Type-1 (Verbatim)
448ca3193b0cd68dba36f73160be66a890fd66c4,[Unnamed Skill],448ca3193b0cd68dba36f73160be66a890fd66c4,[Unnamed Skill],1.0,Type-1 (Verbatim)
448ca3193b0cd68dba36f73160be66a890fd66c4,[Unnamed Skill],448ca3193b0cd68dba36f73160be66a890fd66c4,[Unnamed Skill],1.0,Type-1 (Verbatim)
fe03ad36449389be4bacfca7f52be469498400ae,git-commit,fe03ad36449389be4bacfca7f52be469498400ae,[Unnamed Skill],1.0,Type-1 (Verbatim)
b64e9bf23a7dcc41a8cde255f3bbe6b934a6759c,build-native-image-maven,b64e9bf23a7dcc41a8cde255f3bbe6b934a6759c,[Unnamed Skill],1.0,Type-1 (Verbatim)
8ddfc0baab17c9688738fd3c81bd05f443e0e305,infra-flyway-migration-generator,8ddfc0baab17c9688738fd3c81bd05f443e0e305,[Unnamed Skill],1.0,Type-1 (Verbatim)
19c397c287f77cf06af15c14f718f1c8c1c80b19,[Unnamed Skill],19c397c287f77cf06af15c14f718f1c8c1c80b19,documentation-guardian,1.0,Type-1 (Verbatim)
411d1b9c55e2227dabf1072cf5707f8bfa893a1c,[Unnamed Skill],411d1b9c55e2227dabf1072cf5707f8bfa893a1c,pull-requests,1.0,Type-1 (Verbatim)
1b93b6b02c899b8e68303b62c573b39432826ce1,[Unnamed Skill],1b93b6b02c899b8e68303b62c573b39432826ce1,[Unnamed Skill],1.0,Type-1 (Verbatim)
02bd0f91854cecd5c98bd8a97fe4e640bbd39f58,[Unnamed Skill],02bd0f91854cecd5c98bd8a97fe4e640bbd39f58,[Unnamed Skill],1.0,Type-1 (Verbatim)
1279c176b0c750781c3ace50dd48dbec70861cf0,handoff,1279c176b0c750781c3ace50dd48dbec70861cf0,[Unnamed Skill],1.0,Type-1 (Verbatim)
d7c6358d89e0e8e56c91300bb530c0222864e18c,[Unnamed Skill],d7c6358d89e0e8e56c91300bb530c0222864e18c,[Unnamed Skill],1.0,Type-1 (Verbatim)
d7c6358d89e0e8e56c91300bb530c0222864e18c,[Unnamed Skill],d7c6358d89e0e8e56c91300bb530c0222864e18c,[Unnamed Skill],1.0,Type-1 (Verbatim)
ef836fb9af36e6d3bf250a910dba3e449ac5c4b7,[Unnamed Skill],ef836fb9af36e6d3bf250a910dba3e449ac5c4b7,deploy-batch,1.0,Type-1 (Verbatim)
50e882e06607765ea53ebd044464feda872cae1d,[Unnamed Skill],50e882e06607765ea53ebd044464feda872cae1d,[Unnamed Skill],1.0,Type-1 (Verbatim)
50e882e06607765ea53ebd044464feda872cae1d,[Unnamed Skill],50e882e06607765ea53ebd044464feda872cae1d,[Unnamed Skill],1.0,Type-1 (Verbatim)
e8ecd5a4eef2922a2cd341875d0a94f90006b7e0,sdd-profile-manager,e8ecd5a4eef2922a2cd341875d0a94f90006b7e0,[Unnamed Skill],1.0,Type-1 (Verbatim)
9ff6b5cac42fd137ea1fae7a999e18e6b8fa977e,[Unnamed Skill],9ff6b5cac42fd137ea1fae7a999e18e6b8fa977e,[Unnamed Skill],1.0,Type-1 (Verbatim)
0fe6f0cc0380b4e45dc398dc69a23b75cbca425e,tdd-integration-testing,0fe6f0cc0380b4e45dc398dc69a23b75cbca425e,[Unnamed Skill],1.0,Type-1 (Verbatim)
4f806112e5e5e861d61d98b8e316f3b3014d53ad,[Unnamed Skill],4f806112e5e5e861d61d98b8e316f3b3014d53ad,[Unnamed Skill],1.0,Type-1 (Verbatim)
a4d3b5e32d9303750995dfa3244fff2fa6a417af,[Unnamed Skill],a4d3b5e32d9303750995dfa3244fff2fa6a417af,handoff,1.0,Type-1 (Verbatim)
9e615bb86e41ee8d5aff8c4728f4792fc00aa272,[Unnamed Skill],9e615bb86e41ee8d5aff8c4728f4792fc00aa272,[Unnamed Skill],1.0,Type-1 (Verbatim)
7fdb62ff2af0416c289399f3229fb7cc4dbfeae0,app-port-generator,7fdb62ff2af0416c289399f3229fb7cc4dbfeae0,[Unnamed Skill],1.0,Type-1 (Verbatim)
f23fc3e62a5bc9f0f6602278b49141ac6ade23a0,infra-it-mq-generator,f23fc3e62a5bc9f0f6602278b49141ac6ade23a0,[Unnamed Skill],1.0,Type-1 (Verbatim)
7b6b325b39cce64f2213de14bd6daaa93c773206,[Unnamed Skill],7b6b325b39cce64f2213de14bd6daaa93c773206,[Unnamed Skill],1.0,Type-1 (Verbatim)
c783c01d376968608ed777e1d146a4e63b3bba8d,[Unnamed Skill],c783c01d376968608ed777e1d146a4e63b3bba8d,[Unnamed Skill],1.0,Type-1 (Verbatim)
c783c01d376968608ed777e1d146a4e63b3bba8d,[Unnamed Skill],c783c01d376968608ed777e1d146a4e63b3bba8d,[Unnamed Skill],1.0,Type-1 (Verbatim)
d1c79044c7e21c8efdba60f0e0f660accb71b53c,[Unnamed Skill],d1c79044c7e21c8efdba60f0e0f660accb71b53c,[Unnamed Skill],1.0,Type-1 (Verbatim)
875131074d78022924bb4645e91d34adf1d6cdd6,[Unnamed Skill],875131074d78022924bb4645e91d34adf1d6cdd6,[Unnamed Skill],1.0,Type-1 (Verbatim)
875131074d78022924bb4645e91d34adf1d6cdd6,[Unnamed Skill],875131074d78022924bb4645e91d34adf1d6cdd6,[Unnamed Skill],1.0,Type-1 (Verbatim)
875131074d78022924bb4645e91d34adf1d6cdd6,[Unnamed Skill],875131074d78022924bb4645e91d34adf1d6cdd6,[Unnamed Skill],1.0,Type-1 (Verbatim)
875131074d78022924bb4645e91d34adf1d6cdd6,[Unnamed Skill],875131074d78022924bb4645e91d34adf1d6cdd6,[Unnamed Skill],1.0,Type-1 (Verbatim)
875131074d78022924bb4645e91d34adf1d6cdd6,[Unnamed Skill],875131074d78022924bb4645e91d34adf1d6cdd6,[Unnamed Skill],1.0,Type-1 (Verbatim)
875131074d78022924bb4645e91d34adf1d6cdd6,[Unnamed Skill],875131074d78022924bb4645e91d34adf1d6cdd6,[Unnamed Skill],1.0,Type-1 (Verbatim)
875131074d78022924bb4645e91d34adf1d6cdd6,[Unnamed Skill],875131074d78022924bb4645e91d34adf1d6cdd6,[Unnamed Skill],1.0,Type-1 (Verbatim)
875131074d78022924bb4645e91d34adf1d6cdd6,[Unnamed Skill],875131074d78022924bb4645e91d34adf1d6cdd6,[Unnamed Skill],1.0,Type-1 (Verbatim)
875131074d78022924bb4645e91d34adf1d6cdd6,[Unnamed Skill],875131074d78022924bb4645e91d34adf1d6cdd6,[Unnamed Skill],1.0,Type-1 (Verbatim)
875131074d78022924bb4645e91d34adf1d6cdd6,[Unnamed Skill],875131074d78022924bb4645e91d34adf1d6cdd6,[Unnamed Skill],1.0,Type-1 (Verbatim)
875131074d78022924bb4645e91d34adf1d6cdd6,[Unnamed Skill],875131074d78022924bb4645e91d34adf1d6cdd6,[Unnamed Skill],1.0,Type-1 (Verbatim)
875131074d78022924bb4645e91d34adf1d6cdd6,[Unnamed Skill],875131074d78022924bb4645e91d34adf1d6cdd6,[Unnamed Skill],1.0,Type-1 (Verbatim)
875131074d78022924bb4645e91d34adf1d6cdd6,[Unnamed Skill],875131074d78022924bb4645e91d34adf1d6cdd6,[Unnamed Skill],1.0,Type-1 (Verbatim)
875131074d78022924bb4645e91d34adf1d6cdd6,[Unnamed Skill],875131074d78022924bb4645e91d34adf1d6cdd6,[Unnamed Skill],1.0,Type-1 (Verbatim)
875131074d78022924bb4645e91d34adf1d6cdd6,[Unnamed Skill],875131074d78022924bb4645e91d34adf1d6cdd6,[Unnamed Skill],1.0,Type-1 (Verbatim)
875131074d78022924bb4645e91d34adf1d6cdd6,[Unnamed Skill],875131074d78022924bb4645e91d34adf1d6cdd6,[Unnamed Skill],1.0,Type-1 (Verbatim)
875131074d78022924bb4645e91d34adf1d6cdd6,[Unnamed Skill],875131074d78022924bb4645e91d34adf1d6cdd6,[Unnamed Skill],1.0,Type-1 (Verbatim)
875131074d78022924bb4645e91d34adf1d6cdd6,[Unnamed Skill],875131074d78022924bb4645e91d34adf1d6cdd6,[Unnamed Skill],1.0,Type-1 (Verbatim)
875131074d78022924bb4645e91d34adf1d6cdd6,[Unnamed Skill],875131074d78022924bb4645e91d34adf1d6cdd6,[Unnamed Skill],1.0,Type-1 (Verbatim)
875131074d78022924bb4645e91d34adf1d6cdd6,[Unnamed Skill],875131074d78022924bb4645e91d34adf1d6cdd6,[Unnamed Skill],1.0,Type-1 (Verbatim)
875131074d78022924bb4645e91d34adf1d6cdd6,[Unnamed Skill],875131074d78022924bb4645e91d34adf1d6cdd6,[Unnamed Skill],1.0,Type-1 (Verbatim)
875131074d78022924bb4645e91d34adf1d6cdd6,[Unnamed Skill],875131074d78022924bb4645e91d34adf1d6cdd6,guided-client-extension,1.0,Type-1 (Verbatim)
eb57ce029728a0c14b7867dd25c0fdbcd3502eba,[Unnamed Skill],eb57ce029728a0c14b7867dd25c0fdbcd3502eba,[Unnamed Skill],1.0,Type-1 (Verbatim)
eb57ce029728a0c14b7867dd25c0fdbcd3502eba,[Unnamed Skill],eb57ce029728a0c14b7867dd25c0fdbcd3502eba,[Unnamed Skill],1.0,Type-1 (Verbatim)
a8b9d22641d652aff9dc03b73cb1c3315d052f43,[Unnamed Skill],a8b9d22641d652aff9dc03b73cb1c3315d052f43,ui-visual-system-polish,1.0,Type-1 (Verbatim)
a0c21b0d0c2d66449114e5b1aef61f419c4c8c84,java-architect,a0c21b0d0c2d66449114e5b1aef61f419c4c8c84,[Unnamed Skill],1.0,Type-1 (Verbatim)
937ac73d161f9fee7f8e07d5a5e7b8229539225d,[Unnamed Skill],937ac73d161f9fee7f8e07d5a5e7b8229539225d,[Unnamed Skill],1.0,Type-1 (Verbatim)
578b7299cc38db90f176c4c956c2458f4b2dd04d,[Unnamed Skill],578b7299cc38db90f176c4c956c2458f4b2dd04d,[Unnamed Skill],1.0,Type-1 (Verbatim)
173e6d7811b60c75a8cb67f261e1528efa5733ad,[Unnamed Skill],173e6d7811b60c75a8cb67f261e1528efa5733ad,[Unnamed Skill],1.0,Type-1 (Verbatim)
e838d0a0fda756ea28fb7fa333c55921e75f84a7,infra-mq-transport-generator,e838d0a0fda756ea28fb7fa333c55921e75f84a7,[Unnamed Skill],1.0,Type-1 (Verbatim)
cc28d2b159ea2d5a250937d6414264d41106ae98,commits,cc28d2b159ea2d5a250937d6414264d41106ae98,[Unnamed Skill],1.0,Type-1 (Verbatim)
04bd4fc89eaae031d6dbd3bf5f5d499f82509e8a,[Unnamed Skill],04bd4fc89eaae031d6dbd3bf5f5d499f82509e8a,[Unnamed Skill],1.0,Type-1 (Verbatim)
4b09490bb2b0f7db76ea52bee2535a4c2499d8da,[Unnamed Skill],4b09490bb2b0f7db76ea52bee2535a4c2499d8da,[Unnamed Skill],1.0,Type-1 (Verbatim)
4b09490bb2b0f7db76ea52bee2535a4c2499d8da,[Unnamed Skill],4b09490bb2b0f7db76ea52bee2535a4c2499d8da,[Unnamed Skill],1.0,Type-1 (Verbatim)
14747c48a7d3e3221e9f06c69f449bff0488275d,[Unnamed Skill],14747c48a7d3e3221e9f06c69f449bff0488275d,[Unnamed Skill],1.0,Type-1 (Verbatim)
14747c48a7d3e3221e9f06c69f449bff0488275d,[Unnamed Skill],14747c48a7d3e3221e9f06c69f449bff0488275d,[Unnamed Skill],1.0,Type-1 (Verbatim)
47be755c1a70584078eef63cfa4354d5e18df010,[Unnamed Skill],47be755c1a70584078eef63cfa4354d5e18df010,flutter-build-ai-features,1.0,Type-1 (Verbatim)
621c20bb028a7ed961008c179c10b80015bc2e9b,[Unnamed Skill],621c20bb028a7ed961008c179c10b80015bc2e9b,writing-build-steps,1.0,Type-1 (Verbatim)
e256d2e92412992d3fee329c6a72af80f98433db,[Unnamed Skill],e256d2e92412992d3fee329c6a72af80f98433db,[Unnamed Skill],1.0,Type-1 (Verbatim)
99aa4dac24fc1b37c79bfd93167b2607b4e44603,[Unnamed Skill],99aa4dac24fc1b37c79bfd93167b2607b4e44603,[Unnamed Skill],1.0,Type-1 (Verbatim)
33d824d9237eccc6546ba1139acb21b85c619ba6,[Unnamed Skill],33d824d9237eccc6546ba1139acb21b85c619ba6,[Unnamed Skill],1.0,Type-1 (Verbatim)
5fbf40323331cc052504e6e4008b865d911813c1,[Unnamed Skill],5fbf40323331cc052504e6e4008b865d911813c1,ohgraph,1.0,Type-1 (Verbatim)
5801e4625bfdd03e7ee2431b05646c52d54c3b2e,fe-code-style,5801e4625bfdd03e7ee2431b05646c52d54c3b2e,[Unnamed Skill],1.0,Type-1 (Verbatim)
bb785823c367227bede0e3b996fc1a9b2dfe137a,tuning,bb785823c367227bede0e3b996fc1a9b2dfe137a,[Unnamed Skill],1.0,Type-1 (Verbatim)
25cc9672ae2c5b6d3711719673eb4633a9b950ee,[Unnamed Skill],25cc9672ae2c5b6d3711719673eb4633a9b950ee,git-branch-bump-pom-version,1.0,Type-1 (Verbatim)
0e44f0c9e4f5837b80420ce90710670954e366dd,better-icons,0e44f0c9e4f5837b80420ce90710670954e366dd,[Unnamed Skill],1.0,Type-1 (Verbatim)
b7864ad9cdd3879d15641baf3e0d33eac1c1f9df,[Unnamed Skill],b7864ad9cdd3879d15641baf3e0d33eac1c1f9df,[Unnamed Skill],1.0,Type-1 (Verbatim)
b7864ad9cdd3879d15641baf3e0d33eac1c1f9df,[Unnamed Skill],b7864ad9cdd3879d15641baf3e0d33eac1c1f9df,[Unnamed Skill],1.0,Type-1 (Verbatim)
20b74c0c9fcd6fc143bbcd35f8191cae33f1398a,[Unnamed Skill],20b74c0c9fcd6fc143bbcd35f8191cae33f1398a,[Unnamed Skill],1.0,Type-1 (Verbatim)
950e0ad8635a44303b63ac4028194d2eceb12013,[Unnamed Skill],950e0ad8635a44303b63ac4028194d2eceb12013,jmix-add-i18n-keys,1.0,Type-1 (Verbatim)
950e0ad8635a44303b63ac4028194d2eceb12013,jmix-add-i18n-keys,950e0ad8635a44303b63ac4028194d2eceb12013,[Unnamed Skill],1.0,Type-1 (Verbatim)
950e0ad8635a44303b63ac4028194d2eceb12013,[Unnamed Skill],950e0ad8635a44303b63ac4028194d2eceb12013,[Unnamed Skill],1.0,Type-1 (Verbatim)
97a443ccae4006fdd5cb1f9640f4e86b5ae90abc,sysdesign-frameworks,97a443ccae4006fdd5cb1f9640f4e86b5ae90abc,[Unnamed Skill],1.0,Type-1 (Verbatim)
97a443ccae4006fdd5cb1f9640f4e86b5ae90abc,[Unnamed Skill],97a443ccae4006fdd5cb1f9640f4e86b5ae90abc,[Unnamed Skill],1.0,Type-1 (Verbatim)
d56d509fb5ea0554edfc5bd5bf028416f06ccce6,java-spring-boot,d56d509fb5ea0554edfc5bd5bf028416f06ccce6,[Unnamed Skill],1.0,Type-1 (Verbatim)
ea817c0bd91a7885e78c97dbd1761aecefc5e2ad,[Unnamed Skill],ea817c0bd91a7885e78c97dbd1761aecefc5e2ad,[Unnamed Skill],1.0,Type-1 (Verbatim)
ea817c0bd91a7885e78c97dbd1761aecefc5e2ad,[Unnamed Skill],ea817c0bd91a7885e78c97dbd1761aecefc5e2ad,[Unnamed Skill],1.0,Type-1 (Verbatim)
394a8359cbeb03e964abf257d184334069dd7cc1,[Unnamed Skill],394a8359cbeb03e964abf257d184334069dd7cc1,[Unnamed Skill],1.0,Type-1 (Verbatim)
c37d38e8c5e325d6768a79f073f25be6c4571962,[Unnamed Skill],c37d38e8c5e325d6768a79f073f25be6c4571962,git-init-remote,1.0,Type-1 (Verbatim)
e7c359a95972b9c126e8e61101986292d6833412,[Unnamed Skill],e7c359a95972b9c126e8e61101986292d6833412,[Unnamed Skill],1.0,Type-1 (Verbatim)
5afec12d37593ae3905bb3e4466d8712d96cf3bb,[Unnamed Skill],5afec12d37593ae3905bb3e4466d8712d96cf3bb,[Unnamed Skill],1.0,Type-1 (Verbatim)
5afec12d37593ae3905bb3e4466d8712d96cf3bb,[Unnamed Skill],5afec12d37593ae3905bb3e4466d8712d96cf3bb,[Unnamed Skill],1.0,Type-1 (Verbatim)
a66be23e78a10f989de4be46da55d91319d4855d,[Unnamed Skill],a66be23e78a10f989de4be46da55d91319d4855d,[Unnamed Skill],1.0,Type-1 (Verbatim)
a66be23e78a10f989de4be46da55d91319d4855d,[Unnamed Skill],a66be23e78a10f989de4be46da55d91319d4855d,[Unnamed Skill],1.0,Type-1 (Verbatim)
a66be23e78a10f989de4be46da55d91319d4855d,[Unnamed Skill],a66be23e78a10f989de4be46da55d91319d4855d,[Unnamed Skill],1.0,Type-1 (Verbatim)
a66be23e78a10f989de4be46da55d91319d4855d,[Unnamed Skill],a66be23e78a10f989de4be46da55d91319d4855d,[Unnamed Skill],1.0,Type-1 (Verbatim)
f41e84e830ab341605f286d1b98d560913a9e141,[Unnamed Skill],f41e84e830ab341605f286d1b98d560913a9e141,vuetify0,1.0,Type-1 (Verbatim)
bf2072282aaefcdd05109e3acf338f5f71633121,[Unnamed Skill],bf2072282aaefcdd05109e3acf338f5f71633121,[Unnamed Skill],1.0,Type-1 (Verbatim)
bf2072282aaefcdd05109e3acf338f5f71633121,[Unnamed Skill],bf2072282aaefcdd05109e3acf338f5f71633121,[Unnamed Skill],1.0,Type-1 (Verbatim)
bf2072282aaefcdd05109e3acf338f5f71633121,[Unnamed Skill],bf2072282aaefcdd05109e3acf338f5f71633121,react-custom-elements,1.0,Type-1 (Verbatim)
bf2072282aaefcdd05109e3acf338f5f71633121,react-custom-elements,bf2072282aaefcdd05109e3acf338f5f71633121,[Unnamed Skill],1.0,Type-1 (Verbatim)
bf2072282aaefcdd05109e3acf338f5f71633121,[Unnamed Skill],bf2072282aaefcdd05109e3acf338f5f71633121,[Unnamed Skill],1.0,Type-1 (Verbatim)
bf2072282aaefcdd05109e3acf338f5f71633121,[Unnamed Skill],bf2072282aaefcdd05109e3acf338f5f71633121,[Unnamed Skill],1.0,Type-1 (Verbatim)
bf2072282aaefcdd05109e3acf338f5f71633121,[Unnamed Skill],bf2072282aaefcdd05109e3acf338f5f71633121,[Unnamed Skill],1.0,Type-1 (Verbatim)
bf2072282aaefcdd05109e3acf338f5f71633121,[Unnamed Skill],bf2072282aaefcdd05109e3acf338f5f71633121,[Unnamed Skill],1.0,Type-1 (Verbatim)
bf2072282aaefcdd05109e3acf338f5f71633121,[Unnamed Skill],bf2072282aaefcdd05109e3acf338f5f71633121,[Unnamed Skill],1.0,Type-1 (Verbatim)
bf2072282aaefcdd05109e3acf338f5f71633121,[Unnamed Skill],bf2072282aaefcdd05109e3acf338f5f71633121,[Unnamed Skill],1.0,Type-1 (Verbatim)
bf2072282aaefcdd05109e3acf338f5f71633121,[Unnamed Skill],bf2072282aaefcdd05109e3acf338f5f71633121,[Unnamed Skill],1.0,Type-1 (Verbatim)
bf2072282aaefcdd05109e3acf338f5f71633121,[Unnamed Skill],bf2072282aaefcdd05109e3acf338f5f71633121,[Unnamed Skill],1.0,Type-1 (Verbatim)
cabf905550323809dd7c5b072b5386495baf1495,[Unnamed Skill],cabf905550323809dd7c5b072b5386495baf1495,writing-tests,1.0,Type-1 (Verbatim)
83d9524968878763decd25e5a2414ae8c6b741fe,[Unnamed Skill],83d9524968878763decd25e5a2414ae8c6b741fe,[Unnamed Skill],1.0,Type-1 (Verbatim)
83d9524968878763decd25e5a2414ae8c6b741fe,[Unnamed Skill],83d9524968878763decd25e5a2414ae8c6b741fe,[Unnamed Skill],1.0,Type-1 (Verbatim)
83d9524968878763decd25e5a2414ae8c6b741fe,[Unnamed Skill],83d9524968878763decd25e5a2414ae8c6b741fe,[Unnamed Skill],1.0,Type-1 (Verbatim)
2438119d01a43bce999952de8a7796447512cbb5,mvn-sonar-scan-download,2438119d01a43bce999952de8a7796447512cbb5,[Unnamed Skill],1.0,Type-1 (Verbatim)
e0609248dc215455f76ae141657d3b7cf4af9d83,[Unnamed Skill],e0609248dc215455f76ae141657d3b7cf4af9d83,[Unnamed Skill],1.0,Type-1 (Verbatim)
e0609248dc215455f76ae141657d3b7cf4af9d83,[Unnamed Skill],e0609248dc215455f76ae141657d3b7cf4af9d83,[Unnamed Skill],1.0,Type-1 (Verbatim)
2dbb71ca0b973db3cf8f24ee2a0ad807dee050e5,[Unnamed Skill],2dbb71ca0b973db3cf8f24ee2a0ad807dee050e5,[Unnamed Skill],1.0,Type-1 (Verbatim)
4726215301db64a0cc4d41fc3219c61f37a30f4a,[Unnamed Skill],4726215301db64a0cc4d41fc3219c61f37a30f4a,[Unnamed Skill],1.0,Type-1 (Verbatim)
4726215301db64a0cc4d41fc3219c61f37a30f4a,[Unnamed Skill],4726215301db64a0cc4d41fc3219c61f37a30f4a,[Unnamed Skill],1.0,Type-1 (Verbatim)
4726215301db64a0cc4d41fc3219c61f37a30f4a,[Unnamed Skill],4726215301db64a0cc4d41fc3219c61f37a30f4a,[Unnamed Skill],1.0,Type-1 (Verbatim)
4726215301db64a0cc4d41fc3219c61f37a30f4a,[Unnamed Skill],4726215301db64a0cc4d41fc3219c61f37a30f4a,[Unnamed Skill],1.0,Type-1 (Verbatim)
a27934aa12a1e2da62b8f2e7e2b687d9e1970d6c,doris-docker-regression,a27934aa12a1e2da62b8f2e7e2b687d9e1970d6c,[Unnamed Skill],1.0,Type-1 (Verbatim)
c47614aacc15e710343bb1e9f11b46feacd88df4,[Unnamed Skill],c47614aacc15e710343bb1e9f11b46feacd88df4,[Unnamed Skill],1.0,Type-1 (Verbatim)
aa85ce94326000040a1636c43362fd0a2aaf2dd7,[Unnamed Skill],aa85ce94326000040a1636c43362fd0a2aaf2dd7,[Unnamed Skill],1.0,Type-1 (Verbatim)
efa413fd7373d92c56598e721b63167207f0f50c,[Unnamed Skill],efa413fd7373d92c56598e721b63167207f0f50c,[Unnamed Skill],1.0,Type-1 (Verbatim)
efa413fd7373d92c56598e721b63167207f0f50c,[Unnamed Skill],efa413fd7373d92c56598e721b63167207f0f50c,[Unnamed Skill],1.0,Type-1 (Verbatim)
efa413fd7373d92c56598e721b63167207f0f50c,[Unnamed Skill],efa413fd7373d92c56598e721b63167207f0f50c,[Unnamed Skill],1.0,Type-1 (Verbatim)
681c6532a2c33eb0afcc06ac03ba1674f4db1d8b,jq-json-patch,681c6532a2c33eb0afcc06ac03ba1674f4db1d8b,[Unnamed Skill],1.0,Type-1 (Verbatim)
1e6258c75c312686dbed0f2a46eb69214d54d2d6,[Unnamed Skill],1e6258c75c312686dbed0f2a46eb69214d54d2d6,[Unnamed Skill],1.0,Type-1 (Verbatim)
4b57ea396416ad934108b2efaa74238b3e393b8c,[Unnamed Skill],4b57ea396416ad934108b2efaa74238b3e393b8c,[Unnamed Skill],1.0,Type-1 (Verbatim)
4b57ea396416ad934108b2efaa74238b3e393b8c,[Unnamed Skill],4b57ea396416ad934108b2efaa74238b3e393b8c,[Unnamed Skill],1.0,Type-1 (Verbatim)
4b57ea396416ad934108b2efaa74238b3e393b8c,[Unnamed Skill],4b57ea396416ad934108b2efaa74238b3e393b8c,[Unnamed Skill],1.0,Type-1 (Verbatim)
bed45bdc3c8385195f100dfb954c0208f2e4a0ca,[Unnamed Skill],bed45bdc3c8385195f100dfb954c0208f2e4a0ca,[Unnamed Skill],1.0,Type-1 (Verbatim)
49b9e8310d74927da7b4eeb171e9cb0d0645d30d,infra-store-implementation-generator,49b9e8310d74927da7b4eeb171e9cb0d0645d30d,[Unnamed Skill],1.0,Type-1 (Verbatim)
5c871ff5192abe09656050a2fdf73d1cb38ad925,[Unnamed Skill],5c871ff5192abe09656050a2fdf73d1cb38ad925,[Unnamed Skill],1.0,Type-1 (Verbatim)
3c9c3dd76604e1284742009c775bae0b9bfe0934,[Unnamed Skill],3c9c3dd76604e1284742009c775bae0b9bfe0934,table-list-patterns,1.0,Type-1 (Verbatim)
3de4fc2c70041e91b2accd77af829b6d9cd8e210,github-pr-git,3de4fc2c70041e91b2accd77af829b6d9cd8e210,[Unnamed Skill],1.0,Type-1 (Verbatim)
54c19d1f65562634e2dfacfa52df522f0f0ee10f,openapi-design,54c19d1f65562634e2dfacfa52df522f0f0ee10f,[Unnamed Skill],1.0,Type-1 (Verbatim)
08562b284b41482db0ece22f0a41eb9d32f6d458,[Unnamed Skill],08562b284b41482db0ece22f0a41eb9d32f6d458,[Unnamed Skill],1.0,Type-1 (Verbatim)
08562b284b41482db0ece22f0a41eb9d32f6d458,[Unnamed Skill],08562b284b41482db0ece22f0a41eb9d32f6d458,skillshare,1.0,Type-1 (Verbatim)
e6a6c98347af460d1301af1481b53da1b0b04e5f,jmix-create-composition-detail-view,e6a6c98347af460d1301af1481b53da1b0b04e5f,[Unnamed Skill],1.0,Type-1 (Verbatim)
d2258f1c45ad8e5fff99dda4213b738112048c51,[Unnamed Skill],d2258f1c45ad8e5fff99dda4213b738112048c51,[Unnamed Skill],1.0,Type-1 (Verbatim)
f4a4f60e303ea5b603d0b26b31b4e09c660fbd91,[Unnamed Skill],f4a4f60e303ea5b603d0b26b31b4e09c660fbd91,[Unnamed Skill],1.0,Type-1 (Verbatim)
edea21d56ddde42a346522d4dc618e25f36c88d3,[Unnamed Skill],edea21d56ddde42a346522d4dc618e25f36c88d3,generate-erd-drawio,1.0,Type-1 (Verbatim)
dd763264c724b783b1f2398bd48afd1068ae4953,[Unnamed Skill],dd763264c724b783b1f2398bd48afd1068ae4953,[Unnamed Skill],1.0,Type-1 (Verbatim)
8fa4b2368dba2874a2710d106160dd5374817ec9,[Unnamed Skill],8fa4b2368dba2874a2710d106160dd5374817ec9,[Unnamed Skill],1.0,Type-1 (Verbatim)
8fa4b2368dba2874a2710d106160dd5374817ec9,[Unnamed Skill],8fa4b2368dba2874a2710d106160dd5374817ec9,[Unnamed Skill],1.0,Type-1 (Verbatim)
8fa4b2368dba2874a2710d106160dd5374817ec9,[Unnamed Skill],8fa4b2368dba2874a2710d106160dd5374817ec9,[Unnamed Skill],1.0,Type-1 (Verbatim)
8fa4b2368dba2874a2710d106160dd5374817ec9,[Unnamed Skill],8fa4b2368dba2874a2710d106160dd5374817ec9,[Unnamed Skill],1.0,Type-1 (Verbatim)
099cbb461ba76c52c6073777426ba7a7839945b9,[Unnamed Skill],099cbb461ba76c52c6073777426ba7a7839945b9,[Unnamed Skill],1.0,Type-1 (Verbatim)
099cbb461ba76c52c6073777426ba7a7839945b9,[Unnamed Skill],099cbb461ba76c52c6073777426ba7a7839945b9,[Unnamed Skill],1.0,Type-1 (Verbatim)
992147de4950ba86a0a5f051d13a04b339567a83,[Unnamed Skill],992147de4950ba86a0a5f051d13a04b339567a83,[Unnamed Skill],1.0,Type-1 (Verbatim)
992147de4950ba86a0a5f051d13a04b339567a83,[Unnamed Skill],992147de4950ba86a0a5f051d13a04b339567a83,[Unnamed Skill],1.0,Type-1 (Verbatim)
383ba9371c14f55c966f515667855efa988deb95,[Unnamed Skill],383ba9371c14f55c966f515667855efa988deb95,[Unnamed Skill],1.0,Type-1 (Verbatim)
93c191a8adce65f5eb8e44f5e5c32ea07ee03af5,[Unnamed Skill],93c191a8adce65f5eb8e44f5e5c32ea07ee03af5,[Unnamed Skill],1.0,Type-1 (Verbatim)
93c191a8adce65f5eb8e44f5e5c32ea07ee03af5,[Unnamed Skill],93c191a8adce65f5eb8e44f5e5c32ea07ee03af5,[Unnamed Skill],1.0,Type-1 (Verbatim)
4bdd21ee729b10187585bd8292ee470f002f11cf,openspec-archive-change,4bdd21ee729b10187585bd8292ee470f002f11cf,[Unnamed Skill],1.0,Type-1 (Verbatim)
7cf278a639ead1449d55a8fdc10d7c0748786715,[Unnamed Skill],7cf278a639ead1449d55a8fdc10d7c0748786715,[Unnamed Skill],1.0,Type-1 (Verbatim)
7082bda4553417464c3ac2fb99e96f537e582762,[Unnamed Skill],7082bda4553417464c3ac2fb99e96f537e582762,verify-api-design,1.0,Type-1 (Verbatim)
7082bda4553417464c3ac2fb99e96f537e582762,verify-api-design,7082bda4553417464c3ac2fb99e96f537e582762,[Unnamed Skill],1.0,Type-1 (Verbatim)
ef7dbeffa3364a741d85367257f29c4beb0a5144,incident-diagnosis-review,ef7dbeffa3364a741d85367257f29c4beb0a5144,[Unnamed Skill],1.0,Type-1 (Verbatim)
f544566d1919f659c48341dfa68d0a075df8ff3e,[Unnamed Skill],f544566d1919f659c48341dfa68d0a075df8ff3e,[Unnamed Skill],1.0,Type-1 (Verbatim)
f544566d1919f659c48341dfa68d0a075df8ff3e,[Unnamed Skill],f544566d1919f659c48341dfa68d0a075df8ff3e,[Unnamed Skill],1.0,Type-1 (Verbatim)
f544566d1919f659c48341dfa68d0a075df8ff3e,[Unnamed Skill],f544566d1919f659c48341dfa68d0a075df8ff3e,[Unnamed Skill],1.0,Type-1 (Verbatim)
f544566d1919f659c48341dfa68d0a075df8ff3e,[Unnamed Skill],f544566d1919f659c48341dfa68d0a075df8ff3e,[Unnamed Skill],1.0,Type-1 (Verbatim)
f544566d1919f659c48341dfa68d0a075df8ff3e,[Unnamed Skill],f544566d1919f659c48341dfa68d0a075df8ff3e,[Unnamed Skill],1.0,Type-1 (Verbatim)
f544566d1919f659c48341dfa68d0a075df8ff3e,[Unnamed Skill],f544566d1919f659c48341dfa68d0a075df8ff3e,[Unnamed Skill],1.0,Type-1 (Verbatim)
18ea1e88cdc026044723dd7f0dca2efdc1ec4d8d,[Unnamed Skill],18ea1e88cdc026044723dd7f0dca2efdc1ec4d8d,[Unnamed Skill],1.0,Type-1 (Verbatim)
18ea1e88cdc026044723dd7f0dca2efdc1ec4d8d,[Unnamed Skill],18ea1e88cdc026044723dd7f0dca2efdc1ec4d8d,[Unnamed Skill],1.0,Type-1 (Verbatim)
18ea1e88cdc026044723dd7f0dca2efdc1ec4d8d,[Unnamed Skill],18ea1e88cdc026044723dd7f0dca2efdc1ec4d8d,skillhub-registry,1.0,Type-1 (Verbatim)
d2e6c01cc0454f13e0374f3f53f607710329af46,[Unnamed Skill],d2e6c01cc0454f13e0374f3f53f607710329af46,[Unnamed Skill],1.0,Type-1 (Verbatim)
2049fcbae1fa29731654148ccdb0f4716330bde0,springboot-migration,2049fcbae1fa29731654148ccdb0f4716330bde0,[Unnamed Skill],1.0,Type-1 (Verbatim)
37f95cf90d6e0495dd8c1ea97ed200179ffe472e,[Unnamed Skill],37f95cf90d6e0495dd8c1ea97ed200179ffe472e,[Unnamed Skill],1.0,Type-1 (Verbatim)
f48cc01bd529ae8cd48c0889508a78a192075f2f,[Unnamed Skill],f48cc01bd529ae8cd48c0889508a78a192075f2f,[Unnamed Skill],1.0,Type-1 (Verbatim)
f48cc01bd529ae8cd48c0889508a78a192075f2f,[Unnamed Skill],f48cc01bd529ae8cd48c0889508a78a192075f2f,[Unnamed Skill],1.0,Type-1 (Verbatim)
1a28c86b703e54cae1c8d20f85966813268aa15d,[Unnamed Skill],1a28c86b703e54cae1c8d20f85966813268aa15d,[Unnamed Skill],1.0,Type-1 (Verbatim)
260a96fec479251b72a9c47342cc9bb7e506b027,normalize,260a96fec479251b72a9c47342cc9bb7e506b027,[Unnamed Skill],1.0,Type-1 (Verbatim)
260a96fec479251b72a9c47342cc9bb7e506b027,[Unnamed Skill],260a96fec479251b72a9c47342cc9bb7e506b027,[Unnamed Skill],1.0,Type-1 (Verbatim)
f62a50a924d78d3155407b84bc5bd5784044e77e,py-complex-patch,f62a50a924d78d3155407b84bc5bd5784044e77e,[Unnamed Skill],1.0,Type-1 (Verbatim)
39ae2e5f13de608cfac6e4fb15bb7842bd413215,[Unnamed Skill],39ae2e5f13de608cfac6e4fb15bb7842bd413215,[Unnamed Skill],1.0,Type-1 (Verbatim)
39ae2e5f13de608cfac6e4fb15bb7842bd413215,[Unnamed Skill],39ae2e5f13de608cfac6e4fb15bb7842bd413215,[Unnamed Skill],1.0,Type-1 (Verbatim)
39ae2e5f13de608cfac6e4fb15bb7842bd413215,[Unnamed Skill],39ae2e5f13de608cfac6e4fb15bb7842bd413215,[Unnamed Skill],1.0,Type-1 (Verbatim)
39ae2e5f13de608cfac6e4fb15bb7842bd413215,[Unnamed Skill],39ae2e5f13de608cfac6e4fb15bb7842bd413215,[Unnamed Skill],1.0,Type-1 (Verbatim)
39ae2e5f13de608cfac6e4fb15bb7842bd413215,[Unnamed Skill],39ae2e5f13de608cfac6e4fb15bb7842bd413215,[Unnamed Skill],1.0,Type-1 (Verbatim)
39ae2e5f13de608cfac6e4fb15bb7842bd413215,[Unnamed Skill],39ae2e5f13de608cfac6e4fb15bb7842bd413215,[Unnamed Skill],1.0,Type-1 (Verbatim)
39ae2e5f13de608cfac6e4fb15bb7842bd413215,[Unnamed Skill],39ae2e5f13de608cfac6e4fb15bb7842bd413215,[Unnamed Skill],1.0,Type-1 (Verbatim)
39ae2e5f13de608cfac6e4fb15bb7842bd413215,[Unnamed Skill],39ae2e5f13de608cfac6e4fb15bb7842bd413215,[Unnamed Skill],1.0,Type-1 (Verbatim)
39ae2e5f13de608cfac6e4fb15bb7842bd413215,[Unnamed Skill],39ae2e5f13de608cfac6e4fb15bb7842bd413215,[Unnamed Skill],1.0,Type-1 (Verbatim)
39ae2e5f13de608cfac6e4fb15bb7842bd413215,[Unnamed Skill],39ae2e5f13de608cfac6e4fb15bb7842bd413215,[Unnamed Skill],1.0,Type-1 (Verbatim)
39ae2e5f13de608cfac6e4fb15bb7842bd413215,[Unnamed Skill],39ae2e5f13de608cfac6e4fb15bb7842bd413215,[Unnamed Skill],1.0,Type-1 (Verbatim)
39ae2e5f13de608cfac6e4fb15bb7842bd413215,[Unnamed Skill],39ae2e5f13de608cfac6e4fb15bb7842bd413215,[Unnamed Skill],1.0,Type-1 (Verbatim)
39ae2e5f13de608cfac6e4fb15bb7842bd413215,[Unnamed Skill],39ae2e5f13de608cfac6e4fb15bb7842bd413215,[Unnamed Skill],1.0,Type-1 (Verbatim)
39ae2e5f13de608cfac6e4fb15bb7842bd413215,[Unnamed Skill],39ae2e5f13de608cfac6e4fb15bb7842bd413215,[Unnamed Skill],1.0,Type-1 (Verbatim)
39ae2e5f13de608cfac6e4fb15bb7842bd413215,[Unnamed Skill],39ae2e5f13de608cfac6e4fb15bb7842bd413215,[Unnamed Skill],1.0,Type-1 (Verbatim)
39ae2e5f13de608cfac6e4fb15bb7842bd413215,[Unnamed Skill],39ae2e5f13de608cfac6e4fb15bb7842bd413215,[Unnamed Skill],1.0,Type-1 (Verbatim)
39ae2e5f13de608cfac6e4fb15bb7842bd413215,[Unnamed Skill],39ae2e5f13de608cfac6e4fb15bb7842bd413215,[Unnamed Skill],1.0,Type-1 (Verbatim)
8e14f63fa273a123040b4d13f90719aba9cc4357,[Unnamed Skill],8e14f63fa273a123040b4d13f90719aba9cc4357,[Unnamed Skill],1.0,Type-1 (Verbatim)
8e14f63fa273a123040b4d13f90719aba9cc4357,[Unnamed Skill],8e14f63fa273a123040b4d13f90719aba9cc4357,[Unnamed Skill],1.0,Type-1 (Verbatim)
8dfff5bfa59c168a33a61817d74d4b54dbdf16c2,[Unnamed Skill],8dfff5bfa59c168a33a61817d74d4b54dbdf16c2,ohhdf,1.0,Type-1 (Verbatim)
444b8f2c5d38285f0ba1b3c70f17d1896c7dd613,[Unnamed Skill],444b8f2c5d38285f0ba1b3c70f17d1896c7dd613,[Unnamed Skill],1.0,Type-1 (Verbatim)
444b8f2c5d38285f0ba1b3c70f17d1896c7dd613,[Unnamed Skill],444b8f2c5d38285f0ba1b3c70f17d1896c7dd613,[Unnamed Skill],1.0,Type-1 (Verbatim)
249b0cfeebe0ea659134b0f0163dfc1626141850,openspec-archive-change,249b0cfeebe0ea659134b0f0163dfc1626141850,[Unnamed Skill],1.0,Type-1 (Verbatim)
a4349a84951ecab5a69b9004d9618e8ae6185b52,[Unnamed Skill],a4349a84951ecab5a69b9004d9618e8ae6185b52,infra-mybatis-po-mapper-generator,1.0,Type-1 (Verbatim)
4776fcf741c14e0579b0927a44c976a40dc7d378,[Unnamed Skill],4776fcf741c14e0579b0927a44c976a40dc7d378,[Unnamed Skill],1.0,Type-1 (Verbatim)
12e2f70e9cee7e5ecbf0894c064e939d36e216d9,[Unnamed Skill],12e2f70e9cee7e5ecbf0894c064e939d36e216d9,[Unnamed Skill],1.0,Type-1 (Verbatim)
12e2f70e9cee7e5ecbf0894c064e939d36e216d9,[Unnamed Skill],12e2f70e9cee7e5ecbf0894c064e939d36e216d9,[Unnamed Skill],1.0,Type-1 (Verbatim)
12e2f70e9cee7e5ecbf0894c064e939d36e216d9,[Unnamed Skill],12e2f70e9cee7e5ecbf0894c064e939d36e216d9,[Unnamed Skill],1.0,Type-1 (Verbatim)
12e2f70e9cee7e5ecbf0894c064e939d36e216d9,[Unnamed Skill],12e2f70e9cee7e5ecbf0894c064e939d36e216d9,[Unnamed Skill],1.0,Type-1 (Verbatim)
9b1f851aaad8761d463392a9895b0276623d4659,[Unnamed Skill],9b1f851aaad8761d463392a9895b0276623d4659,[Unnamed Skill],1.0,Type-1 (Verbatim)
9b1f851aaad8761d463392a9895b0276623d4659,[Unnamed Skill],9b1f851aaad8761d463392a9895b0276623d4659,[Unnamed Skill],1.0,Type-1 (Verbatim)
9b1f851aaad8761d463392a9895b0276623d4659,[Unnamed Skill],9b1f851aaad8761d463392a9895b0276623d4659,[Unnamed Skill],1.0,Type-1 (Verbatim)
74047c6b43cf85c727d79c99d9a0e1b08befe16e,[Unnamed Skill],74047c6b43cf85c727d79c99d9a0e1b08befe16e,[Unnamed Skill],1.0,Type-1 (Verbatim)
74047c6b43cf85c727d79c99d9a0e1b08befe16e,[Unnamed Skill],74047c6b43cf85c727d79c99d9a0e1b08befe16e,[Unnamed Skill],1.0,Type-1 (Verbatim)
74047c6b43cf85c727d79c99d9a0e1b08befe16e,[Unnamed Skill],74047c6b43cf85c727d79c99d9a0e1b08befe16e,[Unnamed Skill],1.0,Type-1 (Verbatim)
74047c6b43cf85c727d79c99d9a0e1b08befe16e,[Unnamed Skill],74047c6b43cf85c727d79c99d9a0e1b08befe16e,[Unnamed Skill],1.0,Type-1 (Verbatim)
74047c6b43cf85c727d79c99d9a0e1b08befe16e,[Unnamed Skill],74047c6b43cf85c727d79c99d9a0e1b08befe16e,[Unnamed Skill],1.0,Type-1 (Verbatim)
74047c6b43cf85c727d79c99d9a0e1b08befe16e,[Unnamed Skill],74047c6b43cf85c727d79c99d9a0e1b08befe16e,[Unnamed Skill],1.0,Type-1 (Verbatim)
2bf32134c27f7ef1df64a4dba378c8560eabbc21,[Unnamed Skill],2bf32134c27f7ef1df64a4dba378c8560eabbc21,[Unnamed Skill],1.0,Type-1 (Verbatim)
2bf32134c27f7ef1df64a4dba378c8560eabbc21,[Unnamed Skill],2bf32134c27f7ef1df64a4dba378c8560eabbc21,[Unnamed Skill],1.0,Type-1 (Verbatim)
2bf32134c27f7ef1df64a4dba378c8560eabbc21,[Unnamed Skill],2bf32134c27f7ef1df64a4dba378c8560eabbc21,[Unnamed Skill],1.0,Type-1 (Verbatim)
0d6077db92f397924bd8bf379fb321929bfc9e63,[Unnamed Skill],0d6077db92f397924bd8bf379fb321929bfc9e63,[Unnamed Skill],1.0,Type-1 (Verbatim)
4015c54a3bd04dcb4ef57ea6d484a5a409438804,[Unnamed Skill],4015c54a3bd04dcb4ef57ea6d484a5a409438804,[Unnamed Skill],1.0,Type-1 (Verbatim)
4015c54a3bd04dcb4ef57ea6d484a5a409438804,[Unnamed Skill],4015c54a3bd04dcb4ef57ea6d484a5a409438804,[Unnamed Skill],1.0,Type-1 (Verbatim)
4015c54a3bd04dcb4ef57ea6d484a5a409438804,[Unnamed Skill],4015c54a3bd04dcb4ef57ea6d484a5a409438804,[Unnamed Skill],1.0,Type-1 (Verbatim)
2f14076e59e6ce5cd6f88007421a85f0bd772520,[Unnamed Skill],2f14076e59e6ce5cd6f88007421a85f0bd772520,[Unnamed Skill],1.0,Type-1 (Verbatim)
2f14076e59e6ce5cd6f88007421a85f0bd772520,[Unnamed Skill],2f14076e59e6ce5cd6f88007421a85f0bd772520,[Unnamed Skill],1.0,Type-1 (Verbatim)
2f14076e59e6ce5cd6f88007421a85f0bd772520,[Unnamed Skill],2f14076e59e6ce5cd6f88007421a85f0bd772520,[Unnamed Skill],1.0,Type-1 (Verbatim)
9cf14678ac517ad38d149e19a762bcdd358e499d,[Unnamed Skill],9cf14678ac517ad38d149e19a762bcdd358e499d,[Unnamed Skill],1.0,Type-1 (Verbatim)
9cf14678ac517ad38d149e19a762bcdd358e499d,[Unnamed Skill],9cf14678ac517ad38d149e19a762bcdd358e499d,[Unnamed Skill],1.0,Type-1 (Verbatim)
c7b0397fa24ef2b5873552a6a8bcea02b068297f,[Unnamed Skill],c7b0397fa24ef2b5873552a6a8bcea02b068297f,git-untrack,1.0,Type-1 (Verbatim)
c9a2b53a12f9bcecbbd31ab25999bbaca2c5ec88,finishing-a-development-branch,c9a2b53a12f9bcecbbd31ab25999bbaca2c5ec88,[Unnamed Skill],1.0,Type-1 (Verbatim)
9e2ec46860eeb798dc856783c465f4a4df8a169a,[Unnamed Skill],9e2ec46860eeb798dc856783c465f4a4df8a169a,openspec-archive-change,1.0,Type-1 (Verbatim)
0e2b604176f666de929af4f986433f9b5712b0da,[Unnamed Skill],0e2b604176f666de929af4f986433f9b5712b0da,smartgwt-panel-refactoring,1.0,Type-1 (Verbatim)
c142f5e56bd015449b0747f8833cd22ea954f967,security-hardening,c142f5e56bd015449b0747f8833cd22ea954f967,[Unnamed Skill],1.0,Type-1 (Verbatim)
6b4a553094c4565da68004e365b4ac265638e65e,performance-db-analysis,6b4a553094c4565da68004e365b4ac265638e65e,[Unnamed Skill],1.0,Type-1 (Verbatim)
5a437d56ac9d4311a3deb367bdc43ec530033a29,[Unnamed Skill],5a437d56ac9d4311a3deb367bdc43ec530033a29,[Unnamed Skill],1.0,Type-1 (Verbatim)
5a437d56ac9d4311a3deb367bdc43ec530033a29,[Unnamed Skill],5a437d56ac9d4311a3deb367bdc43ec530033a29,[Unnamed Skill],1.0,Type-1 (Verbatim)
829601afe09fe81afee1dacae53c971876024d70,[Unnamed Skill],829601afe09fe81afee1dacae53c971876024d70,java-quarkus-development,1.0,Type-1 (Verbatim)
2ca01b39186e296594d234a8065eb176e5a8c4eb,app-common-event-generator,2ca01b39186e296594d234a8065eb176e5a8c4eb,[Unnamed Skill],1.0,Type-1 (Verbatim)
ea1434f66778502974c78e0ca0016d030534c369,[Unnamed Skill],ea1434f66778502974c78e0ca0016d030534c369,[Unnamed Skill],1.0,Type-1 (Verbatim)
54126d909e3d7a0109e0b81391dd859a2ff158e5,[Unnamed Skill],54126d909e3d7a0109e0b81391dd859a2ff158e5,pr-writer,1.0,Type-1 (Verbatim)
7b9a3840df2959e3709225dd69b05b6b40dd1e82,[Unnamed Skill],7b9a3840df2959e3709225dd69b05b6b40dd1e82,[Unnamed Skill],1.0,Type-1 (Verbatim)
a42acf163ec2288cef44989109d8352dd4e98202,app-usecase-generator,a42acf163ec2288cef44989109d8352dd4e98202,[Unnamed Skill],1.0,Type-1 (Verbatim)
600b6db41fac7e2081c7528ec6982960892c819d,[Unnamed Skill],600b6db41fac7e2081c7528ec6982960892c819d,[Unnamed Skill],1.0,Type-1 (Verbatim)
600b6db41fac7e2081c7528ec6982960892c819d,[Unnamed Skill],600b6db41fac7e2081c7528ec6982960892c819d,[Unnamed Skill],1.0,Type-1 (Verbatim)
600b6db41fac7e2081c7528ec6982960892c819d,[Unnamed Skill],600b6db41fac7e2081c7528ec6982960892c819d,[Unnamed Skill],1.0,Type-1 (Verbatim)
600b6db41fac7e2081c7528ec6982960892c819d,[Unnamed Skill],600b6db41fac7e2081c7528ec6982960892c819d,[Unnamed Skill],1.0,Type-1 (Verbatim)
600b6db41fac7e2081c7528ec6982960892c819d,[Unnamed Skill],600b6db41fac7e2081c7528ec6982960892c819d,[Unnamed Skill],1.0,Type-1 (Verbatim)
7658a7d7c3e455156c79b6b9b1292e6b397d4ade,[Unnamed Skill],7658a7d7c3e455156c79b6b9b1292e6b397d4ade,[Unnamed Skill],1.0,Type-1 (Verbatim)
7658a7d7c3e455156c79b6b9b1292e6b397d4ade,[Unnamed Skill],7658a7d7c3e455156c79b6b9b1292e6b397d4ade,[Unnamed Skill],1.0,Type-1 (Verbatim)
7658a7d7c3e455156c79b6b9b1292e6b397d4ade,[Unnamed Skill],7658a7d7c3e455156c79b6b9b1292e6b397d4ade,[Unnamed Skill],1.0,Type-1 (Verbatim)
ca926a7d2c3c9186d2b7b8aa1ec359ed568071a5,app-crash-analysis,ca926a7d2c3c9186d2b7b8aa1ec359ed568071a5,[Unnamed Skill],1.0,Type-1 (Verbatim)
5d5ab466b3d17c8f1051edd66892cbac2b06c99f,web-research,5d5ab466b3d17c8f1051edd66892cbac2b06c99f,[Unnamed Skill],1.0,Type-1 (Verbatim)
8dbf701ce8145da2b2370038633b191c8bfa054a,[Unnamed Skill],8dbf701ce8145da2b2370038633b191c8bfa054a,[Unnamed Skill],1.0,Type-1 (Verbatim)
778f22e25891b81648b0919332554beab9a68f43,[Unnamed Skill],778f22e25891b81648b0919332554beab9a68f43,[Unnamed Skill],1.0,Type-1 (Verbatim)
778f22e25891b81648b0919332554beab9a68f43,[Unnamed Skill],778f22e25891b81648b0919332554beab9a68f43,[Unnamed Skill],1.0,Type-1 (Verbatim)
c3635c58f6daae42287750eea36420075c0756f4,[Unnamed Skill],c3635c58f6daae42287750eea36420075c0756f4,[Unnamed Skill],1.0,Type-1 (Verbatim)
c3635c58f6daae42287750eea36420075c0756f4,[Unnamed Skill],c3635c58f6daae42287750eea36420075c0756f4,container,1.0,Type-1 (Verbatim)
fb0215047f14cbf87700307264d46cb160bdd2fe,github-issues,fb0215047f14cbf87700307264d46cb160bdd2fe,[Unnamed Skill],1.0,Type-1 (Verbatim)
4b12ab4e7c271355d8746798ecfca8a78009f8b4,[Unnamed Skill],4b12ab4e7c271355d8746798ecfca8a78009f8b4,[Unnamed Skill],1.0,Type-1 (Verbatim)
4b12ab4e7c271355d8746798ecfca8a78009f8b4,[Unnamed Skill],4b12ab4e7c271355d8746798ecfca8a78009f8b4,[Unnamed Skill],1.0,Type-1 (Verbatim)
e2f6233b1eb4b79c10a934cde2da17e0ce7e4861,[Unnamed Skill],e2f6233b1eb4b79c10a934cde2da17e0ce7e4861,[Unnamed Skill],1.0,Type-1 (Verbatim)
e2f6233b1eb4b79c10a934cde2da17e0ce7e4861,[Unnamed Skill],e2f6233b1eb4b79c10a934cde2da17e0ce7e4861,[Unnamed Skill],1.0,Type-1 (Verbatim)
e2f6233b1eb4b79c10a934cde2da17e0ce7e4861,[Unnamed Skill],e2f6233b1eb4b79c10a934cde2da17e0ce7e4861,[Unnamed Skill],1.0,Type-1 (Verbatim)
e2f6233b1eb4b79c10a934cde2da17e0ce7e4861,[Unnamed Skill],e2f6233b1eb4b79c10a934cde2da17e0ce7e4861,tycho-build-and-target-platform,1.0,Type-1 (Verbatim)
fbaf481543b90e1a97b6ac08ec675dca21fe59c6,eel,fbaf481543b90e1a97b6ac08ec675dca21fe59c6,[Unnamed Skill],1.0,Type-1 (Verbatim)
0bcf33070b9d060d32828ea0c72d092c63589eec,run-plugin,0bcf33070b9d060d32828ea0c72d092c63589eec,[Unnamed Skill],1.0,Type-1 (Verbatim)
9ccba6cc21c22f68dac4b090b9459adeb87548a8,[Unnamed Skill],9ccba6cc21c22f68dac4b090b9459adeb87548a8,[Unnamed Skill],1.0,Type-1 (Verbatim)
9ccba6cc21c22f68dac4b090b9459adeb87548a8,[Unnamed Skill],9ccba6cc21c22f68dac4b090b9459adeb87548a8,[Unnamed Skill],1.0,Type-1 (Verbatim)
9ccba6cc21c22f68dac4b090b9459adeb87548a8,[Unnamed Skill],9ccba6cc21c22f68dac4b090b9459adeb87548a8,[Unnamed Skill],1.0,Type-1 (Verbatim)
9ccba6cc21c22f68dac4b090b9459adeb87548a8,[Unnamed Skill],9ccba6cc21c22f68dac4b090b9459adeb87548a8,spring-boot-engineer,1.0,Type-1 (Verbatim)
d586012a9db0aed49e7c84693c6e4c6a1af41e5e,[Unnamed Skill],d586012a9db0aed49e7c84693c6e4c6a1af41e5e,[Unnamed Skill],1.0,Type-1 (Verbatim)
d586012a9db0aed49e7c84693c6e4c6a1af41e5e,[Unnamed Skill],d586012a9db0aed49e7c84693c6e4c6a1af41e5e,[Unnamed Skill],1.0,Type-1 (Verbatim)
d586012a9db0aed49e7c84693c6e4c6a1af41e5e,[Unnamed Skill],d586012a9db0aed49e7c84693c6e4c6a1af41e5e,[Unnamed Skill],1.0,Type-1 (Verbatim)
d586012a9db0aed49e7c84693c6e4c6a1af41e5e,[Unnamed Skill],d586012a9db0aed49e7c84693c6e4c6a1af41e5e,[Unnamed Skill],1.0,Type-1 (Verbatim)
d586012a9db0aed49e7c84693c6e4c6a1af41e5e,[Unnamed Skill],d586012a9db0aed49e7c84693c6e4c6a1af41e5e,[Unnamed Skill],1.0,Type-1 (Verbatim)
d586012a9db0aed49e7c84693c6e4c6a1af41e5e,[Unnamed Skill],d586012a9db0aed49e7c84693c6e4c6a1af41e5e,[Unnamed Skill],1.0,Type-1 (Verbatim)
e0da8d12d78ff9c4984c30a28ea4981bf302fd9c,openspec-ff-change,e0da8d12d78ff9c4984c30a28ea4981bf302fd9c,[Unnamed Skill],1.0,Type-1 (Verbatim)
a7d983fa5e23bed7d1c2d6d5ab726f2168b5aa55,[Unnamed Skill],a7d983fa5e23bed7d1c2d6d5ab726f2168b5aa55,[Unnamed Skill],1.0,Type-1 (Verbatim)
a7d983fa5e23bed7d1c2d6d5ab726f2168b5aa55,[Unnamed Skill],a7d983fa5e23bed7d1c2d6d5ab726f2168b5aa55,[Unnamed Skill],1.0,Type-1 (Verbatim)
5be498e2585843c7137bf9a74e262f57415de5ce,[Unnamed Skill],5be498e2585843c7137bf9a74e262f57415de5ce,[Unnamed Skill],1.0,Type-1 (Verbatim)
5be498e2585843c7137bf9a74e262f57415de5ce,[Unnamed Skill],5be498e2585843c7137bf9a74e262f57415de5ce,[Unnamed Skill],1.0,Type-1 (Verbatim)
5be498e2585843c7137bf9a74e262f57415de5ce,[Unnamed Skill],5be498e2585843c7137bf9a74e262f57415de5ce,[Unnamed Skill],1.0,Type-1 (Verbatim)
5be498e2585843c7137bf9a74e262f57415de5ce,[Unnamed Skill],5be498e2585843c7137bf9a74e262f57415de5ce,[Unnamed Skill],1.0,Type-1 (Verbatim)
5be498e2585843c7137bf9a74e262f57415de5ce,[Unnamed Skill],5be498e2585843c7137bf9a74e262f57415de5ce,[Unnamed Skill],1.0,Type-1 (Verbatim)
5be498e2585843c7137bf9a74e262f57415de5ce,[Unnamed Skill],5be498e2585843c7137bf9a74e262f57415de5ce,[Unnamed Skill],1.0,Type-1 (Verbatim)
5be498e2585843c7137bf9a74e262f57415de5ce,[Unnamed Skill],5be498e2585843c7137bf9a74e262f57415de5ce,[Unnamed Skill],1.0,Type-1 (Verbatim)
5be498e2585843c7137bf9a74e262f57415de5ce,[Unnamed Skill],5be498e2585843c7137bf9a74e262f57415de5ce,[Unnamed Skill],1.0,Type-1 (Verbatim)
5be498e2585843c7137bf9a74e262f57415de5ce,[Unnamed Skill],5be498e2585843c7137bf9a74e262f57415de5ce,[Unnamed Skill],1.0,Type-1 (Verbatim)
5be498e2585843c7137bf9a74e262f57415de5ce,[Unnamed Skill],5be498e2585843c7137bf9a74e262f57415de5ce,[Unnamed Skill],1.0,Type-1 (Verbatim)
5be498e2585843c7137bf9a74e262f57415de5ce,[Unnamed Skill],5be498e2585843c7137bf9a74e262f57415de5ce,[Unnamed Skill],1.0,Type-1 (Verbatim)
f709fde713614cadf12758f1138596b6e79b3d07,[Unnamed Skill],f709fde713614cadf12758f1138596b6e79b3d07,[Unnamed Skill],1.0,Type-1 (Verbatim)
244461d22e3599e80d7eb570dae4f2ce1dbe2c78,[Unnamed Skill],244461d22e3599e80d7eb570dae4f2ce1dbe2c78,create-issue-himarket,1.0,Type-1 (Verbatim)
e577ef3c5d1a4f4417197ac77a36f13690f5f250,[Unnamed Skill],e577ef3c5d1a4f4417197ac77a36f13690f5f250,openspec-ff-change,1.0,Type-1 (Verbatim)
d315517713c7d1a510f87f4791623b12f537c3ec,openspec-sync-specs,d315517713c7d1a510f87f4791623b12f537c3ec,[Unnamed Skill],1.0,Type-1 (Verbatim)
3f49ef760d598a0d8d413bfbd0d1bac68169b5bd,[Unnamed Skill],3f49ef760d598a0d8d413bfbd0d1bac68169b5bd,java-springboot,1.0,Type-1 (Verbatim)
675fdbe215d192b4910562191b8189fd4a1216cc,[Unnamed Skill],675fdbe215d192b4910562191b8189fd4a1216cc,[Unnamed Skill],1.0,Type-1 (Verbatim)
780f4e849efe85febf79251836e09909a9bd4188,[Unnamed Skill],780f4e849efe85febf79251836e09909a9bd4188,[Unnamed Skill],1.0,Type-1 (Verbatim)
4c7e3aaedecc744278eee48b19380d9d58f60e3e,[Unnamed Skill],4c7e3aaedecc744278eee48b19380d9d58f60e3e,[Unnamed Skill],1.0,Type-1 (Verbatim)
4c7e3aaedecc744278eee48b19380d9d58f60e3e,[Unnamed Skill],4c7e3aaedecc744278eee48b19380d9d58f60e3e,[Unnamed Skill],1.0,Type-1 (Verbatim)
4c7e3aaedecc744278eee48b19380d9d58f60e3e,[Unnamed Skill],4c7e3aaedecc744278eee48b19380d9d58f60e3e,[Unnamed Skill],1.0,Type-1 (Verbatim)
4c7e3aaedecc744278eee48b19380d9d58f60e3e,[Unnamed Skill],4c7e3aaedecc744278eee48b19380d9d58f60e3e,[Unnamed Skill],1.0,Type-1 (Verbatim)
ff2866dd0a078efafaaea11164bdedb737a69050,[Unnamed Skill],ff2866dd0a078efafaaea11164bdedb737a69050,[Unnamed Skill],1.0,Type-1 (Verbatim)
ff2866dd0a078efafaaea11164bdedb737a69050,[Unnamed Skill],ff2866dd0a078efafaaea11164bdedb737a69050,[Unnamed Skill],1.0,Type-1 (Verbatim)
f2ed9ec7bb1933a4883d5305f7e6134f7e5f415c,[Unnamed Skill],f2ed9ec7bb1933a4883d5305f7e6134f7e5f415c,[Unnamed Skill],1.0,Type-1 (Verbatim)
f2ed9ec7bb1933a4883d5305f7e6134f7e5f415c,[Unnamed Skill],f2ed9ec7bb1933a4883d5305f7e6134f7e5f415c,[Unnamed Skill],1.0,Type-1 (Verbatim)
f2ed9ec7bb1933a4883d5305f7e6134f7e5f415c,[Unnamed Skill],f2ed9ec7bb1933a4883d5305f7e6134f7e5f415c,[Unnamed Skill],1.0,Type-1 (Verbatim)
f2ed9ec7bb1933a4883d5305f7e6134f7e5f415c,[Unnamed Skill],f2ed9ec7bb1933a4883d5305f7e6134f7e5f415c,[Unnamed Skill],1.0,Type-1 (Verbatim)
f2ed9ec7bb1933a4883d5305f7e6134f7e5f415c,[Unnamed Skill],f2ed9ec7bb1933a4883d5305f7e6134f7e5f415c,[Unnamed Skill],1.0,Type-1 (Verbatim)
f2ed9ec7bb1933a4883d5305f7e6134f7e5f415c,[Unnamed Skill],f2ed9ec7bb1933a4883d5305f7e6134f7e5f415c,openspec-sync-specs,1.0,Type-1 (Verbatim)
2823275993296f4b2174d3acf423d1213a029115,[Unnamed Skill],2823275993296f4b2174d3acf423d1213a029115,[Unnamed Skill],1.0,Type-1 (Verbatim)
2823275993296f4b2174d3acf423d1213a029115,[Unnamed Skill],2823275993296f4b2174d3acf423d1213a029115,[Unnamed Skill],1.0,Type-1 (Verbatim)
b7bbfd9a54afc1abb4c4c12e62250d94c15a7267,openspec-sync-specs,b7bbfd9a54afc1abb4c4c12e62250d94c15a7267,[Unnamed Skill],1.0,Type-1 (Verbatim)
e762405fe0831c9e491e3caca0128decd333c5e9,[Unnamed Skill],e762405fe0831c9e491e3caca0128decd333c5e9,[Unnamed Skill],1.0,Type-1 (Verbatim)
d614992d2fbdbb7b7b8d81d50151757f3c670af4,[Unnamed Skill],d614992d2fbdbb7b7b8d81d50151757f3c670af4,[Unnamed Skill],1.0,Type-1 (Verbatim)
d614992d2fbdbb7b7b8d81d50151757f3c670af4,[Unnamed Skill],d614992d2fbdbb7b7b8d81d50151757f3c670af4,[Unnamed Skill],1.0,Type-1 (Verbatim)
013b354ed8491e6deb133580dc5d3be0bdfb560b,[Unnamed Skill],013b354ed8491e6deb133580dc5d3be0bdfb560b,[Unnamed Skill],1.0,Type-1 (Verbatim)
013b354ed8491e6deb133580dc5d3be0bdfb560b,[Unnamed Skill],013b354ed8491e6deb133580dc5d3be0bdfb560b,[Unnamed Skill],1.0,Type-1 (Verbatim)
ff6a8e11349ea93850eea33433aaaf2da2470590,[Unnamed Skill],ff6a8e11349ea93850eea33433aaaf2da2470590,c5-business-integration,1.0,Type-1 (Verbatim)
11b1baf1c9ad68a1681314c42c2cadd954521fa6,simulator-automation,11b1baf1c9ad68a1681314c42c2cadd954521fa6,[Unnamed Skill],1.0,Type-1 (Verbatim)
d4f8d66235603ebacc0ccef2f25758c7d623c8b2,[Unnamed Skill],d4f8d66235603ebacc0ccef2f25758c7d623c8b2,[Unnamed Skill],1.0,Type-1 (Verbatim)
d4f8d66235603ebacc0ccef2f25758c7d623c8b2,[Unnamed Skill],d4f8d66235603ebacc0ccef2f25758c7d623c8b2,[Unnamed Skill],1.0,Type-1 (Verbatim)
9f5aaebbf9e774afa76c88ae261efe306121606f,[Unnamed Skill],9f5aaebbf9e774afa76c88ae261efe306121606f,[Unnamed Skill],1.0,Type-1 (Verbatim)
c2af91781b5d68c3acf9d690d251c7cf82760e25,[Unnamed Skill],c2af91781b5d68c3acf9d690d251c7cf82760e25,multi-format-patch,1.0,Type-1 (Verbatim)
090389cb706a890a13a9cdf0d5475e133b525ae0,[Unnamed Skill],090389cb706a890a13a9cdf0d5475e133b525ae0,[Unnamed Skill],1.0,Type-1 (Verbatim)
090389cb706a890a13a9cdf0d5475e133b525ae0,[Unnamed Skill],090389cb706a890a13a9cdf0d5475e133b525ae0,[Unnamed Skill],1.0,Type-1 (Verbatim)
37b38eb35358f6c2de6b2698a64bd73989997934,[Unnamed Skill],37b38eb35358f6c2de6b2698a64bd73989997934,[Unnamed Skill],1.0,Type-1 (Verbatim)
37b38eb35358f6c2de6b2698a64bd73989997934,[Unnamed Skill],37b38eb35358f6c2de6b2698a64bd73989997934,[Unnamed Skill],1.0,Type-1 (Verbatim)
37b38eb35358f6c2de6b2698a64bd73989997934,[Unnamed Skill],37b38eb35358f6c2de6b2698a64bd73989997934,[Unnamed Skill],1.0,Type-1 (Verbatim)
37b38eb35358f6c2de6b2698a64bd73989997934,[Unnamed Skill],37b38eb35358f6c2de6b2698a64bd73989997934,[Unnamed Skill],1.0,Type-1 (Verbatim)
37b38eb35358f6c2de6b2698a64bd73989997934,[Unnamed Skill],37b38eb35358f6c2de6b2698a64bd73989997934,[Unnamed Skill],1.0,Type-1 (Verbatim)
97c3e5e3a4e71707c9a4ca4928906377272e5826,[Unnamed Skill],97c3e5e3a4e71707c9a4ca4928906377272e5826,[Unnamed Skill],1.0,Type-1 (Verbatim)
97c3e5e3a4e71707c9a4ca4928906377272e5826,[Unnamed Skill],97c3e5e3a4e71707c9a4ca4928906377272e5826,[Unnamed Skill],1.0,Type-1 (Verbatim)
97c3e5e3a4e71707c9a4ca4928906377272e5826,[Unnamed Skill],97c3e5e3a4e71707c9a4ca4928906377272e5826,[Unnamed Skill],1.0,Type-1 (Verbatim)
97c3e5e3a4e71707c9a4ca4928906377272e5826,[Unnamed Skill],97c3e5e3a4e71707c9a4ca4928906377272e5826,[Unnamed Skill],1.0,Type-1 (Verbatim)
06fb7072c5232d947f078783b8973b939976138d,[Unnamed Skill],06fb7072c5232d947f078783b8973b939976138d,[Unnamed Skill],1.0,Type-1 (Verbatim)
03abb31a1692d7e396568f9be90fc6eb1c218375,[Unnamed Skill],03abb31a1692d7e396568f9be90fc6eb1c218375,Code Reviewer Skills,1.0,Type-1 (Verbatim)
9f0bec8b71fd0e3056720b597c1afebd9dbed4b4,[Unnamed Skill],9f0bec8b71fd0e3056720b597c1afebd9dbed4b4,observability,1.0,Type-1 (Verbatim)
b8132d287dbb6b3eac120514e9b5728dd431f7fc,prompt-optimizer,b8132d287dbb6b3eac120514e9b5728dd431f7fc,[Unnamed Skill],1.0,Type-1 (Verbatim)
b73ea7edecb0e2c46dfa8121d09a05d3e21185a2,[Unnamed Skill],b73ea7edecb0e2c46dfa8121d09a05d3e21185a2,[Unnamed Skill],1.0,Type-1 (Verbatim)
aea00fb1612b73b6005ba730668b1e88790368c1,[Unnamed Skill],aea00fb1612b73b6005ba730668b1e88790368c1,[Unnamed Skill],1.0,Type-1 (Verbatim)
aea00fb1612b73b6005ba730668b1e88790368c1,[Unnamed Skill],aea00fb1612b73b6005ba730668b1e88790368c1,[Unnamed Skill],1.0,Type-1 (Verbatim)
c797184ee66bbfd8b60c58b5efdb91880ae8e991,[Unnamed Skill],c797184ee66bbfd8b60c58b5efdb91880ae8e991,[Unnamed Skill],1.0,Type-1 (Verbatim)
05518eed3a12c3384e14b9d42e271f7ff722a095,[Unnamed Skill],05518eed3a12c3384e14b9d42e271f7ff722a095,[Unnamed Skill],1.0,Type-1 (Verbatim)
05518eed3a12c3384e14b9d42e271f7ff722a095,[Unnamed Skill],05518eed3a12c3384e14b9d42e271f7ff722a095,[Unnamed Skill],1.0,Type-1 (Verbatim)
4b57621a0564bdbb40d5beb2cf63684b0f3e8a51,[Unnamed Skill],4b57621a0564bdbb40d5beb2cf63684b0f3e8a51,[Unnamed Skill],1.0,Type-1 (Verbatim)
4b57621a0564bdbb40d5beb2cf63684b0f3e8a51,[Unnamed Skill],4b57621a0564bdbb40d5beb2cf63684b0f3e8a51,[Unnamed Skill],1.0,Type-1 (Verbatim)
4b57621a0564bdbb40d5beb2cf63684b0f3e8a51,[Unnamed Skill],4b57621a0564bdbb40d5beb2cf63684b0f3e8a51,[Unnamed Skill],1.0,Type-1 (Verbatim)
4b57621a0564bdbb40d5beb2cf63684b0f3e8a51,[Unnamed Skill],4b57621a0564bdbb40d5beb2cf63684b0f3e8a51,openspec-propose,1.0,Type-1 (Verbatim)
4b57621a0564bdbb40d5beb2cf63684b0f3e8a51,openspec-propose,4b57621a0564bdbb40d5beb2cf63684b0f3e8a51,[Unnamed Skill],1.0,Type-1 (Verbatim)
4b7e204184f2119378d4d07dec484028dd308ade,[Unnamed Skill],4b7e204184f2119378d4d07dec484028dd308ade,[Unnamed Skill],1.0,Type-1 (Verbatim)
4b7e204184f2119378d4d07dec484028dd308ade,[Unnamed Skill],4b7e204184f2119378d4d07dec484028dd308ade,[Unnamed Skill],1.0,Type-1 (Verbatim)
4b7e204184f2119378d4d07dec484028dd308ade,[Unnamed Skill],4b7e204184f2119378d4d07dec484028dd308ade,[Unnamed Skill],1.0,Type-1 (Verbatim)
4b7e204184f2119378d4d07dec484028dd308ade,[Unnamed Skill],4b7e204184f2119378d4d07dec484028dd308ade,[Unnamed Skill],1.0,Type-1 (Verbatim)
4b7e204184f2119378d4d07dec484028dd308ade,[Unnamed Skill],4b7e204184f2119378d4d07dec484028dd308ade,[Unnamed Skill],1.0,Type-1 (Verbatim)
4b7e204184f2119378d4d07dec484028dd308ade,[Unnamed Skill],4b7e204184f2119378d4d07dec484028dd308ade,[Unnamed Skill],1.0,Type-1 (Verbatim)
4b7e204184f2119378d4d07dec484028dd308ade,[Unnamed Skill],4b7e204184f2119378d4d07dec484028dd308ade,[Unnamed Skill],1.0,Type-1 (Verbatim)
4b7e204184f2119378d4d07dec484028dd308ade,[Unnamed Skill],4b7e204184f2119378d4d07dec484028dd308ade,[Unnamed Skill],1.0,Type-1 (Verbatim)
d27bc5312cac823cc4b30d7d28eed9cd17b7a168,[Unnamed Skill],d27bc5312cac823cc4b30d7d28eed9cd17b7a168,[Unnamed Skill],1.0,Type-1 (Verbatim)
d27bc5312cac823cc4b30d7d28eed9cd17b7a168,[Unnamed Skill],d27bc5312cac823cc4b30d7d28eed9cd17b7a168,[Unnamed Skill],1.0,Type-1 (Verbatim)
d27bc5312cac823cc4b30d7d28eed9cd17b7a168,[Unnamed Skill],d27bc5312cac823cc4b30d7d28eed9cd17b7a168,[Unnamed Skill],1.0,Type-1 (Verbatim)
d27bc5312cac823cc4b30d7d28eed9cd17b7a168,[Unnamed Skill],d27bc5312cac823cc4b30d7d28eed9cd17b7a168,[Unnamed Skill],1.0,Type-1 (Verbatim)
d27bc5312cac823cc4b30d7d28eed9cd17b7a168,[Unnamed Skill],d27bc5312cac823cc4b30d7d28eed9cd17b7a168,[Unnamed Skill],1.0,Type-1 (Verbatim)
d27bc5312cac823cc4b30d7d28eed9cd17b7a168,[Unnamed Skill],d27bc5312cac823cc4b30d7d28eed9cd17b7a168,[Unnamed Skill],1.0,Type-1 (Verbatim)
d27bc5312cac823cc4b30d7d28eed9cd17b7a168,[Unnamed Skill],d27bc5312cac823cc4b30d7d28eed9cd17b7a168,[Unnamed Skill],1.0,Type-1 (Verbatim)
b92cb90fd9aaed51717b7885d7b0cb0f24576067,[Unnamed Skill],b92cb90fd9aaed51717b7885d7b0cb0f24576067,[Unnamed Skill],1.0,Type-1 (Verbatim)
4c549b92e9ee290e81561b38af749072dc98b564,[Unnamed Skill],4c549b92e9ee290e81561b38af749072dc98b564,[Unnamed Skill],1.0,Type-1 (Verbatim)
843b7d1c9565433e7d1f42fb582f078370f29651,[Unnamed Skill],843b7d1c9565433e7d1f42fb582f078370f29651,frontend-architecture-guardian,1.0,Type-1 (Verbatim)
20886339dba853832087af4cb71c80389d5cad2c,[Unnamed Skill],20886339dba853832087af4cb71c80389d5cad2c,[Unnamed Skill],1.0,Type-1 (Verbatim)
9ea16ebf5debc478b044641082384ff5b8422e9f,[Unnamed Skill],9ea16ebf5debc478b044641082384ff5b8422e9f,[Unnamed Skill],1.0,Type-1 (Verbatim)
47d4bc2450109b2e640210bd076b6d64c2c05566,[Unnamed Skill],47d4bc2450109b2e640210bd076b6d64c2c05566,[Unnamed Skill],1.0,Type-1 (Verbatim)
47d4bc2450109b2e640210bd076b6d64c2c05566,[Unnamed Skill],47d4bc2450109b2e640210bd076b6d64c2c05566,[Unnamed Skill],1.0,Type-1 (Verbatim)
47d4bc2450109b2e640210bd076b6d64c2c05566,[Unnamed Skill],47d4bc2450109b2e640210bd076b6d64c2c05566,[Unnamed Skill],1.0,Type-1 (Verbatim)
d474dc13555f1784255f373108004a32afe748af,[Unnamed Skill],d474dc13555f1784255f373108004a32afe748af,[Unnamed Skill],1.0,Type-1 (Verbatim)
d474dc13555f1784255f373108004a32afe748af,[Unnamed Skill],d474dc13555f1784255f373108004a32afe748af,[Unnamed Skill],1.0,Type-1 (Verbatim)
d474dc13555f1784255f373108004a32afe748af,[Unnamed Skill],d474dc13555f1784255f373108004a32afe748af,[Unnamed Skill],1.0,Type-1 (Verbatim)
d474dc13555f1784255f373108004a32afe748af,[Unnamed Skill],d474dc13555f1784255f373108004a32afe748af,[Unnamed Skill],1.0,Type-1 (Verbatim)
d474dc13555f1784255f373108004a32afe748af,[Unnamed Skill],d474dc13555f1784255f373108004a32afe748af,[Unnamed Skill],1.0,Type-1 (Verbatim)
d474dc13555f1784255f373108004a32afe748af,[Unnamed Skill],d474dc13555f1784255f373108004a32afe748af,[Unnamed Skill],1.0,Type-1 (Verbatim)
d474dc13555f1784255f373108004a32afe748af,[Unnamed Skill],d474dc13555f1784255f373108004a32afe748af,[Unnamed Skill],1.0,Type-1 (Verbatim)
716375ac7d8193dbd70f43941eb5ff6eac247c9c,[Unnamed Skill],716375ac7d8193dbd70f43941eb5ff6eac247c9c,[Unnamed Skill],1.0,Type-1 (Verbatim)
716375ac7d8193dbd70f43941eb5ff6eac247c9c,[Unnamed Skill],716375ac7d8193dbd70f43941eb5ff6eac247c9c,[Unnamed Skill],1.0,Type-1 (Verbatim)
716375ac7d8193dbd70f43941eb5ff6eac247c9c,[Unnamed Skill],716375ac7d8193dbd70f43941eb5ff6eac247c9c,[Unnamed Skill],1.0,Type-1 (Verbatim)
716375ac7d8193dbd70f43941eb5ff6eac247c9c,[Unnamed Skill],716375ac7d8193dbd70f43941eb5ff6eac247c9c,openspec-apply-change,1.0,Type-1 (Verbatim)
716375ac7d8193dbd70f43941eb5ff6eac247c9c,openspec-apply-change,716375ac7d8193dbd70f43941eb5ff6eac247c9c,[Unnamed Skill],1.0,Type-1 (Verbatim)
716375ac7d8193dbd70f43941eb5ff6eac247c9c,[Unnamed Skill],716375ac7d8193dbd70f43941eb5ff6eac247c9c,[Unnamed Skill],1.0,Type-1 (Verbatim)
716375ac7d8193dbd70f43941eb5ff6eac247c9c,[Unnamed Skill],716375ac7d8193dbd70f43941eb5ff6eac247c9c,[Unnamed Skill],1.0,Type-1 (Verbatim)
716375ac7d8193dbd70f43941eb5ff6eac247c9c,[Unnamed Skill],716375ac7d8193dbd70f43941eb5ff6eac247c9c,[Unnamed Skill],1.0,Type-1 (Verbatim)
716375ac7d8193dbd70f43941eb5ff6eac247c9c,[Unnamed Skill],716375ac7d8193dbd70f43941eb5ff6eac247c9c,[Unnamed Skill],1.0,Type-1 (Verbatim)
716375ac7d8193dbd70f43941eb5ff6eac247c9c,[Unnamed Skill],716375ac7d8193dbd70f43941eb5ff6eac247c9c,[Unnamed Skill],1.0,Type-1 (Verbatim)
9f31f2c268c73bf2bf6d323c4ea4fdaa8c8b8e9e,[Unnamed Skill],9f31f2c268c73bf2bf6d323c4ea4fdaa8c8b8e9e,[Unnamed Skill],1.0,Type-1 (Verbatim)
9f31f2c268c73bf2bf6d323c4ea4fdaa8c8b8e9e,[Unnamed Skill],9f31f2c268c73bf2bf6d323c4ea4fdaa8c8b8e9e,[Unnamed Skill],1.0,Type-1 (Verbatim)
95a76c601ca9337251e94a6023fb96ab22e08775,[Unnamed Skill],95a76c601ca9337251e94a6023fb96ab22e08775,[Unnamed Skill],1.0,Type-1 (Verbatim)
28eeb091d6f79e8a72c14e7d7943ea1fcd904f39,[Unnamed Skill],28eeb091d6f79e8a72c14e7d7943ea1fcd904f39,[Unnamed Skill],1.0,Type-1 (Verbatim)
709d7d3f4b251110d56ae4ff2d2e35e5124cb9a3,[Unnamed Skill],709d7d3f4b251110d56ae4ff2d2e35e5124cb9a3,[Unnamed Skill],1.0,Type-1 (Verbatim)
709d7d3f4b251110d56ae4ff2d2e35e5124cb9a3,[Unnamed Skill],709d7d3f4b251110d56ae4ff2d2e35e5124cb9a3,[Unnamed Skill],1.0,Type-1 (Verbatim)
734cac27868f41fbce9bbe507b0cf938128fcd56,[Unnamed Skill],734cac27868f41fbce9bbe507b0cf938128fcd56,[Unnamed Skill],1.0,Type-1 (Verbatim)
426ac59e70ded8dd9ecf91657960292aa85661e9,[Unnamed Skill],426ac59e70ded8dd9ecf91657960292aa85661e9,java-jpa-hibernate,1.0,Type-1 (Verbatim)
69d6892c1a64980e2cf81019417fab83c227e447,[Unnamed Skill],69d6892c1a64980e2cf81019417fab83c227e447,[Unnamed Skill],1.0,Type-1 (Verbatim)
257210fece45178e42d27c3fe6d05bdca7a15dcc,retrospective-loop,257210fece45178e42d27c3fe6d05bdca7a15dcc,[Unnamed Skill],1.0,Type-1 (Verbatim)
f7e89beb895d86ddfc7e9da0c657760308e39aca,java-development,f7e89beb895d86ddfc7e9da0c657760308e39aca,[Unnamed Skill],1.0,Type-1 (Verbatim)
a54337879b2a3d4dc3c9a0c5c5d09ee315b2b509,[Unnamed Skill],a54337879b2a3d4dc3c9a0c5c5d09ee315b2b509,[Unnamed Skill],1.0,Type-1 (Verbatim)
a54337879b2a3d4dc3c9a0c5c5d09ee315b2b509,[Unnamed Skill],a54337879b2a3d4dc3c9a0c5c5d09ee315b2b509,[Unnamed Skill],1.0,Type-1 (Verbatim)
583b47f22aa590ea3a137eb15eadceaf3880c6c3,[Unnamed Skill],583b47f22aa590ea3a137eb15eadceaf3880c6c3,[Unnamed Skill],1.0,Type-1 (Verbatim)
583b47f22aa590ea3a137eb15eadceaf3880c6c3,[Unnamed Skill],583b47f22aa590ea3a137eb15eadceaf3880c6c3,[Unnamed Skill],1.0,Type-1 (Verbatim)
bd1b5aff4b5906b56b926962b9f652911139ee97,pencil-autoresearch,bd1b5aff4b5906b56b926962b9f652911139ee97,[Unnamed Skill],1.0,Type-1 (Verbatim)
2cdbe07e657d4ddd81b8452550ecde3656760f62,[Unnamed Skill],2cdbe07e657d4ddd81b8452550ecde3656760f62,[Unnamed Skill],1.0,Type-1 (Verbatim)
2cdbe07e657d4ddd81b8452550ecde3656760f62,[Unnamed Skill],2cdbe07e657d4ddd81b8452550ecde3656760f62,jmix-create-dto-entity,1.0,Type-1 (Verbatim)
70fbdb8569fe19d90e1eff727fd27b3ffed31723,[Unnamed Skill],70fbdb8569fe19d90e1eff727fd27b3ffed31723,openspec-apply-change,1.0,Type-1 (Verbatim)
70fbdb8569fe19d90e1eff727fd27b3ffed31723,openspec-apply-change,70fbdb8569fe19d90e1eff727fd27b3ffed31723,[Unnamed Skill],1.0,Type-1 (Verbatim)
70fbdb8569fe19d90e1eff727fd27b3ffed31723,[Unnamed Skill],70fbdb8569fe19d90e1eff727fd27b3ffed31723,[Unnamed Skill],1.0,Type-1 (Verbatim)
70fbdb8569fe19d90e1eff727fd27b3ffed31723,[Unnamed Skill],70fbdb8569fe19d90e1eff727fd27b3ffed31723,[Unnamed Skill],1.0,Type-1 (Verbatim)
70fbdb8569fe19d90e1eff727fd27b3ffed31723,[Unnamed Skill],70fbdb8569fe19d90e1eff727fd27b3ffed31723,[Unnamed Skill],1.0,Type-1 (Verbatim)
873a107103bb910a192db4d293faefb0b948d959,[Unnamed Skill],873a107103bb910a192db4d293faefb0b948d959,jspecify-skill,1.0,Type-1 (Verbatim)
a8cc1b9aafdf546f4065aaa0b545950c489cb240,infra-bc-repository-generator,a8cc1b9aafdf546f4065aaa0b545950c489cb240,[Unnamed Skill],1.0,Type-1 (Verbatim)
be4d784e0dfd5bfcf3d4383b62496565e3d3cd51,[Unnamed Skill],be4d784e0dfd5bfcf3d4383b62496565e3d3cd51,[Unnamed Skill],1.0,Type-1 (Verbatim)
be4d784e0dfd5bfcf3d4383b62496565e3d3cd51,[Unnamed Skill],be4d784e0dfd5bfcf3d4383b62496565e3d3cd51,[Unnamed Skill],1.0,Type-1 (Verbatim)
be4d784e0dfd5bfcf3d4383b62496565e3d3cd51,[Unnamed Skill],be4d784e0dfd5bfcf3d4383b62496565e3d3cd51,[Unnamed Skill],1.0,Type-1 (Verbatim)
be4d784e0dfd5bfcf3d4383b62496565e3d3cd51,[Unnamed Skill],be4d784e0dfd5bfcf3d4383b62496565e3d3cd51,[Unnamed Skill],1.0,Type-1 (Verbatim)
be4d784e0dfd5bfcf3d4383b62496565e3d3cd51,[Unnamed Skill],be4d784e0dfd5bfcf3d4383b62496565e3d3cd51,[Unnamed Skill],1.0,Type-1 (Verbatim)
e29bdd92bb3f50a60307b5aad12cf058cbaa82b9,[Unnamed Skill],e29bdd92bb3f50a60307b5aad12cf058cbaa82b9,[Unnamed Skill],1.0,Type-1 (Verbatim)
e29bdd92bb3f50a60307b5aad12cf058cbaa82b9,[Unnamed Skill],e29bdd92bb3f50a60307b5aad12cf058cbaa82b9,[Unnamed Skill],1.0,Type-1 (Verbatim)
f785d7faa29fa9ab86fbbfd1bca15abb4c26bdd7,[Unnamed Skill],f785d7faa29fa9ab86fbbfd1bca15abb4c26bdd7,bisq2-javafx-ui,1.0,Type-1 (Verbatim)
ab328d5fb842a0760b6152ff8b6a3beaddea2112,[Unnamed Skill],ab328d5fb842a0760b6152ff8b6a3beaddea2112,[Unnamed Skill],1.0,Type-1 (Verbatim)
ab328d5fb842a0760b6152ff8b6a3beaddea2112,[Unnamed Skill],ab328d5fb842a0760b6152ff8b6a3beaddea2112,[Unnamed Skill],1.0,Type-1 (Verbatim)
b13f4c5921e4b9d316e78faca7071c5d17424d46,[Unnamed Skill],b13f4c5921e4b9d316e78faca7071c5d17424d46,openspec-propose,1.0,Type-1 (Verbatim)
b13f4c5921e4b9d316e78faca7071c5d17424d46,openspec-propose,b13f4c5921e4b9d316e78faca7071c5d17424d46,[Unnamed Skill],1.0,Type-1 (Verbatim)
bac50c5d0cd5fe2e8bd1278b4e82f35e25453dd9,contributing,bac50c5d0cd5fe2e8bd1278b4e82f35e25453dd9,[Unnamed Skill],1.0,Type-1 (Verbatim)
aeddd29685c318520a88c64b42bb4317f8c4ea6d,openspec-apply-change,aeddd29685c318520a88c64b42bb4317f8c4ea6d,[Unnamed Skill],1.0,Type-1 (Verbatim)
4f17380bee3bef7e0af63ee136312692393876b8,[Unnamed Skill],4f17380bee3bef7e0af63ee136312692393876b8,openspec-apply-change,1.0,Type-1 (Verbatim)
d7d56291d4a3671a610a73c34aaddf6b67f2c51f,skill-creator,d7d56291d4a3671a610a73c34aaddf6b67f2c51f,[Unnamed Skill],1.0,Type-1 (Verbatim)
d7d56291d4a3671a610a73c34aaddf6b67f2c51f,[Unnamed Skill],d7d56291d4a3671a610a73c34aaddf6b67f2c51f,[Unnamed Skill],1.0,Type-1 (Verbatim)
d7d56291d4a3671a610a73c34aaddf6b67f2c51f,[Unnamed Skill],d7d56291d4a3671a610a73c34aaddf6b67f2c51f,[Unnamed Skill],1.0,Type-1 (Verbatim)
51a52e1480cd27fcdfb76f4d3af63790efab9123,[Unnamed Skill],51a52e1480cd27fcdfb76f4d3af63790efab9123,[Unnamed Skill],1.0,Type-1 (Verbatim)
51a52e1480cd27fcdfb76f4d3af63790efab9123,[Unnamed Skill],51a52e1480cd27fcdfb76f4d3af63790efab9123,[Unnamed Skill],1.0,Type-1 (Verbatim)
51a52e1480cd27fcdfb76f4d3af63790efab9123,[Unnamed Skill],51a52e1480cd27fcdfb76f4d3af63790efab9123,[Unnamed Skill],1.0,Type-1 (Verbatim)
511ee0260b64c7cc83dacdba55007b26e704286e,[Unnamed Skill],511ee0260b64c7cc83dacdba55007b26e704286e,[Unnamed Skill],1.0,Type-1 (Verbatim)
fe99cfc1a5b8767fc9cf1650f615b0f03386cad1,[Unnamed Skill],fe99cfc1a5b8767fc9cf1650f615b0f03386cad1,[Unnamed Skill],1.0,Type-1 (Verbatim)
fe99cfc1a5b8767fc9cf1650f615b0f03386cad1,[Unnamed Skill],fe99cfc1a5b8767fc9cf1650f615b0f03386cad1,[Unnamed Skill],1.0,Type-1 (Verbatim)
fe99cfc1a5b8767fc9cf1650f615b0f03386cad1,[Unnamed Skill],fe99cfc1a5b8767fc9cf1650f615b0f03386cad1,[Unnamed Skill],1.0,Type-1 (Verbatim)
fe99cfc1a5b8767fc9cf1650f615b0f03386cad1,[Unnamed Skill],fe99cfc1a5b8767fc9cf1650f615b0f03386cad1,[Unnamed Skill],1.0,Type-1 (Verbatim)
9470835a868328cddd05ce77c9628284ccb33ab7,[Unnamed Skill],9470835a868328cddd05ce77c9628284ccb33ab7,[Unnamed Skill],1.0,Type-1 (Verbatim)
9470835a868328cddd05ce77c9628284ccb33ab7,[Unnamed Skill],9470835a868328cddd05ce77c9628284ccb33ab7,[Unnamed Skill],1.0,Type-1 (Verbatim)
2b22bf46fc95d1c70f134c55aa2b799f2c9e6b7c,[Unnamed Skill],2b22bf46fc95d1c70f134c55aa2b799f2c9e6b7c,tester,1.0,Type-1 (Verbatim)
c4312b0d80621ed930b839e9ec96bb824cf80ce2,[Unnamed Skill],c4312b0d80621ed930b839e9ec96bb824cf80ce2,journal,1.0,Type-1 (Verbatim)
370f7dca762fef780a1f0597442f5ebb878ff595,[Unnamed Skill],370f7dca762fef780a1f0597442f5ebb878ff595,paper-plugin-dev,1.0,Type-1 (Verbatim)
81c195feca595342886a9543f6b00c629be7a14d,[Unnamed Skill],81c195feca595342886a9543f6b00c629be7a14d,[Unnamed Skill],1.0,Type-1 (Verbatim)
81c195feca595342886a9543f6b00c629be7a14d,[Unnamed Skill],81c195feca595342886a9543f6b00c629be7a14d,[Unnamed Skill],1.0,Type-1 (Verbatim)
cbe402e67aaf5b9c14f5dc9740fa048f327a37ff,[Unnamed Skill],cbe402e67aaf5b9c14f5dc9740fa048f327a37ff,[Unnamed Skill],1.0,Type-1 (Verbatim)
cbe402e67aaf5b9c14f5dc9740fa048f327a37ff,[Unnamed Skill],cbe402e67aaf5b9c14f5dc9740fa048f327a37ff,lang-tutor,1.0,Type-1 (Verbatim)
0b3c85577a1cfe4d2912c253864647960b153aa7,[Unnamed Skill],0b3c85577a1cfe4d2912c253864647960b153aa7,[Unnamed Skill],1.0,Type-1 (Verbatim)
0b3c85577a1cfe4d2912c253864647960b153aa7,[Unnamed Skill],0b3c85577a1cfe4d2912c253864647960b153aa7,[Unnamed Skill],1.0,Type-1 (Verbatim)
0b3c85577a1cfe4d2912c253864647960b153aa7,[Unnamed Skill],0b3c85577a1cfe4d2912c253864647960b153aa7,[Unnamed Skill],1.0,Type-1 (Verbatim)
8bb9de6232d1693cd19a8e035712371e7c0e4769,[Unnamed Skill],8bb9de6232d1693cd19a8e035712371e7c0e4769,[Unnamed Skill],1.0,Type-1 (Verbatim)
450760fd8c88ed9931784e23a4e4d1a79bbe4a3c,[Unnamed Skill],450760fd8c88ed9931784e23a4e4d1a79bbe4a3c,find-skills,1.0,Type-1 (Verbatim)
450760fd8c88ed9931784e23a4e4d1a79bbe4a3c,find-skills,450760fd8c88ed9931784e23a4e4d1a79bbe4a3c,[Unnamed Skill],1.0,Type-1 (Verbatim)
3f1c21b6a1a7cbc4dfbaf0dd0bfad837b07efe52,[Unnamed Skill],3f1c21b6a1a7cbc4dfbaf0dd0bfad837b07efe52,frontend-design,1.0,Type-1 (Verbatim)
3f1c21b6a1a7cbc4dfbaf0dd0bfad837b07efe52,frontend-design,3f1c21b6a1a7cbc4dfbaf0dd0bfad837b07efe52,[Unnamed Skill],1.0,Type-1 (Verbatim)
04c2d34b063d2c32e7be8867a1c44741f0b5b1d7,[Unnamed Skill],04c2d34b063d2c32e7be8867a1c44741f0b5b1d7,[Unnamed Skill],1.0,Type-1 (Verbatim)
bb6a8cf55be5d996c126cb780b4f192141f1e66f,[Unnamed Skill],bb6a8cf55be5d996c126cb780b4f192141f1e66f,[Unnamed Skill],1.0,Type-1 (Verbatim)
bb6a8cf55be5d996c126cb780b4f192141f1e66f,[Unnamed Skill],bb6a8cf55be5d996c126cb780b4f192141f1e66f,[Unnamed Skill],1.0,Type-1 (Verbatim)
2f99ca46601a4705158bfdd36316fc75888740e9,[Unnamed Skill],2f99ca46601a4705158bfdd36316fc75888740e9,shiro-attack-cli,1.0,Type-1 (Verbatim)
37cc56faba327df1b33fc17847c3072e0306cc7b,[Unnamed Skill],37cc56faba327df1b33fc17847c3072e0306cc7b,[Unnamed Skill],1.0,Type-1 (Verbatim)
37cc56faba327df1b33fc17847c3072e0306cc7b,[Unnamed Skill],37cc56faba327df1b33fc17847c3072e0306cc7b,[Unnamed Skill],1.0,Type-1 (Verbatim)
9aa9145e66cc8127aaf784df2191b978193e250b,Repo Requirements Analyst Skills,9aa9145e66cc8127aaf784df2191b978193e250b,[Unnamed Skill],1.0,Type-1 (Verbatim)
952bf455d00ad3c792e09e7f40494661e856a00e,[Unnamed Skill],952bf455d00ad3c792e09e7f40494661e856a00e,[Unnamed Skill],1.0,Type-1 (Verbatim)
9f22780cfd9ed609ab9ccaed76bf907b0cc92a5f,incident-response,9f22780cfd9ed609ab9ccaed76bf907b0cc92a5f,[Unnamed Skill],1.0,Type-1 (Verbatim)
3fd4607dc348cf2c1bd18bb9533e3dff591c7d84,jmix-verify-api-symbol,3fd4607dc348cf2c1bd18bb9533e3dff591c7d84,[Unnamed Skill],1.0,Type-1 (Verbatim)
3fd4607dc348cf2c1bd18bb9533e3dff591c7d84,[Unnamed Skill],3fd4607dc348cf2c1bd18bb9533e3dff591c7d84,[Unnamed Skill],1.0,Type-1 (Verbatim)
3fd4607dc348cf2c1bd18bb9533e3dff591c7d84,[Unnamed Skill],3fd4607dc348cf2c1bd18bb9533e3dff591c7d84,[Unnamed Skill],1.0,Type-1 (Verbatim)
ca04fb17f0fba991260e02d91e523930b19cc4e3,[Unnamed Skill],ca04fb17f0fba991260e02d91e523930b19cc4e3,deployment,1.0,Type-1 (Verbatim)
e913023f5e2a21fe2203327f98fe45c07990a5e9,sql,e913023f5e2a21fe2203327f98fe45c07990a5e9,[Unnamed Skill],1.0,Type-1 (Verbatim)
c31c97b7a7c00185ad6b2a52ae377b3e4c2b54b3,[Unnamed Skill],c31c97b7a7c00185ad6b2a52ae377b3e4c2b54b3,[Unnamed Skill],1.0,Type-1 (Verbatim)
c31c97b7a7c00185ad6b2a52ae377b3e4c2b54b3,[Unnamed Skill],c31c97b7a7c00185ad6b2a52ae377b3e4c2b54b3,[Unnamed Skill],1.0,Type-1 (Verbatim)
c31c97b7a7c00185ad6b2a52ae377b3e4c2b54b3,[Unnamed Skill],c31c97b7a7c00185ad6b2a52ae377b3e4c2b54b3,[Unnamed Skill],1.0,Type-1 (Verbatim)
c31c97b7a7c00185ad6b2a52ae377b3e4c2b54b3,[Unnamed Skill],c31c97b7a7c00185ad6b2a52ae377b3e4c2b54b3,[Unnamed Skill],1.0,Type-1 (Verbatim)
c31c97b7a7c00185ad6b2a52ae377b3e4c2b54b3,[Unnamed Skill],c31c97b7a7c00185ad6b2a52ae377b3e4c2b54b3,[Unnamed Skill],1.0,Type-1 (Verbatim)
c31c97b7a7c00185ad6b2a52ae377b3e4c2b54b3,[Unnamed Skill],c31c97b7a7c00185ad6b2a52ae377b3e4c2b54b3,[Unnamed Skill],1.0,Type-1 (Verbatim)
c31c97b7a7c00185ad6b2a52ae377b3e4c2b54b3,[Unnamed Skill],c31c97b7a7c00185ad6b2a52ae377b3e4c2b54b3,[Unnamed Skill],1.0,Type-1 (Verbatim)
c31c97b7a7c00185ad6b2a52ae377b3e4c2b54b3,[Unnamed Skill],c31c97b7a7c00185ad6b2a52ae377b3e4c2b54b3,[Unnamed Skill],1.0,Type-1 (Verbatim)
c31c97b7a7c00185ad6b2a52ae377b3e4c2b54b3,[Unnamed Skill],c31c97b7a7c00185ad6b2a52ae377b3e4c2b54b3,[Unnamed Skill],1.0,Type-1 (Verbatim)
c31c97b7a7c00185ad6b2a52ae377b3e4c2b54b3,[Unnamed Skill],c31c97b7a7c00185ad6b2a52ae377b3e4c2b54b3,[Unnamed Skill],1.0,Type-1 (Verbatim)
c31c97b7a7c00185ad6b2a52ae377b3e4c2b54b3,[Unnamed Skill],c31c97b7a7c00185ad6b2a52ae377b3e4c2b54b3,[Unnamed Skill],1.0,Type-1 (Verbatim)
c31c97b7a7c00185ad6b2a52ae377b3e4c2b54b3,[Unnamed Skill],c31c97b7a7c00185ad6b2a52ae377b3e4c2b54b3,[Unnamed Skill],1.0,Type-1 (Verbatim)
c31c97b7a7c00185ad6b2a52ae377b3e4c2b54b3,[Unnamed Skill],c31c97b7a7c00185ad6b2a52ae377b3e4c2b54b3,[Unnamed Skill],1.0,Type-1 (Verbatim)
c31c97b7a7c00185ad6b2a52ae377b3e4c2b54b3,[Unnamed Skill],c31c97b7a7c00185ad6b2a52ae377b3e4c2b54b3,[Unnamed Skill],1.0,Type-1 (Verbatim)
c31c97b7a7c00185ad6b2a52ae377b3e4c2b54b3,[Unnamed Skill],c31c97b7a7c00185ad6b2a52ae377b3e4c2b54b3,[Unnamed Skill],1.0,Type-1 (Verbatim)
c31c97b7a7c00185ad6b2a52ae377b3e4c2b54b3,[Unnamed Skill],c31c97b7a7c00185ad6b2a52ae377b3e4c2b54b3,[Unnamed Skill],1.0,Type-1 (Verbatim)
c31c97b7a7c00185ad6b2a52ae377b3e4c2b54b3,[Unnamed Skill],c31c97b7a7c00185ad6b2a52ae377b3e4c2b54b3,[Unnamed Skill],1.0,Type-1 (Verbatim)
c31c97b7a7c00185ad6b2a52ae377b3e4c2b54b3,[Unnamed Skill],c31c97b7a7c00185ad6b2a52ae377b3e4c2b54b3,[Unnamed Skill],1.0,Type-1 (Verbatim)
c31c97b7a7c00185ad6b2a52ae377b3e4c2b54b3,[Unnamed Skill],c31c97b7a7c00185ad6b2a52ae377b3e4c2b54b3,integrate-external-data,1.0,Type-1 (Verbatim)
c31c97b7a7c00185ad6b2a52ae377b3e4c2b54b3,integrate-external-data,c31c97b7a7c00185ad6b2a52ae377b3e4c2b54b3,[Unnamed Skill],1.0,Type-1 (Verbatim)
c31c97b7a7c00185ad6b2a52ae377b3e4c2b54b3,[Unnamed Skill],c31c97b7a7c00185ad6b2a52ae377b3e4c2b54b3,[Unnamed Skill],1.0,Type-1 (Verbatim)
c31c97b7a7c00185ad6b2a52ae377b3e4c2b54b3,[Unnamed Skill],c31c97b7a7c00185ad6b2a52ae377b3e4c2b54b3,[Unnamed Skill],1.0,Type-1 (Verbatim)
c31c97b7a7c00185ad6b2a52ae377b3e4c2b54b3,[Unnamed Skill],c31c97b7a7c00185ad6b2a52ae377b3e4c2b54b3,[Unnamed Skill],1.0,Type-1 (Verbatim)
c31c97b7a7c00185ad6b2a52ae377b3e4c2b54b3,[Unnamed Skill],c31c97b7a7c00185ad6b2a52ae377b3e4c2b54b3,[Unnamed Skill],1.0,Type-1 (Verbatim)
c31c97b7a7c00185ad6b2a52ae377b3e4c2b54b3,[Unnamed Skill],c31c97b7a7c00185ad6b2a52ae377b3e4c2b54b3,[Unnamed Skill],1.0,Type-1 (Verbatim)
c31c97b7a7c00185ad6b2a52ae377b3e4c2b54b3,[Unnamed Skill],c31c97b7a7c00185ad6b2a52ae377b3e4c2b54b3,[Unnamed Skill],1.0,Type-1 (Verbatim)
c31c97b7a7c00185ad6b2a52ae377b3e4c2b54b3,[Unnamed Skill],c31c97b7a7c00185ad6b2a52ae377b3e4c2b54b3,[Unnamed Skill],1.0,Type-1 (Verbatim)
c31c97b7a7c00185ad6b2a52ae377b3e4c2b54b3,[Unnamed Skill],c31c97b7a7c00185ad6b2a52ae377b3e4c2b54b3,[Unnamed Skill],1.0,Type-1 (Verbatim)
c31c97b7a7c00185ad6b2a52ae377b3e4c2b54b3,[Unnamed Skill],c31c97b7a7c00185ad6b2a52ae377b3e4c2b54b3,[Unnamed Skill],1.0,Type-1 (Verbatim)
9de1254e3fc36430e17a38364dc9968a01e94b0e,web-manage-fullstack,9de1254e3fc36430e17a38364dc9968a01e94b0e,[Unnamed Skill],1.0,Type-1 (Verbatim)
8792c1abbc543ea036d997bd911585a2a8c09959,[Unnamed Skill],8792c1abbc543ea036d997bd911585a2a8c09959,[Unnamed Skill],1.0,Type-1 (Verbatim)
8792c1abbc543ea036d997bd911585a2a8c09959,[Unnamed Skill],8792c1abbc543ea036d997bd911585a2a8c09959,[Unnamed Skill],1.0,Type-1 (Verbatim)
a34680c31d8cb947f4dc9890521dbec9453d086e,[Unnamed Skill],a34680c31d8cb947f4dc9890521dbec9453d086e,spring-exception-handling,1.0,Type-1 (Verbatim)
a34680c31d8cb947f4dc9890521dbec9453d086e,spring-exception-handling,a34680c31d8cb947f4dc9890521dbec9453d086e,[Unnamed Skill],1.0,Type-1 (Verbatim)
d057eeabb99113502f431d9bfe3ddb605022bd0d,[Unnamed Skill],d057eeabb99113502f431d9bfe3ddb605022bd0d,skill-feature-implementation,1.0,Type-1 (Verbatim)
d56cb3aaf3ee7de5430ba7e4379ee437ae261284,[Unnamed Skill],d56cb3aaf3ee7de5430ba7e4379ee437ae261284,[Unnamed Skill],1.0,Type-1 (Verbatim)
d56cb3aaf3ee7de5430ba7e4379ee437ae261284,[Unnamed Skill],d56cb3aaf3ee7de5430ba7e4379ee437ae261284,[Unnamed Skill],1.0,Type-1 (Verbatim)
ca5f7dec1c18d5fec2366cc97cff865a01b9b4ea,[Unnamed Skill],ca5f7dec1c18d5fec2366cc97cff865a01b9b4ea,[Unnamed Skill],1.0,Type-1 (Verbatim)
ca5f7dec1c18d5fec2366cc97cff865a01b9b4ea,[Unnamed Skill],ca5f7dec1c18d5fec2366cc97cff865a01b9b4ea,[Unnamed Skill],1.0,Type-1 (Verbatim)
ca5f7dec1c18d5fec2366cc97cff865a01b9b4ea,[Unnamed Skill],ca5f7dec1c18d5fec2366cc97cff865a01b9b4ea,[Unnamed Skill],1.0,Type-1 (Verbatim)
b84a111e4d61c86a654a4ca35236b4e398e386a6,[Unnamed Skill],b84a111e4d61c86a654a4ca35236b4e398e386a6,[Unnamed Skill],1.0,Type-1 (Verbatim)
b84a111e4d61c86a654a4ca35236b4e398e386a6,[Unnamed Skill],b84a111e4d61c86a654a4ca35236b4e398e386a6,[Unnamed Skill],1.0,Type-1 (Verbatim)
00318307eba9c5953f87dce20233802433714f92,[Unnamed Skill],00318307eba9c5953f87dce20233802433714f92,[Unnamed Skill],1.0,Type-1 (Verbatim)
a0a400990212b8bc195c52341b6e6f249cb34ef8,[Unnamed Skill],a0a400990212b8bc195c52341b6e6f249cb34ef8,[Unnamed Skill],1.0,Type-1 (Verbatim)
a0a400990212b8bc195c52341b6e6f249cb34ef8,[Unnamed Skill],a0a400990212b8bc195c52341b6e6f249cb34ef8,escrita-de-testes,1.0,Type-1 (Verbatim)
a0a400990212b8bc195c52341b6e6f249cb34ef8,escrita-de-testes,a0a400990212b8bc195c52341b6e6f249cb34ef8,[Unnamed Skill],1.0,Type-1 (Verbatim)
c58667bb2573ba168f94ba6051cd059bb4500435,[Unnamed Skill],c58667bb2573ba168f94ba6051cd059bb4500435,[Unnamed Skill],1.0,Type-1 (Verbatim)
fc9a73b16769e7b588bad814bfbc0a39439f445b,dnacloud,fc9a73b16769e7b588bad814bfbc0a39439f445b,[Unnamed Skill],1.0,Type-1 (Verbatim)
bf82b075ece23f272dea4d84555893a7495abe27,[Unnamed Skill],bf82b075ece23f272dea4d84555893a7495abe27,code-review-refactor,1.0,Type-1 (Verbatim)
5f50784c27346c21c73a63498be278739f96cf8b,[Unnamed Skill],5f50784c27346c21c73a63498be278739f96cf8b,[Unnamed Skill],1.0,Type-1 (Verbatim)
5060b2f7820b673e34fe7f56c60cfd68fdf48507,[Unnamed Skill],5060b2f7820b673e34fe7f56c60cfd68fdf48507,[Unnamed Skill],1.0,Type-1 (Verbatim)
5060b2f7820b673e34fe7f56c60cfd68fdf48507,[Unnamed Skill],5060b2f7820b673e34fe7f56c60cfd68fdf48507,[Unnamed Skill],1.0,Type-1 (Verbatim)
5060b2f7820b673e34fe7f56c60cfd68fdf48507,[Unnamed Skill],5060b2f7820b673e34fe7f56c60cfd68fdf48507,[Unnamed Skill],1.0,Type-1 (Verbatim)
5060b2f7820b673e34fe7f56c60cfd68fdf48507,[Unnamed Skill],5060b2f7820b673e34fe7f56c60cfd68fdf48507,[Unnamed Skill],1.0,Type-1 (Verbatim)
5060b2f7820b673e34fe7f56c60cfd68fdf48507,[Unnamed Skill],5060b2f7820b673e34fe7f56c60cfd68fdf48507,[Unnamed Skill],1.0,Type-1 (Verbatim)
5060b2f7820b673e34fe7f56c60cfd68fdf48507,[Unnamed Skill],5060b2f7820b673e34fe7f56c60cfd68fdf48507,[Unnamed Skill],1.0,Type-1 (Verbatim)
3afd35be24e8891d9bf48b6d13db0cfcc7214dd3,[Unnamed Skill],3afd35be24e8891d9bf48b6d13db0cfcc7214dd3,working-with-config,1.0,Type-1 (Verbatim)
2add158655327af63eefdaf683a1906d537e8c8c,[Unnamed Skill],2add158655327af63eefdaf683a1906d537e8c8c,[Unnamed Skill],1.0,Type-1 (Verbatim)
2add158655327af63eefdaf683a1906d537e8c8c,[Unnamed Skill],2add158655327af63eefdaf683a1906d537e8c8c,[Unnamed Skill],1.0,Type-1 (Verbatim)
f3b1df54ea5ed7db8e68770423dd7c9ee080b5de,[Unnamed Skill],f3b1df54ea5ed7db8e68770423dd7c9ee080b5de,[Unnamed Skill],1.0,Type-1 (Verbatim)
f3b1df54ea5ed7db8e68770423dd7c9ee080b5de,[Unnamed Skill],f3b1df54ea5ed7db8e68770423dd7c9ee080b5de,[Unnamed Skill],1.0,Type-1 (Verbatim)
f3b1df54ea5ed7db8e68770423dd7c9ee080b5de,[Unnamed Skill],f3b1df54ea5ed7db8e68770423dd7c9ee080b5de,[Unnamed Skill],1.0,Type-1 (Verbatim)
f3b1df54ea5ed7db8e68770423dd7c9ee080b5de,[Unnamed Skill],f3b1df54ea5ed7db8e68770423dd7c9ee080b5de,[Unnamed Skill],1.0,Type-1 (Verbatim)
f3b1df54ea5ed7db8e68770423dd7c9ee080b5de,[Unnamed Skill],f3b1df54ea5ed7db8e68770423dd7c9ee080b5de,[Unnamed Skill],1.0,Type-1 (Verbatim)
f3b1df54ea5ed7db8e68770423dd7c9ee080b5de,[Unnamed Skill],f3b1df54ea5ed7db8e68770423dd7c9ee080b5de,[Unnamed Skill],1.0,Type-1 (Verbatim)
1b5575775b60bf36fb630b82d81474c169dd0a17,[Unnamed Skill],1b5575775b60bf36fb630b82d81474c169dd0a17,[Unnamed Skill],1.0,Type-1 (Verbatim)
1b5575775b60bf36fb630b82d81474c169dd0a17,[Unnamed Skill],1b5575775b60bf36fb630b82d81474c169dd0a17,[Unnamed Skill],1.0,Type-1 (Verbatim)
d48fa02fc4627db25ec06b52d18b458df44ca2fc,API Reviewer Skills,d48fa02fc4627db25ec06b52d18b458df44ca2fc,[Unnamed Skill],1.0,Type-1 (Verbatim)
22375f005fed2237d65f2b44fb4b1d936d0cce33,[Unnamed Skill],22375f005fed2237d65f2b44fb4b1d936d0cce33,quieter,1.0,Type-1 (Verbatim)
22375f005fed2237d65f2b44fb4b1d936d0cce33,quieter,22375f005fed2237d65f2b44fb4b1d936d0cce33,[Unnamed Skill],1.0,Type-1 (Verbatim)
22375f005fed2237d65f2b44fb4b1d936d0cce33,[Unnamed Skill],22375f005fed2237d65f2b44fb4b1d936d0cce33,[Unnamed Skill],1.0,Type-1 (Verbatim)
945a78cc25d182cc54d2e48ded73a5e65f2583e0,spring-mall-api,945a78cc25d182cc54d2e48ded73a5e65f2583e0,[Unnamed Skill],1.0,Type-1 (Verbatim)
57f55611fe66fdb5ee06c062cd95523548408382,[Unnamed Skill],57f55611fe66fdb5ee06c062cd95523548408382,[Unnamed Skill],1.0,Type-1 (Verbatim)
57f55611fe66fdb5ee06c062cd95523548408382,[Unnamed Skill],57f55611fe66fdb5ee06c062cd95523548408382,[Unnamed Skill],1.0,Type-1 (Verbatim)
2d751573c8702bed4fca489ae0bc53a2f1700e7f,[Unnamed Skill],2d751573c8702bed4fca489ae0bc53a2f1700e7f,openspec-continue-change,1.0,Type-1 (Verbatim)
f4ec054694a3994a4341988205a5c5d1c665b534,[Unnamed Skill],f4ec054694a3994a4341988205a5c5d1c665b534,[Unnamed Skill],1.0,Type-1 (Verbatim)
f4ec054694a3994a4341988205a5c5d1c665b534,[Unnamed Skill],f4ec054694a3994a4341988205a5c5d1c665b534,[Unnamed Skill],1.0,Type-1 (Verbatim)
da5c7f0ee244c2aef60d30dda2b4097ecf487a02,spring-properties-md-annotations,da5c7f0ee244c2aef60d30dda2b4097ecf487a02,[Unnamed Skill],1.0,Type-1 (Verbatim)
478861ae7d3fd0fbddd2ea107eb4ffe61478c52f,[Unnamed Skill],478861ae7d3fd0fbddd2ea107eb4ffe61478c52f,devops-devsecops,1.0,Type-1 (Verbatim)
c5dfd5afce5416d1a7f060df8d50f3fa38da0057,[Unnamed Skill],c5dfd5afce5416d1a7f060df8d50f3fa38da0057,[Unnamed Skill],1.0,Type-1 (Verbatim)
c5dfd5afce5416d1a7f060df8d50f3fa38da0057,[Unnamed Skill],c5dfd5afce5416d1a7f060df8d50f3fa38da0057,[Unnamed Skill],1.0,Type-1 (Verbatim)
1c04324aeaaf51c3bb3e10602d660f6e5b38330f,[Unnamed Skill],1c04324aeaaf51c3bb3e10602d660f6e5b38330f,harness-creator,1.0,Type-1 (Verbatim)
adc64ef0793c2fbe53ac9144b254c6d157592ada,[Unnamed Skill],adc64ef0793c2fbe53ac9144b254c6d157592ada,[Unnamed Skill],1.0,Type-1 (Verbatim)
ece66d63aa92a9e5ed3ec87d95856e0e93e1bf94,scaffold-tasks,ece66d63aa92a9e5ed3ec87d95856e0e93e1bf94,[Unnamed Skill],1.0,Type-1 (Verbatim)
7faa117f55395a034d4368c362bc5a4bc4080bbc,[Unnamed Skill],7faa117f55395a034d4368c362bc5a4bc4080bbc,[Unnamed Skill],1.0,Type-1 (Verbatim)
7caa63f3b60db8eabe12069433bf9c9cf7209f18,[Unnamed Skill],7caa63f3b60db8eabe12069433bf9c9cf7209f18,hateoas,1.0,Type-1 (Verbatim)
f3132bc494e910a3a19fb76a35737ecacd71c30c,technical-advisory,f3132bc494e910a3a19fb76a35737ecacd71c30c,[Unnamed Skill],1.0,Type-1 (Verbatim)
d2f1ed62b52615113cdb6a7bb8fc297b61ca493e,ai-tutor,d2f1ed62b52615113cdb6a7bb8fc297b61ca493e,[Unnamed Skill],1.0,Type-1 (Verbatim)
d2f1ed62b52615113cdb6a7bb8fc297b61ca493e,[Unnamed Skill],d2f1ed62b52615113cdb6a7bb8fc297b61ca493e,[Unnamed Skill],1.0,Type-1 (Verbatim)
d2f1ed62b52615113cdb6a7bb8fc297b61ca493e,[Unnamed Skill],d2f1ed62b52615113cdb6a7bb8fc297b61ca493e,[Unnamed Skill],1.0,Type-1 (Verbatim)
d2f1ed62b52615113cdb6a7bb8fc297b61ca493e,[Unnamed Skill],d2f1ed62b52615113cdb6a7bb8fc297b61ca493e,[Unnamed Skill],1.0,Type-1 (Verbatim)
d2f1ed62b52615113cdb6a7bb8fc297b61ca493e,[Unnamed Skill],d2f1ed62b52615113cdb6a7bb8fc297b61ca493e,[Unnamed Skill],1.0,Type-1 (Verbatim)
d2f1ed62b52615113cdb6a7bb8fc297b61ca493e,[Unnamed Skill],d2f1ed62b52615113cdb6a7bb8fc297b61ca493e,[Unnamed Skill],1.0,Type-1 (Verbatim)
b237599d47cd223433c16fcf709cc34181376c1c,[Unnamed Skill],b237599d47cd223433c16fcf709cc34181376c1c,[Unnamed Skill],1.0,Type-1 (Verbatim)
b237599d47cd223433c16fcf709cc34181376c1c,[Unnamed Skill],b237599d47cd223433c16fcf709cc34181376c1c,[Unnamed Skill],1.0,Type-1 (Verbatim)
3e82fb3ee2e04d45447f5a3772b20c356ac4ad10,[Unnamed Skill],3e82fb3ee2e04d45447f5a3772b20c356ac4ad10,req-to-user-story,1.0,Type-1 (Verbatim)
d714b9f5d8af28fb10136eab08052393dcd1d0fe,[Unnamed Skill],d714b9f5d8af28fb10136eab08052393dcd1d0fe,[Unnamed Skill],1.0,Type-1 (Verbatim)
d714b9f5d8af28fb10136eab08052393dcd1d0fe,[Unnamed Skill],d714b9f5d8af28fb10136eab08052393dcd1d0fe,[Unnamed Skill],1.0,Type-1 (Verbatim)
16f3bd29c9e69a3ae3e41bf888f6e5e6a9d1aaad,[Unnamed Skill],16f3bd29c9e69a3ae3e41bf888f6e5e6a9d1aaad,[Unnamed Skill],1.0,Type-1 (Verbatim)
0d814ced7370b5b28bc9647ee688be0672f230ed,[Unnamed Skill],0d814ced7370b5b28bc9647ee688be0672f230ed,[Unnamed Skill],1.0,Type-1 (Verbatim)
0d814ced7370b5b28bc9647ee688be0672f230ed,[Unnamed Skill],0d814ced7370b5b28bc9647ee688be0672f230ed,[Unnamed Skill],1.0,Type-1 (Verbatim)
450e46bf290ae31459ae09c5af341a1380a103c4,[Unnamed Skill],450e46bf290ae31459ae09c5af341a1380a103c4,[Unnamed Skill],1.0,Type-1 (Verbatim)
a26144e8bb80e7b0a39c86eb475842bea53d86bf,[Unnamed Skill],a26144e8bb80e7b0a39c86eb475842bea53d86bf,frontend-dev,1.0,Type-1 (Verbatim)
e38d5b0b7f2f59767833633aec84b63ff3792a6b,DevOps Engineer Skills,e38d5b0b7f2f59767833633aec84b63ff3792a6b,[Unnamed Skill],1.0,Type-1 (Verbatim)
90101f266d3e09e7b8b6adf95d4b9819c95dce57,[Unnamed Skill],90101f266d3e09e7b8b6adf95d4b9819c95dce57,solo-pm-workflow,1.0,Type-1 (Verbatim)
90101f266d3e09e7b8b6adf95d4b9819c95dce57,solo-pm-workflow,90101f266d3e09e7b8b6adf95d4b9819c95dce57,[Unnamed Skill],1.0,Type-1 (Verbatim)
4538a4cea11baf85f58a5295f19cf80412a9cb4e,[Unnamed Skill],4538a4cea11baf85f58a5295f19cf80412a9cb4e,[Unnamed Skill],1.0,Type-1 (Verbatim)
2acf08b3eb83fe4dd1dfaff40bf66b59ec12b303,typeset,2acf08b3eb83fe4dd1dfaff40bf66b59ec12b303,[Unnamed Skill],1.0,Type-1 (Verbatim)
2acf08b3eb83fe4dd1dfaff40bf66b59ec12b303,[Unnamed Skill],2acf08b3eb83fe4dd1dfaff40bf66b59ec12b303,[Unnamed Skill],1.0,Type-1 (Verbatim)
2acf08b3eb83fe4dd1dfaff40bf66b59ec12b303,[Unnamed Skill],2acf08b3eb83fe4dd1dfaff40bf66b59ec12b303,[Unnamed Skill],1.0,Type-1 (Verbatim)
61d6e78aba5b209509188046fcd7a5317511abae,[Unnamed Skill],61d6e78aba5b209509188046fcd7a5317511abae,[Unnamed Skill],1.0,Type-1 (Verbatim)
61d6e78aba5b209509188046fcd7a5317511abae,[Unnamed Skill],61d6e78aba5b209509188046fcd7a5317511abae,[Unnamed Skill],1.0,Type-1 (Verbatim)
61d6e78aba5b209509188046fcd7a5317511abae,[Unnamed Skill],61d6e78aba5b209509188046fcd7a5317511abae,[Unnamed Skill],1.0,Type-1 (Verbatim)
2a81b091cc90db51fdaa9e5bfa4b15d2c09b5d25,qubership-actions-guide,2a81b091cc90db51fdaa9e5bfa4b15d2c09b5d25,[Unnamed Skill],1.0,Type-1 (Verbatim)
6b71bb2ec6b762ecd98723ce7ebc7fb51eb8ac33,[Unnamed Skill],6b71bb2ec6b762ecd98723ce7ebc7fb51eb8ac33,[Unnamed Skill],1.0,Type-1 (Verbatim)
8d9828cff55654dfd0461cac18d367783f374b1a,[Unnamed Skill],8d9828cff55654dfd0461cac18d367783f374b1a,[Unnamed Skill],1.0,Type-1 (Verbatim)
8d9828cff55654dfd0461cac18d367783f374b1a,[Unnamed Skill],8d9828cff55654dfd0461cac18d367783f374b1a,git-commit,1.0,Type-1 (Verbatim)
796f776c4811c8d47020b4b9c3d90d822bb41324,[Unnamed Skill],796f776c4811c8d47020b4b9c3d90d822bb41324,[Unnamed Skill],1.0,Type-1 (Verbatim)
796f776c4811c8d47020b4b9c3d90d822bb41324,[Unnamed Skill],796f776c4811c8d47020b4b9c3d90d822bb41324,[Unnamed Skill],1.0,Type-1 (Verbatim)
796f776c4811c8d47020b4b9c3d90d822bb41324,[Unnamed Skill],796f776c4811c8d47020b4b9c3d90d822bb41324,[Unnamed Skill],1.0,Type-1 (Verbatim)
796f776c4811c8d47020b4b9c3d90d822bb41324,[Unnamed Skill],796f776c4811c8d47020b4b9c3d90d822bb41324,[Unnamed Skill],1.0,Type-1 (Verbatim)
bccf1bfa62df09e58209652698dd141df387433e,[Unnamed Skill],bccf1bfa62df09e58209652698dd141df387433e,spec-review,1.0,Type-1 (Verbatim)
5afcd716814d5449d76931422c476ab69e70118d,docs,5afcd716814d5449d76931422c476ab69e70118d,[Unnamed Skill],1.0,Type-1 (Verbatim)
5afcd716814d5449d76931422c476ab69e70118d,[Unnamed Skill],5afcd716814d5449d76931422c476ab69e70118d,[Unnamed Skill],1.0,Type-1 (Verbatim)
5afcd716814d5449d76931422c476ab69e70118d,[Unnamed Skill],5afcd716814d5449d76931422c476ab69e70118d,[Unnamed Skill],1.0,Type-1 (Verbatim)
1cb94af1954019e811f20777c5b48a807d908608,[Unnamed Skill],1cb94af1954019e811f20777c5b48a807d908608,[Unnamed Skill],1.0,Type-1 (Verbatim)
139153a28a89a243aea5dcccb16faeb58a111cd5,[Unnamed Skill],139153a28a89a243aea5dcccb16faeb58a111cd5,[Unnamed Skill],1.0,Type-1 (Verbatim)
139153a28a89a243aea5dcccb16faeb58a111cd5,[Unnamed Skill],139153a28a89a243aea5dcccb16faeb58a111cd5,[Unnamed Skill],1.0,Type-1 (Verbatim)
86bff1f336354bbb34a48a743cf983b6925fbfde,[Unnamed Skill],86bff1f336354bbb34a48a743cf983b6925fbfde,heatmap,1.0,Type-1 (Verbatim)
3e1c931d27ac55544bab71e4ed06d9d27d57b147,[Unnamed Skill],3e1c931d27ac55544bab71e4ed06d9d27d57b147,[Unnamed Skill],1.0,Type-1 (Verbatim)
bf8118d485254ad79d6b0a67e5a8a525f82c38e5,[Unnamed Skill],bf8118d485254ad79d6b0a67e5a8a525f82c38e5,jmix-configure-fetch-plan,1.0,Type-1 (Verbatim)
bf8118d485254ad79d6b0a67e5a8a525f82c38e5,jmix-configure-fetch-plan,bf8118d485254ad79d6b0a67e5a8a525f82c38e5,[Unnamed Skill],1.0,Type-1 (Verbatim)
33cd0eb552b8151335bb6f9e9730bbe7453d76ac,skill-codebase-audit,33cd0eb552b8151335bb6f9e9730bbe7453d76ac,[Unnamed Skill],1.0,Type-1 (Verbatim)
3a5205ef692d08c24124be10b7c400803d5b83de,[Unnamed Skill],3a5205ef692d08c24124be10b7c400803d5b83de,javafx,1.0,Type-1 (Verbatim)
55d3bd1f81d30364157ebbbcaf6bd9fa010a0df4,[Unnamed Skill],55d3bd1f81d30364157ebbbcaf6bd9fa010a0df4,springboot-verification,1.0,Type-1 (Verbatim)
f7337f598a03480810f485db95faec1bb6d341f3,[Unnamed Skill],f7337f598a03480810f485db95faec1bb6d341f3,[Unnamed Skill],1.0,Type-1 (Verbatim)
e51c0e8dc08fd023fc83795b4766a17956decb90,[Unnamed Skill],e51c0e8dc08fd023fc83795b4766a17956decb90,[Unnamed Skill],1.0,Type-1 (Verbatim)
e51c0e8dc08fd023fc83795b4766a17956decb90,[Unnamed Skill],e51c0e8dc08fd023fc83795b4766a17956decb90,[Unnamed Skill],1.0,Type-1 (Verbatim)
e51c0e8dc08fd023fc83795b4766a17956decb90,[Unnamed Skill],e51c0e8dc08fd023fc83795b4766a17956decb90,[Unnamed Skill],1.0,Type-1 (Verbatim)
e51c0e8dc08fd023fc83795b4766a17956decb90,[Unnamed Skill],e51c0e8dc08fd023fc83795b4766a17956decb90,[Unnamed Skill],1.0,Type-1 (Verbatim)
c8f790aac0fd8ae01f057f692d233eebe97ebbd7,[Unnamed Skill],c8f790aac0fd8ae01f057f692d233eebe97ebbd7,[Unnamed Skill],1.0,Type-1 (Verbatim)
d6c23aa53124fd1ab39414f0378f924d667895e5,[Unnamed Skill],d6c23aa53124fd1ab39414f0378f924d667895e5,[Unnamed Skill],1.0,Type-1 (Verbatim)
d6c23aa53124fd1ab39414f0378f924d667895e5,[Unnamed Skill],d6c23aa53124fd1ab39414f0378f924d667895e5,[Unnamed Skill],1.0,Type-1 (Verbatim)
cf44ed79c03a0c4f425d1de9c69a4cd74ab8c865,[Unnamed Skill],cf44ed79c03a0c4f425d1de9c69a4cd74ab8c865,sdd,1.0,Type-1 (Verbatim)
cf44ed79c03a0c4f425d1de9c69a4cd74ab8c865,sdd,cf44ed79c03a0c4f425d1de9c69a4cd74ab8c865,[Unnamed Skill],1.0,Type-1 (Verbatim)
cf44ed79c03a0c4f425d1de9c69a4cd74ab8c865,[Unnamed Skill],cf44ed79c03a0c4f425d1de9c69a4cd74ab8c865,[Unnamed Skill],1.0,Type-1 (Verbatim)
cf44ed79c03a0c4f425d1de9c69a4cd74ab8c865,[Unnamed Skill],cf44ed79c03a0c4f425d1de9c69a4cd74ab8c865,sdd,1.0,Type-1 (Verbatim)
5c07380d2bf3b131b956e376983c12a060cf02eb,[Unnamed Skill],5c07380d2bf3b131b956e376983c12a060cf02eb,[Unnamed Skill],1.0,Type-1 (Verbatim)
5c07380d2bf3b131b956e376983c12a060cf02eb,[Unnamed Skill],5c07380d2bf3b131b956e376983c12a060cf02eb,jmix-create-liquibase-changelog,1.0,Type-1 (Verbatim)
5c07380d2bf3b131b956e376983c12a060cf02eb,jmix-create-liquibase-changelog,5c07380d2bf3b131b956e376983c12a060cf02eb,jmix-create-liquibase-changelog,1.0,Type-1 (Verbatim)
da0f2be6397ca91d090f1a4a250196bf17ba950a,[Unnamed Skill],da0f2be6397ca91d090f1a4a250196bf17ba950a,design-guidelines,1.0,Type-1 (Verbatim)
a16bf5aa6372e7968d1a065a7c6b55b7d2358be9,[Unnamed Skill],a16bf5aa6372e7968d1a065a7c6b55b7d2358be9,[Unnamed Skill],1.0,Type-1 (Verbatim)
e7b60683ea041d970b3ba5bc1c0c28dc203961e1,[Unnamed Skill],e7b60683ea041d970b3ba5bc1c0c28dc203961e1,[Unnamed Skill],1.0,Type-1 (Verbatim)
e7b60683ea041d970b3ba5bc1c0c28dc203961e1,[Unnamed Skill],e7b60683ea041d970b3ba5bc1c0c28dc203961e1,[Unnamed Skill],1.0,Type-1 (Verbatim)
02235f48436334b6a044c93248b8198c50a62c74,[Unnamed Skill],02235f48436334b6a044c93248b8198c50a62c74,sysdesign-question-bank,1.0,Type-1 (Verbatim)
02235f48436334b6a044c93248b8198c50a62c74,sysdesign-question-bank,02235f48436334b6a044c93248b8198c50a62c74,[Unnamed Skill],1.0,Type-1 (Verbatim)
6671dfe8d5bee8bdba22f0bf19a97dcdce7e2e08,git-commit,6671dfe8d5bee8bdba22f0bf19a97dcdce7e2e08,[Unnamed Skill],1.0,Type-1 (Verbatim)
9400b02cc1f90ed62f9230d1e4c848a3211cb014,[Unnamed Skill],9400b02cc1f90ed62f9230d1e4c848a3211cb014,visual-identity,1.0,Type-1 (Verbatim)
9400b02cc1f90ed62f9230d1e4c848a3211cb014,visual-identity,9400b02cc1f90ed62f9230d1e4c848a3211cb014,[Unnamed Skill],1.0,Type-1 (Verbatim)
3e32bb983786cfff6cc99dba5bee6c3843144d8a,[Unnamed Skill],3e32bb983786cfff6cc99dba5bee6c3843144d8a,[Unnamed Skill],1.0,Type-1 (Verbatim)
3e32bb983786cfff6cc99dba5bee6c3843144d8a,[Unnamed Skill],3e32bb983786cfff6cc99dba5bee6c3843144d8a,[Unnamed Skill],1.0,Type-1 (Verbatim)
d9567c0c2752456a503070f2a15f2409210b8e1a,[Unnamed Skill],d9567c0c2752456a503070f2a15f2409210b8e1a,ohos-gate-compliance,1.0,Type-1 (Verbatim)
6fbd9379ea0e3513ff4d2a084b37d54c4a140535,[Unnamed Skill],6fbd9379ea0e3513ff4d2a084b37d54c4a140535,[Unnamed Skill],1.0,Type-1 (Verbatim)
6fbd9379ea0e3513ff4d2a084b37d54c4a140535,[Unnamed Skill],6fbd9379ea0e3513ff4d2a084b37d54c4a140535,kaka-coder-designer,1.0,Type-1 (Verbatim)
8d24c05e71ba0fab7f653c42868022e02dc8527a,[Unnamed Skill],8d24c05e71ba0fab7f653c42868022e02dc8527a,logging-patterns,1.0,Type-1 (Verbatim)
8d24c05e71ba0fab7f653c42868022e02dc8527a,logging-patterns,8d24c05e71ba0fab7f653c42868022e02dc8527a,[Unnamed Skill],1.0,Type-1 (Verbatim)
8d24c05e71ba0fab7f653c42868022e02dc8527a,[Unnamed Skill],8d24c05e71ba0fab7f653c42868022e02dc8527a,[Unnamed Skill],1.0,Type-1 (Verbatim)
8d24c05e71ba0fab7f653c42868022e02dc8527a,[Unnamed Skill],8d24c05e71ba0fab7f653c42868022e02dc8527a,[Unnamed Skill],1.0,Type-1 (Verbatim)
8d24c05e71ba0fab7f653c42868022e02dc8527a,[Unnamed Skill],8d24c05e71ba0fab7f653c42868022e02dc8527a,[Unnamed Skill],1.0,Type-1 (Verbatim)
8d24c05e71ba0fab7f653c42868022e02dc8527a,[Unnamed Skill],8d24c05e71ba0fab7f653c42868022e02dc8527a,[Unnamed Skill],1.0,Type-1 (Verbatim)
8d24c05e71ba0fab7f653c42868022e02dc8527a,[Unnamed Skill],8d24c05e71ba0fab7f653c42868022e02dc8527a,[Unnamed Skill],1.0,Type-1 (Verbatim)
26b2c6b2768439d321caad1fb6729c360846cd1e,[Unnamed Skill],26b2c6b2768439d321caad1fb6729c360846cd1e,[Unnamed Skill],1.0,Type-1 (Verbatim)
26b2c6b2768439d321caad1fb6729c360846cd1e,[Unnamed Skill],26b2c6b2768439d321caad1fb6729c360846cd1e,[Unnamed Skill],1.0,Type-1 (Verbatim)
d26e782d411d3c1b249e3aee3affd51c757a310c,[Unnamed Skill],d26e782d411d3c1b249e3aee3affd51c757a310c,[Unnamed Skill],1.0,Type-1 (Verbatim)
14876be85ca5fa536fbdf4ccfd66af40e2406a24,database-design,14876be85ca5fa536fbdf4ccfd66af40e2406a24,[Unnamed Skill],1.0,Type-1 (Verbatim)
f05316c4bc115eaf7dc9ff1cdd22c5ab33dbd73e,[Unnamed Skill],f05316c4bc115eaf7dc9ff1cdd22c5ab33dbd73e,[Unnamed Skill],1.0,Type-1 (Verbatim)
996024483eaa329245a313c4983e0c8425ca43fd,[Unnamed Skill],996024483eaa329245a313c4983e0c8425ca43fd,verify-security,1.0,Type-1 (Verbatim)
996024483eaa329245a313c4983e0c8425ca43fd,verify-security,996024483eaa329245a313c4983e0c8425ca43fd,[Unnamed Skill],1.0,Type-1 (Verbatim)
0ad3abb31aa8f2e9256fa00b43bc463b691b84f6,[Unnamed Skill],0ad3abb31aa8f2e9256fa00b43bc463b691b84f6,[Unnamed Skill],1.0,Type-1 (Verbatim)
0ad3abb31aa8f2e9256fa00b43bc463b691b84f6,[Unnamed Skill],0ad3abb31aa8f2e9256fa00b43bc463b691b84f6,memory-maintenance,1.0,Type-1 (Verbatim)
0d9c00ba7c3107e76fd0fb71f7f8e337e64b5037,[Unnamed Skill],0d9c00ba7c3107e76fd0fb71f7f8e337e64b5037,[Unnamed Skill],1.0,Type-1 (Verbatim)
7b8f36016d3a3fd69d975f06be5aac0b2a7d62d0,skill-creator,7b8f36016d3a3fd69d975f06be5aac0b2a7d62d0,[Unnamed Skill],1.0,Type-1 (Verbatim)
7d30dc947f8151fb3181804a0ed3576f4d6a4c6a,spring-data-jpa,7d30dc947f8151fb3181804a0ed3576f4d6a4c6a,[Unnamed Skill],1.0,Type-1 (Verbatim)
f0c2cf704b7c99a50523711ac2b515d3b6e2d490,[Unnamed Skill],f0c2cf704b7c99a50523711ac2b515d3b6e2d490,rg-over-find,1.0,Type-1 (Verbatim)
f0c2cf704b7c99a50523711ac2b515d3b6e2d490,rg-over-find,f0c2cf704b7c99a50523711ac2b515d3b6e2d490,[Unnamed Skill],1.0,Type-1 (Verbatim)
246e49d78a6618085b2c765ff128edeb8e7d7206,qta-gen-ut,246e49d78a6618085b2c765ff128edeb8e7d7206,[Unnamed Skill],1.0,Type-1 (Verbatim)
3f38f547e653dfbda1535312983d7e22fcee7b8e,[Unnamed Skill],3f38f547e653dfbda1535312983d7e22fcee7b8e,security-engineer,1.0,Type-1 (Verbatim)
027f0c2b6bc7ab5ad746302bcb2d2a25b44cc84d,device-features,027f0c2b6bc7ab5ad746302bcb2d2a25b44cc84d,[Unnamed Skill],1.0,Type-1 (Verbatim)
ce1e7a73e6114fc0c21436978ef22aa47d2071f5,[Unnamed Skill],ce1e7a73e6114fc0c21436978ef22aa47d2071f5,db-isolation-bootstrap,1.0,Type-1 (Verbatim)
847412ece1ee0c3582f7c04d1f2f7db2988dba1c,[Unnamed Skill],847412ece1ee0c3582f7c04d1f2f7db2988dba1c,[Unnamed Skill],1.0,Type-1 (Verbatim)
847412ece1ee0c3582f7c04d1f2f7db2988dba1c,[Unnamed Skill],847412ece1ee0c3582f7c04d1f2f7db2988dba1c,[Unnamed Skill],1.0,Type-1 (Verbatim)
536dc21cc52de0650fff0655af33ec942799aebe,[Unnamed Skill],536dc21cc52de0650fff0655af33ec942799aebe,Database Architect Skills,1.0,Type-1 (Verbatim)
ba22466f9bff505b64210a2e174fbb2d9eebea4d,[Unnamed Skill],ba22466f9bff505b64210a2e174fbb2d9eebea4d,verify-entity,1.0,Type-1 (Verbatim)
ea4e5a4283a0367330e031cea2a391830ea2c41c,[Unnamed Skill],ea4e5a4283a0367330e031cea2a391830ea2c41c,[Unnamed Skill],1.0,Type-1 (Verbatim)
ea4e5a4283a0367330e031cea2a391830ea2c41c,[Unnamed Skill],ea4e5a4283a0367330e031cea2a391830ea2c41c,[Unnamed Skill],1.0,Type-1 (Verbatim)
ea4e5a4283a0367330e031cea2a391830ea2c41c,[Unnamed Skill],ea4e5a4283a0367330e031cea2a391830ea2c41c,[Unnamed Skill],1.0,Type-1 (Verbatim)
ea4e5a4283a0367330e031cea2a391830ea2c41c,[Unnamed Skill],ea4e5a4283a0367330e031cea2a391830ea2c41c,[Unnamed Skill],1.0,Type-1 (Verbatim)
ea4e5a4283a0367330e031cea2a391830ea2c41c,[Unnamed Skill],ea4e5a4283a0367330e031cea2a391830ea2c41c,[Unnamed Skill],1.0,Type-1 (Verbatim)
1d4966e9b35b76962e33e4a7c03508f6600d8d84,[Unnamed Skill],1d4966e9b35b76962e33e4a7c03508f6600d8d84,[Unnamed Skill],1.0,Type-1 (Verbatim)
195d73335ec0e22dcdbac8f815d6570302d04fce,[Unnamed Skill],195d73335ec0e22dcdbac8f815d6570302d04fce,[Unnamed Skill],1.0,Type-1 (Verbatim)
11157c962510077b6fa421433cb8697b0a4c0c50,[Unnamed Skill],11157c962510077b6fa421433cb8697b0a4c0c50,skyline-config,1.0,Type-1 (Verbatim)
8d07627e1c5276cd8ca8f72b8d924a02f7f7c5c6,[Unnamed Skill],8d07627e1c5276cd8ca8f72b8d924a02f7f7c5c6,[Unnamed Skill],1.0,Type-1 (Verbatim)
8d07627e1c5276cd8ca8f72b8d924a02f7f7c5c6,[Unnamed Skill],8d07627e1c5276cd8ca8f72b8d924a02f7f7c5c6,[Unnamed Skill],1.0,Type-1 (Verbatim)
8d07627e1c5276cd8ca8f72b8d924a02f7f7c5c6,[Unnamed Skill],8d07627e1c5276cd8ca8f72b8d924a02f7f7c5c6,[Unnamed Skill],1.0,Type-1 (Verbatim)
8f45789e6bc67d4fee3646e9d2be7e37ceb652d9,[Unnamed Skill],8f45789e6bc67d4fee3646e9d2be7e37ceb652d9,[Unnamed Skill],1.0,Type-1 (Verbatim)
8f45789e6bc67d4fee3646e9d2be7e37ceb652d9,[Unnamed Skill],8f45789e6bc67d4fee3646e9d2be7e37ceb652d9,[Unnamed Skill],1.0,Type-1 (Verbatim)
0dcd4ea80664cb190388d59fd42e8324c3930fac,[Unnamed Skill],0dcd4ea80664cb190388d59fd42e8324c3930fac,[Unnamed Skill],1.0,Type-1 (Verbatim)
d51ee353528478b16b63a0b3c5ea38fd70312ef3,frontend-design,d51ee353528478b16b63a0b3c5ea38fd70312ef3,[Unnamed Skill],1.0,Type-1 (Verbatim)
d51ee353528478b16b63a0b3c5ea38fd70312ef3,[Unnamed Skill],d51ee353528478b16b63a0b3c5ea38fd70312ef3,[Unnamed Skill],1.0,Type-1 (Verbatim)
24883c606e8c1d9f43347dcc32a3b4bb61f72036,release,24883c606e8c1d9f43347dcc32a3b4bb61f72036,[Unnamed Skill],1.0,Type-1 (Verbatim)
24883c606e8c1d9f43347dcc32a3b4bb61f72036,[Unnamed Skill],24883c606e8c1d9f43347dcc32a3b4bb61f72036,[Unnamed Skill],1.0,Type-1 (Verbatim)
df2677f7c42e29c0c931b0189d35e5c925edb0c6,[Unnamed Skill],df2677f7c42e29c0c931b0189d35e5c925edb0c6,[Unnamed Skill],1.0,Type-1 (Verbatim)
d435a81efdf4d4f1c2b43096a22cdf5fb45772bc,[Unnamed Skill],d435a81efdf4d4f1c2b43096a22cdf5fb45772bc,[Unnamed Skill],1.0,Type-1 (Verbatim)
d435a81efdf4d4f1c2b43096a22cdf5fb45772bc,[Unnamed Skill],d435a81efdf4d4f1c2b43096a22cdf5fb45772bc,[Unnamed Skill],1.0,Type-1 (Verbatim)
05b49d392f560e59f3c68f5ec66332dec3d3ec68,distill,05b49d392f560e59f3c68f5ec66332dec3d3ec68,[Unnamed Skill],1.0,Type-1 (Verbatim)
05b49d392f560e59f3c68f5ec66332dec3d3ec68,[Unnamed Skill],05b49d392f560e59f3c68f5ec66332dec3d3ec68,[Unnamed Skill],1.0,Type-1 (Verbatim)
05b49d392f560e59f3c68f5ec66332dec3d3ec68,[Unnamed Skill],05b49d392f560e59f3c68f5ec66332dec3d3ec68,[Unnamed Skill],1.0,Type-1 (Verbatim)
bada2566a978dd0583975b19d2cd19fe67429648,Test Writer Skills,bada2566a978dd0583975b19d2cd19fe67429648,[Unnamed Skill],1.0,Type-1 (Verbatim)
95003de9270917f72b19d484909096277ffeef58,[Unnamed Skill],95003de9270917f72b19d484909096277ffeef58,Developer Skills,1.0,Type-1 (Verbatim)
3b04aff11886692b05d3f745b085ca7d17a04a09,[Unnamed Skill],3b04aff11886692b05d3f745b085ca7d17a04a09,[Unnamed Skill],1.0,Type-1 (Verbatim)
3b04aff11886692b05d3f745b085ca7d17a04a09,[Unnamed Skill],3b04aff11886692b05d3f745b085ca7d17a04a09,best-practices,1.0,Type-1 (Verbatim)
7069b0dc20fb9a415488375b3a62d38fa5e8c0b4,gradle,7069b0dc20fb9a415488375b3a62d38fa5e8c0b4,[Unnamed Skill],1.0,Type-1 (Verbatim)
7069b0dc20fb9a415488375b3a62d38fa5e8c0b4,[Unnamed Skill],7069b0dc20fb9a415488375b3a62d38fa5e8c0b4,[Unnamed Skill],1.0,Type-1 (Verbatim)
7069b0dc20fb9a415488375b3a62d38fa5e8c0b4,[Unnamed Skill],7069b0dc20fb9a415488375b3a62d38fa5e8c0b4,[Unnamed Skill],1.0,Type-1 (Verbatim)
fd2a8e47fbf976da4eda885427494826d21cb966,[Unnamed Skill],fd2a8e47fbf976da4eda885427494826d21cb966,[Unnamed Skill],1.0,Type-1 (Verbatim)
fd2a8e47fbf976da4eda885427494826d21cb966,[Unnamed Skill],fd2a8e47fbf976da4eda885427494826d21cb966,[Unnamed Skill],1.0,Type-1 (Verbatim)
d49505678645273ff2248398e1554584acbe2b18,[Unnamed Skill],d49505678645273ff2248398e1554584acbe2b18,sonar-quality-auto-improver,1.0,Type-1 (Verbatim)
533734cc617b257c7410be6ab77689dfd11f8b30,release-readiness,533734cc617b257c7410be6ab77689dfd11f8b30,[Unnamed Skill],1.0,Type-1 (Verbatim)
70b87fe6875758c4e649d787b1223303646668b0,[Unnamed Skill],70b87fe6875758c4e649d787b1223303646668b0,java-crud-module,1.0,Type-1 (Verbatim)
570ba81e994e80f51fe373a2c29d305764c2bf1c,[Unnamed Skill],570ba81e994e80f51fe373a2c29d305764c2bf1c,[Unnamed Skill],1.0,Type-1 (Verbatim)
570ba81e994e80f51fe373a2c29d305764c2bf1c,[Unnamed Skill],570ba81e994e80f51fe373a2c29d305764c2bf1c,[Unnamed Skill],1.0,Type-1 (Verbatim)
570ba81e994e80f51fe373a2c29d305764c2bf1c,[Unnamed Skill],570ba81e994e80f51fe373a2c29d305764c2bf1c,[Unnamed Skill],1.0,Type-1 (Verbatim)
570ba81e994e80f51fe373a2c29d305764c2bf1c,[Unnamed Skill],570ba81e994e80f51fe373a2c29d305764c2bf1c,[Unnamed Skill],1.0,Type-1 (Verbatim)
570ba81e994e80f51fe373a2c29d305764c2bf1c,[Unnamed Skill],570ba81e994e80f51fe373a2c29d305764c2bf1c,[Unnamed Skill],1.0,Type-1 (Verbatim)
4ea72cdf014d6b18223e4248ed9444bd3953445a,[Unnamed Skill],4ea72cdf014d6b18223e4248ed9444bd3953445a,[Unnamed Skill],1.0,Type-1 (Verbatim)
4ea72cdf014d6b18223e4248ed9444bd3953445a,[Unnamed Skill],4ea72cdf014d6b18223e4248ed9444bd3953445a,[Unnamed Skill],1.0,Type-1 (Verbatim)
ba2d82b29f77bd561c89368f4961ed39a84e851b,[Unnamed Skill],ba2d82b29f77bd561c89368f4961ed39a84e851b,feign-bootstrap,1.0,Type-1 (Verbatim)
a5ff114d1a47ea54d00ab6ec4b9f4c7013b69787,[Unnamed Skill],a5ff114d1a47ea54d00ab6ec4b9f4c7013b69787,project-setup,1.0,Type-1 (Verbatim)
7bf3b11ca5cdd6ccc774b01bc84479a6dc168304,[Unnamed Skill],7bf3b11ca5cdd6ccc774b01bc84479a6dc168304,[Unnamed Skill],1.0,Type-1 (Verbatim)
da3dd9fbf319193769ed9594220972b93ddda782,beam-concepts,da3dd9fbf319193769ed9594220972b93ddda782,[Unnamed Skill],1.0,Type-1 (Verbatim)
e265ece4723cd078c8a99a5570f309e56871e813,[Unnamed Skill],e265ece4723cd078c8a99a5570f309e56871e813,[Unnamed Skill],1.0,Type-1 (Verbatim)
e265ece4723cd078c8a99a5570f309e56871e813,[Unnamed Skill],e265ece4723cd078c8a99a5570f309e56871e813,[Unnamed Skill],1.0,Type-1 (Verbatim)
e265ece4723cd078c8a99a5570f309e56871e813,[Unnamed Skill],e265ece4723cd078c8a99a5570f309e56871e813,[Unnamed Skill],1.0,Type-1 (Verbatim)
e265ece4723cd078c8a99a5570f309e56871e813,[Unnamed Skill],e265ece4723cd078c8a99a5570f309e56871e813,eclipse-plugin-development,1.0,Type-1 (Verbatim)
614dba9316cd25fb5f628bf82ba8899ac96318d2,[Unnamed Skill],614dba9316cd25fb5f628bf82ba8899ac96318d2,[Unnamed Skill],1.0,Type-1 (Verbatim)
614dba9316cd25fb5f628bf82ba8899ac96318d2,[Unnamed Skill],614dba9316cd25fb5f628bf82ba8899ac96318d2,[Unnamed Skill],1.0,Type-1 (Verbatim)
614dba9316cd25fb5f628bf82ba8899ac96318d2,[Unnamed Skill],614dba9316cd25fb5f628bf82ba8899ac96318d2,[Unnamed Skill],1.0,Type-1 (Verbatim)
614dba9316cd25fb5f628bf82ba8899ac96318d2,[Unnamed Skill],614dba9316cd25fb5f628bf82ba8899ac96318d2,speckit-git-feature,1.0,Type-1 (Verbatim)
bb0cce59de067cf820aaab400908c8f21bc3bc87,[Unnamed Skill],bb0cce59de067cf820aaab400908c8f21bc3bc87,api-unit-test,1.0,Type-1 (Verbatim)
8dfda123bbdff2dce6cc0a7b6264d6c8c6a14f45,skyline-overview,8dfda123bbdff2dce6cc0a7b6264d6c8c6a14f45,[Unnamed Skill],1.0,Type-1 (Verbatim)
3389df0ebc60fabf98cd01a31f21505ad55f6a9c,slice-audit-orchestrator,3389df0ebc60fabf98cd01a31f21505ad55f6a9c,[Unnamed Skill],1.0,Type-1 (Verbatim)
a6a3f5a0798318edb6ccef716cfecce92a50d914,[Unnamed Skill],a6a3f5a0798318edb6ccef716cfecce92a50d914,[Unnamed Skill],1.0,Type-1 (Verbatim)
572b1de866d6855dccc0700e7c2e82ac6dfde5d1,run-artha-yantra,572b1de866d6855dccc0700e7c2e82ac6dfde5d1,[Unnamed Skill],1.0,Type-1 (Verbatim)
755ad26df9c27ee4785305cb38af6625257eedd2,verify,755ad26df9c27ee4785305cb38af6625257eedd2,[Unnamed Skill],1.0,Type-1 (Verbatim)
20807e300d484ce12587f7c7237fa0d39ab0a0f3,[Unnamed Skill],20807e300d484ce12587f7c7237fa0d39ab0a0f3,[Unnamed Skill],1.0,Type-1 (Verbatim)
20807e300d484ce12587f7c7237fa0d39ab0a0f3,[Unnamed Skill],20807e300d484ce12587f7c7237fa0d39ab0a0f3,[Unnamed Skill],1.0,Type-1 (Verbatim)
20807e300d484ce12587f7c7237fa0d39ab0a0f3,[Unnamed Skill],20807e300d484ce12587f7c7237fa0d39ab0a0f3,[Unnamed Skill],1.0,Type-1 (Verbatim)
20807e300d484ce12587f7c7237fa0d39ab0a0f3,[Unnamed Skill],20807e300d484ce12587f7c7237fa0d39ab0a0f3,[Unnamed Skill],1.0,Type-1 (Verbatim)
20807e300d484ce12587f7c7237fa0d39ab0a0f3,[Unnamed Skill],20807e300d484ce12587f7c7237fa0d39ab0a0f3,[Unnamed Skill],1.0,Type-1 (Verbatim)
20807e300d484ce12587f7c7237fa0d39ab0a0f3,[Unnamed Skill],20807e300d484ce12587f7c7237fa0d39ab0a0f3,[Unnamed Skill],1.0,Type-1 (Verbatim)
161c846a2e6a309b40713cc0e5a5cadbda239674,skyline-worklet,161c846a2e6a309b40713cc0e5a5cadbda239674,[Unnamed Skill],1.0,Type-1 (Verbatim)
b8996ffdee7e61db936b0778587bebbcf80768c5,[Unnamed Skill],b8996ffdee7e61db936b0778587bebbcf80768c5,[Unnamed Skill],1.0,Type-1 (Verbatim)
b8996ffdee7e61db936b0778587bebbcf80768c5,[Unnamed Skill],b8996ffdee7e61db936b0778587bebbcf80768c5,jmix-create-fragment,1.0,Type-1 (Verbatim)
b8996ffdee7e61db936b0778587bebbcf80768c5,jmix-create-fragment,b8996ffdee7e61db936b0778587bebbcf80768c5,[Unnamed Skill],1.0,Type-1 (Verbatim)
4f761022c6e1303ba71557e3dbe9ab65311debea,domain-model-documentation,4f761022c6e1303ba71557e3dbe9ab65311debea,[Unnamed Skill],1.0,Type-1 (Verbatim)
03143b36e9930dfe5703281cf48b60324bc11adc,triage,03143b36e9930dfe5703281cf48b60324bc11adc,[Unnamed Skill],1.0,Type-1 (Verbatim)
eac824dc24a96a2b2bfa34c6f4813902c77acecd,[Unnamed Skill],eac824dc24a96a2b2bfa34c6f4813902c77acecd,[Unnamed Skill],1.0,Type-1 (Verbatim)
eac824dc24a96a2b2bfa34c6f4813902c77acecd,[Unnamed Skill],eac824dc24a96a2b2bfa34c6f4813902c77acecd,[Unnamed Skill],1.0,Type-1 (Verbatim)
eac824dc24a96a2b2bfa34c6f4813902c77acecd,[Unnamed Skill],eac824dc24a96a2b2bfa34c6f4813902c77acecd,[Unnamed Skill],1.0,Type-1 (Verbatim)
eac824dc24a96a2b2bfa34c6f4813902c77acecd,[Unnamed Skill],eac824dc24a96a2b2bfa34c6f4813902c77acecd,[Unnamed Skill],1.0,Type-1 (Verbatim)
eac824dc24a96a2b2bfa34c6f4813902c77acecd,[Unnamed Skill],eac824dc24a96a2b2bfa34c6f4813902c77acecd,[Unnamed Skill],1.0,Type-1 (Verbatim)
e41645fe3fbb7b2281f9b1f733c44178aeda88f0,jmix-add-entity-event-listener,e41645fe3fbb7b2281f9b1f733c44178aeda88f0,[Unnamed Skill],1.0,Type-1 (Verbatim)
e41645fe3fbb7b2281f9b1f733c44178aeda88f0,[Unnamed Skill],e41645fe3fbb7b2281f9b1f733c44178aeda88f0,[Unnamed Skill],1.0,Type-1 (Verbatim)
e41645fe3fbb7b2281f9b1f733c44178aeda88f0,[Unnamed Skill],e41645fe3fbb7b2281f9b1f733c44178aeda88f0,[Unnamed Skill],1.0,Type-1 (Verbatim)
426692aee27b094c046997c80019d5bcd51e3914,implementation-governance,426692aee27b094c046997c80019d5bcd51e3914,[Unnamed Skill],1.0,Type-1 (Verbatim)
443ac5f7baebd1465980dbe0a1e18195ac6330a8,[Unnamed Skill],443ac5f7baebd1465980dbe0a1e18195ac6330a8,[Unnamed Skill],1.0,Type-1 (Verbatim)
443ac5f7baebd1465980dbe0a1e18195ac6330a8,[Unnamed Skill],443ac5f7baebd1465980dbe0a1e18195ac6330a8,[Unnamed Skill],1.0,Type-1 (Verbatim)
443ac5f7baebd1465980dbe0a1e18195ac6330a8,[Unnamed Skill],443ac5f7baebd1465980dbe0a1e18195ac6330a8,[Unnamed Skill],1.0,Type-1 (Verbatim)
443ac5f7baebd1465980dbe0a1e18195ac6330a8,[Unnamed Skill],443ac5f7baebd1465980dbe0a1e18195ac6330a8,[Unnamed Skill],1.0,Type-1 (Verbatim)
443ac5f7baebd1465980dbe0a1e18195ac6330a8,[Unnamed Skill],443ac5f7baebd1465980dbe0a1e18195ac6330a8,[Unnamed Skill],1.0,Type-1 (Verbatim)
fc2ba2afb0b45432d3b1f9b1c95498d9d485785a,[Unnamed Skill],fc2ba2afb0b45432d3b1f9b1c95498d9d485785a,[Unnamed Skill],1.0,Type-1 (Verbatim)
d33a23ea62ebcdac6961ea6ab2b060429cbab3e6,[Unnamed Skill],d33a23ea62ebcdac6961ea6ab2b060429cbab3e6,[Unnamed Skill],1.0,Type-1 (Verbatim)
d33a23ea62ebcdac6961ea6ab2b060429cbab3e6,[Unnamed Skill],d33a23ea62ebcdac6961ea6ab2b060429cbab3e6,[Unnamed Skill],1.0,Type-1 (Verbatim)
b3ce7f25c2cb7cc9a21a66cedae12a8e422640d0,[Unnamed Skill],b3ce7f25c2cb7cc9a21a66cedae12a8e422640d0,admin_tools,1.0,Type-1 (Verbatim)
1a1c69059d9369df3de4a2bec11ef17bbdab3a82,[Unnamed Skill],1a1c69059d9369df3de4a2bec11ef17bbdab3a82,[Unnamed Skill],1.0,Type-1 (Verbatim)
312e80324dfc4ee8d91efbb77776fc9a30e62c71,[Unnamed Skill],312e80324dfc4ee8d91efbb77776fc9a30e62c71,[Unnamed Skill],1.0,Type-1 (Verbatim)
312e80324dfc4ee8d91efbb77776fc9a30e62c71,[Unnamed Skill],312e80324dfc4ee8d91efbb77776fc9a30e62c71,[Unnamed Skill],1.0,Type-1 (Verbatim)
312e80324dfc4ee8d91efbb77776fc9a30e62c71,[Unnamed Skill],312e80324dfc4ee8d91efbb77776fc9a30e62c71,[Unnamed Skill],1.0,Type-1 (Verbatim)
312e80324dfc4ee8d91efbb77776fc9a30e62c71,[Unnamed Skill],312e80324dfc4ee8d91efbb77776fc9a30e62c71,[Unnamed Skill],1.0,Type-1 (Verbatim)
312e80324dfc4ee8d91efbb77776fc9a30e62c71,[Unnamed Skill],312e80324dfc4ee8d91efbb77776fc9a30e62c71,[Unnamed Skill],1.0,Type-1 (Verbatim)
312e80324dfc4ee8d91efbb77776fc9a30e62c71,[Unnamed Skill],312e80324dfc4ee8d91efbb77776fc9a30e62c71,[Unnamed Skill],1.0,Type-1 (Verbatim)
312e80324dfc4ee8d91efbb77776fc9a30e62c71,[Unnamed Skill],312e80324dfc4ee8d91efbb77776fc9a30e62c71,[Unnamed Skill],1.0,Type-1 (Verbatim)
312e80324dfc4ee8d91efbb77776fc9a30e62c71,[Unnamed Skill],312e80324dfc4ee8d91efbb77776fc9a30e62c71,[Unnamed Skill],1.0,Type-1 (Verbatim)
312e80324dfc4ee8d91efbb77776fc9a30e62c71,[Unnamed Skill],312e80324dfc4ee8d91efbb77776fc9a30e62c71,[Unnamed Skill],1.0,Type-1 (Verbatim)
312e80324dfc4ee8d91efbb77776fc9a30e62c71,[Unnamed Skill],312e80324dfc4ee8d91efbb77776fc9a30e62c71,[Unnamed Skill],1.0,Type-1 (Verbatim)
312e80324dfc4ee8d91efbb77776fc9a30e62c71,[Unnamed Skill],312e80324dfc4ee8d91efbb77776fc9a30e62c71,[Unnamed Skill],1.0,Type-1 (Verbatim)
312e80324dfc4ee8d91efbb77776fc9a30e62c71,[Unnamed Skill],312e80324dfc4ee8d91efbb77776fc9a30e62c71,[Unnamed Skill],1.0,Type-1 (Verbatim)
312e80324dfc4ee8d91efbb77776fc9a30e62c71,[Unnamed Skill],312e80324dfc4ee8d91efbb77776fc9a30e62c71,[Unnamed Skill],1.0,Type-1 (Verbatim)
312e80324dfc4ee8d91efbb77776fc9a30e62c71,[Unnamed Skill],312e80324dfc4ee8d91efbb77776fc9a30e62c71,[Unnamed Skill],1.0,Type-1 (Verbatim)
312e80324dfc4ee8d91efbb77776fc9a30e62c71,[Unnamed Skill],312e80324dfc4ee8d91efbb77776fc9a30e62c71,[Unnamed Skill],1.0,Type-1 (Verbatim)
312e80324dfc4ee8d91efbb77776fc9a30e62c71,[Unnamed Skill],312e80324dfc4ee8d91efbb77776fc9a30e62c71,manage-roles-permissions,1.0,Type-1 (Verbatim)
312e80324dfc4ee8d91efbb77776fc9a30e62c71,manage-roles-permissions,312e80324dfc4ee8d91efbb77776fc9a30e62c71,[Unnamed Skill],1.0,Type-1 (Verbatim)
312e80324dfc4ee8d91efbb77776fc9a30e62c71,[Unnamed Skill],312e80324dfc4ee8d91efbb77776fc9a30e62c71,[Unnamed Skill],1.0,Type-1 (Verbatim)
312e80324dfc4ee8d91efbb77776fc9a30e62c71,[Unnamed Skill],312e80324dfc4ee8d91efbb77776fc9a30e62c71,[Unnamed Skill],1.0,Type-1 (Verbatim)
312e80324dfc4ee8d91efbb77776fc9a30e62c71,[Unnamed Skill],312e80324dfc4ee8d91efbb77776fc9a30e62c71,[Unnamed Skill],1.0,Type-1 (Verbatim)
312e80324dfc4ee8d91efbb77776fc9a30e62c71,[Unnamed Skill],312e80324dfc4ee8d91efbb77776fc9a30e62c71,[Unnamed Skill],1.0,Type-1 (Verbatim)
312e80324dfc4ee8d91efbb77776fc9a30e62c71,[Unnamed Skill],312e80324dfc4ee8d91efbb77776fc9a30e62c71,[Unnamed Skill],1.0,Type-1 (Verbatim)
312e80324dfc4ee8d91efbb77776fc9a30e62c71,[Unnamed Skill],312e80324dfc4ee8d91efbb77776fc9a30e62c71,[Unnamed Skill],1.0,Type-1 (Verbatim)
312e80324dfc4ee8d91efbb77776fc9a30e62c71,[Unnamed Skill],312e80324dfc4ee8d91efbb77776fc9a30e62c71,[Unnamed Skill],1.0,Type-1 (Verbatim)
312e80324dfc4ee8d91efbb77776fc9a30e62c71,[Unnamed Skill],312e80324dfc4ee8d91efbb77776fc9a30e62c71,[Unnamed Skill],1.0,Type-1 (Verbatim)
312e80324dfc4ee8d91efbb77776fc9a30e62c71,[Unnamed Skill],312e80324dfc4ee8d91efbb77776fc9a30e62c71,[Unnamed Skill],1.0,Type-1 (Verbatim)
312e80324dfc4ee8d91efbb77776fc9a30e62c71,[Unnamed Skill],312e80324dfc4ee8d91efbb77776fc9a30e62c71,[Unnamed Skill],1.0,Type-1 (Verbatim)
312e80324dfc4ee8d91efbb77776fc9a30e62c71,[Unnamed Skill],312e80324dfc4ee8d91efbb77776fc9a30e62c71,[Unnamed Skill],1.0,Type-1 (Verbatim)
312e80324dfc4ee8d91efbb77776fc9a30e62c71,[Unnamed Skill],312e80324dfc4ee8d91efbb77776fc9a30e62c71,[Unnamed Skill],1.0,Type-1 (Verbatim)
e2e51805457943cd4982fe792b858c14fa2c3c8f,[Unnamed Skill],e2e51805457943cd4982fe792b858c14fa2c3c8f,[Unnamed Skill],1.0,Type-1 (Verbatim)
398ba7bc5ad970927580632f8207566dad3240bc,[Unnamed Skill],398ba7bc5ad970927580632f8207566dad3240bc,[Unnamed Skill],1.0,Type-1 (Verbatim)
45d704783f16b1c08692582cd53cae1f70d4448d,[Unnamed Skill],45d704783f16b1c08692582cd53cae1f70d4448d,[Unnamed Skill],1.0,Type-1 (Verbatim)
63448028d232412e33a66bb6579869177c18a33f,[Unnamed Skill],63448028d232412e33a66bb6579869177c18a33f,[Unnamed Skill],1.0,Type-1 (Verbatim)
1d0c3594aae5b42db081e6207a1fd203080cd46c,[Unnamed Skill],1d0c3594aae5b42db081e6207a1fd203080cd46c,jmix-ide-static-analysis,1.0,Type-1 (Verbatim)
972b88a3b45612ef6740a5e4abbec04033a14763,[Unnamed Skill],972b88a3b45612ef6740a5e4abbec04033a14763,[Unnamed Skill],1.0,Type-1 (Verbatim)
118fe692acd4ad39254d19a5f8e8c8e1210a9ff9,[Unnamed Skill],118fe692acd4ad39254d19a5f8e8c8e1210a9ff9,[Unnamed Skill],1.0,Type-1 (Verbatim)
118fe692acd4ad39254d19a5f8e8c8e1210a9ff9,[Unnamed Skill],118fe692acd4ad39254d19a5f8e8c8e1210a9ff9,apcs-csa,1.0,Type-1 (Verbatim)
29be5c443fea3afcbabee0a55e8e8a90b4efd4d7,[Unnamed Skill],29be5c443fea3afcbabee0a55e8e8a90b4efd4d7,verify-performance,1.0,Type-1 (Verbatim)
29be5c443fea3afcbabee0a55e8e8a90b4efd4d7,verify-performance,29be5c443fea3afcbabee0a55e8e8a90b4efd4d7,[Unnamed Skill],1.0,Type-1 (Verbatim)
8f52e520f482ef174924ccaa9d19ffacb8faf731,[Unnamed Skill],8f52e520f482ef174924ccaa9d19ffacb8faf731,[Unnamed Skill],1.0,Type-1 (Verbatim)
8f52e520f482ef174924ccaa9d19ffacb8faf731,[Unnamed Skill],8f52e520f482ef174924ccaa9d19ffacb8faf731,[Unnamed Skill],1.0,Type-1 (Verbatim)
bb6878b9dee6e029a3f8a74531556bec5981a7f2,tdd-cycle,bb6878b9dee6e029a3f8a74531556bec5981a7f2,[Unnamed Skill],1.0,Type-1 (Verbatim)
bb6878b9dee6e029a3f8a74531556bec5981a7f2,[Unnamed Skill],bb6878b9dee6e029a3f8a74531556bec5981a7f2,[Unnamed Skill],1.0,Type-1 (Verbatim)
00d0532c9f74b6353bde51ddab04f9428e9fe25c,[Unnamed Skill],00d0532c9f74b6353bde51ddab04f9428e9fe25c,[Unnamed Skill],1.0,Type-1 (Verbatim)
00d0532c9f74b6353bde51ddab04f9428e9fe25c,[Unnamed Skill],00d0532c9f74b6353bde51ddab04f9428e9fe25c,[Unnamed Skill],1.0,Type-1 (Verbatim)
00d0532c9f74b6353bde51ddab04f9428e9fe25c,[Unnamed Skill],00d0532c9f74b6353bde51ddab04f9428e9fe25c,[Unnamed Skill],1.0,Type-1 (Verbatim)
33e7dd5b4c6c37040d39c155c3df662d4368c464,[Unnamed Skill],33e7dd5b4c6c37040d39c155c3df662d4368c464,[Unnamed Skill],1.0,Type-1 (Verbatim)
6a9eb6385ec7cf9c2530b6eb71f31e86cb2bd1c3,[Unnamed Skill],6a9eb6385ec7cf9c2530b6eb71f31e86cb2bd1c3,[Unnamed Skill],1.0,Type-1 (Verbatim)
e86b4061aff11c286ab42bc01f2968b87b4bdf12,[Unnamed Skill],e86b4061aff11c286ab42bc01f2968b87b4bdf12,exploit-suggest,1.0,Type-1 (Verbatim)
fd2d77f50d53026c2f6f95542429845eef5afef3,java-spring,fd2d77f50d53026c2f6f95542429845eef5afef3,[Unnamed Skill],1.0,Type-1 (Verbatim)
0a72f31251a02826f29d87c6f5e27378cdc17b50,[Unnamed Skill],0a72f31251a02826f29d87c6f5e27378cdc17b50,[Unnamed Skill],1.0,Type-1 (Verbatim)
0a72f31251a02826f29d87c6f5e27378cdc17b50,[Unnamed Skill],0a72f31251a02826f29d87c6f5e27378cdc17b50,maven-dependency-audit,1.0,Type-1 (Verbatim)
0a72f31251a02826f29d87c6f5e27378cdc17b50,maven-dependency-audit,0a72f31251a02826f29d87c6f5e27378cdc17b50,[Unnamed Skill],1.0,Type-1 (Verbatim)
0a72f31251a02826f29d87c6f5e27378cdc17b50,[Unnamed Skill],0a72f31251a02826f29d87c6f5e27378cdc17b50,[Unnamed Skill],1.0,Type-1 (Verbatim)
0a72f31251a02826f29d87c6f5e27378cdc17b50,[Unnamed Skill],0a72f31251a02826f29d87c6f5e27378cdc17b50,[Unnamed Skill],1.0,Type-1 (Verbatim)
93d7dc15395ee807e9771f78bc0077282e180f5f,[Unnamed Skill],93d7dc15395ee807e9771f78bc0077282e180f5f,frontend-coding-policy,1.0,Type-1 (Verbatim)
3e7e621219d347767a885953efa677579eba93aa,[Unnamed Skill],3e7e621219d347767a885953efa677579eba93aa,[Unnamed Skill],1.0,Type-1 (Verbatim)
3e7e621219d347767a885953efa677579eba93aa,[Unnamed Skill],3e7e621219d347767a885953efa677579eba93aa,[Unnamed Skill],1.0,Type-1 (Verbatim)
9e97e9835e1ffefcd26f7b46b7633070cd5fd13e,[Unnamed Skill],9e97e9835e1ffefcd26f7b46b7633070cd5fd13e,[Unnamed Skill],1.0,Type-1 (Verbatim)
9e97e9835e1ffefcd26f7b46b7633070cd5fd13e,[Unnamed Skill],9e97e9835e1ffefcd26f7b46b7633070cd5fd13e,[Unnamed Skill],1.0,Type-1 (Verbatim)
33e21568579296c65e548cf21f757c1774ff9997,[Unnamed Skill],33e21568579296c65e548cf21f757c1774ff9997,zk-architecture-evolution,1.0,Type-1 (Verbatim)
33e21568579296c65e548cf21f757c1774ff9997,zk-architecture-evolution,33e21568579296c65e548cf21f757c1774ff9997,[Unnamed Skill],1.0,Type-1 (Verbatim)
65ed41800d00896a83885cd0c71afb409e5eb5bc,[Unnamed Skill],65ed41800d00896a83885cd0c71afb409e5eb5bc,[Unnamed Skill],1.0,Type-1 (Verbatim)
e3e46599385c81f8c79ad75918e68f92893708c1,openspec-verify-change,e3e46599385c81f8c79ad75918e68f92893708c1,[Unnamed Skill],1.0,Type-1 (Verbatim)
a43c8003d7aeefcdedfecfed30b1da1ebd3f32ed,bolder,a43c8003d7aeefcdedfecfed30b1da1ebd3f32ed,[Unnamed Skill],1.0,Type-1 (Verbatim)
a43c8003d7aeefcdedfecfed30b1da1ebd3f32ed,[Unnamed Skill],a43c8003d7aeefcdedfecfed30b1da1ebd3f32ed,[Unnamed Skill],1.0,Type-1 (Verbatim)
a43c8003d7aeefcdedfecfed30b1da1ebd3f32ed,[Unnamed Skill],a43c8003d7aeefcdedfecfed30b1da1ebd3f32ed,[Unnamed Skill],1.0,Type-1 (Verbatim)
6e5d1fddfe01a6a3882b142adeb183abee9eb78a,[Unnamed Skill],6e5d1fddfe01a6a3882b142adeb183abee9eb78a,[Unnamed Skill],1.0,Type-1 (Verbatim)
6e5d1fddfe01a6a3882b142adeb183abee9eb78a,[Unnamed Skill],6e5d1fddfe01a6a3882b142adeb183abee9eb78a,[Unnamed Skill],1.0,Type-1 (Verbatim)
462a515fa08e5912a5de1e9e76cd803bf18b33ed,clarify,462a515fa08e5912a5de1e9e76cd803bf18b33ed,[Unnamed Skill],1.0,Type-1 (Verbatim)
462a515fa08e5912a5de1e9e76cd803bf18b33ed,[Unnamed Skill],462a515fa08e5912a5de1e9e76cd803bf18b33ed,[Unnamed Skill],1.0,Type-1 (Verbatim)
d4526213f89d289e15743d17eba28973182b5cc8,[Unnamed Skill],d4526213f89d289e15743d17eba28973182b5cc8,[Unnamed Skill],1.0,Type-1 (Verbatim)
34a9629aaaa5b38964e2e004c985f1631e43ae9c,[Unnamed Skill],34a9629aaaa5b38964e2e004c985f1631e43ae9c,[Unnamed Skill],1.0,Type-1 (Verbatim)
0b03f025f753574825d2185630cdef8879a366e3,[Unnamed Skill],0b03f025f753574825d2185630cdef8879a366e3,[Unnamed Skill],1.0,Type-1 (Verbatim)
0b03f025f753574825d2185630cdef8879a366e3,[Unnamed Skill],0b03f025f753574825d2185630cdef8879a366e3,[Unnamed Skill],1.0,Type-1 (Verbatim)
298449d70858abe1c44a667bc182d52a1a13916e,[Unnamed Skill],298449d70858abe1c44a667bc182d52a1a13916e,[Unnamed Skill],1.0,Type-1 (Verbatim)
a5830a8675523c1397288e92ff66d9c6724f4503,[Unnamed Skill],a5830a8675523c1397288e92ff66d9c6724f4503,[Unnamed Skill],1.0,Type-1 (Verbatim)
4db9228d6364d531407fe9758ae06513810b579a,[Unnamed Skill],4db9228d6364d531407fe9758ae06513810b579a,[Unnamed Skill],1.0,Type-1 (Verbatim)
4db9228d6364d531407fe9758ae06513810b579a,[Unnamed Skill],4db9228d6364d531407fe9758ae06513810b579a,[Unnamed Skill],1.0,Type-1 (Verbatim)
4db9228d6364d531407fe9758ae06513810b579a,[Unnamed Skill],4db9228d6364d531407fe9758ae06513810b579a,[Unnamed Skill],1.0,Type-1 (Verbatim)
a4a65c235f0627ca097f8621d0016cc77e6b0730,[Unnamed Skill],a4a65c235f0627ca097f8621d0016cc77e6b0730,[Unnamed Skill],1.0,Type-1 (Verbatim)
a4a65c235f0627ca097f8621d0016cc77e6b0730,[Unnamed Skill],a4a65c235f0627ca097f8621d0016cc77e6b0730,[Unnamed Skill],1.0,Type-1 (Verbatim)
a4a65c235f0627ca097f8621d0016cc77e6b0730,[Unnamed Skill],a4a65c235f0627ca097f8621d0016cc77e6b0730,[Unnamed Skill],1.0,Type-1 (Verbatim)
a4a65c235f0627ca097f8621d0016cc77e6b0730,[Unnamed Skill],a4a65c235f0627ca097f8621d0016cc77e6b0730,[Unnamed Skill],1.0,Type-1 (Verbatim)
a4a65c235f0627ca097f8621d0016cc77e6b0730,[Unnamed Skill],a4a65c235f0627ca097f8621d0016cc77e6b0730,[Unnamed Skill],1.0,Type-1 (Verbatim)
a4a65c235f0627ca097f8621d0016cc77e6b0730,[Unnamed Skill],a4a65c235f0627ca097f8621d0016cc77e6b0730,[Unnamed Skill],1.0,Type-1 (Verbatim)
a4a65c235f0627ca097f8621d0016cc77e6b0730,[Unnamed Skill],a4a65c235f0627ca097f8621d0016cc77e6b0730,[Unnamed Skill],1.0,Type-1 (Verbatim)
a4a65c235f0627ca097f8621d0016cc77e6b0730,[Unnamed Skill],a4a65c235f0627ca097f8621d0016cc77e6b0730,[Unnamed Skill],1.0,Type-1 (Verbatim)
a4a65c235f0627ca097f8621d0016cc77e6b0730,[Unnamed Skill],a4a65c235f0627ca097f8621d0016cc77e6b0730,[Unnamed Skill],1.0,Type-1 (Verbatim)
a4a65c235f0627ca097f8621d0016cc77e6b0730,[Unnamed Skill],a4a65c235f0627ca097f8621d0016cc77e6b0730,[Unnamed Skill],1.0,Type-1 (Verbatim)
a4a65c235f0627ca097f8621d0016cc77e6b0730,[Unnamed Skill],a4a65c235f0627ca097f8621d0016cc77e6b0730,[Unnamed Skill],1.0,Type-1 (Verbatim)
a4a65c235f0627ca097f8621d0016cc77e6b0730,[Unnamed Skill],a4a65c235f0627ca097f8621d0016cc77e6b0730,[Unnamed Skill],1.0,Type-1 (Verbatim)
a4a65c235f0627ca097f8621d0016cc77e6b0730,[Unnamed Skill],a4a65c235f0627ca097f8621d0016cc77e6b0730,[Unnamed Skill],1.0,Type-1 (Verbatim)
a4a65c235f0627ca097f8621d0016cc77e6b0730,[Unnamed Skill],a4a65c235f0627ca097f8621d0016cc77e6b0730,[Unnamed Skill],1.0,Type-1 (Verbatim)
a4a65c235f0627ca097f8621d0016cc77e6b0730,[Unnamed Skill],a4a65c235f0627ca097f8621d0016cc77e6b0730,feature-flags,1.0,Type-1 (Verbatim)
a4a65c235f0627ca097f8621d0016cc77e6b0730,feature-flags,a4a65c235f0627ca097f8621d0016cc77e6b0730,[Unnamed Skill],1.0,Type-1 (Verbatim)
a4a65c235f0627ca097f8621d0016cc77e6b0730,[Unnamed Skill],a4a65c235f0627ca097f8621d0016cc77e6b0730,[Unnamed Skill],1.0,Type-1 (Verbatim)
a4a65c235f0627ca097f8621d0016cc77e6b0730,[Unnamed Skill],a4a65c235f0627ca097f8621d0016cc77e6b0730,[Unnamed Skill],1.0,Type-1 (Verbatim)
a4a65c235f0627ca097f8621d0016cc77e6b0730,[Unnamed Skill],a4a65c235f0627ca097f8621d0016cc77e6b0730,[Unnamed Skill],1.0,Type-1 (Verbatim)
a4a65c235f0627ca097f8621d0016cc77e6b0730,[Unnamed Skill],a4a65c235f0627ca097f8621d0016cc77e6b0730,[Unnamed Skill],1.0,Type-1 (Verbatim)
a4a65c235f0627ca097f8621d0016cc77e6b0730,[Unnamed Skill],a4a65c235f0627ca097f8621d0016cc77e6b0730,[Unnamed Skill],1.0,Type-1 (Verbatim)
a4a65c235f0627ca097f8621d0016cc77e6b0730,[Unnamed Skill],a4a65c235f0627ca097f8621d0016cc77e6b0730,[Unnamed Skill],1.0,Type-1 (Verbatim)
a4a65c235f0627ca097f8621d0016cc77e6b0730,[Unnamed Skill],a4a65c235f0627ca097f8621d0016cc77e6b0730,[Unnamed Skill],1.0,Type-1 (Verbatim)
a4a65c235f0627ca097f8621d0016cc77e6b0730,[Unnamed Skill],a4a65c235f0627ca097f8621d0016cc77e6b0730,[Unnamed Skill],1.0,Type-1 (Verbatim)
a4a65c235f0627ca097f8621d0016cc77e6b0730,[Unnamed Skill],a4a65c235f0627ca097f8621d0016cc77e6b0730,[Unnamed Skill],1.0,Type-1 (Verbatim)
a4a65c235f0627ca097f8621d0016cc77e6b0730,[Unnamed Skill],a4a65c235f0627ca097f8621d0016cc77e6b0730,[Unnamed Skill],1.0,Type-1 (Verbatim)
a4a65c235f0627ca097f8621d0016cc77e6b0730,[Unnamed Skill],a4a65c235f0627ca097f8621d0016cc77e6b0730,[Unnamed Skill],1.0,Type-1 (Verbatim)
a4a65c235f0627ca097f8621d0016cc77e6b0730,[Unnamed Skill],a4a65c235f0627ca097f8621d0016cc77e6b0730,[Unnamed Skill],1.0,Type-1 (Verbatim)
a4a65c235f0627ca097f8621d0016cc77e6b0730,[Unnamed Skill],a4a65c235f0627ca097f8621d0016cc77e6b0730,[Unnamed Skill],1.0,Type-1 (Verbatim)
42e3d9d9fb80897154e615f7ca361deb3181c4ce,[Unnamed Skill],42e3d9d9fb80897154e615f7ca361deb3181c4ce,[Unnamed Skill],1.0,Type-1 (Verbatim)
f41ee41ac2f2dfb4616dcf55219c56ea98028be6,[Unnamed Skill],f41ee41ac2f2dfb4616dcf55219c56ea98028be6,openspec-verify-change,1.0,Type-1 (Verbatim)
25fafd1eab85591f168ea2f7a2db2250768c2341,[Unnamed Skill],25fafd1eab85591f168ea2f7a2db2250768c2341,[Unnamed Skill],1.0,Type-1 (Verbatim)
1df050f2486bcb15d043f059476cad7788d8036a,[Unnamed Skill],1df050f2486bcb15d043f059476cad7788d8036a,verify-error-handling,1.0,Type-1 (Verbatim)
1df050f2486bcb15d043f059476cad7788d8036a,verify-error-handling,1df050f2486bcb15d043f059476cad7788d8036a,[Unnamed Skill],1.0,Type-1 (Verbatim)
5f3eff72d3c2a5d5127d8546e5d93e81763979b8,[Unnamed Skill],5f3eff72d3c2a5d5127d8546e5d93e81763979b8,braintime,1.0,Type-1 (Verbatim)
d98ccc4f5b373a8150aa1d304031d7d39f7b7e9b,quickstart,d98ccc4f5b373a8150aa1d304031d7d39f7b7e9b,[Unnamed Skill],1.0,Type-1 (Verbatim)
f2161f3a9d1e0e61521e8fcf2bfcfe28276aece3,skyline-scroll-api,f2161f3a9d1e0e61521e8fcf2bfcfe28276aece3,[Unnamed Skill],1.0,Type-1 (Verbatim)
5339c5c6eae282514cb4542a79459b0fbedf12b3,[Unnamed Skill],5339c5c6eae282514cb4542a79459b0fbedf12b3,[Unnamed Skill],1.0,Type-1 (Verbatim)
5339c5c6eae282514cb4542a79459b0fbedf12b3,[Unnamed Skill],5339c5c6eae282514cb4542a79459b0fbedf12b3,[Unnamed Skill],1.0,Type-1 (Verbatim)
a4453dad1d28dd625745bef3191207330b927875,java-maven-dependency-audit,a4453dad1d28dd625745bef3191207330b927875,[Unnamed Skill],1.0,Type-1 (Verbatim)
40e9702f7b1608c482bbd6d77cc48b740faf07c6,[Unnamed Skill],40e9702f7b1608c482bbd6d77cc48b740faf07c6,[Unnamed Skill],1.0,Type-1 (Verbatim)
0ed767691a3eb61685f81c66a65fd0099c85ecf8,Security Reviewer Skills,0ed767691a3eb61685f81c66a65fd0099c85ecf8,[Unnamed Skill],1.0,Type-1 (Verbatim)
576f169d9abb4ce952ae04464eba702d8ab6c1d1,security-audit,576f169d9abb4ce952ae04464eba702d8ab6c1d1,[Unnamed Skill],1.0,Type-1 (Verbatim)
39cabdaf34cacf40be4278d57b798f7d7f1b503d,[Unnamed Skill],39cabdaf34cacf40be4278d57b798f7d7f1b503d,colorize,1.0,Type-1 (Verbatim)
39cabdaf34cacf40be4278d57b798f7d7f1b503d,colorize,39cabdaf34cacf40be4278d57b798f7d7f1b503d,[Unnamed Skill],1.0,Type-1 (Verbatim)
39cabdaf34cacf40be4278d57b798f7d7f1b503d,[Unnamed Skill],39cabdaf34cacf40be4278d57b798f7d7f1b503d,[Unnamed Skill],1.0,Type-1 (Verbatim)
23a8d041989c7101be904eabfb9b456962c45912,[Unnamed Skill],23a8d041989c7101be904eabfb9b456962c45912,[Unnamed Skill],1.0,Type-1 (Verbatim)
23a8d041989c7101be904eabfb9b456962c45912,[Unnamed Skill],23a8d041989c7101be904eabfb9b456962c45912,[Unnamed Skill],1.0,Type-1 (Verbatim)
df17a29424adada01faeebff46fb0b2f99bd13f0,[Unnamed Skill],df17a29424adada01faeebff46fb0b2f99bd13f0,[Unnamed Skill],1.0,Type-1 (Verbatim)
493d13403076399b2c2b1812fd1e7213722e03b5,[Unnamed Skill],493d13403076399b2c2b1812fd1e7213722e03b5,[Unnamed Skill],1.0,Type-1 (Verbatim)
493d13403076399b2c2b1812fd1e7213722e03b5,[Unnamed Skill],493d13403076399b2c2b1812fd1e7213722e03b5,ideation,1.0,Type-1 (Verbatim)
1ebc6e14c126792dd48d946beb983e7519a7dac4,[Unnamed Skill],1ebc6e14c126792dd48d946beb983e7519a7dac4,[Unnamed Skill],1.0,Type-1 (Verbatim)
969a292c1ee27c29a3f58e4a52e155a9d74909bf,[Unnamed Skill],969a292c1ee27c29a3f58e4a52e155a9d74909bf,[Unnamed Skill],1.0,Type-1 (Verbatim)
969a292c1ee27c29a3f58e4a52e155a9d74909bf,[Unnamed Skill],969a292c1ee27c29a3f58e4a52e155a9d74909bf,[Unnamed Skill],1.0,Type-1 (Verbatim)
1c8b3974510636420396f591e6b5ab8e0d6f552e,[Unnamed Skill],1c8b3974510636420396f591e6b5ab8e0d6f552e,[Unnamed Skill],1.0,Type-1 (Verbatim)
84a00e53c323c7eb89adf880bdbc88260007eb6f,[Unnamed Skill],84a00e53c323c7eb89adf880bdbc88260007eb6f,[Unnamed Skill],1.0,Type-1 (Verbatim)
4cd42ef5945d2815fa97564a62cb7e53f495987e,[Unnamed Skill],4cd42ef5945d2815fa97564a62cb7e53f495987e,user-testing-validator,1.0,Type-1 (Verbatim)
7e7c4e2d441d3a373310e47f578c6a80ff963b79,minecraft-log-tools,7e7c4e2d441d3a373310e47f578c6a80ff963b79,[Unnamed Skill],1.0,Type-1 (Verbatim)
7e7c4e2d441d3a373310e47f578c6a80ff963b79,[Unnamed Skill],7e7c4e2d441d3a373310e47f578c6a80ff963b79,[Unnamed Skill],1.0,Type-1 (Verbatim)
2dd66850b52d775265699fdf1810273169d37a67,[Unnamed Skill],2dd66850b52d775265699fdf1810273169d37a67,[Unnamed Skill],1.0,Type-1 (Verbatim)
dc3d1eb40bfd801cf9117f3a5c5e62417f615700,[Unnamed Skill],dc3d1eb40bfd801cf9117f3a5c5e62417f615700,client_medical_prescription_recommendation,1.0,Type-1 (Verbatim)
777593d52df878d0b4f711203561d82a7d1671e1,[Unnamed Skill],777593d52df878d0b4f711203561d82a7d1671e1,[Unnamed Skill],1.0,Type-1 (Verbatim)
777593d52df878d0b4f711203561d82a7d1671e1,[Unnamed Skill],777593d52df878d0b4f711203561d82a7d1671e1,[Unnamed Skill],1.0,Type-1 (Verbatim)
777593d52df878d0b4f711203561d82a7d1671e1,[Unnamed Skill],777593d52df878d0b4f711203561d82a7d1671e1,[Unnamed Skill],1.0,Type-1 (Verbatim)
008d4ac9cf5bd3a4e7c31285d925afcd860cdba5,[Unnamed Skill],008d4ac9cf5bd3a4e7c31285d925afcd860cdba5,[Unnamed Skill],1.0,Type-1 (Verbatim)
2b30e16f456bd6dc170bd4b692fd75cb095e4755,[Unnamed Skill],2b30e16f456bd6dc170bd4b692fd75cb095e4755,[Unnamed Skill],1.0,Type-1 (Verbatim)
2b30e16f456bd6dc170bd4b692fd75cb095e4755,[Unnamed Skill],2b30e16f456bd6dc170bd4b692fd75cb095e4755,adapt,1.0,Type-1 (Verbatim)
2b30e16f456bd6dc170bd4b692fd75cb095e4755,adapt,2b30e16f456bd6dc170bd4b692fd75cb095e4755,[Unnamed Skill],1.0,Type-1 (Verbatim)
43da0ae169d3e7ee0f4586cf720430829ad2f426,[Unnamed Skill],43da0ae169d3e7ee0f4586cf720430829ad2f426,[Unnamed Skill],1.0,Type-1 (Verbatim)
43da0ae169d3e7ee0f4586cf720430829ad2f426,[Unnamed Skill],43da0ae169d3e7ee0f4586cf720430829ad2f426,[Unnamed Skill],1.0,Type-1 (Verbatim)
5d53d49ec0bd6cb2707f2690164010bb55171a6f,[Unnamed Skill],5d53d49ec0bd6cb2707f2690164010bb55171a6f,[Unnamed Skill],1.0,Type-1 (Verbatim)
5d53d49ec0bd6cb2707f2690164010bb55171a6f,[Unnamed Skill],5d53d49ec0bd6cb2707f2690164010bb55171a6f,[Unnamed Skill],1.0,Type-1 (Verbatim)
5d53d49ec0bd6cb2707f2690164010bb55171a6f,[Unnamed Skill],5d53d49ec0bd6cb2707f2690164010bb55171a6f,[Unnamed Skill],1.0,Type-1 (Verbatim)
5d53d49ec0bd6cb2707f2690164010bb55171a6f,[Unnamed Skill],5d53d49ec0bd6cb2707f2690164010bb55171a6f,[Unnamed Skill],1.0,Type-1 (Verbatim)
5d53d49ec0bd6cb2707f2690164010bb55171a6f,[Unnamed Skill],5d53d49ec0bd6cb2707f2690164010bb55171a6f,[Unnamed Skill],1.0,Type-1 (Verbatim)
5d53d49ec0bd6cb2707f2690164010bb55171a6f,[Unnamed Skill],5d53d49ec0bd6cb2707f2690164010bb55171a6f,[Unnamed Skill],1.0,Type-1 (Verbatim)
5d53d49ec0bd6cb2707f2690164010bb55171a6f,[Unnamed Skill],5d53d49ec0bd6cb2707f2690164010bb55171a6f,[Unnamed Skill],1.0,Type-1 (Verbatim)
5d53d49ec0bd6cb2707f2690164010bb55171a6f,[Unnamed Skill],5d53d49ec0bd6cb2707f2690164010bb55171a6f,[Unnamed Skill],1.0,Type-1 (Verbatim)
5d53d49ec0bd6cb2707f2690164010bb55171a6f,[Unnamed Skill],5d53d49ec0bd6cb2707f2690164010bb55171a6f,[Unnamed Skill],1.0,Type-1 (Verbatim)
5d53d49ec0bd6cb2707f2690164010bb55171a6f,[Unnamed Skill],5d53d49ec0bd6cb2707f2690164010bb55171a6f,[Unnamed Skill],1.0,Type-1 (Verbatim)
f6a22ddf88fdc7e7b7603f4c9064cc51bd930ad9,[Unnamed Skill],f6a22ddf88fdc7e7b7603f4c9064cc51bd930ad9,[Unnamed Skill],1.0,Type-1 (Verbatim)
f6a22ddf88fdc7e7b7603f4c9064cc51bd930ad9,[Unnamed Skill],f6a22ddf88fdc7e7b7603f4c9064cc51bd930ad9,[Unnamed Skill],1.0,Type-1 (Verbatim)
f6a22ddf88fdc7e7b7603f4c9064cc51bd930ad9,[Unnamed Skill],f6a22ddf88fdc7e7b7603f4c9064cc51bd930ad9,[Unnamed Skill],1.0,Type-1 (Verbatim)
317f09b5e83339ba7ef580f55601df21df43e490,[Unnamed Skill],317f09b5e83339ba7ef580f55601df21df43e490,code-reviewer,1.0,Type-1 (Verbatim)
317f09b5e83339ba7ef580f55601df21df43e490,code-reviewer,317f09b5e83339ba7ef580f55601df21df43e490,[Unnamed Skill],1.0,Type-1 (Verbatim)
bf5e76d59a24a18e920746eb37b8a4cc8fba0e15,[Unnamed Skill],bf5e76d59a24a18e920746eb37b8a4cc8fba0e15,observability-bootstrap,1.0,Type-1 (Verbatim)
1af6945920aaaf887bc0c04fdd5a0842b1cce18d,[Unnamed Skill],1af6945920aaaf887bc0c04fdd5a0842b1cce18d,[Unnamed Skill],1.0,Type-1 (Verbatim)
1af6945920aaaf887bc0c04fdd5a0842b1cce18d,[Unnamed Skill],1af6945920aaaf887bc0c04fdd5a0842b1cce18d,spring-boot-zk-integration,1.0,Type-1 (Verbatim)
98072ae9658acda73eae2f834951c48e13522c28,[Unnamed Skill],98072ae9658acda73eae2f834951c48e13522c28,[Unnamed Skill],1.0,Type-1 (Verbatim)
491436305c2816d6e3a092587385925b0a780c79,[Unnamed Skill],491436305c2816d6e3a092587385925b0a780c79,[Unnamed Skill],1.0,Type-1 (Verbatim)
47d8d50bfdc950da56b38d9d97778c0edde82f22,[Unnamed Skill],47d8d50bfdc950da56b38d9d97778c0edde82f22,kubernetes-bootstrap,1.0,Type-1 (Verbatim)
b334d64771f06ecbb92cda615d6a10314a032bc4,[Unnamed Skill],b334d64771f06ecbb92cda615d6a10314a032bc4,[Unnamed Skill],1.0,Type-1 (Verbatim)
b334d64771f06ecbb92cda615d6a10314a032bc4,[Unnamed Skill],b334d64771f06ecbb92cda615d6a10314a032bc4,jpa-evolution-with-spring,1.0,Type-1 (Verbatim)
9b8a72fac53ce22e4df50b09677d74e91f1c1e0d,[Unnamed Skill],9b8a72fac53ce22e4df50b09677d74e91f1c1e0d,[Unnamed Skill],1.0,Type-1 (Verbatim)
52f0c988d44e7ff3c777f5b4c30bce862cafbd49,[Unnamed Skill],52f0c988d44e7ff3c777f5b4c30bce862cafbd49,verify-implementation,1.0,Type-1 (Verbatim)
52f0c988d44e7ff3c777f5b4c30bce862cafbd49,verify-implementation,52f0c988d44e7ff3c777f5b4c30bce862cafbd49,[Unnamed Skill],1.0,Type-1 (Verbatim)
69eb74adab745047903732e600a82a9063efbf17,[Unnamed Skill],69eb74adab745047903732e600a82a9063efbf17,[Unnamed Skill],1.0,Type-1 (Verbatim)
c3f055fd003058b892567d49ce9dbbe2c6d37961,teams-collector,c3f055fd003058b892567d49ce9dbbe2c6d37961,[Unnamed Skill],1.0,Type-1 (Verbatim)
01a98e95f73c5e510635482d1bdc1c5048fc5484,[Unnamed Skill],01a98e95f73c5e510635482d1bdc1c5048fc5484,[Unnamed Skill],1.0,Type-1 (Verbatim)
01a98e95f73c5e510635482d1bdc1c5048fc5484,[Unnamed Skill],01a98e95f73c5e510635482d1bdc1c5048fc5484,[Unnamed Skill],1.0,Type-1 (Verbatim)
01a98e95f73c5e510635482d1bdc1c5048fc5484,[Unnamed Skill],01a98e95f73c5e510635482d1bdc1c5048fc5484,[Unnamed Skill],1.0,Type-1 (Verbatim)
165c66dccc13d4a9ccca4080c43fb83617fd17c3,[Unnamed Skill],165c66dccc13d4a9ccca4080c43fb83617fd17c3,[Unnamed Skill],1.0,Type-1 (Verbatim)
165c66dccc13d4a9ccca4080c43fb83617fd17c3,[Unnamed Skill],165c66dccc13d4a9ccca4080c43fb83617fd17c3,[Unnamed Skill],1.0,Type-1 (Verbatim)
165c66dccc13d4a9ccca4080c43fb83617fd17c3,[Unnamed Skill],165c66dccc13d4a9ccca4080c43fb83617fd17c3,[Unnamed Skill],1.0,Type-1 (Verbatim)
e42603e8cc3bb099f8fe6345d2ebdbe3524f6119,[Unnamed Skill],e42603e8cc3bb099f8fe6345d2ebdbe3524f6119,benchmark-validator,1.0,Type-1 (Verbatim)
0343259883e4ab436043fb41d76a4c85db615cce,[Unnamed Skill],0343259883e4ab436043fb41d76a4c85db615cce,[Unnamed Skill],1.0,Type-1 (Verbatim)
ed55bda2fdb0d690ea3b80a1cf28bf848c5ad2b5,[Unnamed Skill],ed55bda2fdb0d690ea3b80a1cf28bf848c5ad2b5,[Unnamed Skill],1.0,Type-1 (Verbatim)
047e1e9aee2ad3f902aff2991a463aea25b98149,[Unnamed Skill],047e1e9aee2ad3f902aff2991a463aea25b98149,[Unnamed Skill],1.0,Type-1 (Verbatim)
047e1e9aee2ad3f902aff2991a463aea25b98149,[Unnamed Skill],047e1e9aee2ad3f902aff2991a463aea25b98149,[Unnamed Skill],1.0,Type-1 (Verbatim)
73f5739d755c7d236a1c6da16032f90541e075b5,scrutiny-validator,73f5739d755c7d236a1c6da16032f90541e075b5,[Unnamed Skill],1.0,Type-1 (Verbatim)
52123662d7b5bdfd4842d34a4185aa866d4b1e95,[Unnamed Skill],52123662d7b5bdfd4842d34a4185aa866d4b1e95,saga-validator,1.0,Type-1 (Verbatim)
55e7bd8dbbff04f820542f26d101eed94740f76d,[Unnamed Skill],55e7bd8dbbff04f820542f26d101eed94740f76d,[Unnamed Skill],1.0,Type-1 (Verbatim)
56b7e967d1fa1206a69be853441897cadb3d9b61,[Unnamed Skill],56b7e967d1fa1206a69be853441897cadb3d9b61,dual-layer-cache-framework,1.0,Type-1 (Verbatim)
89c7da0604f4f1be89aa9151e13040c0ba45248b,[Unnamed Skill],89c7da0604f4f1be89aa9151e13040c0ba45248b,[Unnamed Skill],1.0,Type-1 (Verbatim)
237988de4a66dd8a71d30a2c24ebe1a86b58d04e,[Unnamed Skill],237988de4a66dd8a71d30a2c24ebe1a86b58d04e,[Unnamed Skill],1.0,Type-1 (Verbatim)
237988de4a66dd8a71d30a2c24ebe1a86b58d04e,[Unnamed Skill],237988de4a66dd8a71d30a2c24ebe1a86b58d04e,[Unnamed Skill],1.0,Type-1 (Verbatim)
237988de4a66dd8a71d30a2c24ebe1a86b58d04e,[Unnamed Skill],237988de4a66dd8a71d30a2c24ebe1a86b58d04e,[Unnamed Skill],1.0,Type-1 (Verbatim)
237988de4a66dd8a71d30a2c24ebe1a86b58d04e,[Unnamed Skill],237988de4a66dd8a71d30a2c24ebe1a86b58d04e,[Unnamed Skill],1.0,Type-1 (Verbatim)
237988de4a66dd8a71d30a2c24ebe1a86b58d04e,[Unnamed Skill],237988de4a66dd8a71d30a2c24ebe1a86b58d04e,[Unnamed Skill],1.0,Type-1 (Verbatim)
237988de4a66dd8a71d30a2c24ebe1a86b58d04e,[Unnamed Skill],237988de4a66dd8a71d30a2c24ebe1a86b58d04e,[Unnamed Skill],1.0,Type-1 (Verbatim)
237988de4a66dd8a71d30a2c24ebe1a86b58d04e,[Unnamed Skill],237988de4a66dd8a71d30a2c24ebe1a86b58d04e,[Unnamed Skill],1.0,Type-1 (Verbatim)
237988de4a66dd8a71d30a2c24ebe1a86b58d04e,[Unnamed Skill],237988de4a66dd8a71d30a2c24ebe1a86b58d04e,[Unnamed Skill],1.0,Type-1 (Verbatim)
f9b42257fbd02137375cc70c3bae3fa6c47a29c0,[Unnamed Skill],f9b42257fbd02137375cc70c3bae3fa6c47a29c0,[Unnamed Skill],1.0,Type-1 (Verbatim)
f9b42257fbd02137375cc70c3bae3fa6c47a29c0,[Unnamed Skill],f9b42257fbd02137375cc70c3bae3fa6c47a29c0,[Unnamed Skill],1.0,Type-1 (Verbatim)
674eeeda8ffd43dab82b8f1128fb2f9ff8bbbe7d,e2e-testing,674eeeda8ffd43dab82b8f1128fb2f9ff8bbbe7d,[Unnamed Skill],1.0,Type-1 (Verbatim)
674eeeda8ffd43dab82b8f1128fb2f9ff8bbbe7d,[Unnamed Skill],674eeeda8ffd43dab82b8f1128fb2f9ff8bbbe7d,[Unnamed Skill],1.0,Type-1 (Verbatim)
828ad69a42a217807198a290f7c6f4c9a0840a2e,aj-kg-query,828ad69a42a217807198a290f7c6f4c9a0840a2e,[Unnamed Skill],1.0,Type-1 (Verbatim)
709a97e074f5d385731eff7e03bf982f3482a34e,[Unnamed Skill],709a97e074f5d385731eff7e03bf982f3482a34e,[Unnamed Skill],1.0,Type-1 (Verbatim)
709a97e074f5d385731eff7e03bf982f3482a34e,[Unnamed Skill],709a97e074f5d385731eff7e03bf982f3482a34e,[Unnamed Skill],1.0,Type-1 (Verbatim)
709a97e074f5d385731eff7e03bf982f3482a34e,[Unnamed Skill],709a97e074f5d385731eff7e03bf982f3482a34e,[Unnamed Skill],1.0,Type-1 (Verbatim)
709a97e074f5d385731eff7e03bf982f3482a34e,[Unnamed Skill],709a97e074f5d385731eff7e03bf982f3482a34e,[Unnamed Skill],1.0,Type-1 (Verbatim)
709a97e074f5d385731eff7e03bf982f3482a34e,[Unnamed Skill],709a97e074f5d385731eff7e03bf982f3482a34e,[Unnamed Skill],1.0,Type-1 (Verbatim)
709a97e074f5d385731eff7e03bf982f3482a34e,[Unnamed Skill],709a97e074f5d385731eff7e03bf982f3482a34e,[Unnamed Skill],1.0,Type-1 (Verbatim)
709a97e074f5d385731eff7e03bf982f3482a34e,[Unnamed Skill],709a97e074f5d385731eff7e03bf982f3482a34e,[Unnamed Skill],1.0,Type-1 (Verbatim)
709a97e074f5d385731eff7e03bf982f3482a34e,[Unnamed Skill],709a97e074f5d385731eff7e03bf982f3482a34e,[Unnamed Skill],1.0,Type-1 (Verbatim)
709a97e074f5d385731eff7e03bf982f3482a34e,[Unnamed Skill],709a97e074f5d385731eff7e03bf982f3482a34e,[Unnamed Skill],1.0,Type-1 (Verbatim)
709a97e074f5d385731eff7e03bf982f3482a34e,[Unnamed Skill],709a97e074f5d385731eff7e03bf982f3482a34e,[Unnamed Skill],1.0,Type-1 (Verbatim)
709a97e074f5d385731eff7e03bf982f3482a34e,[Unnamed Skill],709a97e074f5d385731eff7e03bf982f3482a34e,[Unnamed Skill],1.0,Type-1 (Verbatim)
709a97e074f5d385731eff7e03bf982f3482a34e,[Unnamed Skill],709a97e074f5d385731eff7e03bf982f3482a34e,[Unnamed Skill],1.0,Type-1 (Verbatim)
709a97e074f5d385731eff7e03bf982f3482a34e,[Unnamed Skill],709a97e074f5d385731eff7e03bf982f3482a34e,mcp-server,1.0,Type-1 (Verbatim)
709a97e074f5d385731eff7e03bf982f3482a34e,mcp-server,709a97e074f5d385731eff7e03bf982f3482a34e,[Unnamed Skill],1.0,Type-1 (Verbatim)
709a97e074f5d385731eff7e03bf982f3482a34e,[Unnamed Skill],709a97e074f5d385731eff7e03bf982f3482a34e,[Unnamed Skill],1.0,Type-1 (Verbatim)
709a97e074f5d385731eff7e03bf982f3482a34e,[Unnamed Skill],709a97e074f5d385731eff7e03bf982f3482a34e,[Unnamed Skill],1.0,Type-1 (Verbatim)
709a97e074f5d385731eff7e03bf982f3482a34e,[Unnamed Skill],709a97e074f5d385731eff7e03bf982f3482a34e,[Unnamed Skill],1.0,Type-1 (Verbatim)
709a97e074f5d385731eff7e03bf982f3482a34e,[Unnamed Skill],709a97e074f5d385731eff7e03bf982f3482a34e,[Unnamed Skill],1.0,Type-1 (Verbatim)
709a97e074f5d385731eff7e03bf982f3482a34e,[Unnamed Skill],709a97e074f5d385731eff7e03bf982f3482a34e,[Unnamed Skill],1.0,Type-1 (Verbatim)
709a97e074f5d385731eff7e03bf982f3482a34e,[Unnamed Skill],709a97e074f5d385731eff7e03bf982f3482a34e,[Unnamed Skill],1.0,Type-1 (Verbatim)
709a97e074f5d385731eff7e03bf982f3482a34e,[Unnamed Skill],709a97e074f5d385731eff7e03bf982f3482a34e,[Unnamed Skill],1.0,Type-1 (Verbatim)
709a97e074f5d385731eff7e03bf982f3482a34e,[Unnamed Skill],709a97e074f5d385731eff7e03bf982f3482a34e,[Unnamed Skill],1.0,Type-1 (Verbatim)
709a97e074f5d385731eff7e03bf982f3482a34e,[Unnamed Skill],709a97e074f5d385731eff7e03bf982f3482a34e,[Unnamed Skill],1.0,Type-1 (Verbatim)
709a97e074f5d385731eff7e03bf982f3482a34e,[Unnamed Skill],709a97e074f5d385731eff7e03bf982f3482a34e,[Unnamed Skill],1.0,Type-1 (Verbatim)
709a97e074f5d385731eff7e03bf982f3482a34e,[Unnamed Skill],709a97e074f5d385731eff7e03bf982f3482a34e,[Unnamed Skill],1.0,Type-1 (Verbatim)
709a97e074f5d385731eff7e03bf982f3482a34e,[Unnamed Skill],709a97e074f5d385731eff7e03bf982f3482a34e,[Unnamed Skill],1.0,Type-1 (Verbatim)
709a97e074f5d385731eff7e03bf982f3482a34e,[Unnamed Skill],709a97e074f5d385731eff7e03bf982f3482a34e,[Unnamed Skill],1.0,Type-1 (Verbatim)
709a97e074f5d385731eff7e03bf982f3482a34e,[Unnamed Skill],709a97e074f5d385731eff7e03bf982f3482a34e,[Unnamed Skill],1.0,Type-1 (Verbatim)
709a97e074f5d385731eff7e03bf982f3482a34e,[Unnamed Skill],709a97e074f5d385731eff7e03bf982f3482a34e,[Unnamed Skill],1.0,Type-1 (Verbatim)
c6d8303fb8c867e0423f3d669d582a1496ff2a58,[Unnamed Skill],c6d8303fb8c867e0423f3d669d582a1496ff2a58,playwright-cli,1.0,Type-1 (Verbatim)
c6d8303fb8c867e0423f3d669d582a1496ff2a58,playwright-cli,c6d8303fb8c867e0423f3d669d582a1496ff2a58,[Unnamed Skill],1.0,Type-1 (Verbatim)
b00f67bcebc597994012a447367108ceffdca351,[Unnamed Skill],b00f67bcebc597994012a447367108ceffdca351,[Unnamed Skill],1.0,Type-1 (Verbatim)
b00f67bcebc597994012a447367108ceffdca351,[Unnamed Skill],b00f67bcebc597994012a447367108ceffdca351,[Unnamed Skill],1.0,Type-1 (Verbatim)
b00f67bcebc597994012a447367108ceffdca351,[Unnamed Skill],b00f67bcebc597994012a447367108ceffdca351,[Unnamed Skill],1.0,Type-1 (Verbatim)
b00f67bcebc597994012a447367108ceffdca351,[Unnamed Skill],b00f67bcebc597994012a447367108ceffdca351,[Unnamed Skill],1.0,Type-1 (Verbatim)
b00f67bcebc597994012a447367108ceffdca351,[Unnamed Skill],b00f67bcebc597994012a447367108ceffdca351,[Unnamed Skill],1.0,Type-1 (Verbatim)
b00f67bcebc597994012a447367108ceffdca351,[Unnamed Skill],b00f67bcebc597994012a447367108ceffdca351,[Unnamed Skill],1.0,Type-1 (Verbatim)
b00f67bcebc597994012a447367108ceffdca351,[Unnamed Skill],b00f67bcebc597994012a447367108ceffdca351,[Unnamed Skill],1.0,Type-1 (Verbatim)
b00f67bcebc597994012a447367108ceffdca351,[Unnamed Skill],b00f67bcebc597994012a447367108ceffdca351,[Unnamed Skill],1.0,Type-1 (Verbatim)
5ba982ace424791cc77e85aad61a87ae63775f6b,[Unnamed Skill],5ba982ace424791cc77e85aad61a87ae63775f6b,[Unnamed Skill],1.0,Type-1 (Verbatim)
5ba982ace424791cc77e85aad61a87ae63775f6b,[Unnamed Skill],5ba982ace424791cc77e85aad61a87ae63775f6b,[Unnamed Skill],1.0,Type-1 (Verbatim)
5ba982ace424791cc77e85aad61a87ae63775f6b,[Unnamed Skill],5ba982ace424791cc77e85aad61a87ae63775f6b,[Unnamed Skill],1.0,Type-1 (Verbatim)
fe21c40339de34a3baea45a0ae6355f261ff8699,[Unnamed Skill],fe21c40339de34a3baea45a0ae6355f261ff8699,[Unnamed Skill],1.0,Type-1 (Verbatim)
fe21c40339de34a3baea45a0ae6355f261ff8699,[Unnamed Skill],fe21c40339de34a3baea45a0ae6355f261ff8699,[Unnamed Skill],1.0,Type-1 (Verbatim)
1d3a6beb2981af2ad767d4658e290f7c7008af10,[Unnamed Skill],1d3a6beb2981af2ad767d4658e290f7c7008af10,arrange,1.0,Type-1 (Verbatim)
1d3a6beb2981af2ad767d4658e290f7c7008af10,arrange,1d3a6beb2981af2ad767d4658e290f7c7008af10,[Unnamed Skill],1.0,Type-1 (Verbatim)
1d3a6beb2981af2ad767d4658e290f7c7008af10,[Unnamed Skill],1d3a6beb2981af2ad767d4658e290f7c7008af10,[Unnamed Skill],1.0,Type-1 (Verbatim)
1fa9cf3133a1016a43e72ec3ab856ad08ba1b3f2,[Unnamed Skill],1fa9cf3133a1016a43e72ec3ab856ad08ba1b3f2,[Unnamed Skill],1.0,Type-1 (Verbatim)
1fa9cf3133a1016a43e72ec3ab856ad08ba1b3f2,[Unnamed Skill],1fa9cf3133a1016a43e72ec3ab856ad08ba1b3f2,[Unnamed Skill],1.0,Type-1 (Verbatim)
1fa9cf3133a1016a43e72ec3ab856ad08ba1b3f2,[Unnamed Skill],1fa9cf3133a1016a43e72ec3ab856ad08ba1b3f2,[Unnamed Skill],1.0,Type-1 (Verbatim)
1fa9cf3133a1016a43e72ec3ab856ad08ba1b3f2,[Unnamed Skill],1fa9cf3133a1016a43e72ec3ab856ad08ba1b3f2,[Unnamed Skill],1.0,Type-1 (Verbatim)
1fa9cf3133a1016a43e72ec3ab856ad08ba1b3f2,[Unnamed Skill],1fa9cf3133a1016a43e72ec3ab856ad08ba1b3f2,[Unnamed Skill],1.0,Type-1 (Verbatim)
1fa9cf3133a1016a43e72ec3ab856ad08ba1b3f2,[Unnamed Skill],1fa9cf3133a1016a43e72ec3ab856ad08ba1b3f2,[Unnamed Skill],1.0,Type-1 (Verbatim)
1fa9cf3133a1016a43e72ec3ab856ad08ba1b3f2,[Unnamed Skill],1fa9cf3133a1016a43e72ec3ab856ad08ba1b3f2,[Unnamed Skill],1.0,Type-1 (Verbatim)
1fa9cf3133a1016a43e72ec3ab856ad08ba1b3f2,[Unnamed Skill],1fa9cf3133a1016a43e72ec3ab856ad08ba1b3f2,[Unnamed Skill],1.0,Type-1 (Verbatim)
1fa9cf3133a1016a43e72ec3ab856ad08ba1b3f2,[Unnamed Skill],1fa9cf3133a1016a43e72ec3ab856ad08ba1b3f2,[Unnamed Skill],1.0,Type-1 (Verbatim)
1fa9cf3133a1016a43e72ec3ab856ad08ba1b3f2,[Unnamed Skill],1fa9cf3133a1016a43e72ec3ab856ad08ba1b3f2,[Unnamed Skill],1.0,Type-1 (Verbatim)
1fa9cf3133a1016a43e72ec3ab856ad08ba1b3f2,[Unnamed Skill],1fa9cf3133a1016a43e72ec3ab856ad08ba1b3f2,[Unnamed Skill],1.0,Type-1 (Verbatim)
1fa9cf3133a1016a43e72ec3ab856ad08ba1b3f2,[Unnamed Skill],1fa9cf3133a1016a43e72ec3ab856ad08ba1b3f2,[Unnamed Skill],1.0,Type-1 (Verbatim)
1fa9cf3133a1016a43e72ec3ab856ad08ba1b3f2,[Unnamed Skill],1fa9cf3133a1016a43e72ec3ab856ad08ba1b3f2,[Unnamed Skill],1.0,Type-1 (Verbatim)
1fa9cf3133a1016a43e72ec3ab856ad08ba1b3f2,[Unnamed Skill],1fa9cf3133a1016a43e72ec3ab856ad08ba1b3f2,[Unnamed Skill],1.0,Type-1 (Verbatim)
1fa9cf3133a1016a43e72ec3ab856ad08ba1b3f2,[Unnamed Skill],1fa9cf3133a1016a43e72ec3ab856ad08ba1b3f2,[Unnamed Skill],1.0,Type-1 (Verbatim)
1fa9cf3133a1016a43e72ec3ab856ad08ba1b3f2,[Unnamed Skill],1fa9cf3133a1016a43e72ec3ab856ad08ba1b3f2,[Unnamed Skill],1.0,Type-1 (Verbatim)
1fa9cf3133a1016a43e72ec3ab856ad08ba1b3f2,[Unnamed Skill],1fa9cf3133a1016a43e72ec3ab856ad08ba1b3f2,[Unnamed Skill],1.0,Type-1 (Verbatim)
1fa9cf3133a1016a43e72ec3ab856ad08ba1b3f2,[Unnamed Skill],1fa9cf3133a1016a43e72ec3ab856ad08ba1b3f2,[Unnamed Skill],1.0,Type-1 (Verbatim)
1fa9cf3133a1016a43e72ec3ab856ad08ba1b3f2,[Unnamed Skill],1fa9cf3133a1016a43e72ec3ab856ad08ba1b3f2,[Unnamed Skill],1.0,Type-1 (Verbatim)
1fa9cf3133a1016a43e72ec3ab856ad08ba1b3f2,[Unnamed Skill],1fa9cf3133a1016a43e72ec3ab856ad08ba1b3f2,[Unnamed Skill],1.0,Type-1 (Verbatim)
1fa9cf3133a1016a43e72ec3ab856ad08ba1b3f2,[Unnamed Skill],1fa9cf3133a1016a43e72ec3ab856ad08ba1b3f2,[Unnamed Skill],1.0,Type-1 (Verbatim)
1fa9cf3133a1016a43e72ec3ab856ad08ba1b3f2,[Unnamed Skill],1fa9cf3133a1016a43e72ec3ab856ad08ba1b3f2,[Unnamed Skill],1.0,Type-1 (Verbatim)
1fa9cf3133a1016a43e72ec3ab856ad08ba1b3f2,[Unnamed Skill],1fa9cf3133a1016a43e72ec3ab856ad08ba1b3f2,[Unnamed Skill],1.0,Type-1 (Verbatim)
1fa9cf3133a1016a43e72ec3ab856ad08ba1b3f2,[Unnamed Skill],1fa9cf3133a1016a43e72ec3ab856ad08ba1b3f2,[Unnamed Skill],1.0,Type-1 (Verbatim)
1fa9cf3133a1016a43e72ec3ab856ad08ba1b3f2,[Unnamed Skill],1fa9cf3133a1016a43e72ec3ab856ad08ba1b3f2,[Unnamed Skill],1.0,Type-1 (Verbatim)
1fa9cf3133a1016a43e72ec3ab856ad08ba1b3f2,[Unnamed Skill],1fa9cf3133a1016a43e72ec3ab856ad08ba1b3f2,[Unnamed Skill],1.0,Type-1 (Verbatim)
1fa9cf3133a1016a43e72ec3ab856ad08ba1b3f2,[Unnamed Skill],1fa9cf3133a1016a43e72ec3ab856ad08ba1b3f2,[Unnamed Skill],1.0,Type-1 (Verbatim)
1fa9cf3133a1016a43e72ec3ab856ad08ba1b3f2,[Unnamed Skill],1fa9cf3133a1016a43e72ec3ab856ad08ba1b3f2,[Unnamed Skill],1.0,Type-1 (Verbatim)
1fa9cf3133a1016a43e72ec3ab856ad08ba1b3f2,[Unnamed Skill],1fa9cf3133a1016a43e72ec3ab856ad08ba1b3f2,manage-environments,1.0,Type-1 (Verbatim)
73c4b0fed029de63431a7fc328c714ff04ad8ed8,[Unnamed Skill],73c4b0fed029de63431a7fc328c714ff04ad8ed8,[Unnamed Skill],1.0,Type-1 (Verbatim)
73c4b0fed029de63431a7fc328c714ff04ad8ed8,[Unnamed Skill],73c4b0fed029de63431a7fc328c714ff04ad8ed8,[Unnamed Skill],1.0,Type-1 (Verbatim)
73c4b0fed029de63431a7fc328c714ff04ad8ed8,[Unnamed Skill],73c4b0fed029de63431a7fc328c714ff04ad8ed8,[Unnamed Skill],1.0,Type-1 (Verbatim)
73c4b0fed029de63431a7fc328c714ff04ad8ed8,[Unnamed Skill],73c4b0fed029de63431a7fc328c714ff04ad8ed8,[Unnamed Skill],1.0,Type-1 (Verbatim)
fd5f6f443ce06d302c8d169e49f4555f34aa3c78,[Unnamed Skill],fd5f6f443ce06d302c8d169e49f4555f34aa3c78,[Unnamed Skill],1.0,Type-1 (Verbatim)
ce4cf3ad632dabaeec1ec7d0e345370a548e41a0,[Unnamed Skill],ce4cf3ad632dabaeec1ec7d0e345370a548e41a0,[Unnamed Skill],1.0,Type-1 (Verbatim)
ce4cf3ad632dabaeec1ec7d0e345370a548e41a0,[Unnamed Skill],ce4cf3ad632dabaeec1ec7d0e345370a548e41a0,[Unnamed Skill],1.0,Type-1 (Verbatim)
ce4cf3ad632dabaeec1ec7d0e345370a548e41a0,[Unnamed Skill],ce4cf3ad632dabaeec1ec7d0e345370a548e41a0,[Unnamed Skill],1.0,Type-1 (Verbatim)
fceaa830b03617c1406ce45a749c94dac59ef37f,[Unnamed Skill],fceaa830b03617c1406ce45a749c94dac59ef37f,[Unnamed Skill],1.0,Type-1 (Verbatim)
fceaa830b03617c1406ce45a749c94dac59ef37f,[Unnamed Skill],fceaa830b03617c1406ce45a749c94dac59ef37f,[Unnamed Skill],1.0,Type-1 (Verbatim)
fceaa830b03617c1406ce45a749c94dac59ef37f,[Unnamed Skill],fceaa830b03617c1406ce45a749c94dac59ef37f,[Unnamed Skill],1.0,Type-1 (Verbatim)
f1752adec063ecc9b3377df1e705aaa505d8b475,[Unnamed Skill],f1752adec063ecc9b3377df1e705aaa505d8b475,[Unnamed Skill],1.0,Type-1 (Verbatim)
e74cb75f890fd0fd3e80c0b9f6432dc94c5b28e5,[Unnamed Skill],e74cb75f890fd0fd3e80c0b9f6432dc94c5b28e5,dev-workflow-event-storming-workshop,1.0,Type-1 (Verbatim)
425c49f9b3f7b9770ced034c9076e44342b030fb,[Unnamed Skill],425c49f9b3f7b9770ced034c9076e44342b030fb,context-preprocessor,1.0,Type-1 (Verbatim)
f11d59fd6a24ea104b363499f6eeed1902f154cd,[Unnamed Skill],f11d59fd6a24ea104b363499f6eeed1902f154cd,[Unnamed Skill],1.0,Type-1 (Verbatim)
9b15b93632ede78acdb4c3c8307027fffe88de24,permission-query-pipeline,9b15b93632ede78acdb4c3c8307027fffe88de24,[Unnamed Skill],1.0,Type-1 (Verbatim)
ff1b942e8d33582b3305ac088071b89ce3f7af55,[Unnamed Skill],ff1b942e8d33582b3305ac088071b89ce3f7af55,[Unnamed Skill],1.0,Type-1 (Verbatim)
ae92c9134304f47ac9bfcc3bdcd840c43ea8fa51,[Unnamed Skill],ae92c9134304f47ac9bfcc3bdcd840c43ea8fa51,tla-plus,1.0,Type-1 (Verbatim)
f5ff214839457149510d936abdae137ae15e74f7,[Unnamed Skill],f5ff214839457149510d936abdae137ae15e74f7,skyline-route,1.0,Type-1 (Verbatim)
d258f8bcce5b7347e194836e6ca2d93934d1cdb1,[Unnamed Skill],d258f8bcce5b7347e194836e6ca2d93934d1cdb1,[Unnamed Skill],1.0,Type-1 (Verbatim)
b0b8e87684e2c5acc071da2c5cdda8fdb29ca5bf,guides,b0b8e87684e2c5acc071da2c5cdda8fdb29ca5bf,[Unnamed Skill],1.0,Type-1 (Verbatim)
b0b8e87684e2c5acc071da2c5cdda8fdb29ca5bf,[Unnamed Skill],b0b8e87684e2c5acc071da2c5cdda8fdb29ca5bf,[Unnamed Skill],1.0,Type-1 (Verbatim)
b0b8e87684e2c5acc071da2c5cdda8fdb29ca5bf,[Unnamed Skill],b0b8e87684e2c5acc071da2c5cdda8fdb29ca5bf,[Unnamed Skill],1.0,Type-1 (Verbatim)
03de524055c4021ae3bdc6a1c52ec7167e2d712f,[Unnamed Skill],03de524055c4021ae3bdc6a1c52ec7167e2d712f,plsql,1.0,Type-1 (Verbatim)
97f16882f1b6f6388ed2f4b96635f52ac7c92859,[Unnamed Skill],97f16882f1b6f6388ed2f4b96635f52ac7c92859,[Unnamed Skill],1.0,Type-1 (Verbatim)
2b098d53137f66cd84e2238067523e2a573bd790,[Unnamed Skill],2b098d53137f66cd84e2238067523e2a573bd790,[Unnamed Skill],1.0,Type-1 (Verbatim)
2b098d53137f66cd84e2238067523e2a573bd790,[Unnamed Skill],2b098d53137f66cd84e2238067523e2a573bd790,sqlite-schema-design,1.0,Type-1 (Verbatim)
2b098d53137f66cd84e2238067523e2a573bd790,sqlite-schema-design,2b098d53137f66cd84e2238067523e2a573bd790,[Unnamed Skill],1.0,Type-1 (Verbatim)
f94fee4a6638fc9ff9f6a9aab812456e376a4fe3,[Unnamed Skill],f94fee4a6638fc9ff9f6a9aab812456e376a4fe3,[Unnamed Skill],1.0,Type-1 (Verbatim)
f94fee4a6638fc9ff9f6a9aab812456e376a4fe3,[Unnamed Skill],f94fee4a6638fc9ff9f6a9aab812456e376a4fe3,audit,1.0,Type-1 (Verbatim)
f94fee4a6638fc9ff9f6a9aab812456e376a4fe3,audit,f94fee4a6638fc9ff9f6a9aab812456e376a4fe3,[Unnamed Skill],1.0,Type-1 (Verbatim)
f94fee4a6638fc9ff9f6a9aab812456e376a4fe3,[Unnamed Skill],f94fee4a6638fc9ff9f6a9aab812456e376a4fe3,[Unnamed Skill],1.0,Type-1 (Verbatim)
8fb2c9de2bbba52b53ca243fbfdab650ee61711c,[Unnamed Skill],8fb2c9de2bbba52b53ca243fbfdab650ee61711c,[Unnamed Skill],1.0,Type-1 (Verbatim)
8fb2c9de2bbba52b53ca243fbfdab650ee61711c,[Unnamed Skill],8fb2c9de2bbba52b53ca243fbfdab650ee61711c,[Unnamed Skill],1.0,Type-1 (Verbatim)
f22c210dbcf1f8cfa9d3e04058732d2128dce915,[Unnamed Skill],f22c210dbcf1f8cfa9d3e04058732d2128dce915,[Unnamed Skill],1.0,Type-1 (Verbatim)
f22c210dbcf1f8cfa9d3e04058732d2128dce915,[Unnamed Skill],f22c210dbcf1f8cfa9d3e04058732d2128dce915,[Unnamed Skill],1.0,Type-1 (Verbatim)
f22c210dbcf1f8cfa9d3e04058732d2128dce915,[Unnamed Skill],f22c210dbcf1f8cfa9d3e04058732d2128dce915,animate,1.0,Type-1 (Verbatim)
022ece451a932e2f07f3c765855b15c248591abc,[Unnamed Skill],022ece451a932e2f07f3c765855b15c248591abc,[Unnamed Skill],1.0,Type-1 (Verbatim)
d4f6dfe12865314ffaa2d301a694527fc8fb676a,[Unnamed Skill],d4f6dfe12865314ffaa2d301a694527fc8fb676a,[Unnamed Skill],1.0,Type-1 (Verbatim)
d4f6dfe12865314ffaa2d301a694527fc8fb676a,[Unnamed Skill],d4f6dfe12865314ffaa2d301a694527fc8fb676a,[Unnamed Skill],1.0,Type-1 (Verbatim)
d4f6dfe12865314ffaa2d301a694527fc8fb676a,[Unnamed Skill],d4f6dfe12865314ffaa2d301a694527fc8fb676a,[Unnamed Skill],1.0,Type-1 (Verbatim)
80546c2878b3d7b155560f5d577d4d6ccbbdd77d,openspec-bulk-archive-change,80546c2878b3d7b155560f5d577d4d6ccbbdd77d,[Unnamed Skill],1.0,Type-1 (Verbatim)
022f228dcedb366ea2f2943dd0240c1d1181acdb,[Unnamed Skill],022f228dcedb366ea2f2943dd0240c1d1181acdb,[Unnamed Skill],1.0,Type-1 (Verbatim)
01782267f829d760efcaaa9a8f297031e2552599,debug,01782267f829d760efcaaa9a8f297031e2552599,[Unnamed Skill],1.0,Type-1 (Verbatim)
5ef8be130672ad88046d5ea66bd65331df307c91,[Unnamed Skill],5ef8be130672ad88046d5ea66bd65331df307c91,[Unnamed Skill],1.0,Type-1 (Verbatim)
5be81af2e79fb84f8bb2fd919bc4b317379d3260,[Unnamed Skill],5be81af2e79fb84f8bb2fd919bc4b317379d3260,[Unnamed Skill],1.0,Type-1 (Verbatim)
5be81af2e79fb84f8bb2fd919bc4b317379d3260,[Unnamed Skill],5be81af2e79fb84f8bb2fd919bc4b317379d3260,[Unnamed Skill],1.0,Type-1 (Verbatim)
5be81af2e79fb84f8bb2fd919bc4b317379d3260,[Unnamed Skill],5be81af2e79fb84f8bb2fd919bc4b317379d3260,[Unnamed Skill],1.0,Type-1 (Verbatim)
719b279ecbea364b0af0b4756e133aa26e237b94,[Unnamed Skill],719b279ecbea364b0af0b4756e133aa26e237b94,[Unnamed Skill],1.0,Type-1 (Verbatim)
719b279ecbea364b0af0b4756e133aa26e237b94,[Unnamed Skill],719b279ecbea364b0af0b4756e133aa26e237b94,[Unnamed Skill],1.0,Type-1 (Verbatim)
719b279ecbea364b0af0b4756e133aa26e237b94,[Unnamed Skill],719b279ecbea364b0af0b4756e133aa26e237b94,[Unnamed Skill],1.0,Type-1 (Verbatim)
719b279ecbea364b0af0b4756e133aa26e237b94,[Unnamed Skill],719b279ecbea364b0af0b4756e133aa26e237b94,[Unnamed Skill],1.0,Type-1 (Verbatim)
9334224a0a6cdb054b4ab7a9c8ba6bfe5fd6f680,document-metadata-standardizer,9334224a0a6cdb054b4ab7a9c8ba6bfe5fd6f680,[Unnamed Skill],1.0,Type-1 (Verbatim)
f74837e1cdbbeb39aefb94e71bb857b15a9440cf,[Unnamed Skill],f74837e1cdbbeb39aefb94e71bb857b15a9440cf,[Unnamed Skill],1.0,Type-1 (Verbatim)
f74837e1cdbbeb39aefb94e71bb857b15a9440cf,[Unnamed Skill],f74837e1cdbbeb39aefb94e71bb857b15a9440cf,[Unnamed Skill],1.0,Type-1 (Verbatim)
f6f48678e554bcd6c9e47b44e108e0b43a0f29da,[Unnamed Skill],f6f48678e554bcd6c9e47b44e108e0b43a0f29da,[Unnamed Skill],1.0,Type-1 (Verbatim)
f6f48678e554bcd6c9e47b44e108e0b43a0f29da,[Unnamed Skill],f6f48678e554bcd6c9e47b44e108e0b43a0f29da,nx-workspace,1.0,Type-1 (Verbatim)
f6f48678e554bcd6c9e47b44e108e0b43a0f29da,nx-workspace,f6f48678e554bcd6c9e47b44e108e0b43a0f29da,[Unnamed Skill],1.0,Type-1 (Verbatim)
4b5110ad05b0cbf3ae1af3a2c975848e866abd9e,[Unnamed Skill],4b5110ad05b0cbf3ae1af3a2c975848e866abd9e,[Unnamed Skill],1.0,Type-1 (Verbatim)
3d006d15e79dc5a74b3eedc240f29af12df730ed,[Unnamed Skill],3d006d15e79dc5a74b3eedc240f29af12df730ed,[Unnamed Skill],1.0,Type-1 (Verbatim)
3d006d15e79dc5a74b3eedc240f29af12df730ed,[Unnamed Skill],3d006d15e79dc5a74b3eedc240f29af12df730ed,[Unnamed Skill],1.0,Type-1 (Verbatim)
5640efa15194573c1d99e394c3cdbf6360d72c74,[Unnamed Skill],5640efa15194573c1d99e394c3cdbf6360d72c74,[Unnamed Skill],1.0,Type-1 (Verbatim)
5640efa15194573c1d99e394c3cdbf6360d72c74,[Unnamed Skill],5640efa15194573c1d99e394c3cdbf6360d72c74,[Unnamed Skill],1.0,Type-1 (Verbatim)
5640efa15194573c1d99e394c3cdbf6360d72c74,[Unnamed Skill],5640efa15194573c1d99e394c3cdbf6360d72c74,[Unnamed Skill],1.0,Type-1 (Verbatim)
5640efa15194573c1d99e394c3cdbf6360d72c74,[Unnamed Skill],5640efa15194573c1d99e394c3cdbf6360d72c74,[Unnamed Skill],1.0,Type-1 (Verbatim)
5640efa15194573c1d99e394c3cdbf6360d72c74,[Unnamed Skill],5640efa15194573c1d99e394c3cdbf6360d72c74,[Unnamed Skill],1.0,Type-1 (Verbatim)
5640efa15194573c1d99e394c3cdbf6360d72c74,[Unnamed Skill],5640efa15194573c1d99e394c3cdbf6360d72c74,[Unnamed Skill],1.0,Type-1 (Verbatim)
5640efa15194573c1d99e394c3cdbf6360d72c74,[Unnamed Skill],5640efa15194573c1d99e394c3cdbf6360d72c74,theme-and-design,1.0,Type-1 (Verbatim)
5640efa15194573c1d99e394c3cdbf6360d72c74,theme-and-design,5640efa15194573c1d99e394c3cdbf6360d72c74,[Unnamed Skill],1.0,Type-1 (Verbatim)
5640efa15194573c1d99e394c3cdbf6360d72c74,[Unnamed Skill],5640efa15194573c1d99e394c3cdbf6360d72c74,[Unnamed Skill],1.0,Type-1 (Verbatim)
5640efa15194573c1d99e394c3cdbf6360d72c74,[Unnamed Skill],5640efa15194573c1d99e394c3cdbf6360d72c74,[Unnamed Skill],1.0,Type-1 (Verbatim)
5640efa15194573c1d99e394c3cdbf6360d72c74,[Unnamed Skill],5640efa15194573c1d99e394c3cdbf6360d72c74,[Unnamed Skill],1.0,Type-1 (Verbatim)
5640efa15194573c1d99e394c3cdbf6360d72c74,[Unnamed Skill],5640efa15194573c1d99e394c3cdbf6360d72c74,[Unnamed Skill],1.0,Type-1 (Verbatim)
5640efa15194573c1d99e394c3cdbf6360d72c74,[Unnamed Skill],5640efa15194573c1d99e394c3cdbf6360d72c74,[Unnamed Skill],1.0,Type-1 (Verbatim)
5640efa15194573c1d99e394c3cdbf6360d72c74,[Unnamed Skill],5640efa15194573c1d99e394c3cdbf6360d72c74,[Unnamed Skill],1.0,Type-1 (Verbatim)
5640efa15194573c1d99e394c3cdbf6360d72c74,[Unnamed Skill],5640efa15194573c1d99e394c3cdbf6360d72c74,[Unnamed Skill],1.0,Type-1 (Verbatim)
5640efa15194573c1d99e394c3cdbf6360d72c74,[Unnamed Skill],5640efa15194573c1d99e394c3cdbf6360d72c74,[Unnamed Skill],1.0,Type-1 (Verbatim)
5640efa15194573c1d99e394c3cdbf6360d72c74,[Unnamed Skill],5640efa15194573c1d99e394c3cdbf6360d72c74,[Unnamed Skill],1.0,Type-1 (Verbatim)
5640efa15194573c1d99e394c3cdbf6360d72c74,[Unnamed Skill],5640efa15194573c1d99e394c3cdbf6360d72c74,[Unnamed Skill],1.0,Type-1 (Verbatim)
5640efa15194573c1d99e394c3cdbf6360d72c74,[Unnamed Skill],5640efa15194573c1d99e394c3cdbf6360d72c74,[Unnamed Skill],1.0,Type-1 (Verbatim)
5640efa15194573c1d99e394c3cdbf6360d72c74,[Unnamed Skill],5640efa15194573c1d99e394c3cdbf6360d72c74,[Unnamed Skill],1.0,Type-1 (Verbatim)
5640efa15194573c1d99e394c3cdbf6360d72c74,[Unnamed Skill],5640efa15194573c1d99e394c3cdbf6360d72c74,[Unnamed Skill],1.0,Type-1 (Verbatim)
5640efa15194573c1d99e394c3cdbf6360d72c74,[Unnamed Skill],5640efa15194573c1d99e394c3cdbf6360d72c74,[Unnamed Skill],1.0,Type-1 (Verbatim)
5640efa15194573c1d99e394c3cdbf6360d72c74,[Unnamed Skill],5640efa15194573c1d99e394c3cdbf6360d72c74,[Unnamed Skill],1.0,Type-1 (Verbatim)
5640efa15194573c1d99e394c3cdbf6360d72c74,[Unnamed Skill],5640efa15194573c1d99e394c3cdbf6360d72c74,[Unnamed Skill],1.0,Type-1 (Verbatim)
5640efa15194573c1d99e394c3cdbf6360d72c74,[Unnamed Skill],5640efa15194573c1d99e394c3cdbf6360d72c74,[Unnamed Skill],1.0,Type-1 (Verbatim)
5640efa15194573c1d99e394c3cdbf6360d72c74,[Unnamed Skill],5640efa15194573c1d99e394c3cdbf6360d72c74,[Unnamed Skill],1.0,Type-1 (Verbatim)
5640efa15194573c1d99e394c3cdbf6360d72c74,[Unnamed Skill],5640efa15194573c1d99e394c3cdbf6360d72c74,[Unnamed Skill],1.0,Type-1 (Verbatim)
b131412ca9b40718139f59e62be3b5703aac2760,[Unnamed Skill],b131412ca9b40718139f59e62be3b5703aac2760,openspec-bulk-archive-change,1.0,Type-1 (Verbatim)
837bb13c818769137943ee92570840d8979a596a,[Unnamed Skill],837bb13c818769137943ee92570840d8979a596a,[Unnamed Skill],1.0,Type-1 (Verbatim)
837bb13c818769137943ee92570840d8979a596a,[Unnamed Skill],837bb13c818769137943ee92570840d8979a596a,[Unnamed Skill],1.0,Type-1 (Verbatim)
837bb13c818769137943ee92570840d8979a596a,[Unnamed Skill],837bb13c818769137943ee92570840d8979a596a,[Unnamed Skill],1.0,Type-1 (Verbatim)
40d014928494462dd0f0dddd9de7167ffa8729ba,[Unnamed Skill],40d014928494462dd0f0dddd9de7167ffa8729ba,[Unnamed Skill],1.0,Type-1 (Verbatim)
35928916a9f8ff0a946748554bb397eeea7c141c,[Unnamed Skill],35928916a9f8ff0a946748554bb397eeea7c141c,[Unnamed Skill],1.0,Type-1 (Verbatim)
35928916a9f8ff0a946748554bb397eeea7c141c,[Unnamed Skill],35928916a9f8ff0a946748554bb397eeea7c141c,nx-generate,1.0,Type-1 (Verbatim)
35928916a9f8ff0a946748554bb397eeea7c141c,nx-generate,35928916a9f8ff0a946748554bb397eeea7c141c,[Unnamed Skill],1.0,Type-1 (Verbatim)
339ead88e3f38b82a9bb5529d8c3ec09647aaf67,qk-dev,339ead88e3f38b82a9bb5529d8c3ec09647aaf67,[Unnamed Skill],1.0,Type-1 (Verbatim)
830c88b53b0486266ac3977764154242ba2f7c56,archetype-scanner,830c88b53b0486266ac3977764154242ba2f7c56,[Unnamed Skill],1.0,Type-1 (Verbatim)
5315a8d06b7bbc3ec5a65d8ed7580145ec7a63be,[Unnamed Skill],5315a8d06b7bbc3ec5a65d8ed7580145ec7a63be,[Unnamed Skill],1.0,Type-1 (Verbatim)
5315a8d06b7bbc3ec5a65d8ed7580145ec7a63be,[Unnamed Skill],5315a8d06b7bbc3ec5a65d8ed7580145ec7a63be,[Unnamed Skill],1.0,Type-1 (Verbatim)
5315a8d06b7bbc3ec5a65d8ed7580145ec7a63be,[Unnamed Skill],5315a8d06b7bbc3ec5a65d8ed7580145ec7a63be,[Unnamed Skill],1.0,Type-1 (Verbatim)
2dc79f148932623378285f76b4ee3e48c2c1e22d,[Unnamed Skill],2dc79f148932623378285f76b4ee3e48c2c1e22d,[Unnamed Skill],1.0,Type-1 (Verbatim)
2dc79f148932623378285f76b4ee3e48c2c1e22d,[Unnamed Skill],2dc79f148932623378285f76b4ee3e48c2c1e22d,[Unnamed Skill],1.0,Type-1 (Verbatim)
2dc79f148932623378285f76b4ee3e48c2c1e22d,[Unnamed Skill],2dc79f148932623378285f76b4ee3e48c2c1e22d,[Unnamed Skill],1.0,Type-1 (Verbatim)
2dc79f148932623378285f76b4ee3e48c2c1e22d,[Unnamed Skill],2dc79f148932623378285f76b4ee3e48c2c1e22d,[Unnamed Skill],1.0,Type-1 (Verbatim)
2dc79f148932623378285f76b4ee3e48c2c1e22d,[Unnamed Skill],2dc79f148932623378285f76b4ee3e48c2c1e22d,[Unnamed Skill],1.0,Type-1 (Verbatim)
2dc79f148932623378285f76b4ee3e48c2c1e22d,[Unnamed Skill],2dc79f148932623378285f76b4ee3e48c2c1e22d,[Unnamed Skill],1.0,Type-1 (Verbatim)
a470dc2ce105c8ede51380eaa942d2ebb52e0148,[Unnamed Skill],a470dc2ce105c8ede51380eaa942d2ebb52e0148,[Unnamed Skill],1.0,Type-1 (Verbatim)
e5f9785150d11ebdc4aa79c48dd4fc23e12077ed,[Unnamed Skill],e5f9785150d11ebdc4aa79c48dd4fc23e12077ed,[Unnamed Skill],1.0,Type-1 (Verbatim)
16660d8ceb77af47986bba1c9176c2ff3f287a91,[Unnamed Skill],16660d8ceb77af47986bba1c9176c2ff3f287a91,[Unnamed Skill],1.0,Type-1 (Verbatim)
7bb822f122d4a49be33645b3d298c50cffef23c9,font-measurement,7bb822f122d4a49be33645b3d298c50cffef23c9,[Unnamed Skill],1.0,Type-1 (Verbatim)
d5c8e4b704668245539c9350bf55c5ec77bbdc22,[Unnamed Skill],d5c8e4b704668245539c9350bf55c5ec77bbdc22,web-frontend-builder,1.0,Type-1 (Verbatim)
821f190073a76b097ed4088483bec89c436846d3,[Unnamed Skill],821f190073a76b097ed4088483bec89c436846d3,plan,1.0,Type-1 (Verbatim)
945f6ba6026a2be06cb258f88f62024de2f0b38e,[Unnamed Skill],945f6ba6026a2be06cb258f88f62024de2f0b38e,[Unnamed Skill],1.0,Type-1 (Verbatim)
fc724697911974322c896ae205c426092261ea1b,[Unnamed Skill],fc724697911974322c896ae205c426092261ea1b,[Unnamed Skill],1.0,Type-1 (Verbatim)
d2fc50e541f3f201dba0c7aee24e958213a3fbd3,license-compliance,d2fc50e541f3f201dba0c7aee24e958213a3fbd3,[Unnamed Skill],1.0,Type-1 (Verbatim)
0583e2c8555e476d1d8d4484a35980dacf256cd6,[Unnamed Skill],0583e2c8555e476d1d8d4484a35980dacf256cd6,[Unnamed Skill],1.0,Type-1 (Verbatim)
90f197b89b93a8fb6d60f409932f267e659f9591,[Unnamed Skill],90f197b89b93a8fb6d60f409932f267e659f9591,spring-boot-rest-api-standards,1.0,Type-1 (Verbatim)
90f197b89b93a8fb6d60f409932f267e659f9591,spring-boot-rest-api-standards,90f197b89b93a8fb6d60f409932f267e659f9591,[Unnamed Skill],1.0,Type-1 (Verbatim)
b2e0730e21a86375e28a048b3f6bc595ece1818e,[Unnamed Skill],b2e0730e21a86375e28a048b3f6bc595ece1818e,self-review,1.0,Type-1 (Verbatim)
134d37140b1b21560f9bab28476a8c06406d64df,[Unnamed Skill],134d37140b1b21560f9bab28476a8c06406d64df,[Unnamed Skill],1.0,Type-1 (Verbatim)
23c678854b97d7fe654344404e241724d7449a78,[Unnamed Skill],23c678854b97d7fe654344404e241724d7449a78,koi-prd-story-loop,1.0,Type-1 (Verbatim)
58410510015346e550b37f55fe64f0f5356005fc,[Unnamed Skill],58410510015346e550b37f55fe64f0f5356005fc,[Unnamed Skill],1.0,Type-1 (Verbatim)
62270c8407e4ef612c294c725f5c6047592f1788,[Unnamed Skill],62270c8407e4ef612c294c725f5c6047592f1788,api-hook-generator,1.0,Type-1 (Verbatim)
2830c7ecf4309b95f456d4263012d2b07c8170ca,[Unnamed Skill],2830c7ecf4309b95f456d4263012d2b07c8170ca,[Unnamed Skill],1.0,Type-1 (Verbatim)
2830c7ecf4309b95f456d4263012d2b07c8170ca,[Unnamed Skill],2830c7ecf4309b95f456d4263012d2b07c8170ca,springboot-security,1.0,Type-1 (Verbatim)
2830c7ecf4309b95f456d4263012d2b07c8170ca,springboot-security,2830c7ecf4309b95f456d4263012d2b07c8170ca,[Unnamed Skill],1.0,Type-1 (Verbatim)
2830c7ecf4309b95f456d4263012d2b07c8170ca,[Unnamed Skill],2830c7ecf4309b95f456d4263012d2b07c8170ca,[Unnamed Skill],1.0,Type-1 (Verbatim)
b1aa6b0f3abd6052edc72e9b82f99c0f2e32907d,[Unnamed Skill],b1aa6b0f3abd6052edc72e9b82f99c0f2e32907d,[Unnamed Skill],1.0,Type-1 (Verbatim)
b1aa6b0f3abd6052edc72e9b82f99c0f2e32907d,[Unnamed Skill],b1aa6b0f3abd6052edc72e9b82f99c0f2e32907d,[Unnamed Skill],1.0,Type-1 (Verbatim)
b1aa6b0f3abd6052edc72e9b82f99c0f2e32907d,[Unnamed Skill],b1aa6b0f3abd6052edc72e9b82f99c0f2e32907d,[Unnamed Skill],1.0,Type-1 (Verbatim)
b1aa6b0f3abd6052edc72e9b82f99c0f2e32907d,[Unnamed Skill],b1aa6b0f3abd6052edc72e9b82f99c0f2e32907d,[Unnamed Skill],1.0,Type-1 (Verbatim)
b1aa6b0f3abd6052edc72e9b82f99c0f2e32907d,[Unnamed Skill],b1aa6b0f3abd6052edc72e9b82f99c0f2e32907d,[Unnamed Skill],1.0,Type-1 (Verbatim)
b1aa6b0f3abd6052edc72e9b82f99c0f2e32907d,[Unnamed Skill],b1aa6b0f3abd6052edc72e9b82f99c0f2e32907d,[Unnamed Skill],1.0,Type-1 (Verbatim)
b1aa6b0f3abd6052edc72e9b82f99c0f2e32907d,[Unnamed Skill],b1aa6b0f3abd6052edc72e9b82f99c0f2e32907d,[Unnamed Skill],1.0,Type-1 (Verbatim)
b1aa6b0f3abd6052edc72e9b82f99c0f2e32907d,[Unnamed Skill],b1aa6b0f3abd6052edc72e9b82f99c0f2e32907d,[Unnamed Skill],1.0,Type-1 (Verbatim)
b1aa6b0f3abd6052edc72e9b82f99c0f2e32907d,[Unnamed Skill],b1aa6b0f3abd6052edc72e9b82f99c0f2e32907d,[Unnamed Skill],1.0,Type-1 (Verbatim)
b1aa6b0f3abd6052edc72e9b82f99c0f2e32907d,[Unnamed Skill],b1aa6b0f3abd6052edc72e9b82f99c0f2e32907d,[Unnamed Skill],1.0,Type-1 (Verbatim)
b1aa6b0f3abd6052edc72e9b82f99c0f2e32907d,[Unnamed Skill],b1aa6b0f3abd6052edc72e9b82f99c0f2e32907d,[Unnamed Skill],1.0,Type-1 (Verbatim)
b1aa6b0f3abd6052edc72e9b82f99c0f2e32907d,[Unnamed Skill],b1aa6b0f3abd6052edc72e9b82f99c0f2e32907d,[Unnamed Skill],1.0,Type-1 (Verbatim)
b1aa6b0f3abd6052edc72e9b82f99c0f2e32907d,[Unnamed Skill],b1aa6b0f3abd6052edc72e9b82f99c0f2e32907d,[Unnamed Skill],1.0,Type-1 (Verbatim)
b1aa6b0f3abd6052edc72e9b82f99c0f2e32907d,[Unnamed Skill],b1aa6b0f3abd6052edc72e9b82f99c0f2e32907d,[Unnamed Skill],1.0,Type-1 (Verbatim)
b1aa6b0f3abd6052edc72e9b82f99c0f2e32907d,[Unnamed Skill],b1aa6b0f3abd6052edc72e9b82f99c0f2e32907d,[Unnamed Skill],1.0,Type-1 (Verbatim)
b1aa6b0f3abd6052edc72e9b82f99c0f2e32907d,[Unnamed Skill],b1aa6b0f3abd6052edc72e9b82f99c0f2e32907d,[Unnamed Skill],1.0,Type-1 (Verbatim)
b1aa6b0f3abd6052edc72e9b82f99c0f2e32907d,[Unnamed Skill],b1aa6b0f3abd6052edc72e9b82f99c0f2e32907d,[Unnamed Skill],1.0,Type-1 (Verbatim)
b1aa6b0f3abd6052edc72e9b82f99c0f2e32907d,[Unnamed Skill],b1aa6b0f3abd6052edc72e9b82f99c0f2e32907d,[Unnamed Skill],1.0,Type-1 (Verbatim)
b1aa6b0f3abd6052edc72e9b82f99c0f2e32907d,[Unnamed Skill],b1aa6b0f3abd6052edc72e9b82f99c0f2e32907d,[Unnamed Skill],1.0,Type-1 (Verbatim)
b1aa6b0f3abd6052edc72e9b82f99c0f2e32907d,[Unnamed Skill],b1aa6b0f3abd6052edc72e9b82f99c0f2e32907d,[Unnamed Skill],1.0,Type-1 (Verbatim)
b1aa6b0f3abd6052edc72e9b82f99c0f2e32907d,[Unnamed Skill],b1aa6b0f3abd6052edc72e9b82f99c0f2e32907d,[Unnamed Skill],1.0,Type-1 (Verbatim)
b1aa6b0f3abd6052edc72e9b82f99c0f2e32907d,[Unnamed Skill],b1aa6b0f3abd6052edc72e9b82f99c0f2e32907d,[Unnamed Skill],1.0,Type-1 (Verbatim)
b1aa6b0f3abd6052edc72e9b82f99c0f2e32907d,[Unnamed Skill],b1aa6b0f3abd6052edc72e9b82f99c0f2e32907d,[Unnamed Skill],1.0,Type-1 (Verbatim)
b1aa6b0f3abd6052edc72e9b82f99c0f2e32907d,[Unnamed Skill],b1aa6b0f3abd6052edc72e9b82f99c0f2e32907d,[Unnamed Skill],1.0,Type-1 (Verbatim)
b1aa6b0f3abd6052edc72e9b82f99c0f2e32907d,[Unnamed Skill],b1aa6b0f3abd6052edc72e9b82f99c0f2e32907d,[Unnamed Skill],1.0,Type-1 (Verbatim)
b1aa6b0f3abd6052edc72e9b82f99c0f2e32907d,[Unnamed Skill],b1aa6b0f3abd6052edc72e9b82f99c0f2e32907d,[Unnamed Skill],1.0,Type-1 (Verbatim)
b1aa6b0f3abd6052edc72e9b82f99c0f2e32907d,[Unnamed Skill],b1aa6b0f3abd6052edc72e9b82f99c0f2e32907d,[Unnamed Skill],1.0,Type-1 (Verbatim)
b1aa6b0f3abd6052edc72e9b82f99c0f2e32907d,[Unnamed Skill],b1aa6b0f3abd6052edc72e9b82f99c0f2e32907d,manage-object-logic,1.0,Type-1 (Verbatim)
b1aa6b0f3abd6052edc72e9b82f99c0f2e32907d,manage-object-logic,b1aa6b0f3abd6052edc72e9b82f99c0f2e32907d,[Unnamed Skill],1.0,Type-1 (Verbatim)
beed89fa5c5e82e27303c1d88ece3d771497d157,[Unnamed Skill],beed89fa5c5e82e27303c1d88ece3d771497d157,[Unnamed Skill],1.0,Type-1 (Verbatim)
feeca9208a4aa43d2dbddf36d3ee53123e2076ff,[Unnamed Skill],feeca9208a4aa43d2dbddf36d3ee53123e2076ff,[Unnamed Skill],1.0,Type-1 (Verbatim)
1e35df8a9ea267baff3e84273deeb36570a24a81,[Unnamed Skill],1e35df8a9ea267baff3e84273deeb36570a24a81,lombok-patterns,1.0,Type-1 (Verbatim)
96e1fe7afc1a3b6933f5ccfae6bca810428803da,[Unnamed Skill],96e1fe7afc1a3b6933f5ccfae6bca810428803da,[Unnamed Skill],1.0,Type-1 (Verbatim)
4936c79a13c5dce30de6aa4f583fdc63ee385574,[Unnamed Skill],4936c79a13c5dce30de6aa4f583fdc63ee385574,gateway-bootstrap,1.0,Type-1 (Verbatim)
fe7c63210fda9bdd9ca219e66ca87b16a29bcb16,[Unnamed Skill],fe7c63210fda9bdd9ca219e66ca87b16a29bcb16,[Unnamed Skill],1.0,Type-1 (Verbatim)
fe7c63210fda9bdd9ca219e66ca87b16a29bcb16,[Unnamed Skill],fe7c63210fda9bdd9ca219e66ca87b16a29bcb16,polish,1.0,Type-1 (Verbatim)
fe7c63210fda9bdd9ca219e66ca87b16a29bcb16,polish,fe7c63210fda9bdd9ca219e66ca87b16a29bcb16,[Unnamed Skill],1.0,Type-1 (Verbatim)
5bbd3d071a5b4cc9654eb929601e0dc7640134de,[Unnamed Skill],5bbd3d071a5b4cc9654eb929601e0dc7640134de,support-and-care-info,1.0,Type-1 (Verbatim)
d3e046a5ae107a6cb23cfb16c219837094ab35d3,[Unnamed Skill],d3e046a5ae107a6cb23cfb16c219837094ab35d3,[Unnamed Skill],1.0,Type-1 (Verbatim)
d3e046a5ae107a6cb23cfb16c219837094ab35d3,[Unnamed Skill],d3e046a5ae107a6cb23cfb16c219837094ab35d3,[Unnamed Skill],1.0,Type-1 (Verbatim)
d3e046a5ae107a6cb23cfb16c219837094ab35d3,[Unnamed Skill],d3e046a5ae107a6cb23cfb16c219837094ab35d3,[Unnamed Skill],1.0,Type-1 (Verbatim)
d3e046a5ae107a6cb23cfb16c219837094ab35d3,[Unnamed Skill],d3e046a5ae107a6cb23cfb16c219837094ab35d3,[Unnamed Skill],1.0,Type-1 (Verbatim)
107247e72b00b78887f184589299056480606245,[Unnamed Skill],107247e72b00b78887f184589299056480606245,[Unnamed Skill],1.0,Type-1 (Verbatim)
107247e72b00b78887f184589299056480606245,[Unnamed Skill],107247e72b00b78887f184589299056480606245,[Unnamed Skill],1.0,Type-1 (Verbatim)
b7325075ff7df3ca4196046777af9794d257fcc1,[Unnamed Skill],b7325075ff7df3ca4196046777af9794d257fcc1,zk-mvc-vs-mvvm,1.0,Type-1 (Verbatim)
fcaae6e881fce1e73fe966b75bedc28d2f1229d0,[Unnamed Skill],fcaae6e881fce1e73fe966b75bedc28d2f1229d0,[Unnamed Skill],1.0,Type-1 (Verbatim)
fcaae6e881fce1e73fe966b75bedc28d2f1229d0,[Unnamed Skill],fcaae6e881fce1e73fe966b75bedc28d2f1229d0,[Unnamed Skill],1.0,Type-1 (Verbatim)
fef1716bfb592b5f16675392d19171b85ece9c49,[Unnamed Skill],fef1716bfb592b5f16675392d19171b85ece9c49,koi-prd-story-executor,1.0,Type-1 (Verbatim)
0b9150b1e8bcf57e7eadd27d8b2ef3c7e33cfa94,[Unnamed Skill],0b9150b1e8bcf57e7eadd27d8b2ef3c7e33cfa94,[Unnamed Skill],1.0,Type-1 (Verbatim)
0b9150b1e8bcf57e7eadd27d8b2ef3c7e33cfa94,[Unnamed Skill],0b9150b1e8bcf57e7eadd27d8b2ef3c7e33cfa94,[Unnamed Skill],1.0,Type-1 (Verbatim)
b1cd9b130ef1c50922790b3a355c14cdee3cf4b1,[Unnamed Skill],b1cd9b130ef1c50922790b3a355c14cdee3cf4b1,[Unnamed Skill],1.0,Type-1 (Verbatim)
fd396465b736e03366a3d09a84905e53de62049b,[Unnamed Skill],fd396465b736e03366a3d09a84905e53de62049b,open-elements-brand-guidelines,1.0,Type-1 (Verbatim)
6460e7cf768e863d76148f8ec86d5f475510a41b,[Unnamed Skill],6460e7cf768e863d76148f8ec86d5f475510a41b,[Unnamed Skill],1.0,Type-1 (Verbatim)
6460e7cf768e863d76148f8ec86d5f475510a41b,[Unnamed Skill],6460e7cf768e863d76148f8ec86d5f475510a41b,[Unnamed Skill],1.0,Type-1 (Verbatim)
86879abe3e0f8b543514bfa18e4b053371494063,[Unnamed Skill],86879abe3e0f8b543514bfa18e4b053371494063,pdf,1.0,Type-1 (Verbatim)
86879abe3e0f8b543514bfa18e4b053371494063,pdf,86879abe3e0f8b543514bfa18e4b053371494063,[Unnamed Skill],1.0,Type-1 (Verbatim)
0e6d413b6a7c2c5de3b5b2036300baf0f739f5ad,[Unnamed Skill],0e6d413b6a7c2c5de3b5b2036300baf0f739f5ad,[Unnamed Skill],1.0,Type-1 (Verbatim)
ba8aa950101fd5e4a4b145de8bb7a8dda71037a6,bpmn-generate,ba8aa950101fd5e4a4b145de8bb7a8dda71037a6,[Unnamed Skill],1.0,Type-1 (Verbatim)
55c6d15d0222370318b26883f017c5b0e0f31b52,[Unnamed Skill],55c6d15d0222370318b26883f017c5b0e0f31b52,tasks-to-code,1.0,Type-1 (Verbatim)
a0b4be48bca94f28f7ac9c21246ab3181ce17446,[Unnamed Skill],a0b4be48bca94f28f7ac9c21246ab3181ce17446,[Unnamed Skill],1.0,Type-1 (Verbatim)
a0b4be48bca94f28f7ac9c21246ab3181ce17446,[Unnamed Skill],a0b4be48bca94f28f7ac9c21246ab3181ce17446,[Unnamed Skill],1.0,Type-1 (Verbatim)
a0b4be48bca94f28f7ac9c21246ab3181ce17446,[Unnamed Skill],a0b4be48bca94f28f7ac9c21246ab3181ce17446,[Unnamed Skill],1.0,Type-1 (Verbatim)
a0b4be48bca94f28f7ac9c21246ab3181ce17446,[Unnamed Skill],a0b4be48bca94f28f7ac9c21246ab3181ce17446,[Unnamed Skill],1.0,Type-1 (Verbatim)
a0b4be48bca94f28f7ac9c21246ab3181ce17446,[Unnamed Skill],a0b4be48bca94f28f7ac9c21246ab3181ce17446,[Unnamed Skill],1.0,Type-1 (Verbatim)
a0b4be48bca94f28f7ac9c21246ab3181ce17446,[Unnamed Skill],a0b4be48bca94f28f7ac9c21246ab3181ce17446,[Unnamed Skill],1.0,Type-1 (Verbatim)
a0b4be48bca94f28f7ac9c21246ab3181ce17446,[Unnamed Skill],a0b4be48bca94f28f7ac9c21246ab3181ce17446,[Unnamed Skill],1.0,Type-1 (Verbatim)
df4f11bcc3dbb11b84f01b78828aecfee4feb095,review-doc-quality,df4f11bcc3dbb11b84f01b78828aecfee4feb095,[Unnamed Skill],1.0,Type-1 (Verbatim)
205c2df8f38cd3b1d3c3bb1ea85dc3fca180ae08,[Unnamed Skill],205c2df8f38cd3b1d3c3bb1ea85dc3fca180ae08,contract-generator,1.0,Type-1 (Verbatim)
5742a712477c016b60fb58a593a0849250af1752,[Unnamed Skill],5742a712477c016b60fb58a593a0849250af1752,[Unnamed Skill],1.0,Type-1 (Verbatim)
5742a712477c016b60fb58a593a0849250af1752,[Unnamed Skill],5742a712477c016b60fb58a593a0849250af1752,[Unnamed Skill],1.0,Type-1 (Verbatim)
5742a712477c016b60fb58a593a0849250af1752,[Unnamed Skill],5742a712477c016b60fb58a593a0849250af1752,[Unnamed Skill],1.0,Type-1 (Verbatim)
ac70816c9edac808100df8e980dfd15ebd166cee,[Unnamed Skill],ac70816c9edac808100df8e980dfd15ebd166cee,[Unnamed Skill],1.0,Type-1 (Verbatim)
7c4b16cbb47baa51880a6ffb61bc37e6dcfce399,dev-workflow-requirements-doc-generator,7c4b16cbb47baa51880a6ffb61bc37e6dcfce399,[Unnamed Skill],1.0,Type-1 (Verbatim)
2003fd843ecc1e2546bf70edf502264fd16191d0,[Unnamed Skill],2003fd843ecc1e2546bf70edf502264fd16191d0,[Unnamed Skill],1.0,Type-1 (Verbatim)
2003fd843ecc1e2546bf70edf502264fd16191d0,[Unnamed Skill],2003fd843ecc1e2546bf70edf502264fd16191d0,[Unnamed Skill],1.0,Type-1 (Verbatim)
2003fd843ecc1e2546bf70edf502264fd16191d0,[Unnamed Skill],2003fd843ecc1e2546bf70edf502264fd16191d0,[Unnamed Skill],1.0,Type-1 (Verbatim)
a5c05898474f55a10349e7517d7ff6b43203beae,[Unnamed Skill],a5c05898474f55a10349e7517d7ff6b43203beae,vitest-msw-tester,1.0,Type-1 (Verbatim)
8eaea4fa521bfe745c8eb26b4ec1d81be2049269,hybrid-auth-spring-security,8eaea4fa521bfe745c8eb26b4ec1d81be2049269,[Unnamed Skill],1.0,Type-1 (Verbatim)
decdff43d05908b4c1fc2cfd2d80fc5743440934,[Unnamed Skill],decdff43d05908b4c1fc2cfd2d80fc5743440934,[Unnamed Skill],1.0,Type-1 (Verbatim)
decdff43d05908b4c1fc2cfd2d80fc5743440934,[Unnamed Skill],decdff43d05908b4c1fc2cfd2d80fc5743440934,[Unnamed Skill],1.0,Type-1 (Verbatim)
decdff43d05908b4c1fc2cfd2d80fc5743440934,[Unnamed Skill],decdff43d05908b4c1fc2cfd2d80fc5743440934,[Unnamed Skill],1.0,Type-1 (Verbatim)
decdff43d05908b4c1fc2cfd2d80fc5743440934,[Unnamed Skill],decdff43d05908b4c1fc2cfd2d80fc5743440934,[Unnamed Skill],1.0,Type-1 (Verbatim)
decdff43d05908b4c1fc2cfd2d80fc5743440934,[Unnamed Skill],decdff43d05908b4c1fc2cfd2d80fc5743440934,[Unnamed Skill],1.0,Type-1 (Verbatim)
00bf3fd5b3badace08fcdadbc57e53c32286e465,[Unnamed Skill],00bf3fd5b3badace08fcdadbc57e53c32286e465,[Unnamed Skill],1.0,Type-1 (Verbatim)
c60108c7a19511a428eefbfb6e05ef939385c8be,[Unnamed Skill],c60108c7a19511a428eefbfb6e05ef939385c8be,define,1.0,Type-1 (Verbatim)
f5abcacc8f71810416ace2eddc6507c70a5872db,[Unnamed Skill],f5abcacc8f71810416ace2eddc6507c70a5872db,[Unnamed Skill],1.0,Type-1 (Verbatim)
824a6007343655cd334af6efa9f25fffeb18962e,[Unnamed Skill],824a6007343655cd334af6efa9f25fffeb18962e,next-flow,1.0,Type-1 (Verbatim)
a2b850f7d0dd8a49f65b40f7500d83354230a628,[Unnamed Skill],a2b850f7d0dd8a49f65b40f7500d83354230a628,[Unnamed Skill],1.0,Type-1 (Verbatim)
2e9f7773daf706bff46d9e493dd27247cf643181,onboard,2e9f7773daf706bff46d9e493dd27247cf643181,[Unnamed Skill],1.0,Type-1 (Verbatim)
2e9f7773daf706bff46d9e493dd27247cf643181,[Unnamed Skill],2e9f7773daf706bff46d9e493dd27247cf643181,[Unnamed Skill],1.0,Type-1 (Verbatim)
2e9f7773daf706bff46d9e493dd27247cf643181,[Unnamed Skill],2e9f7773daf706bff46d9e493dd27247cf643181,[Unnamed Skill],1.0,Type-1 (Verbatim)
896a6e9361b30b833d400956918c3d3dcc5bd82c,podcast-generation,896a6e9361b30b833d400956918c3d3dcc5bd82c,[Unnamed Skill],1.0,Type-1 (Verbatim)
2b66be738d0f9539df055b5807eeed26a4f2ce10,[Unnamed Skill],2b66be738d0f9539df055b5807eeed26a4f2ce10,ui-design-brain,1.0,Type-1 (Verbatim)
b62724374f26b928791add3d385d458893b36794,[Unnamed Skill],b62724374f26b928791add3d385d458893b36794,[Unnamed Skill],1.0,Type-1 (Verbatim)
14666050b1f5e544441034b14a2a006ca29a795a,[Unnamed Skill],14666050b1f5e544441034b14a2a006ca29a795a,[Unnamed Skill],1.0,Type-1 (Verbatim)
a5df5b665d44b257bbf3686bdcc4743d3a80bb2d,[Unnamed Skill],a5df5b665d44b257bbf3686bdcc4743d3a80bb2d,[Unnamed Skill],1.0,Type-1 (Verbatim)
008168a4c9e17e7b958a206696a838dd5823cccd,[Unnamed Skill],008168a4c9e17e7b958a206696a838dd5823cccd,[Unnamed Skill],1.0,Type-1 (Verbatim)
008168a4c9e17e7b958a206696a838dd5823cccd,[Unnamed Skill],008168a4c9e17e7b958a206696a838dd5823cccd,[Unnamed Skill],1.0,Type-1 (Verbatim)
ee92a4c3cccb14708e4c06ba509ed75e2b67a65f,[Unnamed Skill],ee92a4c3cccb14708e4c06ba509ed75e2b67a65f,playwright-api-test-generator,1.0,Type-1 (Verbatim)
df9dc4675ba781c92ac943bd57a1f664a128eca7,[Unnamed Skill],df9dc4675ba781c92ac943bd57a1f664a128eca7,[Unnamed Skill],1.0,Type-1 (Verbatim)
df9dc4675ba781c92ac943bd57a1f664a128eca7,[Unnamed Skill],df9dc4675ba781c92ac943bd57a1f664a128eca7,[Unnamed Skill],1.0,Type-1 (Verbatim)
df9dc4675ba781c92ac943bd57a1f664a128eca7,[Unnamed Skill],df9dc4675ba781c92ac943bd57a1f664a128eca7,[Unnamed Skill],1.0,Type-1 (Verbatim)
df9dc4675ba781c92ac943bd57a1f664a128eca7,[Unnamed Skill],df9dc4675ba781c92ac943bd57a1f664a128eca7,[Unnamed Skill],1.0,Type-1 (Verbatim)
df9dc4675ba781c92ac943bd57a1f664a128eca7,[Unnamed Skill],df9dc4675ba781c92ac943bd57a1f664a128eca7,[Unnamed Skill],1.0,Type-1 (Verbatim)
df9dc4675ba781c92ac943bd57a1f664a128eca7,[Unnamed Skill],df9dc4675ba781c92ac943bd57a1f664a128eca7,[Unnamed Skill],1.0,Type-1 (Verbatim)
df9dc4675ba781c92ac943bd57a1f664a128eca7,[Unnamed Skill],df9dc4675ba781c92ac943bd57a1f664a128eca7,[Unnamed Skill],1.0,Type-1 (Verbatim)
df9dc4675ba781c92ac943bd57a1f664a128eca7,[Unnamed Skill],df9dc4675ba781c92ac943bd57a1f664a128eca7,[Unnamed Skill],1.0,Type-1 (Verbatim)
df9dc4675ba781c92ac943bd57a1f664a128eca7,[Unnamed Skill],df9dc4675ba781c92ac943bd57a1f664a128eca7,[Unnamed Skill],1.0,Type-1 (Verbatim)
df9dc4675ba781c92ac943bd57a1f664a128eca7,[Unnamed Skill],df9dc4675ba781c92ac943bd57a1f664a128eca7,[Unnamed Skill],1.0,Type-1 (Verbatim)
df9dc4675ba781c92ac943bd57a1f664a128eca7,[Unnamed Skill],df9dc4675ba781c92ac943bd57a1f664a128eca7,workspace-init,1.0,Type-1 (Verbatim)
df9dc4675ba781c92ac943bd57a1f664a128eca7,workspace-init,df9dc4675ba781c92ac943bd57a1f664a128eca7,[Unnamed Skill],1.0,Type-1 (Verbatim)
df9dc4675ba781c92ac943bd57a1f664a128eca7,[Unnamed Skill],df9dc4675ba781c92ac943bd57a1f664a128eca7,[Unnamed Skill],1.0,Type-1 (Verbatim)
df9dc4675ba781c92ac943bd57a1f664a128eca7,[Unnamed Skill],df9dc4675ba781c92ac943bd57a1f664a128eca7,[Unnamed Skill],1.0,Type-1 (Verbatim)
df9dc4675ba781c92ac943bd57a1f664a128eca7,[Unnamed Skill],df9dc4675ba781c92ac943bd57a1f664a128eca7,[Unnamed Skill],1.0,Type-1 (Verbatim)
df9dc4675ba781c92ac943bd57a1f664a128eca7,[Unnamed Skill],df9dc4675ba781c92ac943bd57a1f664a128eca7,[Unnamed Skill],1.0,Type-1 (Verbatim)
df9dc4675ba781c92ac943bd57a1f664a128eca7,[Unnamed Skill],df9dc4675ba781c92ac943bd57a1f664a128eca7,[Unnamed Skill],1.0,Type-1 (Verbatim)
df9dc4675ba781c92ac943bd57a1f664a128eca7,[Unnamed Skill],df9dc4675ba781c92ac943bd57a1f664a128eca7,[Unnamed Skill],1.0,Type-1 (Verbatim)
df9dc4675ba781c92ac943bd57a1f664a128eca7,[Unnamed Skill],df9dc4675ba781c92ac943bd57a1f664a128eca7,[Unnamed Skill],1.0,Type-1 (Verbatim)
df9dc4675ba781c92ac943bd57a1f664a128eca7,[Unnamed Skill],df9dc4675ba781c92ac943bd57a1f664a128eca7,[Unnamed Skill],1.0,Type-1 (Verbatim)
df9dc4675ba781c92ac943bd57a1f664a128eca7,[Unnamed Skill],df9dc4675ba781c92ac943bd57a1f664a128eca7,[Unnamed Skill],1.0,Type-1 (Verbatim)
df9dc4675ba781c92ac943bd57a1f664a128eca7,[Unnamed Skill],df9dc4675ba781c92ac943bd57a1f664a128eca7,[Unnamed Skill],1.0,Type-1 (Verbatim)
df9dc4675ba781c92ac943bd57a1f664a128eca7,[Unnamed Skill],df9dc4675ba781c92ac943bd57a1f664a128eca7,[Unnamed Skill],1.0,Type-1 (Verbatim)
df9dc4675ba781c92ac943bd57a1f664a128eca7,[Unnamed Skill],df9dc4675ba781c92ac943bd57a1f664a128eca7,[Unnamed Skill],1.0,Type-1 (Verbatim)
df9dc4675ba781c92ac943bd57a1f664a128eca7,[Unnamed Skill],df9dc4675ba781c92ac943bd57a1f664a128eca7,[Unnamed Skill],1.0,Type-1 (Verbatim)
df9dc4675ba781c92ac943bd57a1f664a128eca7,[Unnamed Skill],df9dc4675ba781c92ac943bd57a1f664a128eca7,[Unnamed Skill],1.0,Type-1 (Verbatim)
df9dc4675ba781c92ac943bd57a1f664a128eca7,[Unnamed Skill],df9dc4675ba781c92ac943bd57a1f664a128eca7,[Unnamed Skill],1.0,Type-1 (Verbatim)
df9dc4675ba781c92ac943bd57a1f664a128eca7,[Unnamed Skill],df9dc4675ba781c92ac943bd57a1f664a128eca7,[Unnamed Skill],1.0,Type-1 (Verbatim)
df9dc4675ba781c92ac943bd57a1f664a128eca7,[Unnamed Skill],df9dc4675ba781c92ac943bd57a1f664a128eca7,[Unnamed Skill],1.0,Type-1 (Verbatim)
4133278627140a9edef82d7ac239aa0b542fb182,qubership-workflow-conventions,4133278627140a9edef82d7ac239aa0b542fb182,[Unnamed Skill],1.0,Type-1 (Verbatim)
68ed345733f440ab69f32afeb1454521eafd8d54,[Unnamed Skill],68ed345733f440ab69f32afeb1454521eafd8d54,[Unnamed Skill],1.0,Type-1 (Verbatim)
202266781247a667bf72cfc4899837ed2326a732,[Unnamed Skill],202266781247a667bf72cfc4899837ed2326a732,build-and-deploy,1.0,Type-1 (Verbatim)
7d7e2c4289f09a85034d9885481ea19ea89a125f,[Unnamed Skill],7d7e2c4289f09a85034d9885481ea19ea89a125f,[Unnamed Skill],1.0,Type-1 (Verbatim)
5cfefe2ce83a81d15288f69b0cb63f28ee154b10,[Unnamed Skill],5cfefe2ce83a81d15288f69b0cb63f28ee154b10,[Unnamed Skill],1.0,Type-1 (Verbatim)
5cfefe2ce83a81d15288f69b0cb63f28ee154b10,[Unnamed Skill],5cfefe2ce83a81d15288f69b0cb63f28ee154b10,[Unnamed Skill],1.0,Type-1 (Verbatim)
0d3a94b7a6b870e227df3811bb463f4b6b8428e3,[Unnamed Skill],0d3a94b7a6b870e227df3811bb463f4b6b8428e3,changelog-generator,1.0,Type-1 (Verbatim)
0d3a94b7a6b870e227df3811bb463f4b6b8428e3,changelog-generator,0d3a94b7a6b870e227df3811bb463f4b6b8428e3,[Unnamed Skill],1.0,Type-1 (Verbatim)
0d3a94b7a6b870e227df3811bb463f4b6b8428e3,[Unnamed Skill],0d3a94b7a6b870e227df3811bb463f4b6b8428e3,[Unnamed Skill],1.0,Type-1 (Verbatim)
0de4d36321c7257bfde5ca43a67c49fc3be37906,[Unnamed Skill],0de4d36321c7257bfde5ca43a67c49fc3be37906,coding,1.0,Type-1 (Verbatim)
94443b9c13c058b929e7dd19c00b38782658976d,[Unnamed Skill],94443b9c13c058b929e7dd19c00b38782658976d,client_medical_diagnosis_consultation,1.0,Type-1 (Verbatim)
6dbd1430c09d77f3d01786eeb8a050aa3ce39ae5,[Unnamed Skill],6dbd1430c09d77f3d01786eeb8a050aa3ce39ae5,[Unnamed Skill],1.0,Type-1 (Verbatim)
6dbd1430c09d77f3d01786eeb8a050aa3ce39ae5,[Unnamed Skill],6dbd1430c09d77f3d01786eeb8a050aa3ce39ae5,[Unnamed Skill],1.0,Type-1 (Verbatim)
6dbd1430c09d77f3d01786eeb8a050aa3ce39ae5,[Unnamed Skill],6dbd1430c09d77f3d01786eeb8a050aa3ce39ae5,[Unnamed Skill],1.0,Type-1 (Verbatim)
cd27a9963d21f2607f6ae588022e088a276c59e5,[Unnamed Skill],cd27a9963d21f2607f6ae588022e088a276c59e5,[Unnamed Skill],1.0,Type-1 (Verbatim)
5897d74eb995ed3f0253462f18840838eabc2c95,[Unnamed Skill],5897d74eb995ed3f0253462f18840838eabc2c95,[Unnamed Skill],1.0,Type-1 (Verbatim)
5897d74eb995ed3f0253462f18840838eabc2c95,[Unnamed Skill],5897d74eb995ed3f0253462f18840838eabc2c95,[Unnamed Skill],1.0,Type-1 (Verbatim)
5897d74eb995ed3f0253462f18840838eabc2c95,[Unnamed Skill],5897d74eb995ed3f0253462f18840838eabc2c95,[Unnamed Skill],1.0,Type-1 (Verbatim)
4dec6d5a42e081e3390bf67cd69077fbc1a31234,vue-typescript,4dec6d5a42e081e3390bf67cd69077fbc1a31234,[Unnamed Skill],1.0,Type-1 (Verbatim)
9068c99234b87f8415fdbfdf05aedd0fd7511609,[Unnamed Skill],9068c99234b87f8415fdbfdf05aedd0fd7511609,[Unnamed Skill],1.0,Type-1 (Verbatim)
26406b65313d78040654602ffbe9ca80d3e61c98,review-code-against-design,26406b65313d78040654602ffbe9ca80d3e61c98,[Unnamed Skill],1.0,Type-1 (Verbatim)
57d25c5f260e99e5db6643205d74a66ab6fb7a72,sql-database-workflow,57d25c5f260e99e5db6643205d74a66ab6fb7a72,[Unnamed Skill],1.0,Type-1 (Verbatim)
57d25c5f260e99e5db6643205d74a66ab6fb7a72,[Unnamed Skill],57d25c5f260e99e5db6643205d74a66ab6fb7a72,[Unnamed Skill],1.0,Type-1 (Verbatim)
1ab0418c6fbbf2a25863818ae69fda3d51df9347,skill.data.metrics,1ab0418c6fbbf2a25863818ae69fda3d51df9347,[Unnamed Skill],1.0,Type-1 (Verbatim)
56fe2693483503ca3f886e74b205f13340860fd5,[Unnamed Skill],56fe2693483503ca3f886e74b205f13340860fd5,[Unnamed Skill],1.0,Type-1 (Verbatim)
56fe2693483503ca3f886e74b205f13340860fd5,[Unnamed Skill],56fe2693483503ca3f886e74b205f13340860fd5,[Unnamed Skill],1.0,Type-1 (Verbatim)
8cde70c02a9bacf22201d4bc4e1d5d5e9ddbb74a,[Unnamed Skill],8cde70c02a9bacf22201d4bc4e1d5d5e9ddbb74a,eclipse-info,1.0,Type-1 (Verbatim)
dd44e17addb01c10aaab77a766adce5127286510,[Unnamed Skill],dd44e17addb01c10aaab77a766adce5127286510,building-docs,1.0,Type-1 (Verbatim)
977a865e071321de671dff5e6c5a3bace5b294ac,[Unnamed Skill],977a865e071321de671dff5e6c5a3bace5b294ac,[Unnamed Skill],1.0,Type-1 (Verbatim)
977a865e071321de671dff5e6c5a3bace5b294ac,[Unnamed Skill],977a865e071321de671dff5e6c5a3bace5b294ac,[Unnamed Skill],1.0,Type-1 (Verbatim)
977a865e071321de671dff5e6c5a3bace5b294ac,[Unnamed Skill],977a865e071321de671dff5e6c5a3bace5b294ac,[Unnamed Skill],1.0,Type-1 (Verbatim)
977a865e071321de671dff5e6c5a3bace5b294ac,[Unnamed Skill],977a865e071321de671dff5e6c5a3bace5b294ac,[Unnamed Skill],1.0,Type-1 (Verbatim)
977a865e071321de671dff5e6c5a3bace5b294ac,[Unnamed Skill],977a865e071321de671dff5e6c5a3bace5b294ac,[Unnamed Skill],1.0,Type-1 (Verbatim)
977a865e071321de671dff5e6c5a3bace5b294ac,[Unnamed Skill],977a865e071321de671dff5e6c5a3bace5b294ac,[Unnamed Skill],1.0,Type-1 (Verbatim)
977a865e071321de671dff5e6c5a3bace5b294ac,[Unnamed Skill],977a865e071321de671dff5e6c5a3bace5b294ac,[Unnamed Skill],1.0,Type-1 (Verbatim)
843da70ec803bbf39aac433c5a2712497777e194,backend-development-standard,843da70ec803bbf39aac433c5a2712497777e194,[Unnamed Skill],1.0,Type-1 (Verbatim)
2dda99920e105b893c5b1e36aba4dc8e64f3ecb8,[Unnamed Skill],2dda99920e105b893c5b1e36aba4dc8e64f3ecb8,changelog-generator,1.0,Type-1 (Verbatim)
09537c3db62107c7c06df8cb773f79546facbd60,[Unnamed Skill],09537c3db62107c7c06df8cb773f79546facbd60,bisq-pr-reviewer,1.0,Type-1 (Verbatim)
b851e7426227ed15d8f6bd5b09693f6b08fdc22d,[Unnamed Skill],b851e7426227ed15d8f6bd5b09693f6b08fdc22d,add-menu-page,1.0,Type-1 (Verbatim)
bdf8c280a2df9209b27a828759360f2cdc93de36,skyline-wxss,bdf8c280a2df9209b27a828759360f2cdc93de36,[Unnamed Skill],1.0,Type-1 (Verbatim)
9c3f483d1542c61caf6190646c11d43d2bc14917,[Unnamed Skill],9c3f483d1542c61caf6190646c11d43d2bc14917,generate-karate-from-openapi,1.0,Type-1 (Verbatim)
7e1234aaadd6de7a5a644a09f4705bd90ebc3a34,[Unnamed Skill],7e1234aaadd6de7a5a644a09f4705bd90ebc3a34,[Unnamed Skill],1.0,Type-1 (Verbatim)
65ee4a4ed145bbdffea4f13759a26a205c43b9bf,[Unnamed Skill],65ee4a4ed145bbdffea4f13759a26a205c43b9bf,[Unnamed Skill],1.0,Type-1 (Verbatim)
4afc92819e0fb48549c316c895964c30198e25c5,[Unnamed Skill],4afc92819e0fb48549c316c895964c30198e25c5,[Unnamed Skill],1.0,Type-1 (Verbatim)
4afc92819e0fb48549c316c895964c30198e25c5,[Unnamed Skill],4afc92819e0fb48549c316c895964c30198e25c5,[Unnamed Skill],1.0,Type-1 (Verbatim)
78c3f375679fb932665704e2376769e3a71ff867,[Unnamed Skill],78c3f375679fb932665704e2376769e3a71ff867,[Unnamed Skill],1.0,Type-1 (Verbatim)
78c3f375679fb932665704e2376769e3a71ff867,[Unnamed Skill],78c3f375679fb932665704e2376769e3a71ff867,[Unnamed Skill],1.0,Type-1 (Verbatim)
78c3f375679fb932665704e2376769e3a71ff867,[Unnamed Skill],78c3f375679fb932665704e2376769e3a71ff867,[Unnamed Skill],1.0,Type-1 (Verbatim)
78c3f375679fb932665704e2376769e3a71ff867,[Unnamed Skill],78c3f375679fb932665704e2376769e3a71ff867,[Unnamed Skill],1.0,Type-1 (Verbatim)
78c3f375679fb932665704e2376769e3a71ff867,[Unnamed Skill],78c3f375679fb932665704e2376769e3a71ff867,[Unnamed Skill],1.0,Type-1 (Verbatim)
78c3f375679fb932665704e2376769e3a71ff867,[Unnamed Skill],78c3f375679fb932665704e2376769e3a71ff867,[Unnamed Skill],1.0,Type-1 (Verbatim)
78c3f375679fb932665704e2376769e3a71ff867,[Unnamed Skill],78c3f375679fb932665704e2376769e3a71ff867,[Unnamed Skill],1.0,Type-1 (Verbatim)
78c3f375679fb932665704e2376769e3a71ff867,[Unnamed Skill],78c3f375679fb932665704e2376769e3a71ff867,[Unnamed Skill],1.0,Type-1 (Verbatim)
78c3f375679fb932665704e2376769e3a71ff867,[Unnamed Skill],78c3f375679fb932665704e2376769e3a71ff867,[Unnamed Skill],1.0,Type-1 (Verbatim)
78c3f375679fb932665704e2376769e3a71ff867,[Unnamed Skill],78c3f375679fb932665704e2376769e3a71ff867,[Unnamed Skill],1.0,Type-1 (Verbatim)
78c3f375679fb932665704e2376769e3a71ff867,[Unnamed Skill],78c3f375679fb932665704e2376769e3a71ff867,[Unnamed Skill],1.0,Type-1 (Verbatim)
78c3f375679fb932665704e2376769e3a71ff867,[Unnamed Skill],78c3f375679fb932665704e2376769e3a71ff867,[Unnamed Skill],1.0,Type-1 (Verbatim)
78c3f375679fb932665704e2376769e3a71ff867,[Unnamed Skill],78c3f375679fb932665704e2376769e3a71ff867,[Unnamed Skill],1.0,Type-1 (Verbatim)
78c3f375679fb932665704e2376769e3a71ff867,[Unnamed Skill],78c3f375679fb932665704e2376769e3a71ff867,[Unnamed Skill],1.0,Type-1 (Verbatim)
78c3f375679fb932665704e2376769e3a71ff867,[Unnamed Skill],78c3f375679fb932665704e2376769e3a71ff867,[Unnamed Skill],1.0,Type-1 (Verbatim)
78c3f375679fb932665704e2376769e3a71ff867,[Unnamed Skill],78c3f375679fb932665704e2376769e3a71ff867,[Unnamed Skill],1.0,Type-1 (Verbatim)
78c3f375679fb932665704e2376769e3a71ff867,[Unnamed Skill],78c3f375679fb932665704e2376769e3a71ff867,[Unnamed Skill],1.0,Type-1 (Verbatim)
78c3f375679fb932665704e2376769e3a71ff867,[Unnamed Skill],78c3f375679fb932665704e2376769e3a71ff867,[Unnamed Skill],1.0,Type-1 (Verbatim)
78c3f375679fb932665704e2376769e3a71ff867,[Unnamed Skill],78c3f375679fb932665704e2376769e3a71ff867,deploy-and-verify,1.0,Type-1 (Verbatim)
78c3f375679fb932665704e2376769e3a71ff867,deploy-and-verify,78c3f375679fb932665704e2376769e3a71ff867,[Unnamed Skill],1.0,Type-1 (Verbatim)
78c3f375679fb932665704e2376769e3a71ff867,[Unnamed Skill],78c3f375679fb932665704e2376769e3a71ff867,[Unnamed Skill],1.0,Type-1 (Verbatim)
78c3f375679fb932665704e2376769e3a71ff867,[Unnamed Skill],78c3f375679fb932665704e2376769e3a71ff867,[Unnamed Skill],1.0,Type-1 (Verbatim)
78c3f375679fb932665704e2376769e3a71ff867,[Unnamed Skill],78c3f375679fb932665704e2376769e3a71ff867,[Unnamed Skill],1.0,Type-1 (Verbatim)
78c3f375679fb932665704e2376769e3a71ff867,[Unnamed Skill],78c3f375679fb932665704e2376769e3a71ff867,[Unnamed Skill],1.0,Type-1 (Verbatim)
78c3f375679fb932665704e2376769e3a71ff867,[Unnamed Skill],78c3f375679fb932665704e2376769e3a71ff867,[Unnamed Skill],1.0,Type-1 (Verbatim)
78c3f375679fb932665704e2376769e3a71ff867,[Unnamed Skill],78c3f375679fb932665704e2376769e3a71ff867,[Unnamed Skill],1.0,Type-1 (Verbatim)
78c3f375679fb932665704e2376769e3a71ff867,[Unnamed Skill],78c3f375679fb932665704e2376769e3a71ff867,[Unnamed Skill],1.0,Type-1 (Verbatim)
78c3f375679fb932665704e2376769e3a71ff867,[Unnamed Skill],78c3f375679fb932665704e2376769e3a71ff867,[Unnamed Skill],1.0,Type-1 (Verbatim)
78c3f375679fb932665704e2376769e3a71ff867,[Unnamed Skill],78c3f375679fb932665704e2376769e3a71ff867,[Unnamed Skill],1.0,Type-1 (Verbatim)
55ffc74b9bc62de82091b2049460dee930ab8360,[Unnamed Skill],55ffc74b9bc62de82091b2049460dee930ab8360,[Unnamed Skill],1.0,Type-1 (Verbatim)
55ffc74b9bc62de82091b2049460dee930ab8360,[Unnamed Skill],55ffc74b9bc62de82091b2049460dee930ab8360,[Unnamed Skill],1.0,Type-1 (Verbatim)
e9d2cde072f07b509515476819fb1f325ccfc595,[Unnamed Skill],e9d2cde072f07b509515476819fb1f325ccfc595,[Unnamed Skill],1.0,Type-1 (Verbatim)
4e477bb3bf54221c420825b6857ec25462675dd8,[Unnamed Skill],4e477bb3bf54221c420825b6857ec25462675dd8,[Unnamed Skill],1.0,Type-1 (Verbatim)
00d4ebfd3badffd52464ca979b3cb93ee5f16305,[Unnamed Skill],00d4ebfd3badffd52464ca979b3cb93ee5f16305,[Unnamed Skill],1.0,Type-1 (Verbatim)
00d4ebfd3badffd52464ca979b3cb93ee5f16305,[Unnamed Skill],00d4ebfd3badffd52464ca979b3cb93ee5f16305,jmix-create-list-view,1.0,Type-1 (Verbatim)
00d4ebfd3badffd52464ca979b3cb93ee5f16305,jmix-create-list-view,00d4ebfd3badffd52464ca979b3cb93ee5f16305,[Unnamed Skill],1.0,Type-1 (Verbatim)
33ff8cc5d55ed7f0a835a397e219a99dc7f9e11d,[Unnamed Skill],33ff8cc5d55ed7f0a835a397e219a99dc7f9e11d,good-first-issues,1.0,Type-1 (Verbatim)
33ff8cc5d55ed7f0a835a397e219a99dc7f9e11d,good-first-issues,33ff8cc5d55ed7f0a835a397e219a99dc7f9e11d,[Unnamed Skill],1.0,Type-1 (Verbatim)
e9b7debd18e5d354ef4d053dd2bde04766c5e28f,tdd-task,e9b7debd18e5d354ef4d053dd2bde04766c5e28f,[Unnamed Skill],1.0,Type-1 (Verbatim)
bb2cc7fecac7f7f47a6711476c2fb7bef52466bd,[Unnamed Skill],bb2cc7fecac7f7f47a6711476c2fb7bef52466bd,[Unnamed Skill],1.0,Type-1 (Verbatim)
bb2cc7fecac7f7f47a6711476c2fb7bef52466bd,[Unnamed Skill],bb2cc7fecac7f7f47a6711476c2fb7bef52466bd,[Unnamed Skill],1.0,Type-1 (Verbatim)
bb2cc7fecac7f7f47a6711476c2fb7bef52466bd,[Unnamed Skill],bb2cc7fecac7f7f47a6711476c2fb7bef52466bd,[Unnamed Skill],1.0,Type-1 (Verbatim)
c440d3ff68ef9b83a2d65344b02f3972933913fa,[Unnamed Skill],c440d3ff68ef9b83a2d65344b02f3972933913fa,[Unnamed Skill],1.0,Type-1 (Verbatim)
c440d3ff68ef9b83a2d65344b02f3972933913fa,[Unnamed Skill],c440d3ff68ef9b83a2d65344b02f3972933913fa,[Unnamed Skill],1.0,Type-1 (Verbatim)
d90f312421020542d82e6abb5bc8a565e6746cf1,[Unnamed Skill],d90f312421020542d82e6abb5bc8a565e6746cf1,[Unnamed Skill],1.0,Type-1 (Verbatim)
20552794fa079c98fde54d54e1181f28a8cfde43,[Unnamed Skill],20552794fa079c98fde54d54e1181f28a8cfde43,[Unnamed Skill],1.0,Type-1 (Verbatim)
20552794fa079c98fde54d54e1181f28a8cfde43,[Unnamed Skill],20552794fa079c98fde54d54e1181f28a8cfde43,[Unnamed Skill],1.0,Type-1 (Verbatim)
45935ed05aeeab2988cd740c5a4ba7fffdd328a7,[Unnamed Skill],45935ed05aeeab2988cd740c5a4ba7fffdd328a7,[Unnamed Skill],1.0,Type-1 (Verbatim)
d870ddd13b453563513275da1b7b26976135a36f,[Unnamed Skill],d870ddd13b453563513275da1b7b26976135a36f,[Unnamed Skill],1.0,Type-1 (Verbatim)
d870ddd13b453563513275da1b7b26976135a36f,[Unnamed Skill],d870ddd13b453563513275da1b7b26976135a36f,[Unnamed Skill],1.0,Type-1 (Verbatim)
d870ddd13b453563513275da1b7b26976135a36f,[Unnamed Skill],d870ddd13b453563513275da1b7b26976135a36f,[Unnamed Skill],1.0,Type-1 (Verbatim)
012f8c3772f679f168cd778f62ee1a6c327b5bd3,[Unnamed Skill],012f8c3772f679f168cd778f62ee1a6c327b5bd3,new-feature,1.0,Type-1 (Verbatim)
8a1a77a47d141967b246adb4da4f91037578ff7d,[Unnamed Skill],8a1a77a47d141967b246adb4da4f91037578ff7d,[Unnamed Skill],1.0,Type-1 (Verbatim)
8a1a77a47d141967b246adb4da4f91037578ff7d,[Unnamed Skill],8a1a77a47d141967b246adb4da4f91037578ff7d,[Unnamed Skill],1.0,Type-1 (Verbatim)
8d38542cfe44e83a72b47b8f16a52a3e572aee5b,skills-updater,8d38542cfe44e83a72b47b8f16a52a3e572aee5b,[Unnamed Skill],1.0,Type-1 (Verbatim)
8d38542cfe44e83a72b47b8f16a52a3e572aee5b,[Unnamed Skill],8d38542cfe44e83a72b47b8f16a52a3e572aee5b,[Unnamed Skill],1.0,Type-1 (Verbatim)
6461bcee3f2e83ce6eff3469a3a092b1ccdfc395,[Unnamed Skill],6461bcee3f2e83ce6eff3469a3a092b1ccdfc395,[Unnamed Skill],1.0,Type-1 (Verbatim)
0f9aba86371724cd28d24c7e1c230910b55980a1,[Unnamed Skill],0f9aba86371724cd28d24c7e1c230910b55980a1,[Unnamed Skill],1.0,Type-1 (Verbatim)
0f9aba86371724cd28d24c7e1c230910b55980a1,[Unnamed Skill],0f9aba86371724cd28d24c7e1c230910b55980a1,[Unnamed Skill],1.0,Type-1 (Verbatim)
cb19e872e652222c59e0d140f54649e28a4ed147,[Unnamed Skill],cb19e872e652222c59e0d140f54649e28a4ed147,performance-smell-detection,1.0,Type-1 (Verbatim)
cb19e872e652222c59e0d140f54649e28a4ed147,performance-smell-detection,cb19e872e652222c59e0d140f54649e28a4ed147,[Unnamed Skill],1.0,Type-1 (Verbatim)
cb19e872e652222c59e0d140f54649e28a4ed147,[Unnamed Skill],cb19e872e652222c59e0d140f54649e28a4ed147,[Unnamed Skill],1.0,Type-1 (Verbatim)
cb19e872e652222c59e0d140f54649e28a4ed147,[Unnamed Skill],cb19e872e652222c59e0d140f54649e28a4ed147,[Unnamed Skill],1.0,Type-1 (Verbatim)
cb19e872e652222c59e0d140f54649e28a4ed147,[Unnamed Skill],cb19e872e652222c59e0d140f54649e28a4ed147,[Unnamed Skill],1.0,Type-1 (Verbatim)
cb19e872e652222c59e0d140f54649e28a4ed147,[Unnamed Skill],cb19e872e652222c59e0d140f54649e28a4ed147,[Unnamed Skill],1.0,Type-1 (Verbatim)
4937fa0586ce850f4e67bfcad59b784ac6c12c80,[Unnamed Skill],4937fa0586ce850f4e67bfcad59b784ac6c12c80,[Unnamed Skill],1.0,Type-1 (Verbatim)
ef6b07f85c1da85d768c9ada088e6072294a0e9d,domain-modeling,ef6b07f85c1da85d768c9ada088e6072294a0e9d,[Unnamed Skill],1.0,Type-1 (Verbatim)
ef6b07f85c1da85d768c9ada088e6072294a0e9d,[Unnamed Skill],ef6b07f85c1da85d768c9ada088e6072294a0e9d,[Unnamed Skill],1.0,Type-1 (Verbatim)
077d2dfba2aebdde34c7939258f7901276c1b0b7,[Unnamed Skill],077d2dfba2aebdde34c7939258f7901276c1b0b7,[Unnamed Skill],1.0,Type-1 (Verbatim)
2b3ba429959f6a629115a0ac650a82d3ca8a8c53,[Unnamed Skill],2b3ba429959f6a629115a0ac650a82d3ca8a8c53,[Unnamed Skill],1.0,Type-1 (Verbatim)
2b3ba429959f6a629115a0ac650a82d3ca8a8c53,[Unnamed Skill],2b3ba429959f6a629115a0ac650a82d3ca8a8c53,[Unnamed Skill],1.0,Type-1 (Verbatim)
2b3ba429959f6a629115a0ac650a82d3ca8a8c53,[Unnamed Skill],2b3ba429959f6a629115a0ac650a82d3ca8a8c53,[Unnamed Skill],1.0,Type-1 (Verbatim)
df5000e17ef60ecf400e65bfcd3c58ff88b604c3,[Unnamed Skill],df5000e17ef60ecf400e65bfcd3c58ff88b604c3,[Unnamed Skill],1.0,Type-1 (Verbatim)
df5000e17ef60ecf400e65bfcd3c58ff88b604c3,[Unnamed Skill],df5000e17ef60ecf400e65bfcd3c58ff88b604c3,[Unnamed Skill],1.0,Type-1 (Verbatim)
df5000e17ef60ecf400e65bfcd3c58ff88b604c3,[Unnamed Skill],df5000e17ef60ecf400e65bfcd3c58ff88b604c3,[Unnamed Skill],1.0,Type-1 (Verbatim)
3d92ba482ab881a522e6d12859f5a58355845def,[Unnamed Skill],3d92ba482ab881a522e6d12859f5a58355845def,entity-generator-project,1.0,Type-1 (Verbatim)
c213032e2812ef18a5f9b8852dee3eeba742ddd9,[Unnamed Skill],c213032e2812ef18a5f9b8852dee3eeba742ddd9,[Unnamed Skill],1.0,Type-1 (Verbatim)
0a53d6ca54f46de3a79857fbdc6f84b988e0d692,[Unnamed Skill],0a53d6ca54f46de3a79857fbdc6f84b988e0d692,[Unnamed Skill],1.0,Type-1 (Verbatim)
139e12b650e296308e3b6443bf40930ccc7cf0b7,[Unnamed Skill],139e12b650e296308e3b6443bf40930ccc7cf0b7,[Unnamed Skill],1.0,Type-1 (Verbatim)
139e12b650e296308e3b6443bf40930ccc7cf0b7,[Unnamed Skill],139e12b650e296308e3b6443bf40930ccc7cf0b7,[Unnamed Skill],1.0,Type-1 (Verbatim)
2fe578ac38a75b26e8854c2edabfd07fefd072ec,scaffold-architecture-guardrails,2fe578ac38a75b26e8854c2edabfd07fefd072ec,[Unnamed Skill],1.0,Type-1 (Verbatim)
04e2c85f69f63102ef30c7592e10d2921fa36f92,[Unnamed Skill],04e2c85f69f63102ef30c7592e10d2921fa36f92,[Unnamed Skill],1.0,Type-1 (Verbatim)
04e2c85f69f63102ef30c7592e10d2921fa36f92,[Unnamed Skill],04e2c85f69f63102ef30c7592e10d2921fa36f92,[Unnamed Skill],1.0,Type-1 (Verbatim)
2b9a201b7d64b70ba2bce9edda94fab64ec185b4,background-state,2b9a201b7d64b70ba2bce9edda94fab64ec185b4,[Unnamed Skill],1.0,Type-1 (Verbatim)
5e201c519667f34a9f60f155c50e7bde2078d8ce,[Unnamed Skill],5e201c519667f34a9f60f155c50e7bde2078d8ce,[Unnamed Skill],1.0,Type-1 (Verbatim)
5e201c519667f34a9f60f155c50e7bde2078d8ce,[Unnamed Skill],5e201c519667f34a9f60f155c50e7bde2078d8ce,[Unnamed Skill],1.0,Type-1 (Verbatim)
5e201c519667f34a9f60f155c50e7bde2078d8ce,[Unnamed Skill],5e201c519667f34a9f60f155c50e7bde2078d8ce,[Unnamed Skill],1.0,Type-1 (Verbatim)
5e201c519667f34a9f60f155c50e7bde2078d8ce,[Unnamed Skill],5e201c519667f34a9f60f155c50e7bde2078d8ce,[Unnamed Skill],1.0,Type-1 (Verbatim)
5e201c519667f34a9f60f155c50e7bde2078d8ce,[Unnamed Skill],5e201c519667f34a9f60f155c50e7bde2078d8ce,[Unnamed Skill],1.0,Type-1 (Verbatim)
5e201c519667f34a9f60f155c50e7bde2078d8ce,[Unnamed Skill],5e201c519667f34a9f60f155c50e7bde2078d8ce,[Unnamed Skill],1.0,Type-1 (Verbatim)
5e201c519667f34a9f60f155c50e7bde2078d8ce,[Unnamed Skill],5e201c519667f34a9f60f155c50e7bde2078d8ce,[Unnamed Skill],1.0,Type-1 (Verbatim)
5e201c519667f34a9f60f155c50e7bde2078d8ce,[Unnamed Skill],5e201c519667f34a9f60f155c50e7bde2078d8ce,[Unnamed Skill],1.0,Type-1 (Verbatim)
5e201c519667f34a9f60f155c50e7bde2078d8ce,[Unnamed Skill],5e201c519667f34a9f60f155c50e7bde2078d8ce,[Unnamed Skill],1.0,Type-1 (Verbatim)
5e201c519667f34a9f60f155c50e7bde2078d8ce,[Unnamed Skill],5e201c519667f34a9f60f155c50e7bde2078d8ce,[Unnamed Skill],1.0,Type-1 (Verbatim)
5e201c519667f34a9f60f155c50e7bde2078d8ce,[Unnamed Skill],5e201c519667f34a9f60f155c50e7bde2078d8ce,[Unnamed Skill],1.0,Type-1 (Verbatim)
5e201c519667f34a9f60f155c50e7bde2078d8ce,[Unnamed Skill],5e201c519667f34a9f60f155c50e7bde2078d8ce,[Unnamed Skill],1.0,Type-1 (Verbatim)
5e201c519667f34a9f60f155c50e7bde2078d8ce,[Unnamed Skill],5e201c519667f34a9f60f155c50e7bde2078d8ce,[Unnamed Skill],1.0,Type-1 (Verbatim)
5e201c519667f34a9f60f155c50e7bde2078d8ce,[Unnamed Skill],5e201c519667f34a9f60f155c50e7bde2078d8ce,[Unnamed Skill],1.0,Type-1 (Verbatim)
5e201c519667f34a9f60f155c50e7bde2078d8ce,[Unnamed Skill],5e201c519667f34a9f60f155c50e7bde2078d8ce,[Unnamed Skill],1.0,Type-1 (Verbatim)
5e201c519667f34a9f60f155c50e7bde2078d8ce,[Unnamed Skill],5e201c519667f34a9f60f155c50e7bde2078d8ce,scaffold-client-extension,1.0,Type-1 (Verbatim)
5e201c519667f34a9f60f155c50e7bde2078d8ce,scaffold-client-extension,5e201c519667f34a9f60f155c50e7bde2078d8ce,[Unnamed Skill],1.0,Type-1 (Verbatim)
5e201c519667f34a9f60f155c50e7bde2078d8ce,[Unnamed Skill],5e201c519667f34a9f60f155c50e7bde2078d8ce,[Unnamed Skill],1.0,Type-1 (Verbatim)
5e201c519667f34a9f60f155c50e7bde2078d8ce,[Unnamed Skill],5e201c519667f34a9f60f155c50e7bde2078d8ce,[Unnamed Skill],1.0,Type-1 (Verbatim)
5e201c519667f34a9f60f155c50e7bde2078d8ce,[Unnamed Skill],5e201c519667f34a9f60f155c50e7bde2078d8ce,[Unnamed Skill],1.0,Type-1 (Verbatim)
5e201c519667f34a9f60f155c50e7bde2078d8ce,[Unnamed Skill],5e201c519667f34a9f60f155c50e7bde2078d8ce,[Unnamed Skill],1.0,Type-1 (Verbatim)
5e201c519667f34a9f60f155c50e7bde2078d8ce,[Unnamed Skill],5e201c519667f34a9f60f155c50e7bde2078d8ce,[Unnamed Skill],1.0,Type-1 (Verbatim)
5e201c519667f34a9f60f155c50e7bde2078d8ce,[Unnamed Skill],5e201c519667f34a9f60f155c50e7bde2078d8ce,[Unnamed Skill],1.0,Type-1 (Verbatim)
5e201c519667f34a9f60f155c50e7bde2078d8ce,[Unnamed Skill],5e201c519667f34a9f60f155c50e7bde2078d8ce,[Unnamed Skill],1.0,Type-1 (Verbatim)
5e201c519667f34a9f60f155c50e7bde2078d8ce,[Unnamed Skill],5e201c519667f34a9f60f155c50e7bde2078d8ce,[Unnamed Skill],1.0,Type-1 (Verbatim)
5e201c519667f34a9f60f155c50e7bde2078d8ce,[Unnamed Skill],5e201c519667f34a9f60f155c50e7bde2078d8ce,[Unnamed Skill],1.0,Type-1 (Verbatim)
5e201c519667f34a9f60f155c50e7bde2078d8ce,[Unnamed Skill],5e201c519667f34a9f60f155c50e7bde2078d8ce,[Unnamed Skill],1.0,Type-1 (Verbatim)
5e201c519667f34a9f60f155c50e7bde2078d8ce,[Unnamed Skill],5e201c519667f34a9f60f155c50e7bde2078d8ce,[Unnamed Skill],1.0,Type-1 (Verbatim)
5e201c519667f34a9f60f155c50e7bde2078d8ce,[Unnamed Skill],5e201c519667f34a9f60f155c50e7bde2078d8ce,[Unnamed Skill],1.0,Type-1 (Verbatim)
41ab0cd7452d5a5f49b61774094d08c7600a81dc,review-docs-against-code,41ab0cd7452d5a5f49b61774094d08c7600a81dc,[Unnamed Skill],1.0,Type-1 (Verbatim)
91ee726a1f9db3a4b2484096ca3ba854cb4bc906,spec-self-eval,91ee726a1f9db3a4b2484096ca3ba854cb4bc906,[Unnamed Skill],1.0,Type-1 (Verbatim)
fcc1fb08025c2b021ef61378273aef4f95b339cc,[Unnamed Skill],fcc1fb08025c2b021ef61378273aef4f95b339cc,[Unnamed Skill],1.0,Type-1 (Verbatim)
fcc1fb08025c2b021ef61378273aef4f95b339cc,[Unnamed Skill],fcc1fb08025c2b021ef61378273aef4f95b339cc,[Unnamed Skill],1.0,Type-1 (Verbatim)
bd3d735c3007650c431dc59721e640291d08e279,java-performance-smell-detection,bd3d735c3007650c431dc59721e640291d08e279,[Unnamed Skill],1.0,Type-1 (Verbatim)
a58b5335d514b3587342e5fa7ab1c87edaaaec27,[Unnamed Skill],a58b5335d514b3587342e5fa7ab1c87edaaaec27,grill-me,1.0,Type-1 (Verbatim)
a58b5335d514b3587342e5fa7ab1c87edaaaec27,grill-me,a58b5335d514b3587342e5fa7ab1c87edaaaec27,[Unnamed Skill],1.0,Type-1 (Verbatim)
88ceb93fe2eb0a97d271bc2cae7911ec02f442bf,[Unnamed Skill],88ceb93fe2eb0a97d271bc2cae7911ec02f442bf,[Unnamed Skill],1.0,Type-1 (Verbatim)
73f3d5e62d35acfebf2987cc2fe321ddc39b2ef6,[Unnamed Skill],73f3d5e62d35acfebf2987cc2fe321ddc39b2ef6,dev-workflow-change-management,1.0,Type-1 (Verbatim)
ee966396a22b7b89a630a52b864dae1d7363097c,[Unnamed Skill],ee966396a22b7b89a630a52b864dae1d7363097c,[Unnamed Skill],1.0,Type-1 (Verbatim)
ee966396a22b7b89a630a52b864dae1d7363097c,[Unnamed Skill],ee966396a22b7b89a630a52b864dae1d7363097c,[Unnamed Skill],1.0,Type-1 (Verbatim)
ee966396a22b7b89a630a52b864dae1d7363097c,[Unnamed Skill],ee966396a22b7b89a630a52b864dae1d7363097c,[Unnamed Skill],1.0,Type-1 (Verbatim)
ee966396a22b7b89a630a52b864dae1d7363097c,[Unnamed Skill],ee966396a22b7b89a630a52b864dae1d7363097c,[Unnamed Skill],1.0,Type-1 (Verbatim)
ee966396a22b7b89a630a52b864dae1d7363097c,[Unnamed Skill],ee966396a22b7b89a630a52b864dae1d7363097c,[Unnamed Skill],1.0,Type-1 (Verbatim)
071dfc0fbe822809b80695923a60d607ac114c9c,[Unnamed Skill],071dfc0fbe822809b80695923a60d607ac114c9c,[Unnamed Skill],1.0,Type-1 (Verbatim)
d85c68c9bda247dbf3cd61383bb11107e2bd58c0,spring-boot-test-patterns,d85c68c9bda247dbf3cd61383bb11107e2bd58c0,[Unnamed Skill],1.0,Type-1 (Verbatim)
d85c68c9bda247dbf3cd61383bb11107e2bd58c0,[Unnamed Skill],d85c68c9bda247dbf3cd61383bb11107e2bd58c0,[Unnamed Skill],1.0,Type-1 (Verbatim)
49bfc65d6b3ad83eb4ab5120a380c6b59e045006,build-site,49bfc65d6b3ad83eb4ab5120a380c6b59e045006,[Unnamed Skill],1.0,Type-1 (Verbatim)
49bfc65d6b3ad83eb4ab5120a380c6b59e045006,[Unnamed Skill],49bfc65d6b3ad83eb4ab5120a380c6b59e045006,[Unnamed Skill],1.0,Type-1 (Verbatim)
49bfc65d6b3ad83eb4ab5120a380c6b59e045006,[Unnamed Skill],49bfc65d6b3ad83eb4ab5120a380c6b59e045006,[Unnamed Skill],1.0,Type-1 (Verbatim)
49bfc65d6b3ad83eb4ab5120a380c6b59e045006,[Unnamed Skill],49bfc65d6b3ad83eb4ab5120a380c6b59e045006,[Unnamed Skill],1.0,Type-1 (Verbatim)
49bfc65d6b3ad83eb4ab5120a380c6b59e045006,[Unnamed Skill],49bfc65d6b3ad83eb4ab5120a380c6b59e045006,[Unnamed Skill],1.0,Type-1 (Verbatim)
49bfc65d6b3ad83eb4ab5120a380c6b59e045006,[Unnamed Skill],49bfc65d6b3ad83eb4ab5120a380c6b59e045006,[Unnamed Skill],1.0,Type-1 (Verbatim)
49bfc65d6b3ad83eb4ab5120a380c6b59e045006,[Unnamed Skill],49bfc65d6b3ad83eb4ab5120a380c6b59e045006,[Unnamed Skill],1.0,Type-1 (Verbatim)
49bfc65d6b3ad83eb4ab5120a380c6b59e045006,[Unnamed Skill],49bfc65d6b3ad83eb4ab5120a380c6b59e045006,[Unnamed Skill],1.0,Type-1 (Verbatim)
49bfc65d6b3ad83eb4ab5120a380c6b59e045006,[Unnamed Skill],49bfc65d6b3ad83eb4ab5120a380c6b59e045006,[Unnamed Skill],1.0,Type-1 (Verbatim)
49bfc65d6b3ad83eb4ab5120a380c6b59e045006,[Unnamed Skill],49bfc65d6b3ad83eb4ab5120a380c6b59e045006,[Unnamed Skill],1.0,Type-1 (Verbatim)
49bfc65d6b3ad83eb4ab5120a380c6b59e045006,[Unnamed Skill],49bfc65d6b3ad83eb4ab5120a380c6b59e045006,[Unnamed Skill],1.0,Type-1 (Verbatim)
49bfc65d6b3ad83eb4ab5120a380c6b59e045006,[Unnamed Skill],49bfc65d6b3ad83eb4ab5120a380c6b59e045006,[Unnamed Skill],1.0,Type-1 (Verbatim)
49bfc65d6b3ad83eb4ab5120a380c6b59e045006,[Unnamed Skill],49bfc65d6b3ad83eb4ab5120a380c6b59e045006,[Unnamed Skill],1.0,Type-1 (Verbatim)
49bfc65d6b3ad83eb4ab5120a380c6b59e045006,[Unnamed Skill],49bfc65d6b3ad83eb4ab5120a380c6b59e045006,[Unnamed Skill],1.0,Type-1 (Verbatim)
49bfc65d6b3ad83eb4ab5120a380c6b59e045006,[Unnamed Skill],49bfc65d6b3ad83eb4ab5120a380c6b59e045006,[Unnamed Skill],1.0,Type-1 (Verbatim)
49bfc65d6b3ad83eb4ab5120a380c6b59e045006,[Unnamed Skill],49bfc65d6b3ad83eb4ab5120a380c6b59e045006,[Unnamed Skill],1.0,Type-1 (Verbatim)
49bfc65d6b3ad83eb4ab5120a380c6b59e045006,[Unnamed Skill],49bfc65d6b3ad83eb4ab5120a380c6b59e045006,[Unnamed Skill],1.0,Type-1 (Verbatim)
49bfc65d6b3ad83eb4ab5120a380c6b59e045006,[Unnamed Skill],49bfc65d6b3ad83eb4ab5120a380c6b59e045006,[Unnamed Skill],1.0,Type-1 (Verbatim)
49bfc65d6b3ad83eb4ab5120a380c6b59e045006,[Unnamed Skill],49bfc65d6b3ad83eb4ab5120a380c6b59e045006,[Unnamed Skill],1.0,Type-1 (Verbatim)
49bfc65d6b3ad83eb4ab5120a380c6b59e045006,[Unnamed Skill],49bfc65d6b3ad83eb4ab5120a380c6b59e045006,[Unnamed Skill],1.0,Type-1 (Verbatim)
49bfc65d6b3ad83eb4ab5120a380c6b59e045006,[Unnamed Skill],49bfc65d6b3ad83eb4ab5120a380c6b59e045006,[Unnamed Skill],1.0,Type-1 (Verbatim)
49bfc65d6b3ad83eb4ab5120a380c6b59e045006,[Unnamed Skill],49bfc65d6b3ad83eb4ab5120a380c6b59e045006,[Unnamed Skill],1.0,Type-1 (Verbatim)
49bfc65d6b3ad83eb4ab5120a380c6b59e045006,[Unnamed Skill],49bfc65d6b3ad83eb4ab5120a380c6b59e045006,[Unnamed Skill],1.0,Type-1 (Verbatim)
49bfc65d6b3ad83eb4ab5120a380c6b59e045006,[Unnamed Skill],49bfc65d6b3ad83eb4ab5120a380c6b59e045006,[Unnamed Skill],1.0,Type-1 (Verbatim)
49bfc65d6b3ad83eb4ab5120a380c6b59e045006,[Unnamed Skill],49bfc65d6b3ad83eb4ab5120a380c6b59e045006,[Unnamed Skill],1.0,Type-1 (Verbatim)
49bfc65d6b3ad83eb4ab5120a380c6b59e045006,[Unnamed Skill],49bfc65d6b3ad83eb4ab5120a380c6b59e045006,[Unnamed Skill],1.0,Type-1 (Verbatim)
49bfc65d6b3ad83eb4ab5120a380c6b59e045006,[Unnamed Skill],49bfc65d6b3ad83eb4ab5120a380c6b59e045006,[Unnamed Skill],1.0,Type-1 (Verbatim)
49bfc65d6b3ad83eb4ab5120a380c6b59e045006,[Unnamed Skill],49bfc65d6b3ad83eb4ab5120a380c6b59e045006,[Unnamed Skill],1.0,Type-1 (Verbatim)
49bfc65d6b3ad83eb4ab5120a380c6b59e045006,[Unnamed Skill],49bfc65d6b3ad83eb4ab5120a380c6b59e045006,[Unnamed Skill],1.0,Type-1 (Verbatim)
bf05d7ad742f72156e7649e4c4a8cee8a77d72e2,leetcode-helper,bf05d7ad742f72156e7649e4c4a8cee8a77d72e2,[Unnamed Skill],1.0,Type-1 (Verbatim)
f09d37bd1440c1123be3df4550ef1b469e50fc0c,dev-workflow-user-story-generator,f09d37bd1440c1123be3df4550ef1b469e50fc0c,[Unnamed Skill],1.0,Type-1 (Verbatim)
1f99c46dac2db286c074b322cba081958f3d68d5,[Unnamed Skill],1f99c46dac2db286c074b322cba081958f3d68d5,[Unnamed Skill],1.0,Type-1 (Verbatim)
6e41123cb1ad10da16338fa96b64b4888a6529d0,northstar-verify-api-symbol,6e41123cb1ad10da16338fa96b64b4888a6529d0,[Unnamed Skill],1.0,Type-1 (Verbatim)
ef735c27cf51f9a9acc78a209cf4068bea724bdb,[Unnamed Skill],ef735c27cf51f9a9acc78a209cf4068bea724bdb,[Unnamed Skill],1.0,Type-1 (Verbatim)
ef735c27cf51f9a9acc78a209cf4068bea724bdb,[Unnamed Skill],ef735c27cf51f9a9acc78a209cf4068bea724bdb,[Unnamed Skill],1.0,Type-1 (Verbatim)
ef735c27cf51f9a9acc78a209cf4068bea724bdb,[Unnamed Skill],ef735c27cf51f9a9acc78a209cf4068bea724bdb,[Unnamed Skill],1.0,Type-1 (Verbatim)
ae0e679e820432ae7a46cf0027305c40a003abd6,[Unnamed Skill],ae0e679e820432ae7a46cf0027305c40a003abd6,hiero-info,1.0,Type-1 (Verbatim)
ae0e679e820432ae7a46cf0027305c40a003abd6,hiero-info,ae0e679e820432ae7a46cf0027305c40a003abd6,[Unnamed Skill],1.0,Type-1 (Verbatim)
1328f5f65353922f1a12ba84ebba36613c959293,[Unnamed Skill],1328f5f65353922f1a12ba84ebba36613c959293,[Unnamed Skill],1.0,Type-1 (Verbatim)
1328f5f65353922f1a12ba84ebba36613c959293,[Unnamed Skill],1328f5f65353922f1a12ba84ebba36613c959293,[Unnamed Skill],1.0,Type-1 (Verbatim)
13e7f29a49a15a27d8d4b0a772c24af57161deee,[Unnamed Skill],13e7f29a49a15a27d8d4b0a772c24af57161deee,[Unnamed Skill],1.0,Type-1 (Verbatim)
164e31ccea0175347681dd64657f3d316878a94c,[Unnamed Skill],164e31ccea0175347681dd64657f3d316878a94c,[Unnamed Skill],1.0,Type-1 (Verbatim)
c6536a3718d644629d0c3a0a27499bd442c954e5,[Unnamed Skill],c6536a3718d644629d0c3a0a27499bd442c954e5,[Unnamed Skill],1.0,Type-1 (Verbatim)
f3d8fb79976f990929084f9e4b8477adbf8fcc4a,jewel-release-helper,f3d8fb79976f990929084f9e4b8477adbf8fcc4a,[Unnamed Skill],1.0,Type-1 (Verbatim)
9d09b4351e709304b30e7c5978a1c61597aed736,[Unnamed Skill],9d09b4351e709304b30e7c5978a1c61597aed736,patch-explainer,1.0,Type-1 (Verbatim)
2270dc964f65e67935643c7877400359e10768e5,[Unnamed Skill],2270dc964f65e67935643c7877400359e10768e5,[Unnamed Skill],1.0,Type-1 (Verbatim)
2270dc964f65e67935643c7877400359e10768e5,[Unnamed Skill],2270dc964f65e67935643c7877400359e10768e5,[Unnamed Skill],1.0,Type-1 (Verbatim)
2270dc964f65e67935643c7877400359e10768e5,[Unnamed Skill],2270dc964f65e67935643c7877400359e10768e5,[Unnamed Skill],1.0,Type-1 (Verbatim)
2270dc964f65e67935643c7877400359e10768e5,[Unnamed Skill],2270dc964f65e67935643c7877400359e10768e5,[Unnamed Skill],1.0,Type-1 (Verbatim)
f332e3e0878f575f10eb0fe7454daf28354734a4,[Unnamed Skill],f332e3e0878f575f10eb0fe7454daf28354734a4,[Unnamed Skill],1.0,Type-1 (Verbatim)
f332e3e0878f575f10eb0fe7454daf28354734a4,[Unnamed Skill],f332e3e0878f575f10eb0fe7454daf28354734a4,[Unnamed Skill],1.0,Type-1 (Verbatim)
f7ad80468c48c52e5285d96dce40b989cf835936,[Unnamed Skill],f7ad80468c48c52e5285d96dce40b989cf835936,[Unnamed Skill],1.0,Type-1 (Verbatim)
f7ad80468c48c52e5285d96dce40b989cf835936,[Unnamed Skill],f7ad80468c48c52e5285d96dce40b989cf835936,[Unnamed Skill],1.0,Type-1 (Verbatim)
dd7c5dd4c647924aee5afbc8e54567b37c48a143,[Unnamed Skill],dd7c5dd4c647924aee5afbc8e54567b37c48a143,[Unnamed Skill],1.0,Type-1 (Verbatim)
dd7c5dd4c647924aee5afbc8e54567b37c48a143,[Unnamed Skill],dd7c5dd4c647924aee5afbc8e54567b37c48a143,[Unnamed Skill],1.0,Type-1 (Verbatim)
76f49be98586c4baff978f4c7d974e0bb20a3177,[Unnamed Skill],76f49be98586c4baff978f4c7d974e0bb20a3177,jmix-create-resource-role,1.0,Type-1 (Verbatim)
76f49be98586c4baff978f4c7d974e0bb20a3177,jmix-create-resource-role,76f49be98586c4baff978f4c7d974e0bb20a3177,[Unnamed Skill],1.0,Type-1 (Verbatim)
76f49be98586c4baff978f4c7d974e0bb20a3177,[Unnamed Skill],76f49be98586c4baff978f4c7d974e0bb20a3177,[Unnamed Skill],1.0,Type-1 (Verbatim)
9e17f8842b92136da17a15863588739a1c378625,[Unnamed Skill],9e17f8842b92136da17a15863588739a1c378625,[Unnamed Skill],1.0,Type-1 (Verbatim)
a5dd014d4c6aaa7f2dd6116d1a053f76fae253b4,[Unnamed Skill],a5dd014d4c6aaa7f2dd6116d1a053f76fae253b4,spring-generate-entity,1.0,Type-1 (Verbatim)
3eb938167f0abc1f27390f2238ccc6a4c09cdcb2,[Unnamed Skill],3eb938167f0abc1f27390f2238ccc6a4c09cdcb2,[Unnamed Skill],1.0,Type-1 (Verbatim)
fb8073860dc668e9291f21177a2c59a3b6b642a9,[Unnamed Skill],fb8073860dc668e9291f21177a2c59a3b6b642a9,cors-cross-origin-misconfiguration,1.0,Type-1 (Verbatim)
f3b79e18ba82232b65184d35ab16221a6112f11e,[Unnamed Skill],f3b79e18ba82232b65184d35ab16221a6112f11e,[Unnamed Skill],1.0,Type-1 (Verbatim)
619e066ba228b5745395d4407af5e258773bc5f3,[Unnamed Skill],619e066ba228b5745395d4407af5e258773bc5f3,gametest,1.0,Type-1 (Verbatim)
1b5f579852f21984473599fc83685f48c3895a62,[Unnamed Skill],1b5f579852f21984473599fc83685f48c3895a62,debug-surefire,1.0,Type-1 (Verbatim)
f890ceae47cac187ed69670c4a3aceff2f73dba8,[Unnamed Skill],f890ceae47cac187ed69670c4a3aceff2f73dba8,overdrive,1.0,Type-1 (Verbatim)
f890ceae47cac187ed69670c4a3aceff2f73dba8,overdrive,f890ceae47cac187ed69670c4a3aceff2f73dba8,[Unnamed Skill],1.0,Type-1 (Verbatim)
86f699753d0d3892f87c95622140b3aade5eeed8,angular-developer,86f699753d0d3892f87c95622140b3aade5eeed8,[Unnamed Skill],1.0,Type-1 (Verbatim)
6e824b9e6c7d80ba722944b567c6218a250245f7,srs-to-github-issues,6e824b9e6c7d80ba722944b567c6218a250245f7,[Unnamed Skill],1.0,Type-1 (Verbatim)
6ecef7ac721164ce4c5705dde79444972ecf50a6,[Unnamed Skill],6ecef7ac721164ce4c5705dde79444972ecf50a6,[Unnamed Skill],1.0,Type-1 (Verbatim)
6ecef7ac721164ce4c5705dde79444972ecf50a6,[Unnamed Skill],6ecef7ac721164ce4c5705dde79444972ecf50a6,architecture-review,1.0,Type-1 (Verbatim)
6ecef7ac721164ce4c5705dde79444972ecf50a6,architecture-review,6ecef7ac721164ce4c5705dde79444972ecf50a6,[Unnamed Skill],1.0,Type-1 (Verbatim)
6ecef7ac721164ce4c5705dde79444972ecf50a6,[Unnamed Skill],6ecef7ac721164ce4c5705dde79444972ecf50a6,[Unnamed Skill],1.0,Type-1 (Verbatim)
6ecef7ac721164ce4c5705dde79444972ecf50a6,[Unnamed Skill],6ecef7ac721164ce4c5705dde79444972ecf50a6,[Unnamed Skill],1.0,Type-1 (Verbatim)
6ecef7ac721164ce4c5705dde79444972ecf50a6,[Unnamed Skill],6ecef7ac721164ce4c5705dde79444972ecf50a6,[Unnamed Skill],1.0,Type-1 (Verbatim)
6ecef7ac721164ce4c5705dde79444972ecf50a6,[Unnamed Skill],6ecef7ac721164ce4c5705dde79444972ecf50a6,[Unnamed Skill],1.0,Type-1 (Verbatim)
fd9199ec6b72f25aba6d80611493de637cc5f289,[Unnamed Skill],fd9199ec6b72f25aba6d80611493de637cc5f289,[Unnamed Skill],1.0,Type-1 (Verbatim)
fd9199ec6b72f25aba6d80611493de637cc5f289,[Unnamed Skill],fd9199ec6b72f25aba6d80611493de637cc5f289,[Unnamed Skill],1.0,Type-1 (Verbatim)
fa40cf2ab0ea418929e391dbf1767a22211c81a0,persistence-linux,fa40cf2ab0ea418929e391dbf1767a22211c81a0,[Unnamed Skill],1.0,Type-1 (Verbatim)
ed8e6d1eca78e521083ded455743c0c0ade2c38b,[Unnamed Skill],ed8e6d1eca78e521083ded455743c0c0ade2c38b,[Unnamed Skill],1.0,Type-1 (Verbatim)
ed8e6d1eca78e521083ded455743c0c0ade2c38b,[Unnamed Skill],ed8e6d1eca78e521083ded455743c0c0ade2c38b,[Unnamed Skill],1.0,Type-1 (Verbatim)
1cbda31b31490e513e2c512d0c295e355085c6db,[Unnamed Skill],1cbda31b31490e513e2c512d0c295e355085c6db,[Unnamed Skill],1.0,Type-1 (Verbatim)
1cbda31b31490e513e2c512d0c295e355085c6db,[Unnamed Skill],1cbda31b31490e513e2c512d0c295e355085c6db,[Unnamed Skill],1.0,Type-1 (Verbatim)
1cbda31b31490e513e2c512d0c295e355085c6db,[Unnamed Skill],1cbda31b31490e513e2c512d0c295e355085c6db,[Unnamed Skill],1.0,Type-1 (Verbatim)
1cbda31b31490e513e2c512d0c295e355085c6db,[Unnamed Skill],1cbda31b31490e513e2c512d0c295e355085c6db,[Unnamed Skill],1.0,Type-1 (Verbatim)
1cbda31b31490e513e2c512d0c295e355085c6db,[Unnamed Skill],1cbda31b31490e513e2c512d0c295e355085c6db,[Unnamed Skill],1.0,Type-1 (Verbatim)
1cbda31b31490e513e2c512d0c295e355085c6db,[Unnamed Skill],1cbda31b31490e513e2c512d0c295e355085c6db,[Unnamed Skill],1.0,Type-1 (Verbatim)
bc2761a99438831a54e0499334061f2e5e850b71,ralplan,bc2761a99438831a54e0499334061f2e5e850b71,[Unnamed Skill],1.0,Type-1 (Verbatim)
bc75367f25e831d34acdede3ae2cf55bc0e4b55a,[Unnamed Skill],bc75367f25e831d34acdede3ae2cf55bc0e4b55a,[Unnamed Skill],1.0,Type-1 (Verbatim)
785e606bf4d9d5c067918a998e7f520f11b6759d,[Unnamed Skill],785e606bf4d9d5c067918a998e7f520f11b6759d,neqsim_in_writing,1.0,Type-1 (Verbatim)
2832711a5578655fb37d3b620e8c31aa493cf915,design-to-tasks,2832711a5578655fb37d3b620e8c31aa493cf915,[Unnamed Skill],1.0,Type-1 (Verbatim)
e01d423d3597154fdeda1e56a132e52ff3fc0f48,[Unnamed Skill],e01d423d3597154fdeda1e56a132e52ff3fc0f48,[Unnamed Skill],1.0,Type-1 (Verbatim)
e01d423d3597154fdeda1e56a132e52ff3fc0f48,[Unnamed Skill],e01d423d3597154fdeda1e56a132e52ff3fc0f48,[Unnamed Skill],1.0,Type-1 (Verbatim)
e01d423d3597154fdeda1e56a132e52ff3fc0f48,[Unnamed Skill],e01d423d3597154fdeda1e56a132e52ff3fc0f48,[Unnamed Skill],1.0,Type-1 (Verbatim)
e01d423d3597154fdeda1e56a132e52ff3fc0f48,[Unnamed Skill],e01d423d3597154fdeda1e56a132e52ff3fc0f48,[Unnamed Skill],1.0,Type-1 (Verbatim)
e01d423d3597154fdeda1e56a132e52ff3fc0f48,[Unnamed Skill],e01d423d3597154fdeda1e56a132e52ff3fc0f48,[Unnamed Skill],1.0,Type-1 (Verbatim)
5daf3575d78a613b34971deb5e9eda1475d649f1,[Unnamed Skill],5daf3575d78a613b34971deb5e9eda1475d649f1,[Unnamed Skill],1.0,Type-1 (Verbatim)
5daf3575d78a613b34971deb5e9eda1475d649f1,[Unnamed Skill],5daf3575d78a613b34971deb5e9eda1475d649f1,[Unnamed Skill],1.0,Type-1 (Verbatim)
80035d90b29f75e0ab2b7fe6fcfd088776d9afbe,[Unnamed Skill],80035d90b29f75e0ab2b7fe6fcfd088776d9afbe,frontend-page-development,1.0,Type-1 (Verbatim)
66ee276ecde8a212298a46212774a6dd77e50216,cicd-diagnostics,66ee276ecde8a212298a46212774a6dd77e50216,[Unnamed Skill],1.0,Type-1 (Verbatim)
7a751fa946b7fd801feb504cb1af6b5b62adcf43,[Unnamed Skill],7a751fa946b7fd801feb504cb1af6b5b62adcf43,[Unnamed Skill],1.0,Type-1 (Verbatim)
7a751fa946b7fd801feb504cb1af6b5b62adcf43,[Unnamed Skill],7a751fa946b7fd801feb504cb1af6b5b62adcf43,[Unnamed Skill],1.0,Type-1 (Verbatim)
7a751fa946b7fd801feb504cb1af6b5b62adcf43,[Unnamed Skill],7a751fa946b7fd801feb504cb1af6b5b62adcf43,[Unnamed Skill],1.0,Type-1 (Verbatim)
7a751fa946b7fd801feb504cb1af6b5b62adcf43,[Unnamed Skill],7a751fa946b7fd801feb504cb1af6b5b62adcf43,[Unnamed Skill],1.0,Type-1 (Verbatim)
67c60a3353c1bed01f038c8b65e5c6ecc084b8f2,[Unnamed Skill],67c60a3353c1bed01f038c8b65e5c6ecc084b8f2,[Unnamed Skill],1.0,Type-1 (Verbatim)
67c60a3353c1bed01f038c8b65e5c6ecc084b8f2,[Unnamed Skill],67c60a3353c1bed01f038c8b65e5c6ecc084b8f2,refine-tasks-for-stack,1.0,Type-1 (Verbatim)
111d2a98c2698b5a202ddae8906f75f16ecfcffd,[Unnamed Skill],111d2a98c2698b5a202ddae8906f75f16ecfcffd,[Unnamed Skill],1.0,Type-1 (Verbatim)
111d2a98c2698b5a202ddae8906f75f16ecfcffd,[Unnamed Skill],111d2a98c2698b5a202ddae8906f75f16ecfcffd,[Unnamed Skill],1.0,Type-1 (Verbatim)
111d2a98c2698b5a202ddae8906f75f16ecfcffd,[Unnamed Skill],111d2a98c2698b5a202ddae8906f75f16ecfcffd,[Unnamed Skill],1.0,Type-1 (Verbatim)
111d2a98c2698b5a202ddae8906f75f16ecfcffd,[Unnamed Skill],111d2a98c2698b5a202ddae8906f75f16ecfcffd,[Unnamed Skill],1.0,Type-1 (Verbatim)
4e306bc7320e85d72ed88d5467e654e2c14c900e,[Unnamed Skill],4e306bc7320e85d72ed88d5467e654e2c14c900e,java-architecture-review,1.0,Type-1 (Verbatim)
b01a1970d0748ab33458d242c6e34d9d9891db06,[Unnamed Skill],b01a1970d0748ab33458d242c6e34d9d9891db06,springboot-patterns,1.0,Type-1 (Verbatim)
7020c434eb1fb7b89e67d41529545351215a5eb1,[Unnamed Skill],7020c434eb1fb7b89e67d41529545351215a5eb1,[Unnamed Skill],1.0,Type-1 (Verbatim)
7020c434eb1fb7b89e67d41529545351215a5eb1,[Unnamed Skill],7020c434eb1fb7b89e67d41529545351215a5eb1,[Unnamed Skill],1.0,Type-1 (Verbatim)
7020c434eb1fb7b89e67d41529545351215a5eb1,[Unnamed Skill],7020c434eb1fb7b89e67d41529545351215a5eb1,[Unnamed Skill],1.0,Type-1 (Verbatim)
d09383310037d84ddb60af1b1e8fa36363481e5e,[Unnamed Skill],d09383310037d84ddb60af1b1e8fa36363481e5e,[Unnamed Skill],1.0,Type-1 (Verbatim)
15340f663294fc20ff56675ae32d8c0b704b786c,[Unnamed Skill],15340f663294fc20ff56675ae32d8c0b704b786c,issue-triage,1.0,Type-1 (Verbatim)
15340f663294fc20ff56675ae32d8c0b704b786c,issue-triage,15340f663294fc20ff56675ae32d8c0b704b786c,[Unnamed Skill],1.0,Type-1 (Verbatim)
15340f663294fc20ff56675ae32d8c0b704b786c,[Unnamed Skill],15340f663294fc20ff56675ae32d8c0b704b786c,[Unnamed Skill],1.0,Type-1 (Verbatim)
eb8d6a26100758609e9c955010daa88b217abdd0,[Unnamed Skill],eb8d6a26100758609e9c955010daa88b217abdd0,spring-bootstrap,1.0,Type-1 (Verbatim)
6627ec6d9a09aa0a88c957e1c8a02a16283838f1,[Unnamed Skill],6627ec6d9a09aa0a88c957e1c8a02a16283838f1,[Unnamed Skill],1.0,Type-1 (Verbatim)
cb001bc579f5643be0621b1fa72cc4515be5e72e,[Unnamed Skill],cb001bc579f5643be0621b1fa72cc4515be5e72e,[Unnamed Skill],1.0,Type-1 (Verbatim)
cb001bc579f5643be0621b1fa72cc4515be5e72e,[Unnamed Skill],cb001bc579f5643be0621b1fa72cc4515be5e72e,[Unnamed Skill],1.0,Type-1 (Verbatim)
cb001bc579f5643be0621b1fa72cc4515be5e72e,[Unnamed Skill],cb001bc579f5643be0621b1fa72cc4515be5e72e,[Unnamed Skill],1.0,Type-1 (Verbatim)
cb001bc579f5643be0621b1fa72cc4515be5e72e,[Unnamed Skill],cb001bc579f5643be0621b1fa72cc4515be5e72e,[Unnamed Skill],1.0,Type-1 (Verbatim)
9a7d62aa88808708655fd327d1e656d0c16e2ffc,[Unnamed Skill],9a7d62aa88808708655fd327d1e656d0c16e2ffc,[Unnamed Skill],1.0,Type-1 (Verbatim)
d3d76c3ae62100c1b0c5dc8ba56309b702a9d8f6,[Unnamed Skill],d3d76c3ae62100c1b0c5dc8ba56309b702a9d8f6,delight,1.0,Type-1 (Verbatim)
d3d76c3ae62100c1b0c5dc8ba56309b702a9d8f6,delight,d3d76c3ae62100c1b0c5dc8ba56309b702a9d8f6,[Unnamed Skill],1.0,Type-1 (Verbatim)
eea9f61608b18f2fe564580eb9ed56d395431ad8,[Unnamed Skill],eea9f61608b18f2fe564580eb9ed56d395431ad8,[Unnamed Skill],1.0,Type-1 (Verbatim)
eea9f61608b18f2fe564580eb9ed56d395431ad8,[Unnamed Skill],eea9f61608b18f2fe564580eb9ed56d395431ad8,[Unnamed Skill],1.0,Type-1 (Verbatim)
eea9f61608b18f2fe564580eb9ed56d395431ad8,[Unnamed Skill],eea9f61608b18f2fe564580eb9ed56d395431ad8,java-code-review,1.0,Type-1 (Verbatim)
eea9f61608b18f2fe564580eb9ed56d395431ad8,java-code-review,eea9f61608b18f2fe564580eb9ed56d395431ad8,[Unnamed Skill],1.0,Type-1 (Verbatim)
eea9f61608b18f2fe564580eb9ed56d395431ad8,[Unnamed Skill],eea9f61608b18f2fe564580eb9ed56d395431ad8,[Unnamed Skill],1.0,Type-1 (Verbatim)
eea9f61608b18f2fe564580eb9ed56d395431ad8,[Unnamed Skill],eea9f61608b18f2fe564580eb9ed56d395431ad8,[Unnamed Skill],1.0,Type-1 (Verbatim)
eea9f61608b18f2fe564580eb9ed56d395431ad8,[Unnamed Skill],eea9f61608b18f2fe564580eb9ed56d395431ad8,[Unnamed Skill],1.0,Type-1 (Verbatim)
eea9f61608b18f2fe564580eb9ed56d395431ad8,[Unnamed Skill],eea9f61608b18f2fe564580eb9ed56d395431ad8,[Unnamed Skill],1.0,Type-1 (Verbatim)
eea9f61608b18f2fe564580eb9ed56d395431ad8,[Unnamed Skill],eea9f61608b18f2fe564580eb9ed56d395431ad8,[Unnamed Skill],1.0,Type-1 (Verbatim)
5b40b220feb03c8f0668a17152c7f04413a1f010,[Unnamed Skill],5b40b220feb03c8f0668a17152c7f04413a1f010,java-code-review,1.0,Type-1 (Verbatim)
9b131186983696a773a249b24010a7d73838334c,[Unnamed Skill],9b131186983696a773a249b24010a7d73838334c,[Unnamed Skill],1.0,Type-1 (Verbatim)
fe39492d75f7f8dff298285144a4204ca6292693,[Unnamed Skill],fe39492d75f7f8dff298285144a4204ca6292693,[Unnamed Skill],1.0,Type-1 (Verbatim)
fe39492d75f7f8dff298285144a4204ca6292693,[Unnamed Skill],fe39492d75f7f8dff298285144a4204ca6292693,[Unnamed Skill],1.0,Type-1 (Verbatim)
89914c4a27ba3b6bca9552e2a9dd77733f7c0b8f,skill-creator,89914c4a27ba3b6bca9552e2a9dd77733f7c0b8f,[Unnamed Skill],1.0,Type-1 (Verbatim)
190b7cca38e49e17b5efacd47a4371d40a5c89b8,[Unnamed Skill],190b7cca38e49e17b5efacd47a4371d40a5c89b8,[Unnamed Skill],1.0,Type-1 (Verbatim)
7283987256ad7aca6b6dfec4e6fa51b476414807,[Unnamed Skill],7283987256ad7aca6b6dfec4e6fa51b476414807,[Unnamed Skill],1.0,Type-1 (Verbatim)
7283987256ad7aca6b6dfec4e6fa51b476414807,[Unnamed Skill],7283987256ad7aca6b6dfec4e6fa51b476414807,[Unnamed Skill],1.0,Type-1 (Verbatim)
7283987256ad7aca6b6dfec4e6fa51b476414807,[Unnamed Skill],7283987256ad7aca6b6dfec4e6fa51b476414807,[Unnamed Skill],1.0,Type-1 (Verbatim)
8ccde7d3ebc1f997b5aeee3e2c8f024e16d29be8,[Unnamed Skill],8ccde7d3ebc1f997b5aeee3e2c8f024e16d29be8,[Unnamed Skill],1.0,Type-1 (Verbatim)
81b7e3c53cd7eff4f4811c7b7b1f7195379d4a12,[Unnamed Skill],81b7e3c53cd7eff4f4811c7b7b1f7195379d4a12,java-code-review,1.0,Type-1 (Verbatim)
eaebefcee3623ef03fa816bdfc4d75848630d350,[Unnamed Skill],eaebefcee3623ef03fa816bdfc4d75848630d350,[Unnamed Skill],1.0,Type-1 (Verbatim)
0c824dd3627f85b70eb31443cec26601458eb3e0,[Unnamed Skill],0c824dd3627f85b70eb31443cec26601458eb3e0,[Unnamed Skill],1.0,Type-1 (Verbatim)
0c824dd3627f85b70eb31443cec26601458eb3e0,[Unnamed Skill],0c824dd3627f85b70eb31443cec26601458eb3e0,[Unnamed Skill],1.0,Type-1 (Verbatim)
0c824dd3627f85b70eb31443cec26601458eb3e0,[Unnamed Skill],0c824dd3627f85b70eb31443cec26601458eb3e0,[Unnamed Skill],1.0,Type-1 (Verbatim)
0c824dd3627f85b70eb31443cec26601458eb3e0,[Unnamed Skill],0c824dd3627f85b70eb31443cec26601458eb3e0,[Unnamed Skill],1.0,Type-1 (Verbatim)
0c824dd3627f85b70eb31443cec26601458eb3e0,[Unnamed Skill],0c824dd3627f85b70eb31443cec26601458eb3e0,[Unnamed Skill],1.0,Type-1 (Verbatim)
0c824dd3627f85b70eb31443cec26601458eb3e0,[Unnamed Skill],0c824dd3627f85b70eb31443cec26601458eb3e0,[Unnamed Skill],1.0,Type-1 (Verbatim)
2b82a0c3700d83ff4444f1170cc037adc102a9ad,[Unnamed Skill],2b82a0c3700d83ff4444f1170cc037adc102a9ad,[Unnamed Skill],1.0,Type-1 (Verbatim)
3ee34c3fe72b53f2a115ab22ceaf3a7eb24c6a5f,[Unnamed Skill],3ee34c3fe72b53f2a115ab22ceaf3a7eb24c6a5f,scaffold-router,1.0,Type-1 (Verbatim)
ff9ade5084aa27adae4e277bbc6fe729a22f6bca,[Unnamed Skill],ff9ade5084aa27adae4e277bbc6fe729a22f6bca,[Unnamed Skill],1.0,Type-1 (Verbatim)
34def31a76fc7a343897fb7c3ef11e86ff8ac831,[Unnamed Skill],34def31a76fc7a343897fb7c3ef11e86ff8ac831,[Unnamed Skill],1.0,Type-1 (Verbatim)
a3a7f5754c8f3b679bb9abbe71d26bdb042d76e7,[Unnamed Skill],a3a7f5754c8f3b679bb9abbe71d26bdb042d76e7,[Unnamed Skill],1.0,Type-1 (Verbatim)
c96616130a48ae881d6d134e5670a08f00278ca4,[Unnamed Skill],c96616130a48ae881d6d134e5670a08f00278ca4,[Unnamed Skill],1.0,Type-1 (Verbatim)
1f4ba96dbcfde599c7ebf6c80b288209631a9b28,git-commit-writer,1f4ba96dbcfde599c7ebf6c80b288209631a9b28,[Unnamed Skill],1.0,Type-1 (Verbatim)
5edfc928afddc30821a51b1a5bef0d3d214749ad,[Unnamed Skill],5edfc928afddc30821a51b1a5bef0d3d214749ad,deep-review,1.0,Type-1 (Verbatim)
f39f3f91cabf823ecc984f163e292a02e05388e3,[Unnamed Skill],f39f3f91cabf823ecc984f163e292a02e05388e3,coding,1.0,Type-1 (Verbatim)
f39f3f91cabf823ecc984f163e292a02e05388e3,coding,f39f3f91cabf823ecc984f163e292a02e05388e3,[Unnamed Skill],1.0,Type-1 (Verbatim)
f39f3f91cabf823ecc984f163e292a02e05388e3,[Unnamed Skill],f39f3f91cabf823ecc984f163e292a02e05388e3,[Unnamed Skill],1.0,Type-1 (Verbatim)
b6379851ba00585ae66f9d9ade05b82215a0e7bf,[Unnamed Skill],b6379851ba00585ae66f9d9ade05b82215a0e7bf,[Unnamed Skill],1.0,Type-1 (Verbatim)
bffe4f261258c8cb61285bd43cf4e020c1e76edc,[Unnamed Skill],bffe4f261258c8cb61285bd43cf4e020c1e76edc,testing,1.0,Type-1 (Verbatim)
807d872c142cb8ae15243e9f8e5458bf995e6937,[Unnamed Skill],807d872c142cb8ae15243e9f8e5458bf995e6937,ohxtscapi,1.0,Type-1 (Verbatim)
36830932de4299c639d256b875e1163f3c8580ae,[Unnamed Skill],36830932de4299c639d256b875e1163f3c8580ae,[Unnamed Skill],1.0,Type-1 (Verbatim)
36830932de4299c639d256b875e1163f3c8580ae,[Unnamed Skill],36830932de4299c639d256b875e1163f3c8580ae,[Unnamed Skill],1.0,Type-1 (Verbatim)
6b96fe06826aa5dc0c5b82404c4c4f48640b5fe0,spring-r2dbc,6b96fe06826aa5dc0c5b82404c4c4f48640b5fe0,[Unnamed Skill],1.0,Type-1 (Verbatim)
282340a2e1ea40032750872a17ba80c409d6f385,[Unnamed Skill],282340a2e1ea40032750872a17ba80c409d6f385,[Unnamed Skill],1.0,Type-1 (Verbatim)
282340a2e1ea40032750872a17ba80c409d6f385,[Unnamed Skill],282340a2e1ea40032750872a17ba80c409d6f385,[Unnamed Skill],1.0,Type-1 (Verbatim)
282340a2e1ea40032750872a17ba80c409d6f385,[Unnamed Skill],282340a2e1ea40032750872a17ba80c409d6f385,[Unnamed Skill],1.0,Type-1 (Verbatim)
18fc539ab2cb3eeafb0b62bd3b4072591eaefe21,[Unnamed Skill],18fc539ab2cb3eeafb0b62bd3b4072591eaefe21,[Unnamed Skill],1.0,Type-1 (Verbatim)
2c06568c80d06b260f849d749725840c7eba1358,[Unnamed Skill],2c06568c80d06b260f849d749725840c7eba1358,skills-cli,1.0,Type-1 (Verbatim)
4529c798087a06499c5629f5ad86aa63a37038b7,[Unnamed Skill],4529c798087a06499c5629f5ad86aa63a37038b7,scan-conventions,1.0,Type-1 (Verbatim)
4038f41ec0137ec92e98ed0151fe3b7038b9329e,[Unnamed Skill],4038f41ec0137ec92e98ed0151fe3b7038b9329e,[Unnamed Skill],1.0,Type-1 (Verbatim)
8f72280427123759281f28c9fbe41592c1e76f98,[Unnamed Skill],8f72280427123759281f28c9fbe41592c1e76f98,[Unnamed Skill],1.0,Type-1 (Verbatim)
d125c4e73be2a51ace84a09c0af527c7491fa165,[Unnamed Skill],d125c4e73be2a51ace84a09c0af527c7491fa165,jmix-create-detail-view,1.0,Type-1 (Verbatim)
d125c4e73be2a51ace84a09c0af527c7491fa165,jmix-create-detail-view,d125c4e73be2a51ace84a09c0af527c7491fa165,[Unnamed Skill],1.0,Type-1 (Verbatim)
d125c4e73be2a51ace84a09c0af527c7491fa165,[Unnamed Skill],d125c4e73be2a51ace84a09c0af527c7491fa165,[Unnamed Skill],1.0,Type-1 (Verbatim)
2510ac44d01645ebdb4fa2fffdea5bdefe18bd19,[Unnamed Skill],2510ac44d01645ebdb4fa2fffdea5bdefe18bd19,[Unnamed Skill],1.0,Type-1 (Verbatim)
2510ac44d01645ebdb4fa2fffdea5bdefe18bd19,[Unnamed Skill],2510ac44d01645ebdb4fa2fffdea5bdefe18bd19,[Unnamed Skill],1.0,Type-1 (Verbatim)
2510ac44d01645ebdb4fa2fffdea5bdefe18bd19,[Unnamed Skill],2510ac44d01645ebdb4fa2fffdea5bdefe18bd19,[Unnamed Skill],1.0,Type-1 (Verbatim)
2510ac44d01645ebdb4fa2fffdea5bdefe18bd19,[Unnamed Skill],2510ac44d01645ebdb4fa2fffdea5bdefe18bd19,[Unnamed Skill],1.0,Type-1 (Verbatim)
ffa10cad72cf6563482939dcc2c00c0aa3a2c220,[Unnamed Skill],ffa10cad72cf6563482939dcc2c00c0aa3a2c220,[Unnamed Skill],1.0,Type-1 (Verbatim)
ffa10cad72cf6563482939dcc2c00c0aa3a2c220,[Unnamed Skill],ffa10cad72cf6563482939dcc2c00c0aa3a2c220,[Unnamed Skill],1.0,Type-1 (Verbatim)
ffa10cad72cf6563482939dcc2c00c0aa3a2c220,[Unnamed Skill],ffa10cad72cf6563482939dcc2c00c0aa3a2c220,[Unnamed Skill],1.0,Type-1 (Verbatim)
ffa10cad72cf6563482939dcc2c00c0aa3a2c220,[Unnamed Skill],ffa10cad72cf6563482939dcc2c00c0aa3a2c220,[Unnamed Skill],1.0,Type-1 (Verbatim)
ffa10cad72cf6563482939dcc2c00c0aa3a2c220,[Unnamed Skill],ffa10cad72cf6563482939dcc2c00c0aa3a2c220,[Unnamed Skill],1.0,Type-1 (Verbatim)
ffa10cad72cf6563482939dcc2c00c0aa3a2c220,[Unnamed Skill],ffa10cad72cf6563482939dcc2c00c0aa3a2c220,[Unnamed Skill],1.0,Type-1 (Verbatim)
edfa5a92307fad79997dc5ef14672299a3d05d5d,implement-design,edfa5a92307fad79997dc5ef14672299a3d05d5d,[Unnamed Skill],1.0,Type-1 (Verbatim)
edfa5a92307fad79997dc5ef14672299a3d05d5d,[Unnamed Skill],edfa5a92307fad79997dc5ef14672299a3d05d5d,[Unnamed Skill],1.0,Type-1 (Verbatim)
9aed743b9ac061f0ffa9e1f886cd004be60ce7bf,[Unnamed Skill],9aed743b9ac061f0ffa9e1f886cd004be60ce7bf,[Unnamed Skill],1.0,Type-1 (Verbatim)
5c8814b0058d36347fb6cfa5333b6092fe27b874,[Unnamed Skill],5c8814b0058d36347fb6cfa5333b6092fe27b874,[Unnamed Skill],1.0,Type-1 (Verbatim)
06cd0a21ee771f6bb7aaba9341a77ca09a8c7d04,[Unnamed Skill],06cd0a21ee771f6bb7aaba9341a77ca09a8c7d04,brainstorming,1.0,Type-1 (Verbatim)
06cd0a21ee771f6bb7aaba9341a77ca09a8c7d04,brainstorming,06cd0a21ee771f6bb7aaba9341a77ca09a8c7d04,[Unnamed Skill],1.0,Type-1 (Verbatim)
06cd0a21ee771f6bb7aaba9341a77ca09a8c7d04,[Unnamed Skill],06cd0a21ee771f6bb7aaba9341a77ca09a8c7d04,[Unnamed Skill],1.0,Type-1 (Verbatim)
8ed4a7646532495b7ed154627843ba7cb79d9894,[Unnamed Skill],8ed4a7646532495b7ed154627843ba7cb79d9894,[Unnamed Skill],1.0,Type-1 (Verbatim)
8ed4a7646532495b7ed154627843ba7cb79d9894,[Unnamed Skill],8ed4a7646532495b7ed154627843ba7cb79d9894,[Unnamed Skill],1.0,Type-1 (Verbatim)
8ed4a7646532495b7ed154627843ba7cb79d9894,[Unnamed Skill],8ed4a7646532495b7ed154627843ba7cb79d9894,[Unnamed Skill],1.0,Type-1 (Verbatim)
8ed4a7646532495b7ed154627843ba7cb79d9894,[Unnamed Skill],8ed4a7646532495b7ed154627843ba7cb79d9894,[Unnamed Skill],1.0,Type-1 (Verbatim)
8ed4a7646532495b7ed154627843ba7cb79d9894,[Unnamed Skill],8ed4a7646532495b7ed154627843ba7cb79d9894,[Unnamed Skill],1.0,Type-1 (Verbatim)
676d5a389aae9166326e9eba39cd338b7e0e9bcd,[Unnamed Skill],676d5a389aae9166326e9eba39cd338b7e0e9bcd,[Unnamed Skill],1.0,Type-1 (Verbatim)
676d5a389aae9166326e9eba39cd338b7e0e9bcd,[Unnamed Skill],676d5a389aae9166326e9eba39cd338b7e0e9bcd,[Unnamed Skill],1.0,Type-1 (Verbatim)
1d5be118ad889c3d95b7dbf941a4616c0301fdce,openspec-explore,1d5be118ad889c3d95b7dbf941a4616c0301fdce,[Unnamed Skill],1.0,Type-1 (Verbatim)
6858d3f693e0ab5ebd7d8a05f8e06b668aff49fd,[Unnamed Skill],6858d3f693e0ab5ebd7d8a05f8e06b668aff49fd,[Unnamed Skill],1.0,Type-1 (Verbatim)
6858d3f693e0ab5ebd7d8a05f8e06b668aff49fd,[Unnamed Skill],6858d3f693e0ab5ebd7d8a05f8e06b668aff49fd,[Unnamed Skill],1.0,Type-1 (Verbatim)
6858d3f693e0ab5ebd7d8a05f8e06b668aff49fd,[Unnamed Skill],6858d3f693e0ab5ebd7d8a05f8e06b668aff49fd,openspec-explore,1.0,Type-1 (Verbatim)
6858d3f693e0ab5ebd7d8a05f8e06b668aff49fd,openspec-explore,6858d3f693e0ab5ebd7d8a05f8e06b668aff49fd,[Unnamed Skill],1.0,Type-1 (Verbatim)
6858d3f693e0ab5ebd7d8a05f8e06b668aff49fd,[Unnamed Skill],6858d3f693e0ab5ebd7d8a05f8e06b668aff49fd,[Unnamed Skill],1.0,Type-1 (Verbatim)
6858d3f693e0ab5ebd7d8a05f8e06b668aff49fd,[Unnamed Skill],6858d3f693e0ab5ebd7d8a05f8e06b668aff49fd,[Unnamed Skill],1.0,Type-1 (Verbatim)
6858d3f693e0ab5ebd7d8a05f8e06b668aff49fd,[Unnamed Skill],6858d3f693e0ab5ebd7d8a05f8e06b668aff49fd,[Unnamed Skill],1.0,Type-1 (Verbatim)
7ca31924aa319c40f82577cc46215dec3c9e6a41,[Unnamed Skill],7ca31924aa319c40f82577cc46215dec3c9e6a41,[Unnamed Skill],1.0,Type-1 (Verbatim)
7ca31924aa319c40f82577cc46215dec3c9e6a41,[Unnamed Skill],7ca31924aa319c40f82577cc46215dec3c9e6a41,[Unnamed Skill],1.0,Type-1 (Verbatim)
7ca31924aa319c40f82577cc46215dec3c9e6a41,[Unnamed Skill],7ca31924aa319c40f82577cc46215dec3c9e6a41,[Unnamed Skill],1.0,Type-1 (Verbatim)
7ca31924aa319c40f82577cc46215dec3c9e6a41,[Unnamed Skill],7ca31924aa319c40f82577cc46215dec3c9e6a41,[Unnamed Skill],1.0,Type-1 (Verbatim)
7ca31924aa319c40f82577cc46215dec3c9e6a41,[Unnamed Skill],7ca31924aa319c40f82577cc46215dec3c9e6a41,[Unnamed Skill],1.0,Type-1 (Verbatim)
7ca31924aa319c40f82577cc46215dec3c9e6a41,[Unnamed Skill],7ca31924aa319c40f82577cc46215dec3c9e6a41,[Unnamed Skill],1.0,Type-1 (Verbatim)
7ca31924aa319c40f82577cc46215dec3c9e6a41,[Unnamed Skill],7ca31924aa319c40f82577cc46215dec3c9e6a41,[Unnamed Skill],1.0,Type-1 (Verbatim)
7ca31924aa319c40f82577cc46215dec3c9e6a41,[Unnamed Skill],7ca31924aa319c40f82577cc46215dec3c9e6a41,[Unnamed Skill],1.0,Type-1 (Verbatim)
166931720cb0b28e93fe83ef02e2d7e3c3341fa5,[Unnamed Skill],166931720cb0b28e93fe83ef02e2d7e3c3341fa5,openspec-explore,1.0,Type-1 (Verbatim)
a7ebcc42b3d7bfc22a5e9665e7e7b9c9a402a6fa,[Unnamed Skill],a7ebcc42b3d7bfc22a5e9665e7e7b9c9a402a6fa,[Unnamed Skill],1.0,Type-1 (Verbatim)
6017af7905ebe7940c4012fd19397c98ded6957d,[Unnamed Skill],6017af7905ebe7940c4012fd19397c98ded6957d,m1-feature-developer,1.0,Type-1 (Verbatim)
72278c41991b3a9482e5fa39c39337602cfad81a,[Unnamed Skill],72278c41991b3a9482e5fa39c39337602cfad81a,[Unnamed Skill],1.0,Type-1 (Verbatim)
72278c41991b3a9482e5fa39c39337602cfad81a,[Unnamed Skill],72278c41991b3a9482e5fa39c39337602cfad81a,[Unnamed Skill],1.0,Type-1 (Verbatim)
78ce2624139ae356d2df87aa60ef58bcbd970b81,upgrade,78ce2624139ae356d2df87aa60ef58bcbd970b81,[Unnamed Skill],1.0,Type-1 (Verbatim)
ca500741f25a088927b42e1ee1ea2cea9c03ce0e,[Unnamed Skill],ca500741f25a088927b42e1ee1ea2cea9c03ce0e,[Unnamed Skill],1.0,Type-1 (Verbatim)
ca500741f25a088927b42e1ee1ea2cea9c03ce0e,[Unnamed Skill],ca500741f25a088927b42e1ee1ea2cea9c03ce0e,[Unnamed Skill],1.0,Type-1 (Verbatim)
1e97aaa81f5ba33204a2e12a4cffcb13663373e7,[Unnamed Skill],1e97aaa81f5ba33204a2e12a4cffcb13663373e7,[Unnamed Skill],1.0,Type-1 (Verbatim)
1e97aaa81f5ba33204a2e12a4cffcb13663373e7,[Unnamed Skill],1e97aaa81f5ba33204a2e12a4cffcb13663373e7,[Unnamed Skill],1.0,Type-1 (Verbatim)
73a2c47de99816c3ab865b8fb91f73ce7863dac1,[Unnamed Skill],73a2c47de99816c3ab865b8fb91f73ce7863dac1,image-generation,1.0,Type-1 (Verbatim)
b0a42297b69060243ecff6c885ba0e4c6f120813,[Unnamed Skill],b0a42297b69060243ecff6c885ba0e4c6f120813,[Unnamed Skill],1.0,Type-1 (Verbatim)
cd842adfd66cb5460fc7ebe5c83bfe9b9d2be15b,[Unnamed Skill],cd842adfd66cb5460fc7ebe5c83bfe9b9d2be15b,test,1.0,Type-1 (Verbatim)
29d8df65967597aa3461a6586a1d2a3d993aec5e,[Unnamed Skill],29d8df65967597aa3461a6586a1d2a3d993aec5e,[Unnamed Skill],1.0,Type-1 (Verbatim)
29d8df65967597aa3461a6586a1d2a3d993aec5e,[Unnamed Skill],29d8df65967597aa3461a6586a1d2a3d993aec5e,[Unnamed Skill],1.0,Type-1 (Verbatim)
29d8df65967597aa3461a6586a1d2a3d993aec5e,[Unnamed Skill],29d8df65967597aa3461a6586a1d2a3d993aec5e,[Unnamed Skill],1.0,Type-1 (Verbatim)
29d8df65967597aa3461a6586a1d2a3d993aec5e,[Unnamed Skill],29d8df65967597aa3461a6586a1d2a3d993aec5e,[Unnamed Skill],1.0,Type-1 (Verbatim)
29d8df65967597aa3461a6586a1d2a3d993aec5e,[Unnamed Skill],29d8df65967597aa3461a6586a1d2a3d993aec5e,[Unnamed Skill],1.0,Type-1 (Verbatim)
29d8df65967597aa3461a6586a1d2a3d993aec5e,[Unnamed Skill],29d8df65967597aa3461a6586a1d2a3d993aec5e,[Unnamed Skill],1.0,Type-1 (Verbatim)
29d8df65967597aa3461a6586a1d2a3d993aec5e,[Unnamed Skill],29d8df65967597aa3461a6586a1d2a3d993aec5e,[Unnamed Skill],1.0,Type-1 (Verbatim)
29d8df65967597aa3461a6586a1d2a3d993aec5e,[Unnamed Skill],29d8df65967597aa3461a6586a1d2a3d993aec5e,[Unnamed Skill],1.0,Type-1 (Verbatim)
29d8df65967597aa3461a6586a1d2a3d993aec5e,[Unnamed Skill],29d8df65967597aa3461a6586a1d2a3d993aec5e,[Unnamed Skill],1.0,Type-1 (Verbatim)
29d8df65967597aa3461a6586a1d2a3d993aec5e,[Unnamed Skill],29d8df65967597aa3461a6586a1d2a3d993aec5e,[Unnamed Skill],1.0,Type-1 (Verbatim)
29d8df65967597aa3461a6586a1d2a3d993aec5e,[Unnamed Skill],29d8df65967597aa3461a6586a1d2a3d993aec5e,[Unnamed Skill],1.0,Type-1 (Verbatim)
29d8df65967597aa3461a6586a1d2a3d993aec5e,[Unnamed Skill],29d8df65967597aa3461a6586a1d2a3d993aec5e,[Unnamed Skill],1.0,Type-1 (Verbatim)
29d8df65967597aa3461a6586a1d2a3d993aec5e,[Unnamed Skill],29d8df65967597aa3461a6586a1d2a3d993aec5e,[Unnamed Skill],1.0,Type-1 (Verbatim)
29d8df65967597aa3461a6586a1d2a3d993aec5e,[Unnamed Skill],29d8df65967597aa3461a6586a1d2a3d993aec5e,[Unnamed Skill],1.0,Type-1 (Verbatim)
29d8df65967597aa3461a6586a1d2a3d993aec5e,[Unnamed Skill],29d8df65967597aa3461a6586a1d2a3d993aec5e,[Unnamed Skill],1.0,Type-1 (Verbatim)
29d8df65967597aa3461a6586a1d2a3d993aec5e,[Unnamed Skill],29d8df65967597aa3461a6586a1d2a3d993aec5e,[Unnamed Skill],1.0,Type-1 (Verbatim)
29d8df65967597aa3461a6586a1d2a3d993aec5e,[Unnamed Skill],29d8df65967597aa3461a6586a1d2a3d993aec5e,[Unnamed Skill],1.0,Type-1 (Verbatim)
29d8df65967597aa3461a6586a1d2a3d993aec5e,[Unnamed Skill],29d8df65967597aa3461a6586a1d2a3d993aec5e,[Unnamed Skill],1.0,Type-1 (Verbatim)
29d8df65967597aa3461a6586a1d2a3d993aec5e,[Unnamed Skill],29d8df65967597aa3461a6586a1d2a3d993aec5e,[Unnamed Skill],1.0,Type-1 (Verbatim)
29d8df65967597aa3461a6586a1d2a3d993aec5e,[Unnamed Skill],29d8df65967597aa3461a6586a1d2a3d993aec5e,scaffold-fragment,1.0,Type-1 (Verbatim)
29d8df65967597aa3461a6586a1d2a3d993aec5e,scaffold-fragment,29d8df65967597aa3461a6586a1d2a3d993aec5e,[Unnamed Skill],1.0,Type-1 (Verbatim)
29d8df65967597aa3461a6586a1d2a3d993aec5e,[Unnamed Skill],29d8df65967597aa3461a6586a1d2a3d993aec5e,[Unnamed Skill],1.0,Type-1 (Verbatim)
29d8df65967597aa3461a6586a1d2a3d993aec5e,[Unnamed Skill],29d8df65967597aa3461a6586a1d2a3d993aec5e,[Unnamed Skill],1.0,Type-1 (Verbatim)
29d8df65967597aa3461a6586a1d2a3d993aec5e,[Unnamed Skill],29d8df65967597aa3461a6586a1d2a3d993aec5e,[Unnamed Skill],1.0,Type-1 (Verbatim)
29d8df65967597aa3461a6586a1d2a3d993aec5e,[Unnamed Skill],29d8df65967597aa3461a6586a1d2a3d993aec5e,[Unnamed Skill],1.0,Type-1 (Verbatim)
29d8df65967597aa3461a6586a1d2a3d993aec5e,[Unnamed Skill],29d8df65967597aa3461a6586a1d2a3d993aec5e,[Unnamed Skill],1.0,Type-1 (Verbatim)
29d8df65967597aa3461a6586a1d2a3d993aec5e,[Unnamed Skill],29d8df65967597aa3461a6586a1d2a3d993aec5e,[Unnamed Skill],1.0,Type-1 (Verbatim)
29d8df65967597aa3461a6586a1d2a3d993aec5e,[Unnamed Skill],29d8df65967597aa3461a6586a1d2a3d993aec5e,[Unnamed Skill],1.0,Type-1 (Verbatim)
a846cf618db0efc6631470146ea4959d5eadfe83,[Unnamed Skill],a846cf618db0efc6631470146ea4959d5eadfe83,[Unnamed Skill],1.0,Type-1 (Verbatim)
700a27c955b112880b4dd09b492ea5d407c9faf5,[Unnamed Skill],700a27c955b112880b4dd09b492ea5d407c9faf5,[Unnamed Skill],1.0,Type-1 (Verbatim)
6d4ef14778e945212f52a515958ec8dad5d6dd59,[Unnamed Skill],6d4ef14778e945212f52a515958ec8dad5d6dd59,[Unnamed Skill],1.0,Type-1 (Verbatim)
d7128c8aa534c406f2abcb0380aad98a52a0054b,[Unnamed Skill],d7128c8aa534c406f2abcb0380aad98a52a0054b,[Unnamed Skill],1.0,Type-1 (Verbatim)
d7128c8aa534c406f2abcb0380aad98a52a0054b,[Unnamed Skill],d7128c8aa534c406f2abcb0380aad98a52a0054b,api-contract-review,1.0,Type-1 (Verbatim)
d7128c8aa534c406f2abcb0380aad98a52a0054b,api-contract-review,d7128c8aa534c406f2abcb0380aad98a52a0054b,[Unnamed Skill],1.0,Type-1 (Verbatim)
d7128c8aa534c406f2abcb0380aad98a52a0054b,[Unnamed Skill],d7128c8aa534c406f2abcb0380aad98a52a0054b,[Unnamed Skill],1.0,Type-1 (Verbatim)
d7128c8aa534c406f2abcb0380aad98a52a0054b,[Unnamed Skill],d7128c8aa534c406f2abcb0380aad98a52a0054b,[Unnamed Skill],1.0,Type-1 (Verbatim)
d7128c8aa534c406f2abcb0380aad98a52a0054b,[Unnamed Skill],d7128c8aa534c406f2abcb0380aad98a52a0054b,[Unnamed Skill],1.0,Type-1 (Verbatim)
d7128c8aa534c406f2abcb0380aad98a52a0054b,[Unnamed Skill],d7128c8aa534c406f2abcb0380aad98a52a0054b,[Unnamed Skill],1.0,Type-1 (Verbatim)
61528d0ef527cb5bf472a37ad914a7e3d0b2bb5f,[Unnamed Skill],61528d0ef527cb5bf472a37ad914a7e3d0b2bb5f,spring-webflux,1.0,Type-1 (Verbatim)
486e53879f512c7a42df23738d4bc4f4e0ccad32,[Unnamed Skill],486e53879f512c7a42df23738d4bc4f4e0ccad32,[Unnamed Skill],1.0,Type-1 (Verbatim)
486e53879f512c7a42df23738d4bc4f4e0ccad32,[Unnamed Skill],486e53879f512c7a42df23738d4bc4f4e0ccad32,[Unnamed Skill],1.0,Type-1 (Verbatim)
ad46b6e1b3458c1ae34dc0d0ec671182270a9666,[Unnamed Skill],ad46b6e1b3458c1ae34dc0d0ec671182270a9666,[Unnamed Skill],1.0,Type-1 (Verbatim)
ad46b6e1b3458c1ae34dc0d0ec671182270a9666,[Unnamed Skill],ad46b6e1b3458c1ae34dc0d0ec671182270a9666,[Unnamed Skill],1.0,Type-1 (Verbatim)
9b4387136a18235659474525f3a6f580afb3ec7f,[Unnamed Skill],9b4387136a18235659474525f3a6f580afb3ec7f,critique,1.0,Type-1 (Verbatim)
571d66d03a8886ac219bdb5b21e275ea4ea1381f,[Unnamed Skill],571d66d03a8886ac219bdb5b21e275ea4ea1381f,[Unnamed Skill],1.0,Type-1 (Verbatim)
56438def3b85d0e13864e94213b29eda9e6ad598,api-contract-review,56438def3b85d0e13864e94213b29eda9e6ad598,[Unnamed Skill],1.0,Type-1 (Verbatim)
60f3ff35bb925af572fab75953a7f0d5ae16a3ce,[Unnamed Skill],60f3ff35bb925af572fab75953a7f0d5ae16a3ce,[Unnamed Skill],1.0,Type-1 (Verbatim)
5b36a7b4594d737c07809d732cc12efe4c302a5b,[Unnamed Skill],5b36a7b4594d737c07809d732cc12efe4c302a5b,[Unnamed Skill],1.0,Type-1 (Verbatim)
47d012687350cb6afad8b67c7457fd702d2e8ef7,build-jdk15to18,47d012687350cb6afad8b67c7457fd702d2e8ef7,[Unnamed Skill],1.0,Type-1 (Verbatim)
8a538d1f5408338ff648b03a1a0fcd29c9fb5f7d,[Unnamed Skill],8a538d1f5408338ff648b03a1a0fcd29c9fb5f7d,write-reproducer,1.0,Type-1 (Verbatim)
96d391301858557debad660a5ea32102004f1063,[Unnamed Skill],96d391301858557debad660a5ea32102004f1063,drawio,1.0,Type-1 (Verbatim)
96d391301858557debad660a5ea32102004f1063,drawio,96d391301858557debad660a5ea32102004f1063,[Unnamed Skill],1.0,Type-1 (Verbatim)
118456fcb10225c030769a4fee7815b9c536b0ce,[Unnamed Skill],118456fcb10225c030769a4fee7815b9c536b0ce,[Unnamed Skill],1.0,Type-1 (Verbatim)
0826e553d38f7e7805c62a0907c23b477d64c67a,[Unnamed Skill],0826e553d38f7e7805c62a0907c23b477d64c67a,deep-interview,1.0,Type-1 (Verbatim)
1e373da99b7819d6406bd47dd226cb45263131fe,[Unnamed Skill],1e373da99b7819d6406bd47dd226cb45263131fe,ohbuild,1.0,Type-1 (Verbatim)
6a44d796a286056620c63b27eac89c86cd7d3473,[Unnamed Skill],6a44d796a286056620c63b27eac89c86cd7d3473,migration-plan-executor,1.0,Type-1 (Verbatim)
e09fee53026797932cabaaca6856cbb5b9c3c497,[Unnamed Skill],e09fee53026797932cabaaca6856cbb5b9c3c497,[Unnamed Skill],1.0,Type-1 (Verbatim)
80e99bffe1d05934532f3fdb55a5b6290da37a6f,[Unnamed Skill],80e99bffe1d05934532f3fdb55a5b6290da37a6f,[Unnamed Skill],1.0,Type-1 (Verbatim)
80e99bffe1d05934532f3fdb55a5b6290da37a6f,[Unnamed Skill],80e99bffe1d05934532f3fdb55a5b6290da37a6f,[Unnamed Skill],1.0,Type-1 (Verbatim)
756b31c0b2606c2e14158d813c72d9a53ecb75d3,[Unnamed Skill],756b31c0b2606c2e14158d813c72d9a53ecb75d3,[Unnamed Skill],1.0,Type-1 (Verbatim)
756b31c0b2606c2e14158d813c72d9a53ecb75d3,[Unnamed Skill],756b31c0b2606c2e14158d813c72d9a53ecb75d3,[Unnamed Skill],1.0,Type-1 (Verbatim)
cf4cd7935929fbed0911f554f5c7fb3b8d4e1031,[Unnamed Skill],cf4cd7935929fbed0911f554f5c7fb3b8d4e1031,[Unnamed Skill],1.0,Type-1 (Verbatim)
cf4cd7935929fbed0911f554f5c7fb3b8d4e1031,[Unnamed Skill],cf4cd7935929fbed0911f554f5c7fb3b8d4e1031,[Unnamed Skill],1.0,Type-1 (Verbatim)
db59b2c59d9e2a3e8420a7225aabcae2b10389e3,[Unnamed Skill],db59b2c59d9e2a3e8420a7225aabcae2b10389e3,[Unnamed Skill],1.0,Type-1 (Verbatim)
fefa9b1684a573b445f39ca3948e240092dbe0ae,[Unnamed Skill],fefa9b1684a573b445f39ca3948e240092dbe0ae,koi-prd-generator,1.0,Type-1 (Verbatim)
a394e24b6d66132f0ddc0196450953fd1f85b9ac,[Unnamed Skill],a394e24b6d66132f0ddc0196450953fd1f85b9ac,jwt-bootstrap,1.0,Type-1 (Verbatim)
c5c881be9ebaa2bfcdd02f97de2ebd711ab78803,[Unnamed Skill],c5c881be9ebaa2bfcdd02f97de2ebd711ab78803,[Unnamed Skill],1.0,Type-1 (Verbatim)
c5c881be9ebaa2bfcdd02f97de2ebd711ab78803,[Unnamed Skill],c5c881be9ebaa2bfcdd02f97de2ebd711ab78803,[Unnamed Skill],1.0,Type-1 (Verbatim)
f28c62e7ffc8d0a7c84294f0ca45dcc592614295,[Unnamed Skill],f28c62e7ffc8d0a7c84294f0ca45dcc592614295,[Unnamed Skill],1.0,Type-1 (Verbatim)
b8c87bfcb664fc2d131334d1651ed2ec7e8eea62,[Unnamed Skill],b8c87bfcb664fc2d131334d1651ed2ec7e8eea62,[Unnamed Skill],1.0,Type-1 (Verbatim)
4eadd2b2430f49aae1d31589992c61e62185c25c,[Unnamed Skill],4eadd2b2430f49aae1d31589992c61e62185c25c,[Unnamed Skill],1.0,Type-1 (Verbatim)
40699358f2f8098e860838cd68b0382a31c72262,[Unnamed Skill],40699358f2f8098e860838cd68b0382a31c72262,[Unnamed Skill],1.0,Type-1 (Verbatim)
2fc6c6dd8bc7791b781d1507dd4aff271282db9d,[Unnamed Skill],2fc6c6dd8bc7791b781d1507dd4aff271282db9d,[Unnamed Skill],1.0,Type-1 (Verbatim)
dcc37e047cbd9e95f15c06dfa9bff860214acf92,[Unnamed Skill],dcc37e047cbd9e95f15c06dfa9bff860214acf92,[Unnamed Skill],1.0,Type-1 (Verbatim)
eaf50e10412a1b45a478892b4520490ac6a5c6c9,[Unnamed Skill],eaf50e10412a1b45a478892b4520490ac6a5c6c9,[Unnamed Skill],1.0,Type-1 (Verbatim)
41c796a525f441fb294968d41dd87a0b0f5d5b68,[Unnamed Skill],41c796a525f441fb294968d41dd87a0b0f5d5b68,ohhap,1.0,Type-1 (Verbatim)
093e10f9fc8453819422f9f2e6966339002636d1,[Unnamed Skill],093e10f9fc8453819422f9f2e6966339002636d1,[Unnamed Skill],1.0,Type-1 (Verbatim)
093e10f9fc8453819422f9f2e6966339002636d1,[Unnamed Skill],093e10f9fc8453819422f9f2e6966339002636d1,[Unnamed Skill],1.0,Type-1 (Verbatim)
ac06d137129a454fba7f9715d696c935e019ee9e,high-performance-java,ac06d137129a454fba7f9715d696c935e019ee9e,[Unnamed Skill],1.0,Type-1 (Verbatim)
e6cd2534f2c79b0b3214280b8913b63add760f6d,[Unnamed Skill],e6cd2534f2c79b0b3214280b8913b63add760f6d,[Unnamed Skill],1.0,Type-1 (Verbatim)
a97ef03c0341188834a18ed474fd38445a1838f2,[Unnamed Skill],a97ef03c0341188834a18ed474fd38445a1838f2,[Unnamed Skill],1.0,Type-1 (Verbatim)
d70827a9c9e20db6049e415bcf402859943ff0ba,[Unnamed Skill],d70827a9c9e20db6049e415bcf402859943ff0ba,java-dto-converter,1.0,Type-1 (Verbatim)
ea96559e6e75f4fcbde240ca0efedc60a685a3ce,[Unnamed Skill],ea96559e6e75f4fcbde240ca0efedc60a685a3ce,[Unnamed Skill],1.0,Type-1 (Verbatim)
a0251ce89a7636230be9c5b989a81e1a54a52a96,[Unnamed Skill],a0251ce89a7636230be9c5b989a81e1a54a52a96,[Unnamed Skill],1.0,Type-1 (Verbatim)
a0251ce89a7636230be9c5b989a81e1a54a52a96,[Unnamed Skill],a0251ce89a7636230be9c5b989a81e1a54a52a96,[Unnamed Skill],1.0,Type-1 (Verbatim)
44d3f3b8748cecd7e3520c10b6db14874c15919d,[Unnamed Skill],44d3f3b8748cecd7e3520c10b6db14874c15919d,spring-craft,1.0,Type-1 (Verbatim)
2c4ad2f365c3f902201ef591390ce70999e90f45,[Unnamed Skill],2c4ad2f365c3f902201ef591390ce70999e90f45,[Unnamed Skill],1.0,Type-1 (Verbatim)
2c4ad2f365c3f902201ef591390ce70999e90f45,[Unnamed Skill],2c4ad2f365c3f902201ef591390ce70999e90f45,[Unnamed Skill],1.0,Type-1 (Verbatim)
2c4ad2f365c3f902201ef591390ce70999e90f45,[Unnamed Skill],2c4ad2f365c3f902201ef591390ce70999e90f45,[Unnamed Skill],1.0,Type-1 (Verbatim)
2c4ad2f365c3f902201ef591390ce70999e90f45,[Unnamed Skill],2c4ad2f365c3f902201ef591390ce70999e90f45,[Unnamed Skill],1.0,Type-1 (Verbatim)
2c4ad2f365c3f902201ef591390ce70999e90f45,[Unnamed Skill],2c4ad2f365c3f902201ef591390ce70999e90f45,[Unnamed Skill],1.0,Type-1 (Verbatim)
2c4ad2f365c3f902201ef591390ce70999e90f45,[Unnamed Skill],2c4ad2f365c3f902201ef591390ce70999e90f45,[Unnamed Skill],1.0,Type-1 (Verbatim)
0ae08a6c0f42491718322d42b5115746e49428bb,[Unnamed Skill],0ae08a6c0f42491718322d42b5115746e49428bb,[Unnamed Skill],1.0,Type-1 (Verbatim)
0ae08a6c0f42491718322d42b5115746e49428bb,[Unnamed Skill],0ae08a6c0f42491718322d42b5115746e49428bb,[Unnamed Skill],1.0,Type-1 (Verbatim)
0ae08a6c0f42491718322d42b5115746e49428bb,[Unnamed Skill],0ae08a6c0f42491718322d42b5115746e49428bb,[Unnamed Skill],1.0,Type-1 (Verbatim)
0ae08a6c0f42491718322d42b5115746e49428bb,[Unnamed Skill],0ae08a6c0f42491718322d42b5115746e49428bb,[Unnamed Skill],1.0,Type-1 (Verbatim)
0ae08a6c0f42491718322d42b5115746e49428bb,[Unnamed Skill],0ae08a6c0f42491718322d42b5115746e49428bb,[Unnamed Skill],1.0,Type-1 (Verbatim)
b1257e73b462a6320bb585762bf032d90c68a6f2,[Unnamed Skill],b1257e73b462a6320bb585762bf032d90c68a6f2,[Unnamed Skill],1.0,Type-1 (Verbatim)
a213183f55194bba603e054639845bd62194212c,[Unnamed Skill],a213183f55194bba603e054639845bd62194212c,[Unnamed Skill],1.0,Type-1 (Verbatim)
a213183f55194bba603e054639845bd62194212c,[Unnamed Skill],a213183f55194bba603e054639845bd62194212c,[Unnamed Skill],1.0,Type-1 (Verbatim)
9f63fee82de84cd4230e1d0e322247b61eb4c94c,[Unnamed Skill],9f63fee82de84cd4230e1d0e322247b61eb4c94c,[Unnamed Skill],1.0,Type-1 (Verbatim)
9f63fee82de84cd4230e1d0e322247b61eb4c94c,[Unnamed Skill],9f63fee82de84cd4230e1d0e322247b61eb4c94c,[Unnamed Skill],1.0,Type-1 (Verbatim)
9f63fee82de84cd4230e1d0e322247b61eb4c94c,[Unnamed Skill],9f63fee82de84cd4230e1d0e322247b61eb4c94c,[Unnamed Skill],1.0,Type-1 (Verbatim)
9f63fee82de84cd4230e1d0e322247b61eb4c94c,[Unnamed Skill],9f63fee82de84cd4230e1d0e322247b61eb4c94c,[Unnamed Skill],1.0,Type-1 (Verbatim)
f0f649d3b3ed49516016ad33080e5e550afca70a,[Unnamed Skill],f0f649d3b3ed49516016ad33080e5e550afca70a,[Unnamed Skill],1.0,Type-1 (Verbatim)
1b571b6008a02d2c369a9d695c88a986638ffe3e,[Unnamed Skill],1b571b6008a02d2c369a9d695c88a986638ffe3e,shallow-review,1.0,Type-1 (Verbatim)
e07c53eb02f7444e9dcdaac7ca5db61e704a2685,[Unnamed Skill],e07c53eb02f7444e9dcdaac7ca5db61e704a2685,cloudbase-agent-python,1.0,Type-1 (Verbatim)
912a06e184c8e77553264adf7dbc57c817c02335,[Unnamed Skill],912a06e184c8e77553264adf7dbc57c817c02335,[Unnamed Skill],1.0,Type-1 (Verbatim)
912a06e184c8e77553264adf7dbc57c817c02335,[Unnamed Skill],912a06e184c8e77553264adf7dbc57c817c02335,Plugin Settings,1.0,Type-1 (Verbatim)
165321cb6ce032f943ec50d8537431e3552e7785,[Unnamed Skill],165321cb6ce032f943ec50d8537431e3552e7785,[Unnamed Skill],1.0,Type-1 (Verbatim)
df5a482b9f19779d19d6b1bfd258d5c2f6c2f4be,[Unnamed Skill],df5a482b9f19779d19d6b1bfd258d5c2f6c2f4be,[Unnamed Skill],1.0,Type-1 (Verbatim)
df5a482b9f19779d19d6b1bfd258d5c2f6c2f4be,[Unnamed Skill],df5a482b9f19779d19d6b1bfd258d5c2f6c2f4be,[Unnamed Skill],1.0,Type-1 (Verbatim)
55aa61805551954a4b60373a2afc7c1445f49935,[Unnamed Skill],55aa61805551954a4b60373a2afc7c1445f49935,flowtest-guide,1.0,Type-1 (Verbatim)
4687d839589969e2f472d8e2f56c2b5bc81660be,[Unnamed Skill],4687d839589969e2f472d8e2f56c2b5bc81660be,[Unnamed Skill],1.0,Type-1 (Verbatim)
d10fca5bf821937714da2a08002999d0c7b83dcc,[Unnamed Skill],d10fca5bf821937714da2a08002999d0c7b83dcc,[Unnamed Skill],1.0,Type-1 (Verbatim)
d10fca5bf821937714da2a08002999d0c7b83dcc,[Unnamed Skill],d10fca5bf821937714da2a08002999d0c7b83dcc,[Unnamed Skill],1.0,Type-1 (Verbatim)
d10fca5bf821937714da2a08002999d0c7b83dcc,[Unnamed Skill],d10fca5bf821937714da2a08002999d0c7b83dcc,[Unnamed Skill],1.0,Type-1 (Verbatim)
661610dff3bfc03c01c44f6144cd728d282ebf37,[Unnamed Skill],661610dff3bfc03c01c44f6144cd728d282ebf37,srs-support,1.0,Type-1 (Verbatim)
99dec76fd47cb8b770b87f5c3579e10fc9aabc6d,[Unnamed Skill],99dec76fd47cb8b770b87f5c3579e10fc9aabc6d,[Unnamed Skill],1.0,Type-1 (Verbatim)
99dec76fd47cb8b770b87f5c3579e10fc9aabc6d,[Unnamed Skill],99dec76fd47cb8b770b87f5c3579e10fc9aabc6d,[Unnamed Skill],1.0,Type-1 (Verbatim)
9a295126a9b01c1bcdf8474efa1d701cc6dfbd26,[Unnamed Skill],9a295126a9b01c1bcdf8474efa1d701cc6dfbd26,recon-basic-info,1.0,Type-1 (Verbatim)
ed050c9ebe92b059d008f9bf534c576c8bd6116f,koi-prd-pipeline,ed050c9ebe92b059d008f9bf534c576c8bd6116f,[Unnamed Skill],1.0,Type-1 (Verbatim)
198f492f838ec7d68a4e712b5a35979324fd5fd6,[Unnamed Skill],198f492f838ec7d68a4e712b5a35979324fd5fd6,[Unnamed Skill],1.0,Type-1 (Verbatim)
198f492f838ec7d68a4e712b5a35979324fd5fd6,[Unnamed Skill],198f492f838ec7d68a4e712b5a35979324fd5fd6,concurrency-review,1.0,Type-1 (Verbatim)
198f492f838ec7d68a4e712b5a35979324fd5fd6,concurrency-review,198f492f838ec7d68a4e712b5a35979324fd5fd6,[Unnamed Skill],1.0,Type-1 (Verbatim)
198f492f838ec7d68a4e712b5a35979324fd5fd6,[Unnamed Skill],198f492f838ec7d68a4e712b5a35979324fd5fd6,[Unnamed Skill],1.0,Type-1 (Verbatim)
198f492f838ec7d68a4e712b5a35979324fd5fd6,[Unnamed Skill],198f492f838ec7d68a4e712b5a35979324fd5fd6,[Unnamed Skill],1.0,Type-1 (Verbatim)
77cd36bc82b3f73fb4741a06dea69811f4274ed8,[Unnamed Skill],77cd36bc82b3f73fb4741a06dea69811f4274ed8,[Unnamed Skill],1.0,Type-1 (Verbatim)
77cd36bc82b3f73fb4741a06dea69811f4274ed8,[Unnamed Skill],77cd36bc82b3f73fb4741a06dea69811f4274ed8,[Unnamed Skill],1.0,Type-1 (Verbatim)
77cd36bc82b3f73fb4741a06dea69811f4274ed8,[Unnamed Skill],77cd36bc82b3f73fb4741a06dea69811f4274ed8,[Unnamed Skill],1.0,Type-1 (Verbatim)
081d5e4ef96ce1fbde7775050c67f08929358781,[Unnamed Skill],081d5e4ef96ce1fbde7775050c67f08929358781,[Unnamed Skill],1.0,Type-1 (Verbatim)
8cefd815963d69d5b24cb022b80c93f308de644e,run-e2e,8cefd815963d69d5b24cb022b80c93f308de644e,[Unnamed Skill],1.0,Type-1 (Verbatim)
9abda201f21f6944992093292091d3489f38699e,[Unnamed Skill],9abda201f21f6944992093292091d3489f38699e,[Unnamed Skill],1.0,Type-1 (Verbatim)
66829bfac5bf6ae1ca86b73c9e40ea54140af330,[Unnamed Skill],66829bfac5bf6ae1ca86b73c9e40ea54140af330,ohanalysis,1.0,Type-1 (Verbatim)
af717ec6964db302b939bbf42e4f8c2b5e3646ae,[Unnamed Skill],af717ec6964db302b939bbf42e4f8c2b5e3646ae,lateral-move-ssh,1.0,Type-1 (Verbatim)
f98c52de65610d825ab6d34a5dc4af0e28487b66,[Unnamed Skill],f98c52de65610d825ab6d34a5dc4af0e28487b66,hunt-credentials,1.0,Type-1 (Verbatim)
75eb3daf7b63185a4d2033197582b4746895110c,[Unnamed Skill],75eb3daf7b63185a4d2033197582b4746895110c,java-concurrency-review,1.0,Type-1 (Verbatim)
d4fcd96cf64d187e397dabe71a72d093abd50d7c,[Unnamed Skill],d4fcd96cf64d187e397dabe71a72d093abd50d7c,[Unnamed Skill],1.0,Type-1 (Verbatim)
d4fcd96cf64d187e397dabe71a72d093abd50d7c,[Unnamed Skill],d4fcd96cf64d187e397dabe71a72d093abd50d7c,[Unnamed Skill],1.0,Type-1 (Verbatim)
5ba16efb906ebad4eded1e8c4a1e746895cc30d5,[Unnamed Skill],5ba16efb906ebad4eded1e8c4a1e746895cc30d5,[Unnamed Skill],1.0,Type-1 (Verbatim)
ea7ac8fd8bca19812115831e665a620099e076ce,[Unnamed Skill],ea7ac8fd8bca19812115831e665a620099e076ce,[Unnamed Skill],1.0,Type-1 (Verbatim)
ea7ac8fd8bca19812115831e665a620099e076ce,[Unnamed Skill],ea7ac8fd8bca19812115831e665a620099e076ce,[Unnamed Skill],1.0,Type-1 (Verbatim)
ff0232161ab6501abd7bf7747d7b1749e5ca0463,diff-upstream,ff0232161ab6501abd7bf7747d7b1749e5ca0463,[Unnamed Skill],1.0,Type-1 (Verbatim)
769b545ef84fed01577aa7511a707b7af1315a70,[Unnamed Skill],769b545ef84fed01577aa7511a707b7af1315a70,[Unnamed Skill],1.0,Type-1 (Verbatim)
235f1019b8ad6148b0477d8fe981e87025d6c3a2,[Unnamed Skill],235f1019b8ad6148b0477d8fe981e87025d6c3a2,dev-workflow-ddd-implementation-workflow,1.0,Type-1 (Verbatim)
0754b53eba9bd792f8322239fa5be779ec44ebbb,[Unnamed Skill],0754b53eba9bd792f8322239fa5be779ec44ebbb,[Unnamed Skill],1.0,Type-1 (Verbatim)
3caa6d4dc3fb1832f907fb8d53ac0929a0ef6a6b,brainstorming,3caa6d4dc3fb1832f907fb8d53ac0929a0ef6a6b,[Unnamed Skill],1.0,Type-1 (Verbatim)
3caa6d4dc3fb1832f907fb8d53ac0929a0ef6a6b,[Unnamed Skill],3caa6d4dc3fb1832f907fb8d53ac0929a0ef6a6b,[Unnamed Skill],1.0,Type-1 (Verbatim)
974d4a7e2da925bdc952e563d2bf78aa129e6bec,[Unnamed Skill],974d4a7e2da925bdc952e563d2bf78aa129e6bec,[Unnamed Skill],1.0,Type-1 (Verbatim)
974d4a7e2da925bdc952e563d2bf78aa129e6bec,[Unnamed Skill],974d4a7e2da925bdc952e563d2bf78aa129e6bec,skill-optimizer,1.0,Type-1 (Verbatim)
23ef3cbbc2beb7099ecd6445d910f975625e4365,[Unnamed Skill],23ef3cbbc2beb7099ecd6445d910f975625e4365,[Unnamed Skill],1.0,Type-1 (Verbatim)
23ef3cbbc2beb7099ecd6445d910f975625e4365,[Unnamed Skill],23ef3cbbc2beb7099ecd6445d910f975625e4365,[Unnamed Skill],1.0,Type-1 (Verbatim)
23ef3cbbc2beb7099ecd6445d910f975625e4365,[Unnamed Skill],23ef3cbbc2beb7099ecd6445d910f975625e4365,[Unnamed Skill],1.0,Type-1 (Verbatim)
947a8f80cf0861b22691d1abdb2e7a6fe1c606a4,[Unnamed Skill],947a8f80cf0861b22691d1abdb2e7a6fe1c606a4,[Unnamed Skill],1.0,Type-1 (Verbatim)
37f7c427c6a251b6ede394617efe53fab385dc01,[Unnamed Skill],37f7c427c6a251b6ede394617efe53fab385dc01,[Unnamed Skill],1.0,Type-1 (Verbatim)
8f15fe3f35578a9f6d16b52a818d1f6676dd57f6,[Unnamed Skill],8f15fe3f35578a9f6d16b52a818d1f6676dd57f6,[Unnamed Skill],1.0,Type-1 (Verbatim)
8f15fe3f35578a9f6d16b52a818d1f6676dd57f6,[Unnamed Skill],8f15fe3f35578a9f6d16b52a818d1f6676dd57f6,[Unnamed Skill],1.0,Type-1 (Verbatim)
8f15fe3f35578a9f6d16b52a818d1f6676dd57f6,[Unnamed Skill],8f15fe3f35578a9f6d16b52a818d1f6676dd57f6,spring-boot-patterns,1.0,Type-1 (Verbatim)
8f15fe3f35578a9f6d16b52a818d1f6676dd57f6,spring-boot-patterns,8f15fe3f35578a9f6d16b52a818d1f6676dd57f6,[Unnamed Skill],1.0,Type-1 (Verbatim)
8f15fe3f35578a9f6d16b52a818d1f6676dd57f6,[Unnamed Skill],8f15fe3f35578a9f6d16b52a818d1f6676dd57f6,[Unnamed Skill],1.0,Type-1 (Verbatim)
8f15fe3f35578a9f6d16b52a818d1f6676dd57f6,[Unnamed Skill],8f15fe3f35578a9f6d16b52a818d1f6676dd57f6,[Unnamed Skill],1.0,Type-1 (Verbatim)
8f15fe3f35578a9f6d16b52a818d1f6676dd57f6,[Unnamed Skill],8f15fe3f35578a9f6d16b52a818d1f6676dd57f6,[Unnamed Skill],1.0,Type-1 (Verbatim)
8f15fe3f35578a9f6d16b52a818d1f6676dd57f6,[Unnamed Skill],8f15fe3f35578a9f6d16b52a818d1f6676dd57f6,[Unnamed Skill],1.0,Type-1 (Verbatim)
8f15fe3f35578a9f6d16b52a818d1f6676dd57f6,[Unnamed Skill],8f15fe3f35578a9f6d16b52a818d1f6676dd57f6,[Unnamed Skill],1.0,Type-1 (Verbatim)
6b47495eac38f662a4d3c4d72b29d04824ecf033,[Unnamed Skill],6b47495eac38f662a4d3c4d72b29d04824ecf033,[Unnamed Skill],1.0,Type-1 (Verbatim)
9bdf411e8d897923b799a2661bde0a01ae4be966,[Unnamed Skill],9bdf411e8d897923b799a2661bde0a01ae4be966,[Unnamed Skill],1.0,Type-1 (Verbatim)
0f0221e50b2bef41d376c2a15d494e168b9355c7,[Unnamed Skill],0f0221e50b2bef41d376c2a15d494e168b9355c7,[Unnamed Skill],1.0,Type-1 (Verbatim)
0f0221e50b2bef41d376c2a15d494e168b9355c7,[Unnamed Skill],0f0221e50b2bef41d376c2a15d494e168b9355c7,[Unnamed Skill],1.0,Type-1 (Verbatim)
34929bcc0d74c8daa265572cb2a5ad1eeb8319a1,[Unnamed Skill],34929bcc0d74c8daa265572cb2a5ad1eeb8319a1,[Unnamed Skill],1.0,Type-1 (Verbatim)
34929bcc0d74c8daa265572cb2a5ad1eeb8319a1,[Unnamed Skill],34929bcc0d74c8daa265572cb2a5ad1eeb8319a1,[Unnamed Skill],1.0,Type-1 (Verbatim)
34929bcc0d74c8daa265572cb2a5ad1eeb8319a1,[Unnamed Skill],34929bcc0d74c8daa265572cb2a5ad1eeb8319a1,[Unnamed Skill],1.0,Type-1 (Verbatim)
28daddabf045bbf0a674460b65b3b39f80785acf,openspec-onboard,28daddabf045bbf0a674460b65b3b39f80785acf,[Unnamed Skill],1.0,Type-1 (Verbatim)
764bc4340aa35f25d7297ba3a4ee800ec23b3ba7,[Unnamed Skill],764bc4340aa35f25d7297ba3a4ee800ec23b3ba7,[Unnamed Skill],1.0,Type-1 (Verbatim)
764bc4340aa35f25d7297ba3a4ee800ec23b3ba7,[Unnamed Skill],764bc4340aa35f25d7297ba3a4ee800ec23b3ba7,[Unnamed Skill],1.0,Type-1 (Verbatim)
764bc4340aa35f25d7297ba3a4ee800ec23b3ba7,[Unnamed Skill],764bc4340aa35f25d7297ba3a4ee800ec23b3ba7,[Unnamed Skill],1.0,Type-1 (Verbatim)
764bc4340aa35f25d7297ba3a4ee800ec23b3ba7,[Unnamed Skill],764bc4340aa35f25d7297ba3a4ee800ec23b3ba7,[Unnamed Skill],1.0,Type-1 (Verbatim)
4a03038a9b870945776e4f4106b9f0061950cd80,[Unnamed Skill],4a03038a9b870945776e4f4106b9f0061950cd80,[Unnamed Skill],1.0,Type-1 (Verbatim)
4a03038a9b870945776e4f4106b9f0061950cd80,[Unnamed Skill],4a03038a9b870945776e4f4106b9f0061950cd80,[Unnamed Skill],1.0,Type-1 (Verbatim)
4a03038a9b870945776e4f4106b9f0061950cd80,[Unnamed Skill],4a03038a9b870945776e4f4106b9f0061950cd80,[Unnamed Skill],1.0,Type-1 (Verbatim)
3c3737c8ce4c7032a6e026f7c8ae7be152605fb9,[Unnamed Skill],3c3737c8ce4c7032a6e026f7c8ae7be152605fb9,[Unnamed Skill],1.0,Type-1 (Verbatim)
7e84aa45a34f2da8c08cab6728bb40eb108ba752,[Unnamed Skill],7e84aa45a34f2da8c08cab6728bb40eb108ba752,[Unnamed Skill],1.0,Type-1 (Verbatim)
7e84aa45a34f2da8c08cab6728bb40eb108ba752,[Unnamed Skill],7e84aa45a34f2da8c08cab6728bb40eb108ba752,[Unnamed Skill],1.0,Type-1 (Verbatim)
9fc1280fa6cebdca8a32c2f1b74d88b8bcb33e27,pipeline-runner,9fc1280fa6cebdca8a32c2f1b74d88b8bcb33e27,[Unnamed Skill],1.0,Type-1 (Verbatim)
9fc1280fa6cebdca8a32c2f1b74d88b8bcb33e27,[Unnamed Skill],9fc1280fa6cebdca8a32c2f1b74d88b8bcb33e27,[Unnamed Skill],1.0,Type-1 (Verbatim)
34bc3f7ee22c25262fe3036e5a450be4c1458896,[Unnamed Skill],34bc3f7ee22c25262fe3036e5a450be4c1458896,java-spring-boot-patterns,1.0,Type-1 (Verbatim)
64a86fd1f7c343e47fcfa5d395899cb2a8fcb81f,[Unnamed Skill],64a86fd1f7c343e47fcfa5d395899cb2a8fcb81f,m2-feature-developer,1.0,Type-1 (Verbatim)
ee2cb2d664a068f2ce23ae4cdc8ea50d904fea5c,[Unnamed Skill],ee2cb2d664a068f2ce23ae4cdc8ea50d904fea5c,spec-self-eval,1.0,Type-1 (Verbatim)
dc7a2f4c89adb8e5bf8c8f4cf77afac559301dca,[Unnamed Skill],dc7a2f4c89adb8e5bf8c8f4cf77afac559301dca,[Unnamed Skill],1.0,Type-1 (Verbatim)
dc7a2f4c89adb8e5bf8c8f4cf77afac559301dca,[Unnamed Skill],dc7a2f4c89adb8e5bf8c8f4cf77afac559301dca,[Unnamed Skill],1.0,Type-1 (Verbatim)
dc7a2f4c89adb8e5bf8c8f4cf77afac559301dca,[Unnamed Skill],dc7a2f4c89adb8e5bf8c8f4cf77afac559301dca,logging-patterns,1.0,Type-1 (Verbatim)
dc7a2f4c89adb8e5bf8c8f4cf77afac559301dca,logging-patterns,dc7a2f4c89adb8e5bf8c8f4cf77afac559301dca,[Unnamed Skill],1.0,Type-1 (Verbatim)
dc7a2f4c89adb8e5bf8c8f4cf77afac559301dca,[Unnamed Skill],dc7a2f4c89adb8e5bf8c8f4cf77afac559301dca,[Unnamed Skill],1.0,Type-1 (Verbatim)
dc7a2f4c89adb8e5bf8c8f4cf77afac559301dca,[Unnamed Skill],dc7a2f4c89adb8e5bf8c8f4cf77afac559301dca,[Unnamed Skill],1.0,Type-1 (Verbatim)
dc7a2f4c89adb8e5bf8c8f4cf77afac559301dca,[Unnamed Skill],dc7a2f4c89adb8e5bf8c8f4cf77afac559301dca,[Unnamed Skill],1.0,Type-1 (Verbatim)
0feb163140b50339a16f6c98c5d70ec088efce3e,micronaut-sourcegen,0feb163140b50339a16f6c98c5d70ec088efce3e,[Unnamed Skill],1.0,Type-1 (Verbatim)
0feb163140b50339a16f6c98c5d70ec088efce3e,[Unnamed Skill],0feb163140b50339a16f6c98c5d70ec088efce3e,[Unnamed Skill],1.0,Type-1 (Verbatim)
0feb163140b50339a16f6c98c5d70ec088efce3e,[Unnamed Skill],0feb163140b50339a16f6c98c5d70ec088efce3e,[Unnamed Skill],1.0,Type-1 (Verbatim)
5e809ea26570b81640f7809e1a0c285f411ca004,swisskit-plugin-dev,5e809ea26570b81640f7809e1a0c285f411ca004,[Unnamed Skill],1.0,Type-1 (Verbatim)
716cee66e94cddc97d1887f3a96f86b7e7dd1261,[Unnamed Skill],716cee66e94cddc97d1887f3a96f86b7e7dd1261,[Unnamed Skill],1.0,Type-1 (Verbatim)
716cee66e94cddc97d1887f3a96f86b7e7dd1261,[Unnamed Skill],716cee66e94cddc97d1887f3a96f86b7e7dd1261,[Unnamed Skill],1.0,Type-1 (Verbatim)
427e17a0b5c124bbb4bbfdfb22a08aff4087704c,[Unnamed Skill],427e17a0b5c124bbb4bbfdfb22a08aff4087704c,s3k-zone-bring-up,1.0,Type-1 (Verbatim)
61c3f534ec145a733bf2c1c79ae59ebc8d17de99,vtl-migration,61c3f534ec145a733bf2c1c79ae59ebc8d17de99,[Unnamed Skill],1.0,Type-1 (Verbatim)
e24cdb799f6b973a23d9b5a526013b56e6fd8310,sonarqube-mcp,e24cdb799f6b973a23d9b5a526013b56e6fd8310,[Unnamed Skill],1.0,Type-1 (Verbatim)
a7503daa121ec50ae148d15f30f37311b2f62a11,java-logging-patterns,a7503daa121ec50ae148d15f30f37311b2f62a11,[Unnamed Skill],1.0,Type-1 (Verbatim)
23eed612f1cfcf3540f9c84eb1bd647a0a0429bb,[Unnamed Skill],23eed612f1cfcf3540f9c84eb1bd647a0a0429bb,[Unnamed Skill],1.0,Type-1 (Verbatim)
3e3d345226db949ff49a6f0f71766ffb9b840daf,[Unnamed Skill],3e3d345226db949ff49a6f0f71766ffb9b840daf,[Unnamed Skill],1.0,Type-1 (Verbatim)
4d65362a97615cd8f7683aa3ef8e7650dcd286d5,[Unnamed Skill],4d65362a97615cd8f7683aa3ef8e7650dcd286d5,doc-coauthoring,1.0,Type-1 (Verbatim)
4d65362a97615cd8f7683aa3ef8e7650dcd286d5,doc-coauthoring,4d65362a97615cd8f7683aa3ef8e7650dcd286d5,[Unnamed Skill],1.0,Type-1 (Verbatim)
51db3c57ea7933b44aac15098b9cad5074998c0b,[Unnamed Skill],51db3c57ea7933b44aac15098b9cad5074998c0b,targeted-review,1.0,Type-1 (Verbatim)
c9491c220d01e52ec3ad8e0e2c68197f7b430107,[Unnamed Skill],c9491c220d01e52ec3ad8e0e2c68197f7b430107,[Unnamed Skill],1.0,Type-1 (Verbatim)
a0705d9df9267452f3c1c49527f50e3b9a8de6f4,[Unnamed Skill],a0705d9df9267452f3c1c49527f50e3b9a8de6f4,[Unnamed Skill],1.0,Type-1 (Verbatim)
a0705d9df9267452f3c1c49527f50e3b9a8de6f4,[Unnamed Skill],a0705d9df9267452f3c1c49527f50e3b9a8de6f4,[Unnamed Skill],1.0,Type-1 (Verbatim)
a0705d9df9267452f3c1c49527f50e3b9a8de6f4,[Unnamed Skill],a0705d9df9267452f3c1c49527f50e3b9a8de6f4,[Unnamed Skill],1.0,Type-1 (Verbatim)
f8ee757afe74b018e5ca3b730c52bf2a7723ec2f,user-story-to-spec,f8ee757afe74b018e5ca3b730c52bf2a7723ec2f,[Unnamed Skill],1.0,Type-1 (Verbatim)
d11008a4879cafac74b8e3afc172c566ec2a37ca,[Unnamed Skill],d11008a4879cafac74b8e3afc172c566ec2a37ca,[Unnamed Skill],1.0,Type-1 (Verbatim)
d11008a4879cafac74b8e3afc172c566ec2a37ca,[Unnamed Skill],d11008a4879cafac74b8e3afc172c566ec2a37ca,[Unnamed Skill],1.0,Type-1 (Verbatim)
40ad8411fb190f9944094567880eb8c1a4b16b8d,glasses-ui,40ad8411fb190f9944094567880eb8c1a4b16b8d,[Unnamed Skill],1.0,Type-1 (Verbatim)
460b5249f2d4b1df84ad2f98b85fccb707591d43,[Unnamed Skill],460b5249f2d4b1df84ad2f98b85fccb707591d43,clean-code,1.0,Type-1 (Verbatim)
460b5249f2d4b1df84ad2f98b85fccb707591d43,clean-code,460b5249f2d4b1df84ad2f98b85fccb707591d43,[Unnamed Skill],1.0,Type-1 (Verbatim)
a5dd287bcb9d2dd8f263b60d680c5a03ae133c87,[Unnamed Skill],a5dd287bcb9d2dd8f263b60d680c5a03ae133c87,[Unnamed Skill],1.0,Type-1 (Verbatim)
a5dd287bcb9d2dd8f263b60d680c5a03ae133c87,[Unnamed Skill],a5dd287bcb9d2dd8f263b60d680c5a03ae133c87,[Unnamed Skill],1.0,Type-1 (Verbatim)
a5dd287bcb9d2dd8f263b60d680c5a03ae133c87,[Unnamed Skill],a5dd287bcb9d2dd8f263b60d680c5a03ae133c87,[Unnamed Skill],1.0,Type-1 (Verbatim)
a88ff6b936f9669ed059ab519ede2b3c0c96bfc4,[Unnamed Skill],a88ff6b936f9669ed059ab519ede2b3c0c96bfc4,[Unnamed Skill],1.0,Type-1 (Verbatim)
a88ff6b936f9669ed059ab519ede2b3c0c96bfc4,[Unnamed Skill],a88ff6b936f9669ed059ab519ede2b3c0c96bfc4,[Unnamed Skill],1.0,Type-1 (Verbatim)
a88ff6b936f9669ed059ab519ede2b3c0c96bfc4,[Unnamed Skill],a88ff6b936f9669ed059ab519ede2b3c0c96bfc4,[Unnamed Skill],1.0,Type-1 (Verbatim)
d93f1343a40ab69cb0007879b2697a650e2d2fd4,[Unnamed Skill],d93f1343a40ab69cb0007879b2697a650e2d2fd4,[Unnamed Skill],1.0,Type-1 (Verbatim)
d93f1343a40ab69cb0007879b2697a650e2d2fd4,[Unnamed Skill],d93f1343a40ab69cb0007879b2697a650e2d2fd4,[Unnamed Skill],1.0,Type-1 (Verbatim)
d93f1343a40ab69cb0007879b2697a650e2d2fd4,[Unnamed Skill],d93f1343a40ab69cb0007879b2697a650e2d2fd4,clean-code,1.0,Type-1 (Verbatim)
d93f1343a40ab69cb0007879b2697a650e2d2fd4,clean-code,d93f1343a40ab69cb0007879b2697a650e2d2fd4,[Unnamed Skill],1.0,Type-1 (Verbatim)
d93f1343a40ab69cb0007879b2697a650e2d2fd4,[Unnamed Skill],d93f1343a40ab69cb0007879b2697a650e2d2fd4,[Unnamed Skill],1.0,Type-1 (Verbatim)
d93f1343a40ab69cb0007879b2697a650e2d2fd4,[Unnamed Skill],d93f1343a40ab69cb0007879b2697a650e2d2fd4,[Unnamed Skill],1.0,Type-1 (Verbatim)
d93f1343a40ab69cb0007879b2697a650e2d2fd4,[Unnamed Skill],d93f1343a40ab69cb0007879b2697a650e2d2fd4,[Unnamed Skill],1.0,Type-1 (Verbatim)
f1688896eba8bab7d255e53b47482a460cfedb7e,[Unnamed Skill],f1688896eba8bab7d255e53b47482a460cfedb7e,ohipc,1.0,Type-1 (Verbatim)
0922040083470e4c55d303ebcf8e306772506ec6,[Unnamed Skill],0922040083470e4c55d303ebcf8e306772506ec6,observer-bootstrap,1.0,Type-1 (Verbatim)
0499e7545c6594982c8cc329db49c8caafb02613,[Unnamed Skill],0499e7545c6594982c8cc329db49c8caafb02613,[Unnamed Skill],1.0,Type-1 (Verbatim)
a78fbdb01a73f7cd3baa6a39f0db2604b62d495c,[Unnamed Skill],a78fbdb01a73f7cd3baa6a39f0db2604b62d495c,[Unnamed Skill],1.0,Type-1 (Verbatim)
e1e80c7ead4b5a3edb9d9345e9f8ec4e3bb9f046,[Unnamed Skill],e1e80c7ead4b5a3edb9d9345e9f8ec4e3bb9f046,[Unnamed Skill],1.0,Type-1 (Verbatim)
e1e80c7ead4b5a3edb9d9345e9f8ec4e3bb9f046,[Unnamed Skill],e1e80c7ead4b5a3edb9d9345e9f8ec4e3bb9f046,[Unnamed Skill],1.0,Type-1 (Verbatim)
e1e80c7ead4b5a3edb9d9345e9f8ec4e3bb9f046,[Unnamed Skill],e1e80c7ead4b5a3edb9d9345e9f8ec4e3bb9f046,[Unnamed Skill],1.0,Type-1 (Verbatim)
294bbd9dbd6a5ad1637492c3666c0dd6f3b7c7eb,[Unnamed Skill],294bbd9dbd6a5ad1637492c3666c0dd6f3b7c7eb,[Unnamed Skill],1.0,Type-1 (Verbatim)
294bbd9dbd6a5ad1637492c3666c0dd6f3b7c7eb,[Unnamed Skill],294bbd9dbd6a5ad1637492c3666c0dd6f3b7c7eb,[Unnamed Skill],1.0,Type-1 (Verbatim)
6fb8a3baa1773bb78164438532f635bb2ab63bab,[Unnamed Skill],6fb8a3baa1773bb78164438532f635bb2ab63bab,[Unnamed Skill],1.0,Type-1 (Verbatim)
6fb8a3baa1773bb78164438532f635bb2ab63bab,[Unnamed Skill],6fb8a3baa1773bb78164438532f635bb2ab63bab,[Unnamed Skill],1.0,Type-1 (Verbatim)
8a2e2c47b9025ddd834a6ea174c139a7b589de2f,[Unnamed Skill],8a2e2c47b9025ddd834a6ea174c139a7b589de2f,[Unnamed Skill],1.0,Type-1 (Verbatim)
8a2e2c47b9025ddd834a6ea174c139a7b589de2f,[Unnamed Skill],8a2e2c47b9025ddd834a6ea174c139a7b589de2f,[Unnamed Skill],1.0,Type-1 (Verbatim)
b1cd381d3ddb5beabdb8207cecb17d68604f61f6,[Unnamed Skill],b1cd381d3ddb5beabdb8207cecb17d68604f61f6,[Unnamed Skill],1.0,Type-1 (Verbatim)
b1cd381d3ddb5beabdb8207cecb17d68604f61f6,[Unnamed Skill],b1cd381d3ddb5beabdb8207cecb17d68604f61f6,[Unnamed Skill],1.0,Type-1 (Verbatim)
b1cd381d3ddb5beabdb8207cecb17d68604f61f6,[Unnamed Skill],b1cd381d3ddb5beabdb8207cecb17d68604f61f6,[Unnamed Skill],1.0,Type-1 (Verbatim)
8095a17ff322be385efefce6d4417d08bff5b7ba,[Unnamed Skill],8095a17ff322be385efefce6d4417d08bff5b7ba,implement,1.0,Type-1 (Verbatim)
5cb1fc8f18ab9f804f5c939d3da1085c87aa8372,[Unnamed Skill],5cb1fc8f18ab9f804f5c939d3da1085c87aa8372,[Unnamed Skill],1.0,Type-1 (Verbatim)
5cb1fc8f18ab9f804f5c939d3da1085c87aa8372,[Unnamed Skill],5cb1fc8f18ab9f804f5c939d3da1085c87aa8372,[Unnamed Skill],1.0,Type-1 (Verbatim)
5cb1fc8f18ab9f804f5c939d3da1085c87aa8372,[Unnamed Skill],5cb1fc8f18ab9f804f5c939d3da1085c87aa8372,[Unnamed Skill],1.0,Type-1 (Verbatim)
4101613512fa07adaa2d4964259760f4706cba74,[Unnamed Skill],4101613512fa07adaa2d4964259760f4706cba74,[Unnamed Skill],1.0,Type-1 (Verbatim)
8a8d0cd272c3690408660cf22d995c8d7e61f0ef,[Unnamed Skill],8a8d0cd272c3690408660cf22d995c8d7e61f0ef,[Unnamed Skill],1.0,Type-1 (Verbatim)
59957b0f2ce5ff43ae9513156338458c24ddf246,[Unnamed Skill],59957b0f2ce5ff43ae9513156338458c24ddf246,[Unnamed Skill],1.0,Type-1 (Verbatim)
59957b0f2ce5ff43ae9513156338458c24ddf246,[Unnamed Skill],59957b0f2ce5ff43ae9513156338458c24ddf246,[Unnamed Skill],1.0,Type-1 (Verbatim)
59957b0f2ce5ff43ae9513156338458c24ddf246,[Unnamed Skill],59957b0f2ce5ff43ae9513156338458c24ddf246,[Unnamed Skill],1.0,Type-1 (Verbatim)
3826189aa380b770ed2759b599bc562f3bdc27ad,[Unnamed Skill],3826189aa380b770ed2759b599bc562f3bdc27ad,[Unnamed Skill],1.0,Type-1 (Verbatim)
3826189aa380b770ed2759b599bc562f3bdc27ad,[Unnamed Skill],3826189aa380b770ed2759b599bc562f3bdc27ad,[Unnamed Skill],1.0,Type-1 (Verbatim)
3826189aa380b770ed2759b599bc562f3bdc27ad,[Unnamed Skill],3826189aa380b770ed2759b599bc562f3bdc27ad,[Unnamed Skill],1.0,Type-1 (Verbatim)
1b38b74faff4e90dc82dae75e4cb0e9f0dbb20fe,openspec-api-test,1b38b74faff4e90dc82dae75e4cb0e9f0dbb20fe,[Unnamed Skill],1.0,Type-1 (Verbatim)
68e63ac8a9613ff0d9e1dd5ceece9ff1599a0b69,[Unnamed Skill],68e63ac8a9613ff0d9e1dd5ceece9ff1599a0b69,[Unnamed Skill],1.0,Type-1 (Verbatim)
53d8128c6f397e8c3657be52a90aae5c05c35edb,[Unnamed Skill],53d8128c6f397e8c3657be52a90aae5c05c35edb,[Unnamed Skill],1.0,Type-1 (Verbatim)
fcf77dd3479916a653cb21c6b0e2125671cf43d2,[Unnamed Skill],fcf77dd3479916a653cb21c6b0e2125671cf43d2,[Unnamed Skill],1.0,Type-1 (Verbatim)
05a796a15ea181643c1a8ee8d014f89c30ecb5f1,[Unnamed Skill],05a796a15ea181643c1a8ee8d014f89c30ecb5f1,[Unnamed Skill],1.0,Type-1 (Verbatim)
9497328e9e9735663170205adc630034d4ad6216,[Unnamed Skill],9497328e9e9735663170205adc630034d4ad6216,nosql-bootstrap,1.0,Type-1 (Verbatim)
0f733944e9dd05de6d35b3d09493c3397a77724c,[Unnamed Skill],0f733944e9dd05de6d35b3d09493c3397a77724c,[Unnamed Skill],1.0,Type-1 (Verbatim)
0f733944e9dd05de6d35b3d09493c3397a77724c,[Unnamed Skill],0f733944e9dd05de6d35b3d09493c3397a77724c,[Unnamed Skill],1.0,Type-1 (Verbatim)
fe694d045bc93685cd57d0e04dac4903badf3397,[Unnamed Skill],fe694d045bc93685cd57d0e04dac4903badf3397,[Unnamed Skill],1.0,Type-1 (Verbatim)
e58d6187f3d2fa94927fccbdb06ea0314ac89b2c,[Unnamed Skill],e58d6187f3d2fa94927fccbdb06ea0314ac89b2c,[Unnamed Skill],1.0,Type-1 (Verbatim)
327c2c01b34ec892b7857839263124417c13d43e,[Unnamed Skill],327c2c01b34ec892b7857839263124417c13d43e,[Unnamed Skill],1.0,Type-1 (Verbatim)
c0a9ccec1068abc7ced7e5c5f7ad4ada9e64dceb,[Unnamed Skill],c0a9ccec1068abc7ced7e5c5f7ad4ada9e64dceb,[Unnamed Skill],1.0,Type-1 (Verbatim)
c0a9ccec1068abc7ced7e5c5f7ad4ada9e64dceb,[Unnamed Skill],c0a9ccec1068abc7ced7e5c5f7ad4ada9e64dceb,[Unnamed Skill],1.0,Type-1 (Verbatim)
c0a9ccec1068abc7ced7e5c5f7ad4ada9e64dceb,[Unnamed Skill],c0a9ccec1068abc7ced7e5c5f7ad4ada9e64dceb,[Unnamed Skill],1.0,Type-1 (Verbatim)
4c5075648031d6c9fbd3fd4635d33a6b5bbe2440,[Unnamed Skill],4c5075648031d6c9fbd3fd4635d33a6b5bbe2440,[Unnamed Skill],1.0,Type-1 (Verbatim)
e3dac6edc6d7a047dcf71ba6d9ef1c1af3755548,[Unnamed Skill],e3dac6edc6d7a047dcf71ba6d9ef1c1af3755548,[Unnamed Skill],1.0,Type-1 (Verbatim)
85e7a111c5c2b467f1b935a8dd357807108668ff,[Unnamed Skill],85e7a111c5c2b467f1b935a8dd357807108668ff,[Unnamed Skill],1.0,Type-1 (Verbatim)
85e7a111c5c2b467f1b935a8dd357807108668ff,[Unnamed Skill],85e7a111c5c2b467f1b935a8dd357807108668ff,security-audit,1.0,Type-1 (Verbatim)
85e7a111c5c2b467f1b935a8dd357807108668ff,security-audit,85e7a111c5c2b467f1b935a8dd357807108668ff,[Unnamed Skill],1.0,Type-1 (Verbatim)
85e7a111c5c2b467f1b935a8dd357807108668ff,[Unnamed Skill],85e7a111c5c2b467f1b935a8dd357807108668ff,[Unnamed Skill],1.0,Type-1 (Verbatim)
85e7a111c5c2b467f1b935a8dd357807108668ff,[Unnamed Skill],85e7a111c5c2b467f1b935a8dd357807108668ff,[Unnamed Skill],1.0,Type-1 (Verbatim)
85e7a111c5c2b467f1b935a8dd357807108668ff,[Unnamed Skill],85e7a111c5c2b467f1b935a8dd357807108668ff,[Unnamed Skill],1.0,Type-1 (Verbatim)
3f3a1beb51a1ae60bf1f203a860eb0aecf3b3149,[Unnamed Skill],3f3a1beb51a1ae60bf1f203a860eb0aecf3b3149,[Unnamed Skill],1.0,Type-1 (Verbatim)
3f3a1beb51a1ae60bf1f203a860eb0aecf3b3149,[Unnamed Skill],3f3a1beb51a1ae60bf1f203a860eb0aecf3b3149,[Unnamed Skill],1.0,Type-1 (Verbatim)
3f3a1beb51a1ae60bf1f203a860eb0aecf3b3149,[Unnamed Skill],3f3a1beb51a1ae60bf1f203a860eb0aecf3b3149,[Unnamed Skill],1.0,Type-1 (Verbatim)
40962fadb0609945f404da7ec336e39e730f55a7,[Unnamed Skill],40962fadb0609945f404da7ec336e39e730f55a7,manage-skills,1.0,Type-1 (Verbatim)
40962fadb0609945f404da7ec336e39e730f55a7,manage-skills,40962fadb0609945f404da7ec336e39e730f55a7,[Unnamed Skill],1.0,Type-1 (Verbatim)
7ab18fb990000aeebd50f2eaeaa17c6eb56259c7,[Unnamed Skill],7ab18fb990000aeebd50f2eaeaa17c6eb56259c7,[Unnamed Skill],1.0,Type-1 (Verbatim)
7ab18fb990000aeebd50f2eaeaa17c6eb56259c7,[Unnamed Skill],7ab18fb990000aeebd50f2eaeaa17c6eb56259c7,[Unnamed Skill],1.0,Type-1 (Verbatim)
7ab18fb990000aeebd50f2eaeaa17c6eb56259c7,[Unnamed Skill],7ab18fb990000aeebd50f2eaeaa17c6eb56259c7,[Unnamed Skill],1.0,Type-1 (Verbatim)
7ab18fb990000aeebd50f2eaeaa17c6eb56259c7,[Unnamed Skill],7ab18fb990000aeebd50f2eaeaa17c6eb56259c7,[Unnamed Skill],1.0,Type-1 (Verbatim)
7ab18fb990000aeebd50f2eaeaa17c6eb56259c7,[Unnamed Skill],7ab18fb990000aeebd50f2eaeaa17c6eb56259c7,[Unnamed Skill],1.0,Type-1 (Verbatim)
7ab18fb990000aeebd50f2eaeaa17c6eb56259c7,[Unnamed Skill],7ab18fb990000aeebd50f2eaeaa17c6eb56259c7,[Unnamed Skill],1.0,Type-1 (Verbatim)
7ab18fb990000aeebd50f2eaeaa17c6eb56259c7,[Unnamed Skill],7ab18fb990000aeebd50f2eaeaa17c6eb56259c7,[Unnamed Skill],1.0,Type-1 (Verbatim)
7ab18fb990000aeebd50f2eaeaa17c6eb56259c7,[Unnamed Skill],7ab18fb990000aeebd50f2eaeaa17c6eb56259c7,[Unnamed Skill],1.0,Type-1 (Verbatim)
7ab18fb990000aeebd50f2eaeaa17c6eb56259c7,[Unnamed Skill],7ab18fb990000aeebd50f2eaeaa17c6eb56259c7,[Unnamed Skill],1.0,Type-1 (Verbatim)
7ab18fb990000aeebd50f2eaeaa17c6eb56259c7,[Unnamed Skill],7ab18fb990000aeebd50f2eaeaa17c6eb56259c7,[Unnamed Skill],1.0,Type-1 (Verbatim)
7ab18fb990000aeebd50f2eaeaa17c6eb56259c7,[Unnamed Skill],7ab18fb990000aeebd50f2eaeaa17c6eb56259c7,[Unnamed Skill],1.0,Type-1 (Verbatim)
7ab18fb990000aeebd50f2eaeaa17c6eb56259c7,[Unnamed Skill],7ab18fb990000aeebd50f2eaeaa17c6eb56259c7,[Unnamed Skill],1.0,Type-1 (Verbatim)
7ab18fb990000aeebd50f2eaeaa17c6eb56259c7,[Unnamed Skill],7ab18fb990000aeebd50f2eaeaa17c6eb56259c7,sdd,1.0,Type-1 (Verbatim)
7ab18fb990000aeebd50f2eaeaa17c6eb56259c7,sdd,7ab18fb990000aeebd50f2eaeaa17c6eb56259c7,[Unnamed Skill],1.0,Type-1 (Verbatim)
7ab18fb990000aeebd50f2eaeaa17c6eb56259c7,[Unnamed Skill],7ab18fb990000aeebd50f2eaeaa17c6eb56259c7,[Unnamed Skill],1.0,Type-1 (Verbatim)
b50122ba3684cf45c351d470925d328a8c2a54ae,tasks-to-implementation,b50122ba3684cf45c351d470925d328a8c2a54ae,[Unnamed Skill],1.0,Type-1 (Verbatim)
d08161e4b7b9f02818026539484b5dedd5c3880b,maister:requirements-critic,d08161e4b7b9f02818026539484b5dedd5c3880b,[Unnamed Skill],1.0,Type-1 (Verbatim)
850d53a50f79c25a1d8dd36acd99ae1b5edd5c6f,[Unnamed Skill],850d53a50f79c25a1d8dd36acd99ae1b5edd5c6f,java-security-audit,1.0,Type-1 (Verbatim)
efbf12e54e39a781a4f9dfba4a75359996da9939,webhome-homepage-builder,efbf12e54e39a781a4f9dfba4a75359996da9939,[Unnamed Skill],1.0,Type-1 (Verbatim)
c8304f0c9301385e3641b052d6b25b8af11cb6c1,[Unnamed Skill],c8304f0c9301385e3641b052d6b25b8af11cb6c1,[Unnamed Skill],1.0,Type-1 (Verbatim)
c8304f0c9301385e3641b052d6b25b8af11cb6c1,[Unnamed Skill],c8304f0c9301385e3641b052d6b25b8af11cb6c1,[Unnamed Skill],1.0,Type-1 (Verbatim)
e4f20e61f1d098cc58f9c5d8149348fa43dab370,[Unnamed Skill],e4f20e61f1d098cc58f9c5d8149348fa43dab370,[Unnamed Skill],1.0,Type-1 (Verbatim)
007fca688b27ba8461907bf94ed279440918992f,[Unnamed Skill],007fca688b27ba8461907bf94ed279440918992f,[Unnamed Skill],1.0,Type-1 (Verbatim)
007fca688b27ba8461907bf94ed279440918992f,[Unnamed Skill],007fca688b27ba8461907bf94ed279440918992f,[Unnamed Skill],1.0,Type-1 (Verbatim)
007fca688b27ba8461907bf94ed279440918992f,[Unnamed Skill],007fca688b27ba8461907bf94ed279440918992f,[Unnamed Skill],1.0,Type-1 (Verbatim)
007fca688b27ba8461907bf94ed279440918992f,[Unnamed Skill],007fca688b27ba8461907bf94ed279440918992f,[Unnamed Skill],1.0,Type-1 (Verbatim)
007fca688b27ba8461907bf94ed279440918992f,[Unnamed Skill],007fca688b27ba8461907bf94ed279440918992f,[Unnamed Skill],1.0,Type-1 (Verbatim)
007fca688b27ba8461907bf94ed279440918992f,[Unnamed Skill],007fca688b27ba8461907bf94ed279440918992f,test-quality,1.0,Type-1 (Verbatim)
14171a50cdaee01560766866a068f56e37c087e7,[Unnamed Skill],14171a50cdaee01560766866a068f56e37c087e7,java-migration,1.0,Type-1 (Verbatim)
14171a50cdaee01560766866a068f56e37c087e7,java-migration,14171a50cdaee01560766866a068f56e37c087e7,[Unnamed Skill],1.0,Type-1 (Verbatim)
14171a50cdaee01560766866a068f56e37c087e7,[Unnamed Skill],14171a50cdaee01560766866a068f56e37c087e7,[Unnamed Skill],1.0,Type-1 (Verbatim)
14171a50cdaee01560766866a068f56e37c087e7,[Unnamed Skill],14171a50cdaee01560766866a068f56e37c087e7,[Unnamed Skill],1.0,Type-1 (Verbatim)
14171a50cdaee01560766866a068f56e37c087e7,[Unnamed Skill],14171a50cdaee01560766866a068f56e37c087e7,[Unnamed Skill],1.0,Type-1 (Verbatim)
14171a50cdaee01560766866a068f56e37c087e7,[Unnamed Skill],14171a50cdaee01560766866a068f56e37c087e7,[Unnamed Skill],1.0,Type-1 (Verbatim)
c4a91dd209c26f003475041af6a11f5f8514b1ab,[Unnamed Skill],c4a91dd209c26f003475041af6a11f5f8514b1ab,wireframe,1.0,Type-1 (Verbatim)
cd8bd4e63063406d7ea3f511aa5e8ffe6f180103,[Unnamed Skill],cd8bd4e63063406d7ea3f511aa5e8ffe6f180103,[Unnamed Skill],1.0,Type-1 (Verbatim)
feed4cb1481da178ac5a8919e7f5d9cd7c816722,[Unnamed Skill],feed4cb1481da178ac5a8919e7f5d9cd7c816722,java-test-quality,1.0,Type-1 (Verbatim)
f4ea66554925574733b83c1362f7e3281e19cf53,[Unnamed Skill],f4ea66554925574733b83c1362f7e3281e19cf53,java-migration,1.0,Type-1 (Verbatim)
8911d9df3570cb9ec8845b848a33261c22aa45ab,[Unnamed Skill],8911d9df3570cb9ec8845b848a33261c22aa45ab,crudgen,1.0,Type-1 (Verbatim)
a6a10d44413fbf2b6a33cb7967b3a92565335450,[Unnamed Skill],a6a10d44413fbf2b6a33cb7967b3a92565335450,[Unnamed Skill],1.0,Type-1 (Verbatim)
a6a10d44413fbf2b6a33cb7967b3a92565335450,[Unnamed Skill],a6a10d44413fbf2b6a33cb7967b3a92565335450,[Unnamed Skill],1.0,Type-1 (Verbatim)
a6a10d44413fbf2b6a33cb7967b3a92565335450,[Unnamed Skill],a6a10d44413fbf2b6a33cb7967b3a92565335450,[Unnamed Skill],1.0,Type-1 (Verbatim)
ae80a7470e270e12531d7a1d4a121c052d576183,[Unnamed Skill],ae80a7470e270e12531d7a1d4a121c052d576183,orchestrator,1.0,Type-1 (Verbatim)
b33cd2c434bc777ac801677a741b115198503c90,[Unnamed Skill],b33cd2c434bc777ac801677a741b115198503c90,rust-coding-skill,1.0,Type-1 (Verbatim)
0218363b61adb75713c014a4856bfe3a7de65419,[Unnamed Skill],0218363b61adb75713c014a4856bfe3a7de65419,[Unnamed Skill],1.0,Type-1 (Verbatim)
69457e1c09ad90cfff411e64b431ca3ee07cdcb0,spring-boot-security-jwt,69457e1c09ad90cfff411e64b431ca3ee07cdcb0,[Unnamed Skill],1.0,Type-1 (Verbatim)
69457e1c09ad90cfff411e64b431ca3ee07cdcb0,[Unnamed Skill],69457e1c09ad90cfff411e64b431ca3ee07cdcb0,[Unnamed Skill],1.0,Type-1 (Verbatim)
69457e1c09ad90cfff411e64b431ca3ee07cdcb0,[Unnamed Skill],69457e1c09ad90cfff411e64b431ca3ee07cdcb0,[Unnamed Skill],1.0,Type-1 (Verbatim)
4507f57126cc68e15eeb5ba07fa0e93f9ae23130,[Unnamed Skill],4507f57126cc68e15eeb5ba07fa0e93f9ae23130,[Unnamed Skill],1.0,Type-1 (Verbatim)
7f3a9bb65d709f0672046aba25c0182da9109a9f,[Unnamed Skill],7f3a9bb65d709f0672046aba25c0182da9109a9f,m3-orchestrator,1.0,Type-1 (Verbatim)
aaffe2f3b2f84d5d36759923258eb697feb44db3,[Unnamed Skill],aaffe2f3b2f84d5d36759923258eb697feb44db3,[Unnamed Skill],1.0,Type-1 (Verbatim)
aaffe2f3b2f84d5d36759923258eb697feb44db3,[Unnamed Skill],aaffe2f3b2f84d5d36759923258eb697feb44db3,[Unnamed Skill],1.0,Type-1 (Verbatim)
aaffe2f3b2f84d5d36759923258eb697feb44db3,[Unnamed Skill],aaffe2f3b2f84d5d36759923258eb697feb44db3,[Unnamed Skill],1.0,Type-1 (Verbatim)
32efb79f59b599dbdc6050f27a615fedd82ec7a9,skill-auditor,32efb79f59b599dbdc6050f27a615fedd82ec7a9,[Unnamed Skill],1.0,Type-1 (Verbatim)
32efb79f59b599dbdc6050f27a615fedd82ec7a9,[Unnamed Skill],32efb79f59b599dbdc6050f27a615fedd82ec7a9,[Unnamed Skill],1.0,Type-1 (Verbatim)
09a3e7e9847acb042ec425a5fa1097d9aedcbf46,[Unnamed Skill],09a3e7e9847acb042ec425a5fa1097d9aedcbf46,[Unnamed Skill],1.0,Type-1 (Verbatim)
78e1fcb0fdb8c24c7265c980dcda934c834d8375,[Unnamed Skill],78e1fcb0fdb8c24c7265c980dcda934c834d8375,manage-objects,1.0,Type-1 (Verbatim)
78e1fcb0fdb8c24c7265c980dcda934c834d8375,manage-objects,78e1fcb0fdb8c24c7265c980dcda934c834d8375,[Unnamed Skill],1.0,Type-1 (Verbatim)
78e1fcb0fdb8c24c7265c980dcda934c834d8375,[Unnamed Skill],78e1fcb0fdb8c24c7265c980dcda934c834d8375,[Unnamed Skill],1.0,Type-1 (Verbatim)
78e1fcb0fdb8c24c7265c980dcda934c834d8375,[Unnamed Skill],78e1fcb0fdb8c24c7265c980dcda934c834d8375,[Unnamed Skill],1.0,Type-1 (Verbatim)
78e1fcb0fdb8c24c7265c980dcda934c834d8375,[Unnamed Skill],78e1fcb0fdb8c24c7265c980dcda934c834d8375,[Unnamed Skill],1.0,Type-1 (Verbatim)
78e1fcb0fdb8c24c7265c980dcda934c834d8375,[Unnamed Skill],78e1fcb0fdb8c24c7265c980dcda934c834d8375,[Unnamed Skill],1.0,Type-1 (Verbatim)
78e1fcb0fdb8c24c7265c980dcda934c834d8375,[Unnamed Skill],78e1fcb0fdb8c24c7265c980dcda934c834d8375,[Unnamed Skill],1.0,Type-1 (Verbatim)
78e1fcb0fdb8c24c7265c980dcda934c834d8375,[Unnamed Skill],78e1fcb0fdb8c24c7265c980dcda934c834d8375,[Unnamed Skill],1.0,Type-1 (Verbatim)
78e1fcb0fdb8c24c7265c980dcda934c834d8375,[Unnamed Skill],78e1fcb0fdb8c24c7265c980dcda934c834d8375,[Unnamed Skill],1.0,Type-1 (Verbatim)
78e1fcb0fdb8c24c7265c980dcda934c834d8375,[Unnamed Skill],78e1fcb0fdb8c24c7265c980dcda934c834d8375,[Unnamed Skill],1.0,Type-1 (Verbatim)
78e1fcb0fdb8c24c7265c980dcda934c834d8375,[Unnamed Skill],78e1fcb0fdb8c24c7265c980dcda934c834d8375,[Unnamed Skill],1.0,Type-1 (Verbatim)
78e1fcb0fdb8c24c7265c980dcda934c834d8375,[Unnamed Skill],78e1fcb0fdb8c24c7265c980dcda934c834d8375,[Unnamed Skill],1.0,Type-1 (Verbatim)
78e1fcb0fdb8c24c7265c980dcda934c834d8375,[Unnamed Skill],78e1fcb0fdb8c24c7265c980dcda934c834d8375,[Unnamed Skill],1.0,Type-1 (Verbatim)
78e1fcb0fdb8c24c7265c980dcda934c834d8375,[Unnamed Skill],78e1fcb0fdb8c24c7265c980dcda934c834d8375,[Unnamed Skill],1.0,Type-1 (Verbatim)
78e1fcb0fdb8c24c7265c980dcda934c834d8375,[Unnamed Skill],78e1fcb0fdb8c24c7265c980dcda934c834d8375,[Unnamed Skill],1.0,Type-1 (Verbatim)
78e1fcb0fdb8c24c7265c980dcda934c834d8375,[Unnamed Skill],78e1fcb0fdb8c24c7265c980dcda934c834d8375,[Unnamed Skill],1.0,Type-1 (Verbatim)
78e1fcb0fdb8c24c7265c980dcda934c834d8375,[Unnamed Skill],78e1fcb0fdb8c24c7265c980dcda934c834d8375,[Unnamed Skill],1.0,Type-1 (Verbatim)
78e1fcb0fdb8c24c7265c980dcda934c834d8375,[Unnamed Skill],78e1fcb0fdb8c24c7265c980dcda934c834d8375,[Unnamed Skill],1.0,Type-1 (Verbatim)
78e1fcb0fdb8c24c7265c980dcda934c834d8375,[Unnamed Skill],78e1fcb0fdb8c24c7265c980dcda934c834d8375,[Unnamed Skill],1.0,Type-1 (Verbatim)
78e1fcb0fdb8c24c7265c980dcda934c834d8375,[Unnamed Skill],78e1fcb0fdb8c24c7265c980dcda934c834d8375,[Unnamed Skill],1.0,Type-1 (Verbatim)
78e1fcb0fdb8c24c7265c980dcda934c834d8375,[Unnamed Skill],78e1fcb0fdb8c24c7265c980dcda934c834d8375,[Unnamed Skill],1.0,Type-1 (Verbatim)
78e1fcb0fdb8c24c7265c980dcda934c834d8375,[Unnamed Skill],78e1fcb0fdb8c24c7265c980dcda934c834d8375,[Unnamed Skill],1.0,Type-1 (Verbatim)
78e1fcb0fdb8c24c7265c980dcda934c834d8375,[Unnamed Skill],78e1fcb0fdb8c24c7265c980dcda934c834d8375,[Unnamed Skill],1.0,Type-1 (Verbatim)
78e1fcb0fdb8c24c7265c980dcda934c834d8375,[Unnamed Skill],78e1fcb0fdb8c24c7265c980dcda934c834d8375,[Unnamed Skill],1.0,Type-1 (Verbatim)
78e1fcb0fdb8c24c7265c980dcda934c834d8375,[Unnamed Skill],78e1fcb0fdb8c24c7265c980dcda934c834d8375,[Unnamed Skill],1.0,Type-1 (Verbatim)
78e1fcb0fdb8c24c7265c980dcda934c834d8375,[Unnamed Skill],78e1fcb0fdb8c24c7265c980dcda934c834d8375,[Unnamed Skill],1.0,Type-1 (Verbatim)
78e1fcb0fdb8c24c7265c980dcda934c834d8375,[Unnamed Skill],78e1fcb0fdb8c24c7265c980dcda934c834d8375,[Unnamed Skill],1.0,Type-1 (Verbatim)
78e1fcb0fdb8c24c7265c980dcda934c834d8375,[Unnamed Skill],78e1fcb0fdb8c24c7265c980dcda934c834d8375,[Unnamed Skill],1.0,Type-1 (Verbatim)
2673adfc470f75b9393c8482576a54cce80fd272,[Unnamed Skill],2673adfc470f75b9393c8482576a54cce80fd272,git-smart-push,1.0,Type-1 (Verbatim)
d26f34b81569b9807395202e7f9bbbd855244097,dr-jskill,d26f34b81569b9807395202e7f9bbbd855244097,[Unnamed Skill],1.0,Type-1 (Verbatim)
4dcf9f926ac4228aa0ba9695189f3f6ed665c09f,[Unnamed Skill],4dcf9f926ac4228aa0ba9695189f3f6ed665c09f,[Unnamed Skill],1.0,Type-1 (Verbatim)
4dcf9f926ac4228aa0ba9695189f3f6ed665c09f,[Unnamed Skill],4dcf9f926ac4228aa0ba9695189f3f6ed665c09f,[Unnamed Skill],1.0,Type-1 (Verbatim)
4dcf9f926ac4228aa0ba9695189f3f6ed665c09f,[Unnamed Skill],4dcf9f926ac4228aa0ba9695189f3f6ed665c09f,[Unnamed Skill],1.0,Type-1 (Verbatim)
63c3fad5031cbff78dc2056ae1a9a079de69ea4b,SKILL.md,63c3fad5031cbff78dc2056ae1a9a079de69ea4b,[Unnamed Skill],1.0,Type-1 (Verbatim)
a5a69839ef4a161131d80b6daef10037a9686f4a,[Unnamed Skill],a5a69839ef4a161131d80b6daef10037a9686f4a,[Unnamed Skill],1.0,Type-1 (Verbatim)
a5a69839ef4a161131d80b6daef10037a9686f4a,[Unnamed Skill],a5a69839ef4a161131d80b6daef10037a9686f4a,[Unnamed Skill],1.0,Type-1 (Verbatim)
a5a69839ef4a161131d80b6daef10037a9686f4a,[Unnamed Skill],a5a69839ef4a161131d80b6daef10037a9686f4a,[Unnamed Skill],1.0,Type-1 (Verbatim)
a5a69839ef4a161131d80b6daef10037a9686f4a,[Unnamed Skill],a5a69839ef4a161131d80b6daef10037a9686f4a,[Unnamed Skill],1.0,Type-1 (Verbatim)
a5a69839ef4a161131d80b6daef10037a9686f4a,[Unnamed Skill],a5a69839ef4a161131d80b6daef10037a9686f4a,[Unnamed Skill],1.0,Type-1 (Verbatim)
a898c26c93b332799d30494151811d31419158e1,[Unnamed Skill],a898c26c93b332799d30494151811d31419158e1,[Unnamed Skill],1.0,Type-1 (Verbatim)
3706d270161f0372168c8ae5b93fb6cd0e940c1a,[Unnamed Skill],3706d270161f0372168c8ae5b93fb6cd0e940c1a,[Unnamed Skill],1.0,Type-1 (Verbatim)
542db1fde6b599014d15828ebaa6e9dbfac41810,[Unnamed Skill],542db1fde6b599014d15828ebaa6e9dbfac41810,[Unnamed Skill],1.0,Type-1 (Verbatim)
b18de263ea44f29f28f5deec811397ad9a10fd34,ui-ux-pro-max,b18de263ea44f29f28f5deec811397ad9a10fd34,[Unnamed Skill],1.0,Type-1 (Verbatim)
70f6b347c64f9cd9da721b545362b75dcbc3def5,[Unnamed Skill],70f6b347c64f9cd9da721b545362b75dcbc3def5,[Unnamed Skill],1.0,Type-1 (Verbatim)
70f6b347c64f9cd9da721b545362b75dcbc3def5,[Unnamed Skill],70f6b347c64f9cd9da721b545362b75dcbc3def5,jpa-patterns,1.0,Type-1 (Verbatim)
70f6b347c64f9cd9da721b545362b75dcbc3def5,jpa-patterns,70f6b347c64f9cd9da721b545362b75dcbc3def5,[Unnamed Skill],1.0,Type-1 (Verbatim)
ea9fe1340a4b00ff54e1c7b312fb333c68e1d93f,[Unnamed Skill],ea9fe1340a4b00ff54e1c7b312fb333c68e1d93f,code-connect-components,1.0,Type-1 (Verbatim)
ea9fe1340a4b00ff54e1c7b312fb333c68e1d93f,code-connect-components,ea9fe1340a4b00ff54e1c7b312fb333c68e1d93f,[Unnamed Skill],1.0,Type-1 (Verbatim)
d90e83a63417513c1d8b638051b51e74352f5fbd,[Unnamed Skill],d90e83a63417513c1d8b638051b51e74352f5fbd,[Unnamed Skill],1.0,Type-1 (Verbatim)
4df7dc98675ae50aec9493e06f94ea255e09df0d,[Unnamed Skill],4df7dc98675ae50aec9493e06f94ea255e09df0d,java-jpa-patterns,1.0,Type-1 (Verbatim)
d1c0c199c70e8cef8fee8d3b792b0a27ff33046c,[Unnamed Skill],d1c0c199c70e8cef8fee8d3b792b0a27ff33046c,[Unnamed Skill],1.0,Type-1 (Verbatim)
d1c0c199c70e8cef8fee8d3b792b0a27ff33046c,[Unnamed Skill],d1c0c199c70e8cef8fee8d3b792b0a27ff33046c,[Unnamed Skill],1.0,Type-1 (Verbatim)
a209dd63fe274be8a1b3c0297c078e703de5c81c,[Unnamed Skill],a209dd63fe274be8a1b3c0297c078e703de5c81c,[Unnamed Skill],1.0,Type-1 (Verbatim)
a209dd63fe274be8a1b3c0297c078e703de5c81c,[Unnamed Skill],a209dd63fe274be8a1b3c0297c078e703de5c81c,[Unnamed Skill],1.0,Type-1 (Verbatim)
a209dd63fe274be8a1b3c0297c078e703de5c81c,[Unnamed Skill],a209dd63fe274be8a1b3c0297c078e703de5c81c,[Unnamed Skill],1.0,Type-1 (Verbatim)
398f6e7c21fe0ce4ebd6bf53b4408260550f2acc,[Unnamed Skill],398f6e7c21fe0ce4ebd6bf53b4408260550f2acc,[Unnamed Skill],1.0,Type-1 (Verbatim)
d856dc42614ac0375cee6d3553b83858d6fbe159,[Unnamed Skill],d856dc42614ac0375cee6d3553b83858d6fbe159,nop-orm-modeler,1.0,Type-1 (Verbatim)
f5bc53d01ca0c5bdf178fba1c38c9817b39b63ec,[Unnamed Skill],f5bc53d01ca0c5bdf178fba1c38c9817b39b63ec,[Unnamed Skill],1.0,Type-1 (Verbatim)
fe42b0120461d722d7fd00e5d6d3534d126f9d88,[Unnamed Skill],fe42b0120461d722d7fd00e5d6d3534d126f9d88,ctf-rev,1.0,Type-1 (Verbatim)
215258bca63ed8574befca4c313b44b6761a3067,[Unnamed Skill],215258bca63ed8574befca4c313b44b6761a3067,markdownlint-integration,1.0,Type-1 (Verbatim)
966952764fac6d465e66dad79f3272cd4282c28e,[Unnamed Skill],966952764fac6d465e66dad79f3272cd4282c28e,[Unnamed Skill],1.0,Type-1 (Verbatim)
50aab51ca5be3fdaceff23be4a087843191574f7,[Unnamed Skill],50aab51ca5be3fdaceff23be4a087843191574f7,[Unnamed Skill],1.0,Type-1 (Verbatim)
50aab51ca5be3fdaceff23be4a087843191574f7,[Unnamed Skill],50aab51ca5be3fdaceff23be4a087843191574f7,[Unnamed Skill],1.0,Type-1 (Verbatim)
50aab51ca5be3fdaceff23be4a087843191574f7,[Unnamed Skill],50aab51ca5be3fdaceff23be4a087843191574f7,solid-principles,1.0,Type-1 (Verbatim)
50aab51ca5be3fdaceff23be4a087843191574f7,solid-principles,50aab51ca5be3fdaceff23be4a087843191574f7,[Unnamed Skill],1.0,Type-1 (Verbatim)
50aab51ca5be3fdaceff23be4a087843191574f7,[Unnamed Skill],50aab51ca5be3fdaceff23be4a087843191574f7,[Unnamed Skill],1.0,Type-1 (Verbatim)
50aab51ca5be3fdaceff23be4a087843191574f7,[Unnamed Skill],50aab51ca5be3fdaceff23be4a087843191574f7,[Unnamed Skill],1.0,Type-1 (Verbatim)
50aab51ca5be3fdaceff23be4a087843191574f7,[Unnamed Skill],50aab51ca5be3fdaceff23be4a087843191574f7,[Unnamed Skill],1.0,Type-1 (Verbatim)
50aab51ca5be3fdaceff23be4a087843191574f7,[Unnamed Skill],50aab51ca5be3fdaceff23be4a087843191574f7,[Unnamed Skill],1.0,Type-1 (Verbatim)
50aab51ca5be3fdaceff23be4a087843191574f7,[Unnamed Skill],50aab51ca5be3fdaceff23be4a087843191574f7,[Unnamed Skill],1.0,Type-1 (Verbatim)
1737615ae02909fc8d178b63c2e9c33aaff49a6b,architecture-to-design,1737615ae02909fc8d178b63c2e9c33aaff49a6b,[Unnamed Skill],1.0,Type-1 (Verbatim)
98f0661982ccf179053ea2e5ed96013225f9c39e,[Unnamed Skill],98f0661982ccf179053ea2e5ed96013225f9c39e,[Unnamed Skill],1.0,Type-1 (Verbatim)
bd5f04a5d7a07fb3f2bdeacf8e9c54d1f7ee07c0,[Unnamed Skill],bd5f04a5d7a07fb3f2bdeacf8e9c54d1f7ee07c0,java-solid-principles,1.0,Type-1 (Verbatim)
9bbfdfe8130000118bff4c62f39cef6c7969e38b,[Unnamed Skill],9bbfdfe8130000118bff4c62f39cef6c7969e38b,[Unnamed Skill],1.0,Type-1 (Verbatim)
b81dbe75aa5b6f1f90b56940367794426474b8f9,[Unnamed Skill],b81dbe75aa5b6f1f90b56940367794426474b8f9,[Unnamed Skill],1.0,Type-1 (Verbatim)
b81dbe75aa5b6f1f90b56940367794426474b8f9,[Unnamed Skill],b81dbe75aa5b6f1f90b56940367794426474b8f9,[Unnamed Skill],1.0,Type-1 (Verbatim)
1955a31e208e8dd4bd503e688e6658e2e779a0f2,[Unnamed Skill],1955a31e208e8dd4bd503e688e6658e2e779a0f2,json-render-transpiler,1.0,Type-1 (Verbatim)
46c22fcc5e46100272d3fb6d9570bb1569a34574,[Unnamed Skill],46c22fcc5e46100272d3fb6d9570bb1569a34574,[Unnamed Skill],1.0,Type-1 (Verbatim)
fafcc494cb4b213af31f781cf772b75627fae825,[Unnamed Skill],fafcc494cb4b213af31f781cf772b75627fae825,angular-rxjs-patterns,1.0,Type-1 (Verbatim)
45be0afc03803bf6201d2b24a12055dcf2c290d3,[Unnamed Skill],45be0afc03803bf6201d2b24a12055dcf2c290d3,[Unnamed Skill],1.0,Type-1 (Verbatim)
45be0afc03803bf6201d2b24a12055dcf2c290d3,[Unnamed Skill],45be0afc03803bf6201d2b24a12055dcf2c290d3,[Unnamed Skill],1.0,Type-1 (Verbatim)
45be0afc03803bf6201d2b24a12055dcf2c290d3,[Unnamed Skill],45be0afc03803bf6201d2b24a12055dcf2c290d3,design-patterns,1.0,Type-1 (Verbatim)
45be0afc03803bf6201d2b24a12055dcf2c290d3,design-patterns,45be0afc03803bf6201d2b24a12055dcf2c290d3,[Unnamed Skill],1.0,Type-1 (Verbatim)
45be0afc03803bf6201d2b24a12055dcf2c290d3,[Unnamed Skill],45be0afc03803bf6201d2b24a12055dcf2c290d3,[Unnamed Skill],1.0,Type-1 (Verbatim)
45be0afc03803bf6201d2b24a12055dcf2c290d3,[Unnamed Skill],45be0afc03803bf6201d2b24a12055dcf2c290d3,[Unnamed Skill],1.0,Type-1 (Verbatim)
45be0afc03803bf6201d2b24a12055dcf2c290d3,[Unnamed Skill],45be0afc03803bf6201d2b24a12055dcf2c290d3,[Unnamed Skill],1.0,Type-1 (Verbatim)
45be0afc03803bf6201d2b24a12055dcf2c290d3,[Unnamed Skill],45be0afc03803bf6201d2b24a12055dcf2c290d3,[Unnamed Skill],1.0,Type-1 (Verbatim)
45be0afc03803bf6201d2b24a12055dcf2c290d3,[Unnamed Skill],45be0afc03803bf6201d2b24a12055dcf2c290d3,[Unnamed Skill],1.0,Type-1 (Verbatim)
45be0afc03803bf6201d2b24a12055dcf2c290d3,[Unnamed Skill],45be0afc03803bf6201d2b24a12055dcf2c290d3,[Unnamed Skill],1.0,Type-1 (Verbatim)
45be0afc03803bf6201d2b24a12055dcf2c290d3,[Unnamed Skill],45be0afc03803bf6201d2b24a12055dcf2c290d3,[Unnamed Skill],1.0,Type-1 (Verbatim)
45be0afc03803bf6201d2b24a12055dcf2c290d3,[Unnamed Skill],45be0afc03803bf6201d2b24a12055dcf2c290d3,[Unnamed Skill],1.0,Type-1 (Verbatim)
c9b074ac7edaa53e9f3006621e83f8e1a8472e0c,[Unnamed Skill],c9b074ac7edaa53e9f3006621e83f8e1a8472e0c,repo-template-doc-sync-auditor,1.0,Type-1 (Verbatim)
921832213c0238c1ac9ad2ef693b9d9781bfb22e,[Unnamed Skill],921832213c0238c1ac9ad2ef693b9d9781bfb22e,[Unnamed Skill],1.0,Type-1 (Verbatim)
921832213c0238c1ac9ad2ef693b9d9781bfb22e,[Unnamed Skill],921832213c0238c1ac9ad2ef693b9d9781bfb22e,[Unnamed Skill],1.0,Type-1 (Verbatim)
921832213c0238c1ac9ad2ef693b9d9781bfb22e,[Unnamed Skill],921832213c0238c1ac9ad2ef693b9d9781bfb22e,[Unnamed Skill],1.0,Type-1 (Verbatim)
36d0e8ef4270509b7da440ebcf0e24d2f62f78b2,jewel-pr-preparer,36d0e8ef4270509b7da440ebcf0e24d2f62f78b2,[Unnamed Skill],1.0,Type-1 (Verbatim)
2dda78025e0d2541bc893ee9e93a2707d72d0b2d,harness-creator,2dda78025e0d2541bc893ee9e93a2707d72d0b2d,[Unnamed Skill],1.0,Type-1 (Verbatim)
2dda78025e0d2541bc893ee9e93a2707d72d0b2d,[Unnamed Skill],2dda78025e0d2541bc893ee9e93a2707d72d0b2d,[Unnamed Skill],1.0,Type-1 (Verbatim)
2dda78025e0d2541bc893ee9e93a2707d72d0b2d,[Unnamed Skill],2dda78025e0d2541bc893ee9e93a2707d72d0b2d,[Unnamed Skill],1.0,Type-1 (Verbatim)
e8824ffd80783618af61fe48313ec730700052ac,java-design-patterns,e8824ffd80783618af61fe48313ec730700052ac,[Unnamed Skill],1.0,Type-1 (Verbatim)
bbf7e38cfb426641b4c6ab182d26e69f2178e871,[Unnamed Skill],bbf7e38cfb426641b4c6ab182d26e69f2178e871,[Unnamed Skill],1.0,Type-1 (Verbatim)
b49da5ac68da071f456b069ac487acde233e5afe,[Unnamed Skill],b49da5ac68da071f456b069ac487acde233e5afe,[Unnamed Skill],1.0,Type-1 (Verbatim)
b7f86598b002c99a6be96026443217b6af3c561d,[Unnamed Skill],b7f86598b002c99a6be96026443217b6af3c561d,[Unnamed Skill],1.0,Type-1 (Verbatim)
01e78351c35c4950d39851b3b11eb08f971ea295,[Unnamed Skill],01e78351c35c4950d39851b3b11eb08f971ea295,[Unnamed Skill],1.0,Type-1 (Verbatim)
1bad15acc0bcf761b02c5a8a8eb1fc5b16e3d501,feat-illustrator,1bad15acc0bcf761b02c5a8a8eb1fc5b16e3d501,[Unnamed Skill],1.0,Type-1 (Verbatim)
7e9eb29478654f465f14ed80222c7649ed5d2503,[Unnamed Skill],7e9eb29478654f465f14ed80222c7649ed5d2503,frontend-crud,1.0,Type-1 (Verbatim)
7e9eb29478654f465f14ed80222c7649ed5d2503,frontend-crud,7e9eb29478654f465f14ed80222c7649ed5d2503,[Unnamed Skill],1.0,Type-1 (Verbatim)
851e8101ad9d7ce245cf1878e13fc94083fb1c74,[Unnamed Skill],851e8101ad9d7ce245cf1878e13fc94083fb1c74,s3k-animated-tiles,1.0,Type-1 (Verbatim)
74a64bafc895073686f6299ad03cdb4cf139ad93,[Unnamed Skill],74a64bafc895073686f6299ad03cdb4cf139ad93,skill-creator,1.0,Type-1 (Verbatim)
fc7d08f9e48281ce7e26e79ebde60675488f49dd,[Unnamed Skill],fc7d08f9e48281ce7e26e79ebde60675488f49dd,ohclitools,1.0,Type-1 (Verbatim)
c90f54422d4344481115b3694ee8674ef3294b49,[Unnamed Skill],c90f54422d4344481115b3694ee8674ef3294b49,[Unnamed Skill],1.0,Type-1 (Verbatim)
c90f54422d4344481115b3694ee8674ef3294b49,[Unnamed Skill],c90f54422d4344481115b3694ee8674ef3294b49,[Unnamed Skill],1.0,Type-1 (Verbatim)
a99a7edb6b689582534012fe7cd9b9d818c319a8,[Unnamed Skill],a99a7edb6b689582534012fe7cd9b9d818c319a8,[Unnamed Skill],1.0,Type-1 (Verbatim)
1ee9b150c687b67c10ce6094e8c1afc4f16295db,design-next,1ee9b150c687b67c10ce6094e8c1afc4f16295db,[Unnamed Skill],1.0,Type-1 (Verbatim)
4468cdfd4df74b235a7f028ace2384cabc2a328a,[Unnamed Skill],4468cdfd4df74b235a7f028ace2384cabc2a328a,create-design-system-rules,1.0,Type-1 (Verbatim)
4468cdfd4df74b235a7f028ace2384cabc2a328a,create-design-system-rules,4468cdfd4df74b235a7f028ace2384cabc2a328a,[Unnamed Skill],1.0,Type-1 (Verbatim)
3b39d9a3729b6e5e5aaf5de4ce11d33e8af4655b,[Unnamed Skill],3b39d9a3729b6e5e5aaf5de4ce11d33e8af4655b,[Unnamed Skill],1.0,Type-1 (Verbatim)
e39435e14d4fd45d11ba511b7d89f82a950dfc60,[Unnamed Skill],e39435e14d4fd45d11ba511b7d89f82a950dfc60,[Unnamed Skill],1.0,Type-1 (Verbatim)
766cd3fe411408c32b97b3324fd3e43c27d8ccf5,ui-design-principles,766cd3fe411408c32b97b3324fd3e43c27d8ccf5,[Unnamed Skill],1.0,Type-1 (Verbatim)
318b8fbdc1dfed2737084e76ea054add39df8b4a,implement-feature,318b8fbdc1dfed2737084e76ea054add39df8b4a,[Unnamed Skill],1.0,Type-1 (Verbatim)
e6cfd3572212b8b18a2d051a375640effa2ebca1,[Unnamed Skill],e6cfd3572212b8b18a2d051a375640effa2ebca1,[Unnamed Skill],1.0,Type-1 (Verbatim)
a858ffef4642729f4b4fd0335e265deb239f0034,[Unnamed Skill],a858ffef4642729f4b4fd0335e265deb239f0034,[Unnamed Skill],1.0,Type-1 (Verbatim)
26fb030dd92cb917d809b7164ac488de2bf3b19c,managing-youtrack,26fb030dd92cb917d809b7164ac488de2bf3b19c,[Unnamed Skill],1.0,Type-1 (Verbatim)
f96e187089d26289de91d6de4eb6016b06b700cc,[Unnamed Skill],f96e187089d26289de91d6de4eb6016b06b700cc,spring-boot-project-structure,1.0,Type-1 (Verbatim)
3f489c20d0d2e5351f12a66e5e2454d6a738c50b,[Unnamed Skill],3f489c20d0d2e5351f12a66e5e2454d6a738c50b,[Unnamed Skill],1.0,Type-1 (Verbatim)
03801abb832e20401a3bfe4d4e35b13d83f23dde,[Unnamed Skill],03801abb832e20401a3bfe4d4e35b13d83f23dde,m2-orchestrator,1.0,Type-1 (Verbatim)
1c6c2839a101913ffe2a60c6dcd5f983ffdee8b1,[Unnamed Skill],1c6c2839a101913ffe2a60c6dcd5f983ffdee8b1,[Unnamed Skill],1.0,Type-1 (Verbatim)
bb3ccffe3cc1197e3fb4974a437e82a8fa884012,[Unnamed Skill],bb3ccffe3cc1197e3fb4974a437e82a8fa884012,[Unnamed Skill],1.0,Type-1 (Verbatim)
bb3ccffe3cc1197e3fb4974a437e82a8fa884012,[Unnamed Skill],bb3ccffe3cc1197e3fb4974a437e82a8fa884012,[Unnamed Skill],1.0,Type-1 (Verbatim)
bb3ccffe3cc1197e3fb4974a437e82a8fa884012,[Unnamed Skill],bb3ccffe3cc1197e3fb4974a437e82a8fa884012,[Unnamed Skill],1.0,Type-1 (Verbatim)
bb3ccffe3cc1197e3fb4974a437e82a8fa884012,[Unnamed Skill],bb3ccffe3cc1197e3fb4974a437e82a8fa884012,[Unnamed Skill],1.0,Type-1 (Verbatim)
bb3ccffe3cc1197e3fb4974a437e82a8fa884012,[Unnamed Skill],bb3ccffe3cc1197e3fb4974a437e82a8fa884012,[Unnamed Skill],1.0,Type-1 (Verbatim)
bb3ccffe3cc1197e3fb4974a437e82a8fa884012,[Unnamed Skill],bb3ccffe3cc1197e3fb4974a437e82a8fa884012,[Unnamed Skill],1.0,Type-1 (Verbatim)
bb3ccffe3cc1197e3fb4974a437e82a8fa884012,[Unnamed Skill],bb3ccffe3cc1197e3fb4974a437e82a8fa884012,[Unnamed Skill],1.0,Type-1 (Verbatim)
bb3ccffe3cc1197e3fb4974a437e82a8fa884012,[Unnamed Skill],bb3ccffe3cc1197e3fb4974a437e82a8fa884012,[Unnamed Skill],1.0,Type-1 (Verbatim)
bb3ccffe3cc1197e3fb4974a437e82a8fa884012,[Unnamed Skill],bb3ccffe3cc1197e3fb4974a437e82a8fa884012,[Unnamed Skill],1.0,Type-1 (Verbatim)
bb3ccffe3cc1197e3fb4974a437e82a8fa884012,[Unnamed Skill],bb3ccffe3cc1197e3fb4974a437e82a8fa884012,[Unnamed Skill],1.0,Type-1 (Verbatim)
bb3ccffe3cc1197e3fb4974a437e82a8fa884012,[Unnamed Skill],bb3ccffe3cc1197e3fb4974a437e82a8fa884012,[Unnamed Skill],1.0,Type-1 (Verbatim)
bb3ccffe3cc1197e3fb4974a437e82a8fa884012,[Unnamed Skill],bb3ccffe3cc1197e3fb4974a437e82a8fa884012,[Unnamed Skill],1.0,Type-1 (Verbatim)
bb3ccffe3cc1197e3fb4974a437e82a8fa884012,[Unnamed Skill],bb3ccffe3cc1197e3fb4974a437e82a8fa884012,[Unnamed Skill],1.0,Type-1 (Verbatim)
bb3ccffe3cc1197e3fb4974a437e82a8fa884012,[Unnamed Skill],bb3ccffe3cc1197e3fb4974a437e82a8fa884012,[Unnamed Skill],1.0,Type-1 (Verbatim)
bb3ccffe3cc1197e3fb4974a437e82a8fa884012,[Unnamed Skill],bb3ccffe3cc1197e3fb4974a437e82a8fa884012,[Unnamed Skill],1.0,Type-1 (Verbatim)
bb3ccffe3cc1197e3fb4974a437e82a8fa884012,[Unnamed Skill],bb3ccffe3cc1197e3fb4974a437e82a8fa884012,[Unnamed Skill],1.0,Type-1 (Verbatim)
bb3ccffe3cc1197e3fb4974a437e82a8fa884012,[Unnamed Skill],bb3ccffe3cc1197e3fb4974a437e82a8fa884012,[Unnamed Skill],1.0,Type-1 (Verbatim)
bb3ccffe3cc1197e3fb4974a437e82a8fa884012,[Unnamed Skill],bb3ccffe3cc1197e3fb4974a437e82a8fa884012,[Unnamed Skill],1.0,Type-1 (Verbatim)
bb3ccffe3cc1197e3fb4974a437e82a8fa884012,[Unnamed Skill],bb3ccffe3cc1197e3fb4974a437e82a8fa884012,[Unnamed Skill],1.0,Type-1 (Verbatim)
bb3ccffe3cc1197e3fb4974a437e82a8fa884012,[Unnamed Skill],bb3ccffe3cc1197e3fb4974a437e82a8fa884012,[Unnamed Skill],1.0,Type-1 (Verbatim)
bb3ccffe3cc1197e3fb4974a437e82a8fa884012,[Unnamed Skill],bb3ccffe3cc1197e3fb4974a437e82a8fa884012,[Unnamed Skill],1.0,Type-1 (Verbatim)
bb3ccffe3cc1197e3fb4974a437e82a8fa884012,[Unnamed Skill],bb3ccffe3cc1197e3fb4974a437e82a8fa884012,[Unnamed Skill],1.0,Type-1 (Verbatim)
bb3ccffe3cc1197e3fb4974a437e82a8fa884012,[Unnamed Skill],bb3ccffe3cc1197e3fb4974a437e82a8fa884012,manage-pages,1.0,Type-1 (Verbatim)
bb3ccffe3cc1197e3fb4974a437e82a8fa884012,manage-pages,bb3ccffe3cc1197e3fb4974a437e82a8fa884012,[Unnamed Skill],1.0,Type-1 (Verbatim)
bb3ccffe3cc1197e3fb4974a437e82a8fa884012,[Unnamed Skill],bb3ccffe3cc1197e3fb4974a437e82a8fa884012,[Unnamed Skill],1.0,Type-1 (Verbatim)
bb3ccffe3cc1197e3fb4974a437e82a8fa884012,[Unnamed Skill],bb3ccffe3cc1197e3fb4974a437e82a8fa884012,[Unnamed Skill],1.0,Type-1 (Verbatim)
bb3ccffe3cc1197e3fb4974a437e82a8fa884012,[Unnamed Skill],bb3ccffe3cc1197e3fb4974a437e82a8fa884012,[Unnamed Skill],1.0,Type-1 (Verbatim)
bb3ccffe3cc1197e3fb4974a437e82a8fa884012,[Unnamed Skill],bb3ccffe3cc1197e3fb4974a437e82a8fa884012,[Unnamed Skill],1.0,Type-1 (Verbatim)
c0cf57e1fede1bfc4f9b325230c2dbc79b41cf9e,[Unnamed Skill],c0cf57e1fede1bfc4f9b325230c2dbc79b41cf9e,api-design,1.0,Type-1 (Verbatim)
c0cf57e1fede1bfc4f9b325230c2dbc79b41cf9e,api-design,c0cf57e1fede1bfc4f9b325230c2dbc79b41cf9e,[Unnamed Skill],1.0,Type-1 (Verbatim)
53065954488d87c5da56095c9f99fc810fd2b72f,[Unnamed Skill],53065954488d87c5da56095c9f99fc810fd2b72f,mega-review,1.0,Type-1 (Verbatim)
634f6fa42e4e697fa6afd293acd7fb8246574876,[Unnamed Skill],634f6fa42e4e697fa6afd293acd7fb8246574876,[Unnamed Skill],1.0,Type-1 (Verbatim)
634f6fa42e4e697fa6afd293acd7fb8246574876,[Unnamed Skill],634f6fa42e4e697fa6afd293acd7fb8246574876,[Unnamed Skill],1.0,Type-1 (Verbatim)
634f6fa42e4e697fa6afd293acd7fb8246574876,[Unnamed Skill],634f6fa42e4e697fa6afd293acd7fb8246574876,[Unnamed Skill],1.0,Type-1 (Verbatim)
2951e559989765293b6fbf83942378a3c2d0cba6,[Unnamed Skill],2951e559989765293b6fbf83942378a3c2d0cba6,[Unnamed Skill],1.0,Type-1 (Verbatim)
2951e559989765293b6fbf83942378a3c2d0cba6,[Unnamed Skill],2951e559989765293b6fbf83942378a3c2d0cba6,[Unnamed Skill],1.0,Type-1 (Verbatim)
85b774d59ba313d98084eb0c979578d8ea8efa61,[Unnamed Skill],85b774d59ba313d98084eb0c979578d8ea8efa61,[Unnamed Skill],1.0,Type-1 (Verbatim)
cd9179ebc888d2e2f01c0e5d547e0fa671cbcdc4,[Unnamed Skill],cd9179ebc888d2e2f01c0e5d547e0fa671cbcdc4,pickleib,1.0,Type-1 (Verbatim)
47ef31d15e1704f9239f1f5060082e69f222a668,[Unnamed Skill],47ef31d15e1704f9239f1f5060082e69f222a668,docx,1.0,Type-1 (Verbatim)
47ef31d15e1704f9239f1f5060082e69f222a668,docx,47ef31d15e1704f9239f1f5060082e69f222a668,[Unnamed Skill],1.0,Type-1 (Verbatim)
0751687260483803bc46abbc59dcec67a003a95b,spec-impl-validate,0751687260483803bc46abbc59dcec67a003a95b,[Unnamed Skill],1.0,Type-1 (Verbatim)
de9fea016d23c77e6ac863412eafadd6dec752e9,[Unnamed Skill],de9fea016d23c77e6ac863412eafadd6dec752e9,deep-analysis,1.0,Type-1 (Verbatim)
d3a5b3546a9021fd61c977cf1fb10248ceb43513,[Unnamed Skill],d3a5b3546a9021fd61c977cf1fb10248ceb43513,s3k-zone-validate,1.0,Type-1 (Verbatim)
ecfb22a647aa8c80d3a7b50867ca6291476e141f,html-style-generator,ecfb22a647aa8c80d3a7b50867ca6291476e141f,[Unnamed Skill],1.0,Type-1 (Verbatim)
ecfb22a647aa8c80d3a7b50867ca6291476e141f,[Unnamed Skill],ecfb22a647aa8c80d3a7b50867ca6291476e141f,[Unnamed Skill],1.0,Type-1 (Verbatim)
69614ab5501c502c5d95818369026032bd9f1adb,labsystem,69614ab5501c502c5d95818369026032bd9f1adb,[Unnamed Skill],1.0,Type-1 (Verbatim)
9eb1d027cb49f1d440981e8781380db107ea4022,[Unnamed Skill],9eb1d027cb49f1d440981e8781380db107ea4022,ohtest,1.0,Type-1 (Verbatim)
71dbf55469cb3037c29ac3baec892b61746d5823,javafx-ui-designer,71dbf55469cb3037c29ac3baec892b61746d5823,[Unnamed Skill],1.0,Type-1 (Verbatim)
8d37af74bf51b47e588a87c2edff0391ffc0e7ee,[Unnamed Skill],8d37af74bf51b47e588a87c2edff0391ffc0e7ee,mybatis-plus-generator,1.0,Type-1 (Verbatim)
2f839db4493d2067d9eb0ae27ed23c0f2da84c80,[Unnamed Skill],2f839db4493d2067d9eb0ae27ed23c0f2da84c80,[Unnamed Skill],1.0,Type-1 (Verbatim)
09726f4c4ee7279dd28328e9c9cb28c33368671b,[Unnamed Skill],09726f4c4ee7279dd28328e9c9cb28c33368671b,[Unnamed Skill],1.0,Type-1 (Verbatim)
09726f4c4ee7279dd28328e9c9cb28c33368671b,[Unnamed Skill],09726f4c4ee7279dd28328e9c9cb28c33368671b,[Unnamed Skill],1.0,Type-1 (Verbatim)
09726f4c4ee7279dd28328e9c9cb28c33368671b,[Unnamed Skill],09726f4c4ee7279dd28328e9c9cb28c33368671b,[Unnamed Skill],1.0,Type-1 (Verbatim)
76ef59764477b915b2a952ce29fd15e5621cab82,[Unnamed Skill],76ef59764477b915b2a952ce29fd15e5621cab82,java-best-practices,1.0,Type-1 (Verbatim)
76ef59764477b915b2a952ce29fd15e5621cab82,java-best-practices,76ef59764477b915b2a952ce29fd15e5621cab82,[Unnamed Skill],1.0,Type-1 (Verbatim)
76ef59764477b915b2a952ce29fd15e5621cab82,[Unnamed Skill],76ef59764477b915b2a952ce29fd15e5621cab82,[Unnamed Skill],1.0,Type-1 (Verbatim)
9b40d97108e53aecad59936b5002e8fd7ce2907d,[Unnamed Skill],9b40d97108e53aecad59936b5002e8fd7ce2907d,open-source-facts,1.0,Type-1 (Verbatim)
ea49d570ca65a0b35f62e618b8367721a82cb948,[Unnamed Skill],ea49d570ca65a0b35f62e618b8367721a82cb948,[Unnamed Skill],1.0,Type-1 (Verbatim)
ea49d570ca65a0b35f62e618b8367721a82cb948,[Unnamed Skill],ea49d570ca65a0b35f62e618b8367721a82cb948,[Unnamed Skill],1.0,Type-1 (Verbatim)
ea49d570ca65a0b35f62e618b8367721a82cb948,[Unnamed Skill],ea49d570ca65a0b35f62e618b8367721a82cb948,[Unnamed Skill],1.0,Type-1 (Verbatim)
2ec635036de814c4fb14b69f205a307593b44bcf,[Unnamed Skill],2ec635036de814c4fb14b69f205a307593b44bcf,[Unnamed Skill],1.0,Type-1 (Verbatim)
fb9d4be9881f712bcf29130389be2953bee1fc7d,[Unnamed Skill],fb9d4be9881f712bcf29130389be2953bee1fc7d,financial-logic-auditor,1.0,Type-1 (Verbatim)
386e3f24d351e4342ee9174aedf06eab9e03fade,bcpqc-add-signature-algorithm,386e3f24d351e4342ee9174aedf06eab9e03fade,[Unnamed Skill],1.0,Type-1 (Verbatim)
c8aa52b84de2abfbbf66b04ce3b49deb538a9002,[Unnamed Skill],c8aa52b84de2abfbbf66b04ce3b49deb538a9002,review-design,1.0,Type-1 (Verbatim)
c8aa52b84de2abfbbf66b04ce3b49deb538a9002,review-design,c8aa52b84de2abfbbf66b04ce3b49deb538a9002,[Unnamed Skill],1.0,Type-1 (Verbatim)
7f502ad29276f9aa4d45305503b38eddc7487d4a,[Unnamed Skill],7f502ad29276f9aa4d45305503b38eddc7487d4a,spring-boot-config-refactor,1.0,Type-1 (Verbatim)
7f502ad29276f9aa4d45305503b38eddc7487d4a,spring-boot-config-refactor,7f502ad29276f9aa4d45305503b38eddc7487d4a,[Unnamed Skill],1.0,Type-1 (Verbatim)
1808812dc4fcb0a60180863f1e8bee5bda8a3365,s3k-palette-cycling,1808812dc4fcb0a60180863f1e8bee5bda8a3365,[Unnamed Skill],1.0,Type-1 (Verbatim)
4233f3ee6b23136c5e6271d90adb9672f242506f,[Unnamed Skill],4233f3ee6b23136c5e6271d90adb9672f242506f,s3k-zone-events,1.0,Type-1 (Verbatim)
72df3b4d22601fb5edf695ac177b480552197e4a,[Unnamed Skill],72df3b4d22601fb5edf695ac177b480552197e4a,[Unnamed Skill],1.0,Type-1 (Verbatim)
72df3b4d22601fb5edf695ac177b480552197e4a,[Unnamed Skill],72df3b4d22601fb5edf695ac177b480552197e4a,[Unnamed Skill],1.0,Type-1 (Verbatim)
3a4673ee3fd3518627f88980a5588359050abf31,linguistic-boundary-verifier,3a4673ee3fd3518627f88980a5588359050abf31,[Unnamed Skill],1.0,Type-1 (Verbatim)
1103b5b620b3305469e2d1025f2544c0d77fd176,[Unnamed Skill],1103b5b620b3305469e2d1025f2544c0d77fd176,[Unnamed Skill],1.0,Type-1 (Verbatim)
1103b5b620b3305469e2d1025f2544c0d77fd176,[Unnamed Skill],1103b5b620b3305469e2d1025f2544c0d77fd176,[Unnamed Skill],1.0,Type-1 (Verbatim)
1103b5b620b3305469e2d1025f2544c0d77fd176,[Unnamed Skill],1103b5b620b3305469e2d1025f2544c0d77fd176,[Unnamed Skill],1.0,Type-1 (Verbatim)
1103b5b620b3305469e2d1025f2544c0d77fd176,[Unnamed Skill],1103b5b620b3305469e2d1025f2544c0d77fd176,[Unnamed Skill],1.0,Type-1 (Verbatim)
1103b5b620b3305469e2d1025f2544c0d77fd176,[Unnamed Skill],1103b5b620b3305469e2d1025f2544c0d77fd176,[Unnamed Skill],1.0,Type-1 (Verbatim)
0ce76ee3b9cd921211e024b2396143236cb8ded7,research-gatherer,0ce76ee3b9cd921211e024b2396143236cb8ded7,[Unnamed Skill],1.0,Type-1 (Verbatim)
b4b6e748773132568bde5b4bd480fe4e17db2465,[Unnamed Skill],b4b6e748773132568bde5b4bd480fe4e17db2465,[Unnamed Skill],1.0,Type-1 (Verbatim)
209cf8976dd51f18a6b544c538b5614ab6926783,[Unnamed Skill],209cf8976dd51f18a6b544c538b5614ab6926783,[Unnamed Skill],1.0,Type-1 (Verbatim)
3f120495f20265653244fc3b5e611604dd914508,[Unnamed Skill],3f120495f20265653244fc3b5e611604dd914508,ctf-pwn,1.0,Type-1 (Verbatim)
d2fcbd4682eee3822117de9efd0f88bfb08996e9,[Unnamed Skill],d2fcbd4682eee3822117de9efd0f88bfb08996e9,[Unnamed Skill],1.0,Type-1 (Verbatim)
d2fcbd4682eee3822117de9efd0f88bfb08996e9,[Unnamed Skill],d2fcbd4682eee3822117de9efd0f88bfb08996e9,[Unnamed Skill],1.0,Type-1 (Verbatim)
d2fcbd4682eee3822117de9efd0f88bfb08996e9,[Unnamed Skill],d2fcbd4682eee3822117de9efd0f88bfb08996e9,[Unnamed Skill],1.0,Type-1 (Verbatim)
d2fcbd4682eee3822117de9efd0f88bfb08996e9,[Unnamed Skill],d2fcbd4682eee3822117de9efd0f88bfb08996e9,[Unnamed Skill],1.0,Type-1 (Verbatim)
c3b73d8b10ba2539da543f069aabf1d156071176,[Unnamed Skill],c3b73d8b10ba2539da543f069aabf1d156071176,[Unnamed Skill],1.0,Type-1 (Verbatim)
c3b73d8b10ba2539da543f069aabf1d156071176,[Unnamed Skill],c3b73d8b10ba2539da543f069aabf1d156071176,[Unnamed Skill],1.0,Type-1 (Verbatim)
66f56807cb503fd482b86c4e0aaee5a080918242,[Unnamed Skill],66f56807cb503fd482b86c4e0aaee5a080918242,[Unnamed Skill],1.0,Type-1 (Verbatim)
ac75eedde7ad999488211738e056aff9217f806a,[Unnamed Skill],ac75eedde7ad999488211738e056aff9217f806a,[Unnamed Skill],1.0,Type-1 (Verbatim)
ac75eedde7ad999488211738e056aff9217f806a,[Unnamed Skill],ac75eedde7ad999488211738e056aff9217f806a,[Unnamed Skill],1.0,Type-1 (Verbatim)
ac75eedde7ad999488211738e056aff9217f806a,[Unnamed Skill],ac75eedde7ad999488211738e056aff9217f806a,Skill Development,1.0,Type-1 (Verbatim)
f709adcbb3eb3a673ce2f3085088a6007fd1114c,java-repo-assessment,f709adcbb3eb3a673ce2f3085088a6007fd1114c,[Unnamed Skill],1.0,Type-1 (Verbatim)
c670dfed9ae28cbce493d74214c1855de0abc12a,[Unnamed Skill],c670dfed9ae28cbce493d74214c1855de0abc12a,[Unnamed Skill],1.0,Type-1 (Verbatim)
c670dfed9ae28cbce493d74214c1855de0abc12a,[Unnamed Skill],c670dfed9ae28cbce493d74214c1855de0abc12a,crud-generator,1.0,Type-1 (Verbatim)
10d2569b028fa295abfc5dd81c2dd08834f5af78,[Unnamed Skill],10d2569b028fa295abfc5dd81c2dd08834f5af78,[Unnamed Skill],1.0,Type-1 (Verbatim)
d4e0beca1b145fc2fc52efb49657296af0b22eca,[Unnamed Skill],d4e0beca1b145fc2fc52efb49657296af0b22eca,[Unnamed Skill],1.0,Type-1 (Verbatim)
e75295e84bdd077045ff82e1affe5d573d3b6bcf,[Unnamed Skill],e75295e84bdd077045ff82e1affe5d573d3b6bcf,[Unnamed Skill],1.0,Type-1 (Verbatim)
7d017c2be02fa6219795e10a1bc2c03f80c708bb,s3k-zone-analysis,7d017c2be02fa6219795e10a1bc2c03f80c708bb,[Unnamed Skill],1.0,Type-1 (Verbatim)
af6bdc55f904f2f2a4258d599e381803006b6cae,[Unnamed Skill],af6bdc55f904f2f2a4258d599e381803006b6cae,[Unnamed Skill],1.0,Type-1 (Verbatim)
8e7aec151bbd7d5eab0346abbd7ba8a7af4ca710,accounting-archetype-mapper,8e7aec151bbd7d5eab0346abbd7ba8a7af4ca710,[Unnamed Skill],1.0,Type-1 (Verbatim)
f7860d2b3844c286ac2c98ef54416cf6a868938c,auction-sim,f7860d2b3844c286ac2c98ef54416cf6a868938c,[Unnamed Skill],1.0,Type-1 (Verbatim)
095cfe465e50275068892a7b31606ae9f56b72ba,gerrit-hygiene-operations,095cfe465e50275068892a7b31606ae9f56b72ba,[Unnamed Skill],1.0,Type-1 (Verbatim)
e2863d90ca9a6366b93e0011f66236ecf22f3860,balanced-coupling,e2863d90ca9a6366b93e0011f66236ecf22f3860,[Unnamed Skill],1.0,Type-1 (Verbatim)
f92bf1b1cf78500914582ec549cd843329cc3add,phase-finished-verification,f92bf1b1cf78500914582ec549cd843329cc3add,[Unnamed Skill],1.0,Type-1 (Verbatim)
8509f406cc2f53107a409444b4c12b10d2463122,maister:metaprogram-classifier,8509f406cc2f53107a409444b4c12b10d2463122,[Unnamed Skill],1.0,Type-1 (Verbatim)
6d14a11e7a8f619653ed1227adf926e38803f493,[Unnamed Skill],6d14a11e7a8f619653ed1227adf926e38803f493,[Unnamed Skill],1.0,Type-1 (Verbatim)
9f6f43e5867e40fb47637223f900ef08ead2f8b2,[Unnamed Skill],9f6f43e5867e40fb47637223f900ef08ead2f8b2,[Unnamed Skill],1.0,Type-1 (Verbatim)
9f6f43e5867e40fb47637223f900ef08ead2f8b2,[Unnamed Skill],9f6f43e5867e40fb47637223f900ef08ead2f8b2,minecraft-fabric-dev,1.0,Type-1 (Verbatim)
9f6f43e5867e40fb47637223f900ef08ead2f8b2,minecraft-fabric-dev,9f6f43e5867e40fb47637223f900ef08ead2f8b2,[Unnamed Skill],1.0,Type-1 (Verbatim)
9f6f43e5867e40fb47637223f900ef08ead2f8b2,[Unnamed Skill],9f6f43e5867e40fb47637223f900ef08ead2f8b2,[Unnamed Skill],1.0,Type-1 (Verbatim)
9f6f43e5867e40fb47637223f900ef08ead2f8b2,[Unnamed Skill],9f6f43e5867e40fb47637223f900ef08ead2f8b2,[Unnamed Skill],1.0,Type-1 (Verbatim)
5a447cf34b3df4066e351e791f3f3c5bdb38c6c8,[Unnamed Skill],5a447cf34b3df4066e351e791f3f3c5bdb38c6c8,[Unnamed Skill],1.0,Type-1 (Verbatim)
5a447cf34b3df4066e351e791f3f3c5bdb38c6c8,[Unnamed Skill],5a447cf34b3df4066e351e791f3f3c5bdb38c6c8,[Unnamed Skill],1.0,Type-1 (Verbatim)
5a447cf34b3df4066e351e791f3f3c5bdb38c6c8,[Unnamed Skill],5a447cf34b3df4066e351e791f3f3c5bdb38c6c8,[Unnamed Skill],1.0,Type-1 (Verbatim)
4911235325272b124f1f298b9040e7f539a03b34,[Unnamed Skill],4911235325272b124f1f298b9040e7f539a03b34,[Unnamed Skill],1.0,Type-1 (Verbatim)
4911235325272b124f1f298b9040e7f539a03b34,[Unnamed Skill],4911235325272b124f1f298b9040e7f539a03b34,[Unnamed Skill],1.0,Type-1 (Verbatim)
4911235325272b124f1f298b9040e7f539a03b34,[Unnamed Skill],4911235325272b124f1f298b9040e7f539a03b34,[Unnamed Skill],1.0,Type-1 (Verbatim)
f5da09a1a82c82ec447e202d91c73af208de18ec,[Unnamed Skill],f5da09a1a82c82ec447e202d91c73af208de18ec,ohservices,1.0,Type-1 (Verbatim)
619c39f27057befe8139bbd9bca0ab4a18d3f52b,maister:context-distiller,619c39f27057befe8139bbd9bca0ab4a18d3f52b,[Unnamed Skill],1.0,Type-1 (Verbatim)
c992218f48dbcfdb615b890f0aadaaebbcabf883,[Unnamed Skill],c992218f48dbcfdb615b890f0aadaaebbcabf883,controller,1.0,Type-1 (Verbatim)
f7e3829a6668665f53daf115cfa35d46adda0c11,agent-browser,f7e3829a6668665f53daf115cfa35d46adda0c11,[Unnamed Skill],1.0,Type-1 (Verbatim)
aabffcb96c76bc118efeef0e03280fb0e0a90ed8,[Unnamed Skill],aabffcb96c76bc118efeef0e03280fb0e0a90ed8,ohxtsdynamic,1.0,Type-1 (Verbatim)
c3ae2f84aa752c344a9f3e9637fb7e602d925b0e,dotcms-github-issues,c3ae2f84aa752c344a9f3e9637fb7e602d925b0e,[Unnamed Skill],1.0,Type-1 (Verbatim)
b653e7f1d38d713e92d73d24675378eeba17a4e9,SDK Analytics Installer,b653e7f1d38d713e92d73d24675378eeba17a4e9,[Unnamed Skill],1.0,Type-1 (Verbatim)
5b874b4ae59db87b0ff546b82105b3441aadde93,prd-writer,5b874b4ae59db87b0ff546b82105b3441aadde93,[Unnamed Skill],1.0,Type-1 (Verbatim)
6a9f6ec2119fd91b7c6c70d0d8ecac681163fc9f,[Unnamed Skill],6a9f6ec2119fd91b7c6c70d0d8ecac681163fc9f,[Unnamed Skill],1.0,Type-1 (Verbatim)
6f8de00bd9aa4077a5c8ae97f9b28e86cfecb6a4,maximum-potential,6f8de00bd9aa4077a5c8ae97f9b28e86cfecb6a4,[Unnamed Skill],1.0,Type-1 (Verbatim)
9dd15ab426d6d4a688531d780ed9cd0d55698803,[Unnamed Skill],9dd15ab426d6d4a688531d780ed9cd0d55698803,landing-page-guide-v2,1.0,Type-1 (Verbatim)
35bdaa5196493d4fd1cdcd29ea1e37c8b93d1194,[Unnamed Skill],35bdaa5196493d4fd1cdcd29ea1e37c8b93d1194,cassandra-injvm-dtest,1.0,Type-1 (Verbatim)
843fbea1717e564efdf6ef6aedb983fe1ac52014,spec-writer,843fbea1717e564efdf6ef6aedb983fe1ac52014,[Unnamed Skill],1.0,Type-1 (Verbatim)
7a0400ce6621aa77a7fa2350a73c31df0da1084c,beautiful-article,7a0400ce6621aa77a7fa2350a73c31df0da1084c,[Unnamed Skill],1.0,Type-1 (Verbatim)
b9a2a1dc01475eceb1b4d2c1b82eadbcb6ddc4d7,[Unnamed Skill],b9a2a1dc01475eceb1b4d2c1b82eadbcb6ddc4d7,[Unnamed Skill],1.0,Type-1 (Verbatim)
7d85f8284014c8c2690918a596a4b5bef7cb86e1,playwright-interactive,7d85f8284014c8c2690918a596a4b5bef7cb86e1,[Unnamed Skill],1.0,Type-1 (Verbatim)
05cc83ac37bd039fe9ee03c95d24a4c42de739af,[Unnamed Skill],05cc83ac37bd039fe9ee03c95d24a4c42de739af,ohrecord,1.0,Type-1 (Verbatim)
f9f2bb6ca742daf6f677dea124875990c715b0c7,[Unnamed Skill],f9f2bb6ca742daf6f677dea124875990c715b0c7,monitor-ci,1.0,Type-1 (Verbatim)
f9f2bb6ca742daf6f677dea124875990c715b0c7,monitor-ci,f9f2bb6ca742daf6f677dea124875990c715b0c7,[Unnamed Skill],1.0,Type-1 (Verbatim)
f9f2bb6ca742daf6f677dea124875990c715b0c7,[Unnamed Skill],f9f2bb6ca742daf6f677dea124875990c715b0c7,[Unnamed Skill],1.0,Type-1 (Verbatim)
942bfe89600f6a041d3458619e61f1d7841ebb4f,[Unnamed Skill],942bfe89600f6a041d3458619e61f1d7841ebb4f,[Unnamed Skill],1.0,Type-1 (Verbatim)
8cfc04bfa2bddf92cfc0b4ceef1f391bb4f74887,[Unnamed Skill],8cfc04bfa2bddf92cfc0b4ceef1f391bb4f74887,rkflash,1.0,Type-1 (Verbatim)
fd383dbc01ad1742b520695f02fa19332d779bad,[Unnamed Skill],fd383dbc01ad1742b520695f02fa19332d779bad,engineering-mission-playbook,1.0,Type-1 (Verbatim)
65b3a402dbd09b8e83f9d637c6b553875189085c,[Unnamed Skill],65b3a402dbd09b8e83f9d637c6b553875189085c,[Unnamed Skill],1.0,Type-1 (Verbatim)
65b3a402dbd09b8e83f9d637c6b553875189085c,[Unnamed Skill],65b3a402dbd09b8e83f9d637c6b553875189085c,[Unnamed Skill],1.0,Type-1 (Verbatim)
65b3a402dbd09b8e83f9d637c6b553875189085c,[Unnamed Skill],65b3a402dbd09b8e83f9d637c6b553875189085c,[Unnamed Skill],1.0,Type-1 (Verbatim)
ecd0f46fdfd190dea98e3224462916a70b9bc209,[Unnamed Skill],ecd0f46fdfd190dea98e3224462916a70b9bc209,[Unnamed Skill],1.0,Type-1 (Verbatim)
ecd0f46fdfd190dea98e3224462916a70b9bc209,[Unnamed Skill],ecd0f46fdfd190dea98e3224462916a70b9bc209,[Unnamed Skill],1.0,Type-1 (Verbatim)
db5f2691207e8a47a8b087b9a0c08a6a4254468c,[Unnamed Skill],db5f2691207e8a47a8b087b9a0c08a6a4254468c,[Unnamed Skill],1.0,Type-1 (Verbatim)
0d37f386b489b9c3e43afe173d7d4bff09778c11,maister:problem-classifier,0d37f386b489b9c3e43afe173d7d4bff09778c11,[Unnamed Skill],1.0,Type-1 (Verbatim)
c673813605bd80d5001e42c8d724efcddda43de5,[Unnamed Skill],c673813605bd80d5001e42c8d724efcddda43de5,ohproj,1.0,Type-1 (Verbatim)
c524a8374de871e2cd009f030e6d33870cb33892,new-monitoring-feature,c524a8374de871e2cd009f030e6d33870cb33892,[Unnamed Skill],1.0,Type-1 (Verbatim)
2b092a8e449ead0c95b23b84a5f650d978ff056a,gh-cli,2b092a8e449ead0c95b23b84a5f650d978ff056a,[Unnamed Skill],1.0,Type-1 (Verbatim)
b8422cc37a90eafe73eaea4ec8a5ac39549052e3,wasteland,b8422cc37a90eafe73eaea4ec8a5ac39549052e3,[Unnamed Skill],1.0,Type-1 (Verbatim)
12bcee39c0a491dcc7ee8d144bc19a9949602af1,[Unnamed Skill],12bcee39c0a491dcc7ee8d144bc19a9949602af1,ohhdc,1.0,Type-1 (Verbatim)
61a0705fbe335b93ae14a9a3bbb8a0cb10872ab3,[Unnamed Skill],61a0705fbe335b93ae14a9a3bbb8a0cb10872ab3,kafka-consumer,1.0,Type-1 (Verbatim)
a64d6c233a6293c05ab70f67156cc7e30284232a,[Unnamed Skill],a64d6c233a6293c05ab70f67156cc7e30284232a,[Unnamed Skill],1.0,Type-1 (Verbatim)
ac9d21ffe456bf91b042e46f27323fc72e086a00,optimization-mission-playbook,ac9d21ffe456bf91b042e46f27323fc72e086a00,[Unnamed Skill],1.0,Type-1 (Verbatim)
08a354b59b9e73307b51cc6794058a7f037af0ca,[Unnamed Skill],08a354b59b9e73307b51cc6794058a7f037af0ca,[Unnamed Skill],1.0,Type-1 (Verbatim)
4dcaa2dcd8e456013111a0092a0f7fbf43085492,[Unnamed Skill],4dcaa2dcd8e456013111a0092a0f7fbf43085492,[Unnamed Skill],1.0,Type-1 (Verbatim)
e879e0f3c7444b1c4fbcff061b38f4ff315f7792,[Unnamed Skill],e879e0f3c7444b1c4fbcff061b38f4ff315f7792,ohxtsstatic,1.0,Type-1 (Verbatim)
2a24250c36863d61448778fc9e842a19c023edb6,modern-java,2a24250c36863d61448778fc9e842a19c023edb6,[Unnamed Skill],1.0,Type-1 (Verbatim)
2a24250c36863d61448778fc9e842a19c023edb6,[Unnamed Skill],2a24250c36863d61448778fc9e842a19c023edb6,[Unnamed Skill],1.0,Type-1 (Verbatim)
228830bc9042c2ee3613afb3730a72a980a33661,[Unnamed Skill],228830bc9042c2ee3613afb3730a72a980a33661,[Unnamed Skill],1.0,Type-1 (Verbatim)
228830bc9042c2ee3613afb3730a72a980a33661,[Unnamed Skill],228830bc9042c2ee3613afb3730a72a980a33661,[Unnamed Skill],1.0,Type-1 (Verbatim)
b72132fcd466da605623ffe96e370b3991fc5285,[Unnamed Skill],b72132fcd466da605623ffe96e370b3991fc5285,[Unnamed Skill],1.0,Type-1 (Verbatim)
b72132fcd466da605623ffe96e370b3991fc5285,[Unnamed Skill],b72132fcd466da605623ffe96e370b3991fc5285,[Unnamed Skill],1.0,Type-1 (Verbatim)
7250d158b4fb590c0869d47f1292e3d867243474,[Unnamed Skill],7250d158b4fb590c0869d47f1292e3d867243474,[Unnamed Skill],1.0,Type-1 (Verbatim)
823ff4c8950a22c77c8c03d58d7fcf3f3ae2649e,gerrit-system-logic,823ff4c8950a22c77c8c03d58d7fcf3f3ae2649e,[Unnamed Skill],1.0,Type-1 (Verbatim)
d89e4035cb7de63877be4812f50a6d27e44f4fdb,gerrit-frontend-engineering,d89e4035cb7de63877be4812f50a6d27e44f4fdb,[Unnamed Skill],1.0,Type-1 (Verbatim)
35470387718af3f259928b9ffae075d2c8266584,[Unnamed Skill],35470387718af3f259928b9ffae075d2c8266584,bug-archaeology,1.0,Type-1 (Verbatim)
e43207f1cd01c84b46b249a691198b4e6ba36f33,[Unnamed Skill],e43207f1cd01c84b46b249a691198b4e6ba36f33,infra-bc-query-generator,1.0,Type-1 (Verbatim)
79cc27b4b80f9326ebdb2f6e36551af2aeafae40,[Unnamed Skill],79cc27b4b80f9326ebdb2f6e36551af2aeafae40,verify-database,1.0,Type-1 (Verbatim)
79cc27b4b80f9326ebdb2f6e36551af2aeafae40,verify-database,79cc27b4b80f9326ebdb2f6e36551af2aeafae40,[Unnamed Skill],1.0,Type-1 (Verbatim)
8d074f21b09cd8835daae1913cfec79ee911a431,[Unnamed Skill],8d074f21b09cd8835daae1913cfec79ee911a431,docs,1.0,Type-1 (Verbatim)
ca4d14819415b220d5f26d885336ece223d18f2a,xms-wallet-performance,ca4d14819415b220d5f26d885336ece223d18f2a,[Unnamed Skill],1.0,Type-1 (Verbatim)
a3b74a4013a3fd387e118a0e3d294b0902cf2485,[Unnamed Skill],a3b74a4013a3fd387e118a0e3d294b0902cf2485,[Unnamed Skill],1.0,Type-1 (Verbatim)
e4ee1380cf01be9a7ef5c3ae3026bf81e01152c8,[Unnamed Skill],e4ee1380cf01be9a7ef5c3ae3026bf81e01152c8,[Unnamed Skill],1.0,Type-1 (Verbatim)
e4ee1380cf01be9a7ef5c3ae3026bf81e01152c8,[Unnamed Skill],e4ee1380cf01be9a7ef5c3ae3026bf81e01152c8,[Unnamed Skill],1.0,Type-1 (Verbatim)
64a673aefa39c87ef0ef895aba7abbe9ddb732a1,spring-boot-restful,64a673aefa39c87ef0ef895aba7abbe9ddb732a1,[Unnamed Skill],1.0,Type-1 (Verbatim)
64a673aefa39c87ef0ef895aba7abbe9ddb732a1,[Unnamed Skill],64a673aefa39c87ef0ef895aba7abbe9ddb732a1,[Unnamed Skill],1.0,Type-1 (Verbatim)
d81353529246bd760eb7fc6d0bd151f0a253321f,[Unnamed Skill],d81353529246bd760eb7fc6d0bd151f0a253321f,[Unnamed Skill],1.0,Type-1 (Verbatim)
d81353529246bd760eb7fc6d0bd151f0a253321f,[Unnamed Skill],d81353529246bd760eb7fc6d0bd151f0a253321f,[Unnamed Skill],1.0,Type-1 (Verbatim)
d81353529246bd760eb7fc6d0bd151f0a253321f,[Unnamed Skill],d81353529246bd760eb7fc6d0bd151f0a253321f,[Unnamed Skill],1.0,Type-1 (Verbatim)
d2b29b4db0ca2cec05540d53cce742a2ae9b7c68,[Unnamed Skill],d2b29b4db0ca2cec05540d53cce742a2ae9b7c68,spring-data-jpa,1.0,Type-1 (Verbatim)
d2b29b4db0ca2cec05540d53cce742a2ae9b7c68,spring-data-jpa,d2b29b4db0ca2cec05540d53cce742a2ae9b7c68,[Unnamed Skill],1.0,Type-1 (Verbatim)
d2b29b4db0ca2cec05540d53cce742a2ae9b7c68,[Unnamed Skill],d2b29b4db0ca2cec05540d53cce742a2ae9b7c68,[Unnamed Skill],1.0,Type-1 (Verbatim)
eddd3a66056ff4631abcb64daa9eb3f670167ca9,[Unnamed Skill],eddd3a66056ff4631abcb64daa9eb3f670167ca9,[Unnamed Skill],1.0,Type-1 (Verbatim)
eddd3a66056ff4631abcb64daa9eb3f670167ca9,[Unnamed Skill],eddd3a66056ff4631abcb64daa9eb3f670167ca9,[Unnamed Skill],1.0,Type-1 (Verbatim)
eddd3a66056ff4631abcb64daa9eb3f670167ca9,[Unnamed Skill],eddd3a66056ff4631abcb64daa9eb3f670167ca9,[Unnamed Skill],1.0,Type-1 (Verbatim)
db4d8ce2a8dd2ff89e33e5b9035c3a036988afd4,[Unnamed Skill],db4d8ce2a8dd2ff89e33e5b9035c3a036988afd4,[Unnamed Skill],1.0,Type-1 (Verbatim)
db4d8ce2a8dd2ff89e33e5b9035c3a036988afd4,[Unnamed Skill],db4d8ce2a8dd2ff89e33e5b9035c3a036988afd4,[Unnamed Skill],1.0,Type-1 (Verbatim)
db4d8ce2a8dd2ff89e33e5b9035c3a036988afd4,[Unnamed Skill],db4d8ce2a8dd2ff89e33e5b9035c3a036988afd4,[Unnamed Skill],1.0,Type-1 (Verbatim)
148205a0e65690ea8e7f386be5744f7fac501922,[Unnamed Skill],148205a0e65690ea8e7f386be5744f7fac501922,infra-integration-test-generator,1.0,Type-1 (Verbatim)
6a385ad7e9f4888b8c64c2230971626b139d27c6,[Unnamed Skill],6a385ad7e9f4888b8c64c2230971626b139d27c6,openspec-archive-change,1.0,Type-1 (Verbatim)
6a385ad7e9f4888b8c64c2230971626b139d27c6,openspec-archive-change,6a385ad7e9f4888b8c64c2230971626b139d27c6,[Unnamed Skill],1.0,Type-1 (Verbatim)
1a725adbb9275d64f9508340a4cc7388501fc3c8,[Unnamed Skill],1a725adbb9275d64f9508340a4cc7388501fc3c8,[Unnamed Skill],1.0,Type-1 (Verbatim)
1a725adbb9275d64f9508340a4cc7388501fc3c8,[Unnamed Skill],1a725adbb9275d64f9508340a4cc7388501fc3c8,[Unnamed Skill],1.0,Type-1 (Verbatim)
17c4fd0ec99c26254e58288b7219dfe44d0a20ba,[Unnamed Skill],17c4fd0ec99c26254e58288b7219dfe44d0a20ba,[Unnamed Skill],1.0,Type-1 (Verbatim)
4cd0cd6d1a52a3c1dd6cf69c5bca61cac011f19d,[Unnamed Skill],4cd0cd6d1a52a3c1dd6cf69c5bca61cac011f19d,[Unnamed Skill],1.0,Type-1 (Verbatim)
4cd0cd6d1a52a3c1dd6cf69c5bca61cac011f19d,[Unnamed Skill],4cd0cd6d1a52a3c1dd6cf69c5bca61cac011f19d,[Unnamed Skill],1.0,Type-1 (Verbatim)
a0ce1baed1ae958ba96a7f11a9f44399af01ca95,package,a0ce1baed1ae958ba96a7f11a9f44399af01ca95,[Unnamed Skill],1.0,Type-1 (Verbatim)
96cda75fb80379413ab54b7b83efce545f0296dd,ops-triage-policy,96cda75fb80379413ab54b7b83efce545f0296dd,[Unnamed Skill],1.0,Type-1 (Verbatim)
add676bea9f64a723f17173a3c38df260ff4eadc,[Unnamed Skill],add676bea9f64a723f17173a3c38df260ff4eadc,[Unnamed Skill],1.0,Type-1 (Verbatim)
7d8d55b24b4f1a1d45d61b2f7f38810998f574db,video-generation,7d8d55b24b4f1a1d45d61b2f7f38810998f574db,[Unnamed Skill],1.0,Type-1 (Verbatim)
4b00596137bc8e3b2e13deb6da2fd13e57bf7191,[Unnamed Skill],4b00596137bc8e3b2e13deb6da2fd13e57bf7191,[Unnamed Skill],1.0,Type-1 (Verbatim)
52877fc0482265c39b9653e87d2e26892956eaf7,[Unnamed Skill],52877fc0482265c39b9653e87d2e26892956eaf7,[Unnamed Skill],1.0,Type-1 (Verbatim)
52877fc0482265c39b9653e87d2e26892956eaf7,[Unnamed Skill],52877fc0482265c39b9653e87d2e26892956eaf7,[Unnamed Skill],1.0,Type-1 (Verbatim)
c4704f75ff002141ff1dc5adc4a9007e0c078af9,openspec-continue-change,c4704f75ff002141ff1dc5adc4a9007e0c078af9,[Unnamed Skill],1.0,Type-1 (Verbatim)
5f26923beca0ada66ba4625a1825c52e35078527,[Unnamed Skill],5f26923beca0ada66ba4625a1825c52e35078527,[Unnamed Skill],1.0,Type-1 (Verbatim)
5f26923beca0ada66ba4625a1825c52e35078527,[Unnamed Skill],5f26923beca0ada66ba4625a1825c52e35078527,[Unnamed Skill],1.0,Type-1 (Verbatim)
5f26923beca0ada66ba4625a1825c52e35078527,[Unnamed Skill],5f26923beca0ada66ba4625a1825c52e35078527,omnishop-frontend-dev,1.0,Type-1 (Verbatim)
77ad3c257a12c7a88740161f3c086203fd2775db,[Unnamed Skill],77ad3c257a12c7a88740161f3c086203fd2775db,[Unnamed Skill],1.0,Type-1 (Verbatim)
4f9b4950b2006eeda7124307ddfc8669ccd1f5fa,clang-tidy-check,4f9b4950b2006eeda7124307ddfc8669ccd1f5fa,[Unnamed Skill],1.0,Type-1 (Verbatim)
bca51a429c020a4cb6740a917517116e66d428b1,[Unnamed Skill],bca51a429c020a4cb6740a917517116e66d428b1,[Unnamed Skill],1.0,Type-1 (Verbatim)
74772f20baf0e24603ee0d0c4d85030aa69ccbc5,[Unnamed Skill],74772f20baf0e24603ee0d0c4d85030aa69ccbc5,[Unnamed Skill],1.0,Type-1 (Verbatim)
74772f20baf0e24603ee0d0c4d85030aa69ccbc5,[Unnamed Skill],74772f20baf0e24603ee0d0c4d85030aa69ccbc5,[Unnamed Skill],1.0,Type-1 (Verbatim)
74772f20baf0e24603ee0d0c4d85030aa69ccbc5,[Unnamed Skill],74772f20baf0e24603ee0d0c4d85030aa69ccbc5,commit-changes,1.0,Type-1 (Verbatim)
9c844112abf0d635b8769d171cf13ea96103577d,[Unnamed Skill],9c844112abf0d635b8769d171cf13ea96103577d,[Unnamed Skill],1.0,Type-1 (Verbatim)
ec48d4415373b7aec1700592ae352e5630b1a35a,workflow-development,ec48d4415373b7aec1700592ae352e5630b1a35a,[Unnamed Skill],1.0,Type-1 (Verbatim)
78e3b61601b25ce34c9402c5ab67cedfebcdefdf,[Unnamed Skill],78e3b61601b25ce34c9402c5ab67cedfebcdefdf,[Unnamed Skill],1.0,Type-1 (Verbatim)
78e3b61601b25ce34c9402c5ab67cedfebcdefdf,[Unnamed Skill],78e3b61601b25ce34c9402c5ab67cedfebcdefdf,[Unnamed Skill],1.0,Type-1 (Verbatim)
78e3b61601b25ce34c9402c5ab67cedfebcdefdf,[Unnamed Skill],78e3b61601b25ce34c9402c5ab67cedfebcdefdf,creating-springboot-projects,1.0,Type-1 (Verbatim)
cff1e391cc67891e0032c977ba3c6789cf3763a6,[Unnamed Skill],cff1e391cc67891e0032c977ba3c6789cf3763a6,openspec-executing-plans,1.0,Type-1 (Verbatim)
cff1e391cc67891e0032c977ba3c6789cf3763a6,openspec-executing-plans,cff1e391cc67891e0032c977ba3c6789cf3763a6,[Unnamed Skill],1.0,Type-1 (Verbatim)
cff1e391cc67891e0032c977ba3c6789cf3763a6,[Unnamed Skill],cff1e391cc67891e0032c977ba3c6789cf3763a6,[Unnamed Skill],1.0,Type-1 (Verbatim)
4411daffa2c8b52f93c8d523a86f362cadae6bf7,[Unnamed Skill],4411daffa2c8b52f93c8d523a86f362cadae6bf7,sync-agents-md,1.0,Type-1 (Verbatim)
4411daffa2c8b52f93c8d523a86f362cadae6bf7,sync-agents-md,4411daffa2c8b52f93c8d523a86f362cadae6bf7,[Unnamed Skill],1.0,Type-1 (Verbatim)
0208e030e2214a6bc8b99282c02ab460433c7189,[Unnamed Skill],0208e030e2214a6bc8b99282c02ab460433c7189,[Unnamed Skill],1.0,Type-1 (Verbatim)
0208e030e2214a6bc8b99282c02ab460433c7189,[Unnamed Skill],0208e030e2214a6bc8b99282c02ab460433c7189,[Unnamed Skill],1.0,Type-1 (Verbatim)
f42df80afb18bedd944eb12684354920dba132fc,[Unnamed Skill],f42df80afb18bedd944eb12684354920dba132fc,jmix-create-test,1.0,Type-1 (Verbatim)
f42df80afb18bedd944eb12684354920dba132fc,jmix-create-test,f42df80afb18bedd944eb12684354920dba132fc,[Unnamed Skill],1.0,Type-1 (Verbatim)
05737929d19b29bc78ad5274f5eeecad339572d6,[Unnamed Skill],05737929d19b29bc78ad5274f5eeecad339572d6,[Unnamed Skill],1.0,Type-1 (Verbatim)
05737929d19b29bc78ad5274f5eeecad339572d6,[Unnamed Skill],05737929d19b29bc78ad5274f5eeecad339572d6,[Unnamed Skill],1.0,Type-1 (Verbatim)
d50927c7d8fd22353b5dcbd309545e440b97f9c5,[Unnamed Skill],d50927c7d8fd22353b5dcbd309545e440b97f9c5,fix-vuln,1.0,Type-1 (Verbatim)
6b5bc3b0134dcc239751c94bcbe99a8c131fb19e,ci-cd,6b5bc3b0134dcc239751c94bcbe99a8c131fb19e,[Unnamed Skill],1.0,Type-1 (Verbatim)
114c6637a18676ac99b8bd34ffc7c9da61d072cb,[Unnamed Skill],114c6637a18676ac99b8bd34ffc7c9da61d072cb,[Unnamed Skill],1.0,Type-1 (Verbatim)
114c6637a18676ac99b8bd34ffc7c9da61d072cb,[Unnamed Skill],114c6637a18676ac99b8bd34ffc7c9da61d072cb,[Unnamed Skill],1.0,Type-1 (Verbatim)
114c6637a18676ac99b8bd34ffc7c9da61d072cb,[Unnamed Skill],114c6637a18676ac99b8bd34ffc7c9da61d072cb,[Unnamed Skill],1.0,Type-1 (Verbatim)
114c6637a18676ac99b8bd34ffc7c9da61d072cb,[Unnamed Skill],114c6637a18676ac99b8bd34ffc7c9da61d072cb,[Unnamed Skill],1.0,Type-1 (Verbatim)
114c6637a18676ac99b8bd34ffc7c9da61d072cb,[Unnamed Skill],114c6637a18676ac99b8bd34ffc7c9da61d072cb,[Unnamed Skill],1.0,Type-1 (Verbatim)
114c6637a18676ac99b8bd34ffc7c9da61d072cb,[Unnamed Skill],114c6637a18676ac99b8bd34ffc7c9da61d072cb,[Unnamed Skill],1.0,Type-1 (Verbatim)
114c6637a18676ac99b8bd34ffc7c9da61d072cb,[Unnamed Skill],114c6637a18676ac99b8bd34ffc7c9da61d072cb,[Unnamed Skill],1.0,Type-1 (Verbatim)
114c6637a18676ac99b8bd34ffc7c9da61d072cb,[Unnamed Skill],114c6637a18676ac99b8bd34ffc7c9da61d072cb,[Unnamed Skill],1.0,Type-1 (Verbatim)
8db580d766abbed93af22ae85f98395d7d5826f2,[Unnamed Skill],8db580d766abbed93af22ae85f98395d7d5826f2,[Unnamed Skill],1.0,Type-1 (Verbatim)
a1d3846cc3ac86c9311379bce62957311ed691ac,[Unnamed Skill],a1d3846cc3ac86c9311379bce62957311ed691ac,new-feature,1.0,Type-1 (Verbatim)
83ef7397e99dbcb3b7af82be30e8449a3b3fa172,[Unnamed Skill],83ef7397e99dbcb3b7af82be30e8449a3b3fa172,[Unnamed Skill],1.0,Type-1 (Verbatim)
53794bac2a35b07b3ea9ab8e67f87b80549e7fa8,[Unnamed Skill],53794bac2a35b07b3ea9ab8e67f87b80549e7fa8,endgame,1.0,Type-1 (Verbatim)
f8894619f6b7367735c3163754b169611facfa4b,[Unnamed Skill],f8894619f6b7367735c3163754b169611facfa4b,hospitality-management-domain-expertise,1.0,Type-1 (Verbatim)
1982f9ed4be413658fd965cd559c993b8833152f,compliance-check,1982f9ed4be413658fd965cd559c993b8833152f,[Unnamed Skill],1.0,Type-1 (Verbatim)
a666b98da626c846532faf66d5550298dd3f76b2,[Unnamed Skill],a666b98da626c846532faf66d5550298dd3f76b2,[Unnamed Skill],1.0,Type-1 (Verbatim)
a666b98da626c846532faf66d5550298dd3f76b2,[Unnamed Skill],a666b98da626c846532faf66d5550298dd3f76b2,[Unnamed Skill],1.0,Type-1 (Verbatim)
a666b98da626c846532faf66d5550298dd3f76b2,[Unnamed Skill],a666b98da626c846532faf66d5550298dd3f76b2,[Unnamed Skill],1.0,Type-1 (Verbatim)
a666b98da626c846532faf66d5550298dd3f76b2,[Unnamed Skill],a666b98da626c846532faf66d5550298dd3f76b2,[Unnamed Skill],1.0,Type-1 (Verbatim)
caed4f09372e0a9b3c618a683217c58d30eccb26,[Unnamed Skill],caed4f09372e0a9b3c618a683217c58d30eccb26,common-skill-creator,1.0,Type-1 (Verbatim)
caed4f09372e0a9b3c618a683217c58d30eccb26,common-skill-creator,caed4f09372e0a9b3c618a683217c58d30eccb26,[Unnamed Skill],1.0,Type-1 (Verbatim)
603d1b77e143ec336a7828738e3651d25a61a04a,[Unnamed Skill],603d1b77e143ec336a7828738e3651d25a61a04a,Project Manager Skills,1.0,Type-1 (Verbatim)
6673685917c66f223f05d9ecefe28826b10f63a9,[Unnamed Skill],6673685917c66f223f05d9ecefe28826b10f63a9,test-unbranded-emitter,1.0,Type-1 (Verbatim)
dd63ef65deff343262a3058370dd46bca087a30d,cli-reference,dd63ef65deff343262a3058370dd46bca087a30d,[Unnamed Skill],1.0,Type-1 (Verbatim)
f9df66974ce9d4eadb0224c075b4d27dd8193c33,[Unnamed Skill],f9df66974ce9d4eadb0224c075b4d27dd8193c33,[Unnamed Skill],1.0,Type-1 (Verbatim)
f9df66974ce9d4eadb0224c075b4d27dd8193c33,[Unnamed Skill],f9df66974ce9d4eadb0224c075b4d27dd8193c33,[Unnamed Skill],1.0,Type-1 (Verbatim)
f9df66974ce9d4eadb0224c075b4d27dd8193c33,[Unnamed Skill],f9df66974ce9d4eadb0224c075b4d27dd8193c33,[Unnamed Skill],1.0,Type-1 (Verbatim)
f9df66974ce9d4eadb0224c075b4d27dd8193c33,[Unnamed Skill],f9df66974ce9d4eadb0224c075b4d27dd8193c33,java-testing,1.0,Type-1 (Verbatim)
f9df66974ce9d4eadb0224c075b4d27dd8193c33,java-testing,f9df66974ce9d4eadb0224c075b4d27dd8193c33,[Unnamed Skill],1.0,Type-1 (Verbatim)
70bba91e30b3df294ee0c9ff696874b4145e1044,[Unnamed Skill],70bba91e30b3df294ee0c9ff696874b4145e1044,[Unnamed Skill],1.0,Type-1 (Verbatim)
70bba91e30b3df294ee0c9ff696874b4145e1044,[Unnamed Skill],70bba91e30b3df294ee0c9ff696874b4145e1044,[Unnamed Skill],1.0,Type-1 (Verbatim)
70bba91e30b3df294ee0c9ff696874b4145e1044,[Unnamed Skill],70bba91e30b3df294ee0c9ff696874b4145e1044,[Unnamed Skill],1.0,Type-1 (Verbatim)
a994e618a2f50ced6462af1a34275dc8c7fda8a3,[Unnamed Skill],a994e618a2f50ced6462af1a34275dc8c7fda8a3,[Unnamed Skill],1.0,Type-1 (Verbatim)
6c59ec94d2f6a0aceb8f9a5e44cd2da620cd7732,[Unnamed Skill],6c59ec94d2f6a0aceb8f9a5e44cd2da620cd7732,[Unnamed Skill],1.0,Type-1 (Verbatim)
f9e67c9b90447840db1c5600258be102fdcb5f3c,Orchestrator Skills,f9e67c9b90447840db1c5600258be102fdcb5f3c,[Unnamed Skill],1.0,Type-1 (Verbatim)
da612e54ff022fa4e5afa50f29cac78f6e86072a,[Unnamed Skill],da612e54ff022fa4e5afa50f29cac78f6e86072a,[Unnamed Skill],1.0,Type-1 (Verbatim)
da612e54ff022fa4e5afa50f29cac78f6e86072a,[Unnamed Skill],da612e54ff022fa4e5afa50f29cac78f6e86072a,[Unnamed Skill],1.0,Type-1 (Verbatim)
b89b4eec65510d8112589d5833cc0409f5ff3a7f,[Unnamed Skill],b89b4eec65510d8112589d5833cc0409f5ff3a7f,[Unnamed Skill],1.0,Type-1 (Verbatim)
5041606ddc0a540413c6bc060e02f1728e43dff1,cli-anything-agentscope,5041606ddc0a540413c6bc060e02f1728e43dff1,[Unnamed Skill],1.0,Type-1 (Verbatim)
b15a83d1969b8a0bb681e48f16df5a31e72bf149,[Unnamed Skill],b15a83d1969b8a0bb681e48f16df5a31e72bf149,[Unnamed Skill],1.0,Type-1 (Verbatim)
6ad043bcbcb00788a809e2ac68f9bac0f6edcb1a,jira,6ad043bcbcb00788a809e2ac68f9bac0f6edcb1a,[Unnamed Skill],1.0,Type-1 (Verbatim)
e0efe9d54457b24e1862d712b71094f688aa1fba,[Unnamed Skill],e0efe9d54457b24e1862d712b71094f688aa1fba,[Unnamed Skill],1.0,Type-1 (Verbatim)
e0efe9d54457b24e1862d712b71094f688aa1fba,[Unnamed Skill],e0efe9d54457b24e1862d712b71094f688aa1fba,create-pr,1.0,Type-1 (Verbatim)
e0efe9d54457b24e1862d712b71094f688aa1fba,create-pr,e0efe9d54457b24e1862d712b71094f688aa1fba,[Unnamed Skill],1.0,Type-1 (Verbatim)
465015b9b11412cbcab38b647ab856d27e92f489,[Unnamed Skill],465015b9b11412cbcab38b647ab856d27e92f489,[Unnamed Skill],1.0,Type-1 (Verbatim)
80d385a25d8a1e26d2d514c7b709442b4b7fb63f,[Unnamed Skill],80d385a25d8a1e26d2d514c7b709442b4b7fb63f,[Unnamed Skill],1.0,Type-1 (Verbatim)
80d385a25d8a1e26d2d514c7b709442b4b7fb63f,[Unnamed Skill],80d385a25d8a1e26d2d514c7b709442b4b7fb63f,cucumber-skill,1.0,Type-1 (Verbatim)
80d385a25d8a1e26d2d514c7b709442b4b7fb63f,cucumber-skill,80d385a25d8a1e26d2d514c7b709442b4b7fb63f,[Unnamed Skill],1.0,Type-1 (Verbatim)
329222d25cc5b45e085e2b6b10efedd5462bbfdc,accessmesh-patterns,329222d25cc5b45e085e2b6b10efedd5462bbfdc,[Unnamed Skill],1.0,Type-1 (Verbatim)
b4ceac4cba1dd01f7d90dc1d9efb88f1ab877424,[Unnamed Skill],b4ceac4cba1dd01f7d90dc1d9efb88f1ab877424,[Unnamed Skill],1.0,Type-1 (Verbatim)
0b092ac08cc24748100fbec0b9a1fba3ec7bbebb,[Unnamed Skill],0b092ac08cc24748100fbec0b9a1fba3ec7bbebb,[Unnamed Skill],1.0,Type-1 (Verbatim)
0b092ac08cc24748100fbec0b9a1fba3ec7bbebb,[Unnamed Skill],0b092ac08cc24748100fbec0b9a1fba3ec7bbebb,[Unnamed Skill],1.0,Type-1 (Verbatim)
29e4e1a29aa1d861c6e49c960154c69090961598,verify-testing,29e4e1a29aa1d861c6e49c960154c69090961598,[Unnamed Skill],1.0,Type-1 (Verbatim)
29e4e1a29aa1d861c6e49c960154c69090961598,[Unnamed Skill],29e4e1a29aa1d861c6e49c960154c69090961598,[Unnamed Skill],1.0,Type-1 (Verbatim)
ca8d5c41b5de416fdea529f433e70f9af18bc037,[Unnamed Skill],ca8d5c41b5de416fdea529f433e70f9af18bc037,[Unnamed Skill],1.0,Type-1 (Verbatim)
ca8d5c41b5de416fdea529f433e70f9af18bc037,[Unnamed Skill],ca8d5c41b5de416fdea529f433e70f9af18bc037,[Unnamed Skill],1.0,Type-1 (Verbatim)
ca8d5c41b5de416fdea529f433e70f9af18bc037,[Unnamed Skill],ca8d5c41b5de416fdea529f433e70f9af18bc037,[Unnamed Skill],1.0,Type-1 (Verbatim)
ca8d5c41b5de416fdea529f433e70f9af18bc037,[Unnamed Skill],ca8d5c41b5de416fdea529f433e70f9af18bc037,[Unnamed Skill],1.0,Type-1 (Verbatim)
432841ac5d45d87dc0b030f4e30f6060921e442f,[Unnamed Skill],432841ac5d45d87dc0b030f4e30f6060921e442f,blockbench-modeling,1.0,Type-1 (Verbatim)
8548c57283d67f9bc8a981b4ca09e8eb65097160,[Unnamed Skill],8548c57283d67f9bc8a981b4ca09e8eb65097160,[Unnamed Skill],1.0,Type-1 (Verbatim)
8548c57283d67f9bc8a981b4ca09e8eb65097160,[Unnamed Skill],8548c57283d67f9bc8a981b4ca09e8eb65097160,[Unnamed Skill],1.0,Type-1 (Verbatim)
