skill_a_sha,skill_a_name,skill_b_sha,skill_b_name,similarity_score,clone_type
00291cabe17ec582c90b40e2026d07f332aabb81,[Unnamed Skill],75b6e0c878b9eba0d22c3bb55c0570cf7d9aa803,[Unnamed Skill],0.9971633099998509,Type-2 (Parameterized)
0040bb40e4f9786da5d19f69e83e02f2a1876bf5,binding-architecture,0b4b6dea83765c73ad21aab1266dbd41c5b529fd,performance-kpi-bounded-memory,0.7000114194314011,Type-3 (Semantic)
00732493dcda60a6b2f47403fe21bee2d5ad43dc,device-health-check,16259df3209d56ef1c37f8d3993cde036259a1ba,device-health-check,0.7879185536203276,Type-3 (Semantic)
008d5add4044ea2a05f562cdd391a6e4755f777a,skill_design,0a8d05c77b49980b8d192c6cc6dd6f9f491df8df,skill_test,0.7215034284718586,Type-3 (Semantic)
008d5add4044ea2a05f562cdd391a6e4755f777a,skill_design,303bc979bb2e8af2aef93046b16b1240c3e49604,skill_ship,0.6526909379421167,Type-3 (Semantic)
008d5add4044ea2a05f562cdd391a6e4755f777a,skill_design,3a5c8336fb4c6c0ca5eca1af892b9f4897a23aa3,skill_plan,0.7036142566180988,Type-3 (Semantic)
008d5add4044ea2a05f562cdd391a6e4755f777a,skill_design,644175c8980b5c9aa959147b4bf5824a5715f925,design,0.8282901091823254,Type-3 (Semantic)
008d5add4044ea2a05f562cdd391a6e4755f777a,skill_design,83361ca183e4c6ed55df9bbbf7b155e0ecc28717,skill_docs,0.691528068656278,Type-3 (Semantic)
008d5add4044ea2a05f562cdd391a6e4755f777a,skill_design,88c3327286e39d84fdb871ab90be3084f9aa34e8,test,0.6644838227268536,Type-3 (Semantic)
008d5add4044ea2a05f562cdd391a6e4755f777a,skill_design,9066a45cb54c738ff9ef3db556d1c6eb0d357eaf,skill_debug,0.7059400257978984,Type-3 (Semantic)
008d5add4044ea2a05f562cdd391a6e4755f777a,skill_design,bca1b2c60c71238981ee5a694ba1770ecd7ea282,skill_impl,0.6740124366716502,Type-3 (Semantic)
00b0afa9c07053ede01f5bc957a15460972fb15f,render-review,ec8fea68da4a01684055261a24daf0f368272279,playtest,0.7207995251730405,Type-3 (Semantic)
00bb61d1e9c9e8845ab58aab106108fe0a0cadc0,vtable,cbdc37e298e34eb0954c4b43bd3fcbaba559894d,resolve-vcall,0.8915611737476198,Type-2 (Parameterized)
0106c375b969ff8d45312bead98b41620c01e3c6,[Unnamed Skill],eb3ecb4370a6421393724432a14384b19706222b,[Unnamed Skill],0.9735502808577949,Type-2 (Parameterized)
0109c2f81633aad86bf262c8cd00eb3016ee3f35,pipeline,ce7a7b85be76b686f48eb595a5f1f3d2025fa258,compliance-gate,0.6900178051672868,Type-3 (Semantic)
0111e8da936f80c1e10ced38a52f1135f1e9a7f2,asset-import-pipeline,991341797c94eb888d6b4518a99f9ab7997969e5,asset-import-pipeline,0.9161160911336362,Type-2 (Parameterized)
011bb82dbb9292b1431de0484677f9d5c26fb30b,[Unnamed Skill],a76ebb79f74b5258eb815fce40fa0b78c8d1df86,appmesh-remote,0.690733234267553,Type-3 (Semantic)
0180dd5aabef2434aea53fdad8b9cbf38748a702,gameplay-design-sync,f1cf89e2013c3c46297196bc4119b330f7207b9f,[Unnamed Skill],0.746848596789667,Type-3 (Semantic)
01909994f28c3f54e431dccc7b42d163397e6f24,mx-api-add-feature,f69ac70ff12aa43dc6c45f0727d974a8de9e8b1f,mx-api-feature-audit,0.7355449924517173,Type-3 (Semantic)
01913601f2dd68a305dd187dfd7fae56c22ad69c,uv-mapping,3f9c5ee23a276a2e99c7114a83d0f14315a53c24,uv-mapping,1.0,Type-2 (Parameterized)
019bcb5d5631713d2e59a94e2bb73fff4c386cfe,skill_dream,a68c28f6204aad7286c282531a6f38bf97525c59,[Unnamed Skill],0.9558100406257073,Type-2 (Parameterized)
019c6b9155bb6cb994c820fb0f7a8fbd3fb84c56,runtime-perf,3804a06259748fbb4fd323a1dbe069bc5060757f,performance-optimization,0.6630006502702283,Type-3 (Semantic)
019c6b9155bb6cb994c820fb0f7a8fbd3fb84c56,runtime-perf,4e41ef3d9a2618067190db1550389e694fd64d87,runtime-perf,0.999759429637683,Type-2 (Parameterized)
019c6b9155bb6cb994c820fb0f7a8fbd3fb84c56,runtime-perf,89cc0b65bc4cebca81fc19459f5a56e14a967257,benchmark-coverage,0.6744214632213635,Type-3 (Semantic)
01b5f7d1054d32de4a85da13cec5088b2adebf4a,tilelang-pass-workflow-analyzer,42e807029272f7d584247160fcdd66f0a3789f82,tilelang-pass-design,0.7047866822674809,Type-3 (Semantic)
01b806e733d2781f1e05ee54a9d5663daf4c1091,gsd-update,11898bdb6c582e52e530dfb85d06b519702219aa,gsd-progress,0.6502150043396804,Type-3 (Semantic)
01b806e733d2781f1e05ee54a9d5663daf4c1091,gsd-update,1756c7b7987e6d39cebe9cf9bb53fa79833b971a,gsd-set-profile,0.7396742960819693,Type-3 (Semantic)
01b806e733d2781f1e05ee54a9d5663daf4c1091,gsd-update,1f0de818f5ed322b79626bef79382e83c59d767c,gsd-stats,0.7421127493937378,Type-3 (Semantic)
01b806e733d2781f1e05ee54a9d5663daf4c1091,gsd-update,281a680526034a2b8c16fc8a0625f8d2d018b394,gsd-add-todo,0.6700129174095617,Type-3 (Semantic)
01b806e733d2781f1e05ee54a9d5663daf4c1091,gsd-update,28fb7e3946ef09c69a2f6ce83f45caa036c137ca,gsd-settings,0.7584233312192817,Type-3 (Semantic)
01b806e733d2781f1e05ee54a9d5663daf4c1091,gsd-update,2920bbf9a541b006926a59586a2bbd9068f490a6,gsd-fast,0.6666161755191551,Type-3 (Semantic)
01b806e733d2781f1e05ee54a9d5663daf4c1091,gsd-update,29cef6fe560ee244ab80cf113eccf60982f8111e,gsd-resume-work,0.6594080787450469,Type-3 (Semantic)
01b806e733d2781f1e05ee54a9d5663daf4c1091,gsd-update,2f9339a7c8cdaa62a0a89e5f06e2926efe190ae1,gsd-explore,0.6959902259856438,Type-3 (Semantic)
01b806e733d2781f1e05ee54a9d5663daf4c1091,gsd-update,3574acbd3a1e6f2edb425ccd66db84895a1d9de7,gsd-session-report,0.716396966338434,Type-3 (Semantic)
01b806e733d2781f1e05ee54a9d5663daf4c1091,gsd-update,3d2711cfcef3daf525a0f5955c1160fd7a7aaebf,gsd-set-profile,0.6895590990191202,Type-3 (Semantic)
01b806e733d2781f1e05ee54a9d5663daf4c1091,gsd-update,6462a1930310d689b49011b217f0db8c120e7b7e,gsd-list-workspaces,0.7076247560523449,Type-3 (Semantic)
01b806e733d2781f1e05ee54a9d5663daf4c1091,gsd-update,673f4aff7866dba97194e63863716487c195d3c6,gsd-ship,0.7346847392993398,Type-3 (Semantic)
01b806e733d2781f1e05ee54a9d5663daf4c1091,gsd-update,68f0827c552fd9daed79a015440319d4b407ccda,gsd-do,0.7901823524704523,Type-3 (Semantic)
01b806e733d2781f1e05ee54a9d5663daf4c1091,gsd-update,74d7a37b18258619764c21f653507cdf9d6f1f1e,gsd-ai-integration-phase,0.6569725021800589,Type-3 (Semantic)
01b806e733d2781f1e05ee54a9d5663daf4c1091,gsd-update,78c85bc9029373f9aa1f6852f30380d1e6c7cec4,gsd-extract_learnings,0.6560806624454552,Type-3 (Semantic)
01b806e733d2781f1e05ee54a9d5663daf4c1091,gsd-update,82cf0b25e5d7be32b983db21da59c499c54663fc,gsd-scan,0.730989273170909,Type-3 (Semantic)
01b806e733d2781f1e05ee54a9d5663daf4c1091,gsd-update,82dfc2e6c35199ddb0eda34509560a42301688cf,gsd-remove-workspace,0.7056426853133951,Type-3 (Semantic)
01b806e733d2781f1e05ee54a9d5663daf4c1091,gsd-update,887e2b823ae1d8aa492eb4ee7b75c7c4e3bbb3c9,gsd-do,0.6953788461489664,Type-3 (Semantic)
01b806e733d2781f1e05ee54a9d5663daf4c1091,gsd-update,99af566bca83b35b0d92b3c1cc32e1e088d0f3d7,gsd-scan,0.6518864966675605,Type-3 (Semantic)
01b806e733d2781f1e05ee54a9d5663daf4c1091,gsd-update,9a06ffb809f241d3c53ad67751f3f1235cf02ead,gsd-manager,0.682468154789037,Type-3 (Semantic)
01b806e733d2781f1e05ee54a9d5663daf4c1091,gsd-update,9dd5348296d7f4f4f8e4eddd1a894c1c1a3dc14d,gsd-next,0.7448719495121094,Type-3 (Semantic)
01b806e733d2781f1e05ee54a9d5663daf4c1091,gsd-update,9f30f964e95f66e21fd81695e280a1390f862522,gsd-note,0.7147020490904384,Type-3 (Semantic)
01b806e733d2781f1e05ee54a9d5663daf4c1091,gsd-update,9f97bf68b80437eb1b3a350a3c485cb55adeff36,gsd-add-tests,0.6882401600114921,Type-3 (Semantic)
01b806e733d2781f1e05ee54a9d5663daf4c1091,gsd-update,a3ec1b53921a3625582f608bbc1a4ffa83cd2a28,gsd-audit-fix,0.6545462264160529,Type-3 (Semantic)
01b806e733d2781f1e05ee54a9d5663daf4c1091,gsd-update,b910ddea4125cefecb0fe5f4a82dccb67aab710e,gsd-secure-phase,0.6515542034137389,Type-3 (Semantic)
01b806e733d2781f1e05ee54a9d5663daf4c1091,gsd-update,c50ca8ded2311361a16047ea0ef8f1036627ecc9,gsd-pause-work,0.6770484216369348,Type-3 (Semantic)
01b806e733d2781f1e05ee54a9d5663daf4c1091,gsd-update,ca32938c9e4b8a1eb467e7d409e5550bff4519a6,gsd-import,0.6681626897856667,Type-3 (Semantic)
01b806e733d2781f1e05ee54a9d5663daf4c1091,gsd-update,d54ad2ce3ac99e4a54508e16bba5e79a5af56739,gsd-next,0.7158579220076587,Type-3 (Semantic)
01b806e733d2781f1e05ee54a9d5663daf4c1091,gsd-update,e0cb38f75cc612f426e3d529f0ae5f2ce84a7a47,gsd-ui-review,0.7000112717749597,Type-3 (Semantic)
01b806e733d2781f1e05ee54a9d5663daf4c1091,gsd-update,f9cf593440557545d4ecfdc66d12deaab051f21f,gsd-analyze-dependencies,0.6635478181408545,Type-3 (Semantic)
01b806e733d2781f1e05ee54a9d5663daf4c1091,gsd-update,fbd6f3a5aaaf67ff285b7c5499d79688fe22449c,gsd-help,0.7319829014879483,Type-3 (Semantic)
01b806e733d2781f1e05ee54a9d5663daf4c1091,gsd-update,fde329f787012dc3d36f728189d3c5894375284d,gsd-ui-phase,0.6951442242059178,Type-3 (Semantic)
0235e105728d9b79fa11610331aea33f1dee1e25,directxtk12-usage,2fdf4fe84d3808107caaae3a5658b0dad923982f,directxtk-usage,0.6613511395865679,Type-3 (Semantic)
0254588f5c3c531cff1dd78d9916242ee3952c19,lua-binding-reference,592d6a5c60e9ca4ed2fb2bf8d0efd80df00624b5,add-lua-binding-api,0.7255481340505372,Type-3 (Semantic)
0254588f5c3c531cff1dd78d9916242ee3952c19,lua-binding-reference,e45e1dcb0aa0e6dbd669bbc540e68e22ebe74025,add-lua-binding-complex,0.8196836024020868,Type-3 (Semantic)
02677d11823d09b5b9306ac910629799557e66b7,workflow_gerrit_fix,356e160e37bcd6e61e344753d6dc2ea581253891,workflow_gerrit_fix,0.9958794514454371,Type-2 (Parameterized)
02874a2a8d3c0bfdd9d05a84226ba9add864a2cf,[Unnamed Skill],e201e22858ffcbbdd1641c10b9a028f88a5c5f8c,[Unnamed Skill],0.9706535331178876,Type-2 (Parameterized)
0294f7dbdfb3f7a88f36a8be182a4076237aa200,profile-chonk,df2977eb6c797c696f64b84ac1d862564128a4e4,profile-chonk,0.9951252914762945,Type-2 (Parameterized)
02c4e91519c8db89c5153203dbdc2768b0a8526b,wiki,2471b755fd0214d12c0f8d5ca746c316bdd50dce,wiki-query,0.7169827914921248,Type-3 (Semantic)
02c4e91519c8db89c5153203dbdc2768b0a8526b,wiki,a752019120147d882085f2c0d38384ceff49e95a,save,0.7428766544347223,Type-3 (Semantic)
02c4e91519c8db89c5153203dbdc2768b0a8526b,wiki,b988f0b6df6cbcdb66bbdc9d1e4345a6b19c5252,wiki-ingest,0.7014434024382831,Type-3 (Semantic)
02e42ea3618fb74c102e6424a218e79a5e763aa4,refactor,4a2e337a1e93767812e18fe251a75c11ab90b09c,refactor,0.9944401665134469,Type-2 (Parameterized)
02ec3ecc17452c9d425ab4c0ad47c34f612cecf9,unicorn-query,d28451f995ec615d77545a9de447b360cf61e484,unicorn-query,0.9915727139059076,Type-2 (Parameterized)
02f47aa73512343011239a5c4d83c837b4f3e4a0,aurora-glass,a206e90f22813b2cca905d15b3f0137962969c05,glassmorphism,0.6993784441400238,Type-3 (Semantic)
0307e1c2f4d694cc0eb79bc4a67d0222c211783c,release-network-docs,5016ab7f8d45bb70aa82119daf2b34b6ab74e972,release-docs,0.8361023234523254,Type-3 (Semantic)
0307e1c2f4d694cc0eb79bc4a67d0222c211783c,release-network-docs,8257b4a38a175284fcd1619fee8377fe4a066f81,release-docs,0.8829855155971679,Type-2 (Parameterized)
0307e1c2f4d694cc0eb79bc4a67d0222c211783c,release-network-docs,b4ee86fe489351732080108583f114b9c582134d,release-network-docs,0.978420102414732,Type-2 (Parameterized)
035e43a81dba0b34cd28005450c7f6d31dbb14e6,skill_design,c7b1198b59772b7303b80173667e704bbf1f50ec,skill_design,0.9688988350979758,Type-2 (Parameterized)
0395975d0ca45b515af06c7a0812f300732c4072,caveman,7039bda34e3db41e3b0b28d1860fd084f9593c70,caveman,0.9729307352787183,Type-2 (Parameterized)
03c62630e88d41a95af7713e3f315bae59dd2c9b,gsd-research-phase,46d453e13af1371c15a010c677a7838173c4027a,gsd-research-phase,0.9794058712780526,Type-2 (Parameterized)
03c62630e88d41a95af7713e3f315bae59dd2c9b,gsd-research-phase,51ca9e6800c5b632a2fee0de0d04c59f3d9e5abb,gsd-plan-phase,0.6609275549339673,Type-3 (Semantic)
03c62630e88d41a95af7713e3f315bae59dd2c9b,gsd-research-phase,838e9e5a04a12bf98de2974538ccf697adbe8a67,[Unnamed Skill],0.7026071736458194,Type-3 (Semantic)
03ccf8b002ac213ec3be81e5a6415987afc11e6a,animation-blueprint,8deab93332a1e837f522703c8e3b56e998a26135,animation-blueprint,1.0000000000000007,Type-2 (Parameterized)
03cf39ddd6e16d340df3a12839dc53d2f6c22f86,native-consumers,2658e23e8bc092ec5c92d111170f8853c1d6b501,shm-consumers,0.7334169412140885,Type-3 (Semantic)
03cf39ddd6e16d340df3a12839dc53d2f6c22f86,native-consumers,6c38c9da98c6de09650536b4da99584f08154c12,cudashm-consumers,0.7045391125018545,Type-3 (Semantic)
03f4a9dda5197cc4cb6a607292078e082a209602,query-cases,6b6676b6798060b746c5fe12bd4ac6eb164025ba,query-cases,0.7480296214866169,Type-3 (Semantic)
03f4a9dda5197cc4cb6a607292078e082a209602,query-cases,8817e67f128cf451535132c3dcfcf3fab294b8a0,query-cases,0.680690275026063,Type-3 (Semantic)
03f4a9dda5197cc4cb6a607292078e082a209602,query-cases,f35362ee48ed4eac97bfd4cd7548e8bfcdbaa5ec,query-cases,0.8091661027322903,Type-3 (Semantic)
044fa1fd4171f2487c2ea21dcee29b36a8feecdc,gsd-manager,11898bdb6c582e52e530dfb85d06b519702219aa,gsd-progress,0.6983028463112835,Type-3 (Semantic)
044fa1fd4171f2487c2ea21dcee29b36a8feecdc,gsd-manager,1feaf9763f4a13f9b4d2e73365608dfad8c29ac5,gsd-remove-workspace,0.6639252775695481,Type-3 (Semantic)
044fa1fd4171f2487c2ea21dcee29b36a8feecdc,gsd-manager,2920bbf9a541b006926a59586a2bbd9068f490a6,gsd-fast,0.7137978168487584,Type-3 (Semantic)
044fa1fd4171f2487c2ea21dcee29b36a8feecdc,gsd-manager,3d2711cfcef3daf525a0f5955c1160fd7a7aaebf,gsd-set-profile,0.6806928436427684,Type-3 (Semantic)
044fa1fd4171f2487c2ea21dcee29b36a8feecdc,gsd-manager,505978d6dca58b7e88af2a494153a06b715dce12,gsd-add-phase,0.6709397468801642,Type-3 (Semantic)
044fa1fd4171f2487c2ea21dcee29b36a8feecdc,gsd-manager,5ce7b8d0b9eea8b6474b7918a4e3034844a06f5e,gsd-plan-milestone-gaps,0.686106440985771,Type-3 (Semantic)
044fa1fd4171f2487c2ea21dcee29b36a8feecdc,gsd-manager,70783474ba72fb998d0f6fa8a1ee1c01fbee1860,gsd-manager,0.6816925091673408,Type-3 (Semantic)
044fa1fd4171f2487c2ea21dcee29b36a8feecdc,gsd-manager,71498c9c1214deb2d67fb46eb7de5e8372b5663e,gsd-ui-review,0.6865424799259495,Type-3 (Semantic)
044fa1fd4171f2487c2ea21dcee29b36a8feecdc,gsd-manager,7c74edd6e432a05805c831d7c3319253e09fbc55,gsd-list-workspaces,0.6642423115087869,Type-3 (Semantic)
044fa1fd4171f2487c2ea21dcee29b36a8feecdc,gsd-manager,854ca0e3d13409f6b3370a8c78befaf2a8ebb4b4,gsd-analyze-dependencies,0.7042087141869323,Type-3 (Semantic)
044fa1fd4171f2487c2ea21dcee29b36a8feecdc,gsd-manager,887e2b823ae1d8aa492eb4ee7b75c7c4e3bbb3c9,gsd-do,0.75524390046497,Type-3 (Semantic)
044fa1fd4171f2487c2ea21dcee29b36a8feecdc,gsd-manager,95b744b94b5f3b509c796c66e553d0bc4d488e66,gsd-note,0.683564665384994,Type-3 (Semantic)
044fa1fd4171f2487c2ea21dcee29b36a8feecdc,gsd-manager,95f65bbc2440706a5a7f67aae030e8ca49ec6779,gsd-explore,0.6529522309468733,Type-3 (Semantic)
044fa1fd4171f2487c2ea21dcee29b36a8feecdc,gsd-manager,99af566bca83b35b0d92b3c1cc32e1e088d0f3d7,gsd-scan,0.6770785167362372,Type-3 (Semantic)
044fa1fd4171f2487c2ea21dcee29b36a8feecdc,gsd-manager,9a06ffb809f241d3c53ad67751f3f1235cf02ead,gsd-manager,0.881188621546023,Type-2 (Parameterized)
044fa1fd4171f2487c2ea21dcee29b36a8feecdc,gsd-manager,9dd5348296d7f4f4f8e4eddd1a894c1c1a3dc14d,gsd-next,0.6651777648191275,Type-3 (Semantic)
044fa1fd4171f2487c2ea21dcee29b36a8feecdc,gsd-manager,a37b1d07f37f3aa35472120d80d8ac5c170564a9,gsd-validate-phase,0.6755243934939631,Type-3 (Semantic)
044fa1fd4171f2487c2ea21dcee29b36a8feecdc,gsd-manager,c0756153bea3ba470086b1e36520b9fa585764c9,gsd-undo,0.683620172007279,Type-3 (Semantic)
044fa1fd4171f2487c2ea21dcee29b36a8feecdc,gsd-manager,ca32938c9e4b8a1eb467e7d409e5550bff4519a6,gsd-import,0.7332516236670585,Type-3 (Semantic)
044fa1fd4171f2487c2ea21dcee29b36a8feecdc,gsd-manager,d54ad2ce3ac99e4a54508e16bba5e79a5af56739,gsd-next,0.7605047297334334,Type-3 (Semantic)
044fa1fd4171f2487c2ea21dcee29b36a8feecdc,gsd-manager,df64d7e8e7b5ad06dbad2605bca199b3d26c00bf,gsd-remove-phase,0.68060197769758,Type-3 (Semantic)
044fa1fd4171f2487c2ea21dcee29b36a8feecdc,gsd-manager,e05217bd55fd426ee71c43c90b62253249321ae5,gsd-ui-phase,0.7063507478484718,Type-3 (Semantic)
044fa1fd4171f2487c2ea21dcee29b36a8feecdc,gsd-manager,e4b3162bb79ffc19da709f44f1f1a71548a9a271,gsd-add-tests,0.6808269020953588,Type-3 (Semantic)
044fa1fd4171f2487c2ea21dcee29b36a8feecdc,gsd-manager,f5b7f15dfce8d5dbd1ba17ce6b097d2f5f89acc1,gsd-pr-branch,0.665957326894495,Type-3 (Semantic)
044fa1fd4171f2487c2ea21dcee29b36a8feecdc,gsd-manager,fbd6f3a5aaaf67ff285b7c5499d79688fe22449c,gsd-help,0.7450214978916473,Type-3 (Semantic)
04661dd961dbad761d0da4ade38736f1820d01dc,commit,d78cc9aff6c30780afe9e994c148f2dc66aa3cc1,git-commit,0.6595472010445076,Type-3 (Semantic)
04661dd961dbad761d0da4ade38736f1820d01dc,commit,defa9a4386db329185888893abfc391df9b83dc7,commit,0.6724254649224681,Type-3 (Semantic)
04661dd961dbad761d0da4ade38736f1820d01dc,commit,ecfd70b49e19d56cdc9dcba2172c5949ce1c5864,smart-commit,0.6556986508084988,Type-3 (Semantic)
04775c0f92952ce2c7e628e450bb9eceaec36819,[Unnamed Skill],fb3edb9e103a97a9e2808f3ff4a09c623ed8c577,[Unnamed Skill],0.9965861670899263,Type-2 (Parameterized)
04a81ac0fb0633f806eea73dd60fd36d60901e17,[Unnamed Skill],305c7bcc41743195ea255abf03737865a8bb5024,karpathy-guidelines,0.7991710015043483,Type-3 (Semantic)
04a81ac0fb0633f806eea73dd60fd36d60901e17,[Unnamed Skill],5b06ea1131a9e4459485c2b886467dc10eb14d5c,karpathy-guidelines,0.8159069475369601,Type-3 (Semantic)
04b99f3c5fc1077fa4e9607c823c26283b78bfb5,stretch,77eae9088bc2373d29a1744e519ca8b02f3e6d77,stretch,0.9998149137660194,Type-2 (Parameterized)
04c9e2baeec76f7819becd8e53a64bcc0577bfac,remove-phase,0dab31b3a48ad9ee48fb7c3f309794e9f30cf4fa,add-phase,0.7412601452861728,Type-3 (Semantic)
04c9e2baeec76f7819becd8e53a64bcc0577bfac,remove-phase,d71b3b81a431a90dc22abfbe69eb1adb9440293c,insert-phase,0.6715601418422613,Type-3 (Semantic)
04c9e2baeec76f7819becd8e53a64bcc0577bfac,remove-phase,d79166d000b7f3bd95230e90c6512ce349f125e1,transition,0.653684065802849,Type-3 (Semantic)
04ef78314bbe7825474e922fa3098dc7fb1d8a8c,drogon-build,1db4d3e0f9b3fffc9c2daaee7ac8fe0f5d2ea1da,drogon-build,0.9994432866956541,Type-2 (Parameterized)
051c9dc1ceb65998cdfac1d2649b219999c67df8,release,098c4a52878affaf95a0c24d14e0a7e1cf3dd977,release,0.9987001110882961,Type-2 (Parameterized)
0523684e33f6d7f6334fd3a230e90107d457ad3e,project-settings,47bfc149d53d07e5396d722f7e4259404c4b1ce8,project-settings,1.0000000000000004,Type-2 (Parameterized)
0599dea05a33769d34de2db6f77f73507338e80b,v8-security-triaging,6e2e40f09b6c8d805f3c83da2a59feac66a329ea,v8-security-triaging,0.9631014137712718,Type-2 (Parameterized)
059c40adf0bbe5ac62738c37dd40b16ee878907d,project-setup,16786a21848e6fdeacb2eca47063ca9e513f86c7,contributing,0.7039642057433843,Type-3 (Semantic)
05d5a51925c0cef0b582ad552306e78e73ba340f,writing-game-rule-doc,665a445c96e846b9b445f55fec3b19bbbc4a3884,writing-game-rule-doc,0.970335937038845,Type-2 (Parameterized)
06298afd3f3695dd47de8e56b2e742aea031ba27,downspout-add-plugin,125063722fe096d340b57123c7b9a948d31bbc2a,downspout-release-catalog,0.6814331196469963,Type-3 (Semantic)
063fe15389de793f95bce564501f614d8351b01a,resume,575f431e0d1c3a7f8046a23d9ef5f17116884089,resume,0.9989216770682107,Type-2 (Parameterized)
0669bfd752204887bac5ede3b80fa251de44dcf2,e2e-test-s3-integrity-check,160dee8367b0f7ca9601da4989fdc966311b57ac,e2e-test-s3-full-sync,0.8145306659560617,Type-3 (Semantic)
0669bfd752204887bac5ede3b80fa251de44dcf2,e2e-test-s3-integrity-check,3807ee50d011f9ae52aad71eeedd8565336c760d,e2e-test-s3-incremental-sync,0.7704045169455864,Type-3 (Semantic)
0669bfd752204887bac5ede3b80fa251de44dcf2,e2e-test-s3-integrity-check,510a98769697baa795fa2b9061416abc8c782638,e2e-test-s3-full-scan,0.6887228268717052,Type-3 (Semantic)
0669bfd752204887bac5ede3b80fa251de44dcf2,e2e-test-s3-integrity-check,ce183dc67b097ea07048150c81e887bec44dfc91,e2e-test-nfs-to-s3-full-sync,0.6550764990436189,Type-3 (Semantic)
068a31d02d9354ace5d05559afe3521d3e6560da,[Unnamed Skill],3127452347243fcbf82e249ba4baa48875311000,[Unnamed Skill],0.9705181250602435,Type-2 (Parameterized)
06a2b49ea5e2ee19ff242c3726cb9506f912cee6,review,9268dd5a141404b62e6f56fd0e8a7f48e45ccac5,review,0.7950953410137203,Type-3 (Semantic)
06a2b49ea5e2ee19ff242c3726cb9506f912cee6,review,9d9c372668d8ff5bef26ea4475b668257b0fb112,review,0.9714294537325818,Type-2 (Parameterized)
06a2b49ea5e2ee19ff242c3726cb9506f912cee6,review,a04505843445b3e8125a52bb25af040e68dad0ea,review,0.6590178277071722,Type-3 (Semantic)
06b11b132a5ec63001e944d52201cd7865359f40,gsd-audit-milestone,3a22be77ff2eae16c4e6b59dd2d7012c0ae93b4e,gsd-complete-milestone,0.7075464046674317,Type-3 (Semantic)
06b11b132a5ec63001e944d52201cd7865359f40,gsd-audit-milestone,5ce7b8d0b9eea8b6474b7918a4e3034844a06f5e,gsd-plan-milestone-gaps,0.7822436722469298,Type-3 (Semantic)
06b11b132a5ec63001e944d52201cd7865359f40,gsd-audit-milestone,68f0827c552fd9daed79a015440319d4b407ccda,gsd-do,0.6593165240260858,Type-3 (Semantic)
06b11b132a5ec63001e944d52201cd7865359f40,gsd-audit-milestone,788b7c6228bf4792f0c16ece7b39156d690c1dd1,gsd-complete-milestone,0.6783534239254563,Type-3 (Semantic)
06b11b132a5ec63001e944d52201cd7865359f40,gsd-audit-milestone,9a06ffb809f241d3c53ad67751f3f1235cf02ead,gsd-manager,0.685816826450154,Type-3 (Semantic)
06b11b132a5ec63001e944d52201cd7865359f40,gsd-audit-milestone,9dd5348296d7f4f4f8e4eddd1a894c1c1a3dc14d,gsd-next,0.6534818181062515,Type-3 (Semantic)
06b11b132a5ec63001e944d52201cd7865359f40,gsd-audit-milestone,a0117d3d08552aca5dd93524a392dd530bc02b46,gsd-milestone-summary,0.753701056373718,Type-3 (Semantic)
06b11b132a5ec63001e944d52201cd7865359f40,gsd-audit-milestone,a3ec1b53921a3625582f608bbc1a4ffa83cd2a28,gsd-audit-fix,0.6620364254881241,Type-3 (Semantic)
06b11b132a5ec63001e944d52201cd7865359f40,gsd-audit-milestone,df38a3bf629bd6b75afb9ddb8a082bbd1a7b2ec5,gsd-audit-milestone,0.6948255695588453,Type-3 (Semantic)
06b11b132a5ec63001e944d52201cd7865359f40,gsd-audit-milestone,eb3e29a711ce92246f4b35134b165036aea9cbc5,gsd-plan-milestone-gaps,0.8382190660020563,Type-3 (Semantic)
06f9691d697f970223848b10ed86c4db3d7b32e6,finding-alpha-zero-api,62a55042f27fecd64d62a16d27327a55aa5d2d27,finding-alpha-zero-api,0.9549334840313358,Type-2 (Parameterized)
070d4b6255be99e9918c7788ba2fec93136dd97a,checkout-pr,504e5bdba4cb44b40d03dd0274eea266174688c1,checkout-pr,0.9970417755800393,Type-2 (Parameterized)
07218b585f25073ebdec5c0d8e47113e8a00545d,viewport,20d9529c33fa741244a478d6cd34cd167e4a9ec7,viewport,0.9999999999999999,Type-2 (Parameterized)
072633edd0e8cde7701f3b7960db5f4e7b963374,refactor-staff,713b2060204ae40dbd1c9fe09d9cabef101be07b,refactor-staff,0.956512088025478,Type-2 (Parameterized)
076235b1145673c4107909a1491c8d89a7432ed4,pixi-usage,eaefcea54f7b37eda4ce3eeb615cea5c8be7de3a,dart-build,0.7371999541121662,Type-3 (Semantic)
0788516f974fbc1028ae4ea5b2e1937d930a9c6d,new-milestone,8536aa7986d650db3233d94afc4061340e7d8b3c,[Unnamed Skill],0.7498668843033337,Type-3 (Semantic)
0788516f974fbc1028ae4ea5b2e1937d930a9c6d,new-milestone,f769b718b844c85f02c6218a7756ee21b3cd08b4,gsdd-new-milestone,0.6910518865145344,Type-3 (Semantic)
078e46786debba9c2ef978f8564a205df8785f0f,ci,20423e528350e114035e1cf556ffe3d8de65f67a,ci,0.993537762105593,Type-2 (Parameterized)
07afa48c2bbe6eb7a9318b2cd7687cd2357bb29f,benchmark-chonk,5864c4f0b94640e09e78bc7568922bc66bd5b4ed,benchmark-chonk,0.9627629012927198,Type-2 (Parameterized)
07bde4ccadf98bc9af9673849c015d2cdfd1c7e2,afl-sprint-planner,7560ee9eeb435eeef68191eff5c6c4dd42a30ec4,unreal-engine-expert,0.7001248810663763,Type-3 (Semantic)
07fc829c51212eb7c84eb84d95518c3c96270239,profiling,3b0c148b36b00bd176186f619bc309aaaadb71ed,profiling,0.990315460776628,Type-2 (Parameterized)
083e6fa4253a245bbfe7582b9d4f74d04b3e7d23,arch-lookup,71724370be70ef633372d243b38565036436c34d,arch-lookup,0.7093316609032461,Type-3 (Semantic)
08588b7a5b57b1e37fee20ab177f8b3f21d094ad,commit,2edd0418167691fa6d98e710dd4c9f5a8e66ea83,commit,0.8304155291343548,Type-3 (Semantic)
086590f587e459b5ccf726d770aa51398e472c4e,[Unnamed Skill],16184df7582b6b09e2a562542ecf337c9304662b,[Unnamed Skill],0.7402699683884582,Type-3 (Semantic)
086590f587e459b5ccf726d770aa51398e472c4e,[Unnamed Skill],2a6b45ef321b4ee77201eef74b2bd2f82bcc6b0e,[Unnamed Skill],0.7130641671838855,Type-3 (Semantic)
086590f587e459b5ccf726d770aa51398e472c4e,[Unnamed Skill],df7a261f6e34cd443c9203d062d478f279f57f0b,[Unnamed Skill],0.7216671540942143,Type-3 (Semantic)
0982070f08704b300c4e2aa363f3eced8102a5db,[Unnamed Skill],a837cec1004258e26b2206058b75d394ca4d6910,[Unnamed Skill],0.72338825172076,Type-3 (Semantic)
0a66871ddf24700fe4ddf4825300355f76372d10,gsd-eval-review,1f0de818f5ed322b79626bef79382e83c59d767c,gsd-stats,0.6578871182065487,Type-3 (Semantic)
0a66871ddf24700fe4ddf4825300355f76372d10,gsd-eval-review,3574acbd3a1e6f2edb425ccd66db84895a1d9de7,gsd-session-report,0.6556996225890985,Type-3 (Semantic)
0a66871ddf24700fe4ddf4825300355f76372d10,gsd-eval-review,673f4aff7866dba97194e63863716487c195d3c6,gsd-ship,0.674998337146438,Type-3 (Semantic)
0a66871ddf24700fe4ddf4825300355f76372d10,gsd-eval-review,68f0827c552fd9daed79a015440319d4b407ccda,gsd-do,0.7042558393386824,Type-3 (Semantic)
0a66871ddf24700fe4ddf4825300355f76372d10,gsd-eval-review,74d7a37b18258619764c21f653507cdf9d6f1f1e,gsd-ai-integration-phase,0.7527211387274133,Type-3 (Semantic)
0a66871ddf24700fe4ddf4825300355f76372d10,gsd-eval-review,9dd5348296d7f4f4f8e4eddd1a894c1c1a3dc14d,gsd-next,0.6660067643428608,Type-3 (Semantic)
0a66871ddf24700fe4ddf4825300355f76372d10,gsd-eval-review,9f30f964e95f66e21fd81695e280a1390f862522,gsd-note,0.66865253972029,Type-3 (Semantic)
0a66871ddf24700fe4ddf4825300355f76372d10,gsd-eval-review,9f97bf68b80437eb1b3a350a3c485cb55adeff36,gsd-add-tests,0.6655207871620441,Type-3 (Semantic)
0a66871ddf24700fe4ddf4825300355f76372d10,gsd-eval-review,b910ddea4125cefecb0fe5f4a82dccb67aab710e,gsd-secure-phase,0.6742851959953562,Type-3 (Semantic)
0a66871ddf24700fe4ddf4825300355f76372d10,gsd-eval-review,e0cb38f75cc612f426e3d529f0ae5f2ce84a7a47,gsd-ui-review,0.7396299441120545,Type-3 (Semantic)
0a66871ddf24700fe4ddf4825300355f76372d10,gsd-eval-review,fde329f787012dc3d36f728189d3c5894375284d,gsd-ui-phase,0.6805368377369669,Type-3 (Semantic)
0a8d05c77b49980b8d192c6cc6dd6f9f491df8df,skill_test,303bc979bb2e8af2aef93046b16b1240c3e49604,skill_ship,0.6772017373767667,Type-3 (Semantic)
0a8d05c77b49980b8d192c6cc6dd6f9f491df8df,skill_test,3a5c8336fb4c6c0ca5eca1af892b9f4897a23aa3,skill_plan,0.7300374025831745,Type-3 (Semantic)
0a8d05c77b49980b8d192c6cc6dd6f9f491df8df,skill_test,4011d88c656bc6011c1691c8b223cfa88ce62c89,plan,0.663383016973732,Type-3 (Semantic)
0a8d05c77b49980b8d192c6cc6dd6f9f491df8df,skill_test,83361ca183e4c6ed55df9bbbf7b155e0ecc28717,skill_docs,0.7174973365117606,Type-3 (Semantic)
0a8d05c77b49980b8d192c6cc6dd6f9f491df8df,skill_test,88c3327286e39d84fdb871ab90be3084f9aa34e8,test,0.8014584036687551,Type-3 (Semantic)
0a8d05c77b49980b8d192c6cc6dd6f9f491df8df,skill_test,9066a45cb54c738ff9ef3db556d1c6eb0d357eaf,skill_debug,0.7324505124300238,Type-3 (Semantic)
0a8d05c77b49980b8d192c6cc6dd6f9f491df8df,skill_test,bca1b2c60c71238981ee5a694ba1770ecd7ea282,skill_impl,0.6993239320385182,Type-3 (Semantic)
0aa3419e4012305a0aef0942823c96b4b5a5d86d,bump-rev-build,3f06096ddcceca32f05d4c1dfe3e236e5bec28da,bump-build,0.8351782950586493,Type-3 (Semantic)
0ab45c4cabd7b396158d4340a4fb2e2ddc098e12,[Unnamed Skill],da3f0beb95699eed52225da821568f7d99a95c6a,[Unnamed Skill],0.670667286596273,Type-3 (Semantic)
0af6383bbf0af5358f9f5fa2231615ddac27a507,mylite-work-hard,ca7af67065ef1ea29e72245be565f09496ec33e9,mylite-review-slice,0.6551356559329795,Type-3 (Semantic)
0b1cdd1df90e6487cea19534636cf4302f4119e1,engine,ef6451239a37afbcba44a32d1e5895c0ef537705,engine,0.9998776996442331,Type-2 (Parameterized)
0bbaf533f7cd7f70446eb3b38fad44d704660972,pm-init,2d0fd07bb5e2d10dfa5d38dd869729bab0107d1d,pm-validate,0.7116330118336914,Type-3 (Semantic)
0bbaf533f7cd7f70446eb3b38fad44d704660972,pm-init,2e34fe946e9d707ca2dc54cc73154319752ae522,pm-reflect,0.6528423254471547,Type-3 (Semantic)
0bbaf533f7cd7f70446eb3b38fad44d704660972,pm-init,90c6dd92fda1c97978de0d0c120c3db5034e99c1,pm-load,0.6945825203482866,Type-3 (Semantic)
0bbaf533f7cd7f70446eb3b38fad44d704660972,pm-init,9c3a3f3f079d1007bcfd192888c719019a6b1cff,pm-update,0.7291423126656466,Type-3 (Semantic)
0bbaf533f7cd7f70446eb3b38fad44d704660972,pm-init,d75b57219401fdad0d38318f16a1a7cc0f95724e,pm-validate,0.7185326592650008,Type-3 (Semantic)
0bc59961fb87af0c4d1dac6b844c8129935faeb5,unit-test-implementation,da1c1eab66f735451755491240b66b4116919775,unit-test-implementation,0.9713426468014386,Type-2 (Parameterized)
0c0971e98ada665e88941b3cc07354bb03370fad,ipc-robotics-orchestrator,0c09c08263985f147a1b893c9d2576545dfd662f,ipc-robotics-phase-a,0.7617708889570411,Type-3 (Semantic)
0c0971e98ada665e88941b3cc07354bb03370fad,ipc-robotics-orchestrator,7e56316a1decc4bb2026d9b97a953cdad6d762b5,ipc-robotics-phase-f,0.6953235171642735,Type-3 (Semantic)
0c0971e98ada665e88941b3cc07354bb03370fad,ipc-robotics-orchestrator,fe23614ee76662bc78a477b27b353fb729cf68b3,ipc-robotics-phase-e,0.7638708579146893,Type-3 (Semantic)
0c09c08263985f147a1b893c9d2576545dfd662f,ipc-robotics-phase-a,fe23614ee76662bc78a477b27b353fb729cf68b3,ipc-robotics-phase-e,0.656794208676929,Type-3 (Semantic)
0cba423d61de2e688adf7f03bb85846f1abce640,audio-harness,1d01553d934b21728d916205af7121e22181933b,audio-harness,0.9276963780059945,Type-2 (Parameterized)
0cc3da1b29cde5bb03532cdb68dee672ea67e194,upgrade-duckdb-extension,2eaf288b8b73e7dd431f7828a7cd5fe48a2c352a,upgrade-duckdb-extension,0.8842579216708214,Type-2 (Parameterized)
0cc3da1b29cde5bb03532cdb68dee672ea67e194,upgrade-duckdb-extension,4005e4235cf0f712483e09c54219d48afdca5b89,upgrade-duckdb-extension,0.9564517610870956,Type-2 (Parameterized)
0cc3da1b29cde5bb03532cdb68dee672ea67e194,upgrade-duckdb-extension,464791b5b5353222ca65f812a3988bfc2822d09d,upgrade-duckdb-extension,0.854705517654348,Type-2 (Parameterized)
0cc3da1b29cde5bb03532cdb68dee672ea67e194,upgrade-duckdb-extension,56c739909143440d4925b3c2f09ef45ab9f09b7b,upgrade-duckdb-extension,0.8842579216708214,Type-2 (Parameterized)
0cc3da1b29cde5bb03532cdb68dee672ea67e194,upgrade-duckdb-extension,873baf315e52caff96b7b6678167f93384213b68,upgrade-duckdb-extension,0.9494764947253833,Type-2 (Parameterized)
0cc3da1b29cde5bb03532cdb68dee672ea67e194,upgrade-duckdb-extension,9f593efc47863229e1a53e440a8eca8f00937009,upgrade-duckdb-extension,0.944082198350097,Type-2 (Parameterized)
0cc3da1b29cde5bb03532cdb68dee672ea67e194,upgrade-duckdb-extension,fa275edcf3232c2e10e2f17c0d3ec0abaf72e711,upgrade-duckdb-extension,0.7805183634223773,Type-3 (Semantic)
0cf0a7579a047dc90c0cdcc106e6fd4607a925e8,[Unnamed Skill],21ad3f78ce80360bfdcbd73b2c26a01ce68b6b6d,grilled-me,0.9851094888983625,Type-2 (Parameterized)
0cf0a7579a047dc90c0cdcc106e6fd4607a925e8,[Unnamed Skill],85cea11f871f8ca223ecf919028f65cf67afb69f,grilled-me,0.7355798611814277,Type-3 (Semantic)
0d384e1dbd5337fbb695cfa3d7bb53e2ebbca0eb,smsim-pdc-track-reco,8517aa8ac0c906dd7e81dbcea719f7b98177d908,smsim-pdc-momentum-reco,0.801354740373281,Type-3 (Semantic)
0d384e1dbd5337fbb695cfa3d7bb53e2ebbca0eb,smsim-pdc-track-reco,93f2c971efdde5d4e2b8de18e685b609bcb892be,smsim-pdc-target-reco-overview,0.7497660265194097,Type-3 (Semantic)
0d5855ec2274e9639410bf28ed6d53c86a54603c,mitai-ai-assignment-report,85c6f67ab03b6784019297b4df0a0e434dfd2512,mitai-ai-engine,0.7379026765392721,Type-3 (Semantic)
0dab31b3a48ad9ee48fb7c3f309794e9f30cf4fa,add-phase,d71b3b81a431a90dc22abfbe69eb1adb9440293c,insert-phase,0.7768188126509361,Type-3 (Semantic)
0dab31b3a48ad9ee48fb7c3f309794e9f30cf4fa,add-phase,d79166d000b7f3bd95230e90c6512ce349f125e1,transition,0.6652134412762795,Type-3 (Semantic)
0dab31b3a48ad9ee48fb7c3f309794e9f30cf4fa,add-phase,e3a8b01244a2ddfd79070f91d0d8a87978957d1f,progress,0.7073499897155026,Type-3 (Semantic)
0db954d06a90f0ccef29a77ddeb12775d14ad052,[Unnamed Skill],28d182df828168ec312226be1153e92420ad221c,[Unnamed Skill],0.6608157895034188,Type-3 (Semantic)
0dde36e1daaf06acef2bfad58c3e9d3e156cb7c2,speckit-architecture-guard-governed-implement,322e11dab076f0f102ad1f1548963dcc2fa79951,speckit-architecture-guard-governed-tasks,0.8588259158150603,Type-2 (Parameterized)
0dde36e1daaf06acef2bfad58c3e9d3e156cb7c2,speckit-architecture-guard-governed-implement,5b9586b1a9eecc210994c88b88e692d31cfd6a9a,speckit-architecture-guard-architecture-workflow,0.7946939471660024,Type-3 (Semantic)
0dde36e1daaf06acef2bfad58c3e9d3e156cb7c2,speckit-architecture-guard-governed-implement,94c7df1224a8698205cb0dd42205b823c0eccf23,speckit-architecture-guard-architecture-verify,0.6817707268034784,Type-3 (Semantic)
0dde36e1daaf06acef2bfad58c3e9d3e156cb7c2,speckit-architecture-guard-governed-implement,9d903a3f5d88ff0082dc0875fe947c58f617b649,speckit-architecture-guard-governed-plan,0.8432160835902025,Type-3 (Semantic)
0e129c0b4938f1c3c7f8f1098242bf94946e6b98,vss-generate-video-calibration,9073214f9dd811ee853324ac034cb3b156db8ebb,amc-run-video-calibration,0.7993746214882969,Type-3 (Semantic)
0e2d0dc6cdf10c7e49ba0c902c28c2b4ed17ad41,blueprints,491d7788d88b92d231bfc427805c3e420b3e829d,blueprints,0.9892536665980496,Type-2 (Parameterized)
0e4ae5d292ad5885af3e34aac54cbd201aa56e43,fix,f70698fa5ea38ac13182b27054b6fdfb7abe66ad,fix,0.9467141751070374,Type-2 (Parameterized)
0ef0f2ebb387532cb3d4347d4b5de61e1b62f7bd,[Unnamed Skill],da2ea4fd3c48bf13d1e9ce5ccb0b2ed1caeaa9b4,dmir-compiler-analysis,0.8532826602199484,Type-2 (Parameterized)
0f02313881199fe04083776a9464949243a9d006,gsd-remove-workspace,1429259c904fd5a0d93e382992efd911395b0770,gsd-fast,0.6500784880124676,Type-3 (Semantic)
0f02313881199fe04083776a9464949243a9d006,gsd-remove-workspace,5f1d67c71ef6a7f284e681d02293dfc7696271ad,gsd-help,0.688704630858119,Type-3 (Semantic)
0f02313881199fe04083776a9464949243a9d006,gsd-remove-workspace,649bb0506c5d85cc5f6229cf9ca45849470ecd24,gsd-health,0.6589549598131968,Type-3 (Semantic)
0f02313881199fe04083776a9464949243a9d006,gsd-remove-workspace,94e5ad2c35cee517f4e993d5bcdefde8cfd42679,gsd-note,0.6565410435042868,Type-3 (Semantic)
0f02313881199fe04083776a9464949243a9d006,gsd-remove-workspace,9e0cdf474d053c1b6524b2dcefffcba426c7eb4c,gsd-list-workspaces,0.6707045969280364,Type-3 (Semantic)
0f02313881199fe04083776a9464949243a9d006,gsd-remove-workspace,aa91dec5dd4fa33c6732ef390b10178286067b17,gsd-ui-review,0.6564280378065859,Type-3 (Semantic)
0f02313881199fe04083776a9464949243a9d006,gsd-remove-workspace,bc16dc87b16ef57ec869fef32dad93a036a6c448,gsd-do,0.7060443638313524,Type-3 (Semantic)
0f02313881199fe04083776a9464949243a9d006,gsd-remove-workspace,cba8c3c9cfc5849dfbe9823ecd4a554cb8aa6c52,gsd-new-workspace,0.7754238673605898,Type-3 (Semantic)
0f1c101ff835d46b0f66c056cc1d9bcadd65e82d,python-bindings,f45accda12a2ac47a1350a5852a31d46e89b8b53,python-bindings,0.9874339285011429,Type-2 (Parameterized)
0f2ed9567873fd9f1e8612b370892cf353fe521d,ipo-report,5c5e30bc683af9d45903948701072035c28082e6,IPO Manager,0.7814789615535821,Type-3 (Semantic)
0f394833185e3cb82c699fe5c114add30d400b04,commit,defa9a4386db329185888893abfc391df9b83dc7,commit,0.705504240485646,Type-3 (Semantic)
0f48e0af6b4a8f8c6a8c66e6ba91341417fe62a5,decision-check,e3681fd20c6567a93366611c049c71d35738807d,idea-to-ticket,0.6517649969622868,Type-3 (Semantic)
0f66d951b0a6f5b93d2023c85e1ba1981517bbe9,video-proof,22b7e04565d209924f28bbfb9427389581470dca,video-proof,0.9986459260607947,Type-2 (Parameterized)
0fe06766406cd6efc42b241c0421db588faecc5f,execute-blocks,bd095dbb88b705b652ba74331173c4f3a4eac97b,fetch-blocks,0.7351127247059333,Type-3 (Semantic)
101a8c7f2dbb1c476ff500fb778851fabd6c1341,ai-agent-maintenance,40856adc3af83b0a23de8d80175e992a423e8dba,ai-agent-maintenance,0.9394890607809868,Type-2 (Parameterized)
101a8c7f2dbb1c476ff500fb778851fabd6c1341,ai-agent-maintenance,6d03c640f442b2700b613830b4207f44f77fbb5c,ai-agent-maintenance,0.9113522939698064,Type-2 (Parameterized)
101a8c7f2dbb1c476ff500fb778851fabd6c1341,ai-agent-maintenance,d75f980c7f4020a3db0a30ed2eaacb1e8b6f819d,ai-agent-maintenance,0.9138873026303677,Type-2 (Parameterized)
102e994431875fe323d91695d4b5c80a06cfa519,create-worktree,7e20fc7b9e9263ae7ddd875688f6d979e90794bc,create-worktree,0.9887318109086916,Type-2 (Parameterized)
102e994431875fe323d91695d4b5c80a06cfa519,create-worktree,fb1d082e7481b3ef5a46cd131f183a1538050a3e,create-worktree,0.8712758205059196,Type-2 (Parameterized)
106f1c87eadb1cd17504136b812232bbe74b5689,[Unnamed Skill],1a97e96dd464f972a2ecf82e8e82857f210f607d,[Unnamed Skill],0.6532890073264925,Type-3 (Semantic)
106f1c87eadb1cd17504136b812232bbe74b5689,[Unnamed Skill],28d182df828168ec312226be1153e92420ad221c,[Unnamed Skill],0.660247139229823,Type-3 (Semantic)
10cff5028a8fe3a99b7f472d2237a9fd965d0563,gateway-dialyzer,ce7f42284244b4aebee5424d4f439ae2d670416e,gateway-dialyzer,0.9982548110496655,Type-2 (Parameterized)
1142b8f830826f71c174b21cf699693b230969da,gsd-progress,1429259c904fd5a0d93e382992efd911395b0770,gsd-fast,0.7002942348786545,Type-3 (Semantic)
1142b8f830826f71c174b21cf699693b230969da,gsd-progress,5d6b0519ff57fa044804d110deefb06874107d62,gsd-scan,0.6655690591841568,Type-3 (Semantic)
1142b8f830826f71c174b21cf699693b230969da,gsd-progress,5f1d67c71ef6a7f284e681d02293dfc7696271ad,gsd-help,0.7243608203781127,Type-3 (Semantic)
1142b8f830826f71c174b21cf699693b230969da,gsd-progress,649bb0506c5d85cc5f6229cf9ca45849470ecd24,gsd-health,0.7081155896517499,Type-3 (Semantic)
1142b8f830826f71c174b21cf699693b230969da,gsd-progress,70dcd2059174ac083a606b17849a53d0639c0cbe,gsd-undo,0.6547956561760744,Type-3 (Semantic)
1142b8f830826f71c174b21cf699693b230969da,gsd-progress,8d0ca740c7a3f8e235975a386808c9bb4d788dd5,gsd-next,0.6650655265596533,Type-3 (Semantic)
1142b8f830826f71c174b21cf699693b230969da,gsd-progress,94e5ad2c35cee517f4e993d5bcdefde8cfd42679,gsd-note,0.6796738067257765,Type-3 (Semantic)
1142b8f830826f71c174b21cf699693b230969da,gsd-progress,a9d429bdb0a302a71d98cdb956e0a4eaf2010054,gsd-ship,0.6862161863712031,Type-3 (Semantic)
1142b8f830826f71c174b21cf699693b230969da,gsd-progress,aa91dec5dd4fa33c6732ef390b10178286067b17,gsd-ui-review,0.6756137423717546,Type-3 (Semantic)
1142b8f830826f71c174b21cf699693b230969da,gsd-progress,b7eb3dfbb46ebabe581de6dc9c4d360da7b8c8f3,gsd-validate-phase,0.6508176625803916,Type-3 (Semantic)
1142b8f830826f71c174b21cf699693b230969da,gsd-progress,bc16dc87b16ef57ec869fef32dad93a036a6c448,gsd-do,0.7350331657802558,Type-3 (Semantic)
1142b8f830826f71c174b21cf699693b230969da,gsd-progress,f1735a4ad6f7d4b7097fee36fce69f5f67d43d1c,gsd-pr-branch,0.6512500981699789,Type-3 (Semantic)
1142b8f830826f71c174b21cf699693b230969da,gsd-progress,f9e4e3f9762bf6b022e1854f81207c5ffaf372d2,gsd-stats,0.716832375600048,Type-3 (Semantic)
116e0f0a4fc70b004c995c40c8efe34bbcbac992,project-doc-state-resolver,445be2f0b8fd8594cebdcd423bf85d7b12d4cb48,slice-doc-state-resolver,0.9069568346548572,Type-2 (Parameterized)
11898bdb6c582e52e530dfb85d06b519702219aa,gsd-progress,1756c7b7987e6d39cebe9cf9bb53fa79833b971a,gsd-set-profile,0.7098412103207072,Type-3 (Semantic)
11898bdb6c582e52e530dfb85d06b519702219aa,gsd-progress,1f0de818f5ed322b79626bef79382e83c59d767c,gsd-stats,0.6904989043846566,Type-3 (Semantic)
11898bdb6c582e52e530dfb85d06b519702219aa,gsd-progress,1feaf9763f4a13f9b4d2e73365608dfad8c29ac5,gsd-remove-workspace,0.7065738848367417,Type-3 (Semantic)
11898bdb6c582e52e530dfb85d06b519702219aa,gsd-progress,28fb7e3946ef09c69a2f6ce83f45caa036c137ca,gsd-settings,0.6633273141781658,Type-3 (Semantic)
11898bdb6c582e52e530dfb85d06b519702219aa,gsd-progress,2920bbf9a541b006926a59586a2bbd9068f490a6,gsd-fast,0.7699034170666379,Type-3 (Semantic)
11898bdb6c582e52e530dfb85d06b519702219aa,gsd-progress,3574acbd3a1e6f2edb425ccd66db84895a1d9de7,gsd-session-report,0.6691739406074347,Type-3 (Semantic)
11898bdb6c582e52e530dfb85d06b519702219aa,gsd-progress,3d2711cfcef3daf525a0f5955c1160fd7a7aaebf,gsd-set-profile,0.7430464595323317,Type-3 (Semantic)
11898bdb6c582e52e530dfb85d06b519702219aa,gsd-progress,558de69e2a64c953b2de1a1d85ed17f38a9df3a0,gsd-secure-phase,0.6704234583542944,Type-3 (Semantic)
11898bdb6c582e52e530dfb85d06b519702219aa,gsd-progress,5ba38ef663a5df1775ec48328387af3566ff8b7e,gsd-review,0.6611012575558117,Type-3 (Semantic)
11898bdb6c582e52e530dfb85d06b519702219aa,gsd-progress,673f4aff7866dba97194e63863716487c195d3c6,gsd-ship,0.6840906600789339,Type-3 (Semantic)
11898bdb6c582e52e530dfb85d06b519702219aa,gsd-progress,68f0827c552fd9daed79a015440319d4b407ccda,gsd-do,0.6953659072335249,Type-3 (Semantic)
11898bdb6c582e52e530dfb85d06b519702219aa,gsd-progress,71498c9c1214deb2d67fb46eb7de5e8372b5663e,gsd-ui-review,0.7232668962555072,Type-3 (Semantic)
11898bdb6c582e52e530dfb85d06b519702219aa,gsd-progress,7c74edd6e432a05805c831d7c3319253e09fbc55,gsd-list-workspaces,0.6980920863222088,Type-3 (Semantic)
11898bdb6c582e52e530dfb85d06b519702219aa,gsd-progress,82cf0b25e5d7be32b983db21da59c499c54663fc,gsd-scan,0.6671057690459506,Type-3 (Semantic)
11898bdb6c582e52e530dfb85d06b519702219aa,gsd-progress,854ca0e3d13409f6b3370a8c78befaf2a8ebb4b4,gsd-analyze-dependencies,0.6725297823121599,Type-3 (Semantic)
11898bdb6c582e52e530dfb85d06b519702219aa,gsd-progress,887e2b823ae1d8aa492eb4ee7b75c7c4e3bbb3c9,gsd-do,0.8031189043909789,Type-3 (Semantic)
11898bdb6c582e52e530dfb85d06b519702219aa,gsd-progress,95b744b94b5f3b509c796c66e553d0bc4d488e66,gsd-note,0.7334454984703216,Type-3 (Semantic)
11898bdb6c582e52e530dfb85d06b519702219aa,gsd-progress,95f65bbc2440706a5a7f67aae030e8ca49ec6779,gsd-explore,0.7058268210831709,Type-3 (Semantic)
11898bdb6c582e52e530dfb85d06b519702219aa,gsd-progress,99af566bca83b35b0d92b3c1cc32e1e088d0f3d7,gsd-scan,0.7344756675542224,Type-3 (Semantic)
11898bdb6c582e52e530dfb85d06b519702219aa,gsd-progress,9dd5348296d7f4f4f8e4eddd1a894c1c1a3dc14d,gsd-next,0.6852701190119034,Type-3 (Semantic)
11898bdb6c582e52e530dfb85d06b519702219aa,gsd-progress,a37b1d07f37f3aa35472120d80d8ac5c170564a9,gsd-validate-phase,0.7059596375038402,Type-3 (Semantic)
11898bdb6c582e52e530dfb85d06b519702219aa,gsd-progress,a8e07a19e59499a2f7248022aa129cccadfc285f,gsd-add-todo,0.6596252446088179,Type-3 (Semantic)
11898bdb6c582e52e530dfb85d06b519702219aa,gsd-progress,c0756153bea3ba470086b1e36520b9fa585764c9,gsd-undo,0.7097984796547192,Type-3 (Semantic)
11898bdb6c582e52e530dfb85d06b519702219aa,gsd-progress,ca32938c9e4b8a1eb467e7d409e5550bff4519a6,gsd-import,0.7839494482758466,Type-3 (Semantic)
11898bdb6c582e52e530dfb85d06b519702219aa,gsd-progress,d54ad2ce3ac99e4a54508e16bba5e79a5af56739,gsd-next,0.8068405908650631,Type-3 (Semantic)
11898bdb6c582e52e530dfb85d06b519702219aa,gsd-progress,df64d7e8e7b5ad06dbad2605bca199b3d26c00bf,gsd-remove-phase,0.6574371655440175,Type-3 (Semantic)
11898bdb6c582e52e530dfb85d06b519702219aa,gsd-progress,e05217bd55fd426ee71c43c90b62253249321ae5,gsd-ui-phase,0.7032187406949125,Type-3 (Semantic)
11898bdb6c582e52e530dfb85d06b519702219aa,gsd-progress,e4b3162bb79ffc19da709f44f1f1a71548a9a271,gsd-add-tests,0.717194848554201,Type-3 (Semantic)
11898bdb6c582e52e530dfb85d06b519702219aa,gsd-progress,f5b7f15dfce8d5dbd1ba17ce6b097d2f5f89acc1,gsd-pr-branch,0.7162021079656468,Type-3 (Semantic)
11898bdb6c582e52e530dfb85d06b519702219aa,gsd-progress,fbd6f3a5aaaf67ff285b7c5499d79688fe22449c,gsd-help,0.7962770232208146,Type-3 (Semantic)
118acaba0e2a15c75750a5499d719ea432c9a467,pr-review,f411a45655844ab5902c5f52f49641cc2023db96,review-all,0.8323074848088924,Type-3 (Semantic)
11b44402bf02ec0a76f50f57d7268985b9fe3212,carts-check-utils,167dcddab1b431fedd52f720ffb98a92c80cb0b2,carts-refactor-utils,0.7294497069609097,Type-3 (Semantic)
11b44402bf02ec0a76f50f57d7268985b9fe3212,carts-check-utils,3f93b7baf27952913ecb26190b540dbc49d2286b,carts-session-start,0.748782312911919,Type-3 (Semantic)
11b44402bf02ec0a76f50f57d7268985b9fe3212,carts-check-utils,418e644e8ddc952451f217b84fbc3c117705c28f,[Unnamed Skill],0.6928514118487299,Type-3 (Semantic)
11b44402bf02ec0a76f50f57d7268985b9fe3212,carts-check-utils,82f6e57e570328915e4ec28f7d7ff8307c1dc643,carts-pass-dev,0.7361105980934235,Type-3 (Semantic)
11b44402bf02ec0a76f50f57d7268985b9fe3212,carts-check-utils,c7088d68f9ce5554a5033684ef068cab704069d9,carts-include-tier,0.6782935968987386,Type-3 (Semantic)
11b44402bf02ec0a76f50f57d7268985b9fe3212,carts-check-utils,e5023034813c716a6b6ee848199d87211889613c,carts-find-utils,0.7792628738148648,Type-3 (Semantic)
11b50f482969de7f2f475d8fcd9b71f6b9c1f483,mycc,2078321ca408b0ec45433a38e3a657172c0f2f1e,mycc,0.82280855671388,Type-3 (Semantic)
1216253a61372eeb6b1c7d588c88b36477554aa4,screenshot,aa845572b42475066bcf6bbd4b622697deec75ca,screenshot,0.9552598078577241,Type-2 (Parameterized)
121bbdceb0de35715322b784699450e37d343157,critique,3315a9bf9a2d37f92ebb2b6e2fa9dba9f5dc129b,critique,0.9983739123794133,Type-2 (Parameterized)
1269b4e238bad8cc970d0884342db92ee40902e8,carts-skill-maintenance,167dcddab1b431fedd52f720ffb98a92c80cb0b2,carts-refactor-utils,0.6540673086375782,Type-3 (Semantic)
1269b4e238bad8cc970d0884342db92ee40902e8,carts-skill-maintenance,3f93b7baf27952913ecb26190b540dbc49d2286b,carts-session-start,0.7342309850481812,Type-3 (Semantic)
1269b4e238bad8cc970d0884342db92ee40902e8,carts-skill-maintenance,46435680d47ae834a655ef8191ba0b05a762cb3a,carts-local-examples,0.6954581148005922,Type-3 (Semantic)
1269b4e238bad8cc970d0884342db92ee40902e8,carts-skill-maintenance,7a1557ef4a218ef06f12fabe039354898f6ee3b3,carts-cli,0.7844626753504417,Type-3 (Semantic)
1269b4e238bad8cc970d0884342db92ee40902e8,carts-skill-maintenance,b40d24cc478b14750a85f942592a8019e43d323f,carts-test,0.6678455217265945,Type-3 (Semantic)
1269b4e238bad8cc970d0884342db92ee40902e8,carts-skill-maintenance,b910c36e58ca5258bc01e89e1c74dfc27591af37,carts-commit,0.7328507921367853,Type-3 (Semantic)
1269b4e238bad8cc970d0884342db92ee40902e8,carts-skill-maintenance,d19469711ed815fc2850521f6efa9cede77e98d8,carts-agentic-development,0.6712659390078226,Type-3 (Semantic)
1269b4e238bad8cc970d0884342db92ee40902e8,carts-skill-maintenance,e5023034813c716a6b6ee848199d87211889613c,carts-find-utils,0.6962108723080734,Type-3 (Semantic)
1269b4e238bad8cc970d0884342db92ee40902e8,carts-skill-maintenance,fe5ba1eed9193de032f8e013be6f0f416106ec92,carts-debug,0.7487435432718532,Type-3 (Semantic)
128a7167c3dd8488cb4cd247b7d9244166f63c1b,gsd-milestone-summary,38530741074d430bb8bfb9f3079f8bfb4f1ab347,gsd-complete-milestone,0.7145553621605948,Type-3 (Semantic)
128a7167c3dd8488cb4cd247b7d9244166f63c1b,gsd-milestone-summary,3a22be77ff2eae16c4e6b59dd2d7012c0ae93b4e,gsd-complete-milestone,0.6504211521491495,Type-3 (Semantic)
128a7167c3dd8488cb4cd247b7d9244166f63c1b,gsd-milestone-summary,788b7c6228bf4792f0c16ece7b39156d690c1dd1,gsd-complete-milestone,0.653102449295673,Type-3 (Semantic)
128a7167c3dd8488cb4cd247b7d9244166f63c1b,gsd-milestone-summary,930015f19994be9fa31b7e6e1e22da1c66f63f27,gsd-new-milestone,0.7090772128699905,Type-3 (Semantic)
128a7167c3dd8488cb4cd247b7d9244166f63c1b,gsd-milestone-summary,a0117d3d08552aca5dd93524a392dd530bc02b46,gsd-milestone-summary,0.8039837590991376,Type-3 (Semantic)
128a7167c3dd8488cb4cd247b7d9244166f63c1b,gsd-milestone-summary,df38a3bf629bd6b75afb9ddb8a082bbd1a7b2ec5,gsd-audit-milestone,0.7020998315557767,Type-3 (Semantic)
12dfe505c6c0a40097cbee45e943497e5caa1191,carts-build,24548ac00da41f46715632cac34ecf0030c7e356,carts-multinode-examples,0.6829819523662032,Type-3 (Semantic)
12dfe505c6c0a40097cbee45e943497e5caa1191,carts-build,430c81f6b40dc746068693b3300661dd47f15bea,carts-runtime-triage,0.7437623619820671,Type-3 (Semantic)
12dfe505c6c0a40097cbee45e943497e5caa1191,carts-build,7a1557ef4a218ef06f12fabe039354898f6ee3b3,carts-cli,0.752839771830427,Type-3 (Semantic)
12dfe505c6c0a40097cbee45e943497e5caa1191,carts-build,b40d24cc478b14750a85f942592a8019e43d323f,carts-test,0.7427919532115077,Type-3 (Semantic)
12dfe505c6c0a40097cbee45e943497e5caa1191,carts-build,c7f065855ffdec69f49aec942f4c8bb67991a5b2,carts-benchmark-triage,0.6924145539279638,Type-3 (Semantic)
12dfe505c6c0a40097cbee45e943497e5caa1191,carts-build,fe5ba1eed9193de032f8e013be6f0f416106ec92,carts-debug,0.713959950665954,Type-3 (Semantic)
12e08f31948e93a2e71e4b9d82ab48a4affe3231,carts-create-test,b40d24cc478b14750a85f942592a8019e43d323f,carts-test,0.6567021045287608,Type-3 (Semantic)
132fc3ffb2e591a6ec7678484d15efa395366efa,[Unnamed Skill],8694f9b447ad1867e02a575d4cc53d763dc95054,[Unnamed Skill],0.9921056826451464,Type-2 (Parameterized)
132fc3ffb2e591a6ec7678484d15efa395366efa,[Unnamed Skill],984bedabc10dfe9a7cbe4769d7edaea336e7f6d4,[Unnamed Skill],0.9921056826451464,Type-2 (Parameterized)
132fc3ffb2e591a6ec7678484d15efa395366efa,[Unnamed Skill],a408a249af85f9c724d2c3aa2afb6e8e28f9ade0,[Unnamed Skill],0.9921056826451464,Type-2 (Parameterized)
132fc3ffb2e591a6ec7678484d15efa395366efa,[Unnamed Skill],b23d3e2c1e702a577994034c7bbdc469ffd0afab,[Unnamed Skill],0.9924375777178921,Type-2 (Parameterized)
132fc3ffb2e591a6ec7678484d15efa395366efa,[Unnamed Skill],ffbb6d38cf981dd51a0221e8e60a430f86b8e739,[Unnamed Skill],0.9921056826451464,Type-2 (Parameterized)
1332a9d9a58bf6430ea46780613292cc4f7b47a3,[Unnamed Skill],2c9142d768252e3e40d166d622158fcf29a0edd1,[Unnamed Skill],0.9969781611057832,Type-2 (Parameterized)
13534af39416731bb84d4372c5507382cedb1eab,resolve-pr-conflicts,fd911b40d3182f9d640f4910d8bf62ca8f274ad9,pr-sync,0.6983712225110479,Type-3 (Semantic)
138aecab44c6ca4af3a3a2cc17fd777429b48dd5,e2e-test-nfs-v3-incremental-sync,4c0d159745d60831fcc5393b0cc1971c2f5c5842,e2e-test-nfs-v3-integrity-check,0.7045658133331277,Type-3 (Semantic)
138aecab44c6ca4af3a3a2cc17fd777429b48dd5,e2e-test-nfs-v3-incremental-sync,740d7e91e9505afd26c71f51426e719a42dcbc88,e2e-test-nfs-v3-incremental-scan,0.6949185691113713,Type-3 (Semantic)
138aecab44c6ca4af3a3a2cc17fd777429b48dd5,e2e-test-nfs-v3-incremental-sync,d7f1f195e121adf86ab921a852080247a1663dab,e2e-test-nfs-v3-full-sync,0.8081978265133579,Type-3 (Semantic)
139451eed5db6230b0879a817068a6bc63835660,single-developer-recovery,7047c8ae0fc30b0d768620de7dafe0cbdb94a204,single-developer-recovery,0.8784038801114348,Type-2 (Parameterized)
13ce9b1beebcf12b51dc59a1b41a46ffb82166e9,ascendc-env-check,e3d4513a70a620946a7769f37984bc460752293f,ascendc-env-check,0.8872151457127182,Type-2 (Parameterized)
1429259c904fd5a0d93e382992efd911395b0770,gsd-fast,2806100eb4e9daa70fbf534797947a30310120fe,gsd-cleanup,0.6512659362835397,Type-3 (Semantic)
1429259c904fd5a0d93e382992efd911395b0770,gsd-fast,5c25e8ecf400ae6104ec47289ab27e6dfb3b6e68,gsd-settings,0.6668828393860137,Type-3 (Semantic)
1429259c904fd5a0d93e382992efd911395b0770,gsd-fast,5d6b0519ff57fa044804d110deefb06874107d62,gsd-scan,0.7068586195608341,Type-3 (Semantic)
1429259c904fd5a0d93e382992efd911395b0770,gsd-fast,5f1d67c71ef6a7f284e681d02293dfc7696271ad,gsd-help,0.7745449291831986,Type-3 (Semantic)
1429259c904fd5a0d93e382992efd911395b0770,gsd-fast,649bb0506c5d85cc5f6229cf9ca45849470ecd24,gsd-health,0.729152115608807,Type-3 (Semantic)
1429259c904fd5a0d93e382992efd911395b0770,gsd-fast,70783474ba72fb998d0f6fa8a1ee1c01fbee1860,gsd-manager,0.6514541552523958,Type-3 (Semantic)
1429259c904fd5a0d93e382992efd911395b0770,gsd-fast,70dcd2059174ac083a606b17849a53d0639c0cbe,gsd-undo,0.6695910608755454,Type-3 (Semantic)
1429259c904fd5a0d93e382992efd911395b0770,gsd-fast,867df7e1b4e3ad9a34fc6ab8dde48ae3c4f710c2,gsd-set-profile,0.6680989354925648,Type-3 (Semantic)
1429259c904fd5a0d93e382992efd911395b0770,gsd-fast,8d0ca740c7a3f8e235975a386808c9bb4d788dd5,gsd-next,0.7033004453239559,Type-3 (Semantic)
1429259c904fd5a0d93e382992efd911395b0770,gsd-fast,94e5ad2c35cee517f4e993d5bcdefde8cfd42679,gsd-note,0.6759085075946969,Type-3 (Semantic)
1429259c904fd5a0d93e382992efd911395b0770,gsd-fast,9e0cdf474d053c1b6524b2dcefffcba426c7eb4c,gsd-list-workspaces,0.6687685527517606,Type-3 (Semantic)
1429259c904fd5a0d93e382992efd911395b0770,gsd-fast,a9d429bdb0a302a71d98cdb956e0a4eaf2010054,gsd-ship,0.7068078076619557,Type-3 (Semantic)
1429259c904fd5a0d93e382992efd911395b0770,gsd-fast,aa91dec5dd4fa33c6732ef390b10178286067b17,gsd-ui-review,0.6679875074717487,Type-3 (Semantic)
1429259c904fd5a0d93e382992efd911395b0770,gsd-fast,b7eb3dfbb46ebabe581de6dc9c4d360da7b8c8f3,gsd-validate-phase,0.6505220800669983,Type-3 (Semantic)
1429259c904fd5a0d93e382992efd911395b0770,gsd-fast,bc16dc87b16ef57ec869fef32dad93a036a6c448,gsd-do,0.7720487133101321,Type-3 (Semantic)
1429259c904fd5a0d93e382992efd911395b0770,gsd-fast,bd33d436d05f140a4ef323e46ea3625a8b133114,gsd-add-tests,0.6516875289478276,Type-3 (Semantic)
1429259c904fd5a0d93e382992efd911395b0770,gsd-fast,f1735a4ad6f7d4b7097fee36fce69f5f67d43d1c,gsd-pr-branch,0.7043445607024127,Type-3 (Semantic)
1429259c904fd5a0d93e382992efd911395b0770,gsd-fast,f9e4e3f9762bf6b022e1854f81207c5ffaf372d2,gsd-stats,0.6940611655493032,Type-3 (Semantic)
1438eb2db9f33d80cdf803c6973589590e4aa24a,workflow-debugging,99a00af2823688eafab0ff0bac139417d14972ab,workflow_debugging,0.914839413265474,Type-2 (Parameterized)
1438eb2db9f33d80cdf803c6973589590e4aa24a,workflow-debugging,f91754a6f5922b29958b850cbcdc512572c05ef8,workflow-debugging,0.9849695163790549,Type-2 (Parameterized)
14ab82557867b04f3fdbfbd20b59a492799d4639,speckit-clarify,3938e9aa3f365f12390ce082efdf2ea0fd7f1dc2,speckit-specify,0.6651424182820073,Type-3 (Semantic)
14bf6151f46aca841e8a1eda5e2aa61046838b07,firebase-firestore-enterprise-native-mode,dac8dfcbc182cec79da80314ab4ddbdfca6cfb4b,firebase-firestore-standard,0.8471425672906883,Type-3 (Semantic)
15cb3eeece559297ff89c08412791a3d251b1622,gerrit-jujutsu,ddce5b449ad6f8432ecaf7080dcada3c0a6aac83,Jujutsu (jj) usage,0.7565769169626927,Type-3 (Semantic)
160dee8367b0f7ca9601da4989fdc966311b57ac,e2e-test-s3-full-sync,35b49473152442ce14617c2634441197fbec7840,e2e-test-s3-incremental-scan,0.7186861340258446,Type-3 (Semantic)
160dee8367b0f7ca9601da4989fdc966311b57ac,e2e-test-s3-full-sync,3807ee50d011f9ae52aad71eeedd8565336c760d,e2e-test-s3-incremental-sync,0.8649081065813731,Type-2 (Parameterized)
160dee8367b0f7ca9601da4989fdc966311b57ac,e2e-test-s3-full-sync,510a98769697baa795fa2b9061416abc8c782638,e2e-test-s3-full-scan,0.8175217150514283,Type-3 (Semantic)
160dee8367b0f7ca9601da4989fdc966311b57ac,e2e-test-s3-full-sync,cb2d2b48f0fb61c4bf18a75a029ee0a593f9401c,e2e-test-s3-to-nfs-full-sync,0.6871108312428198,Type-3 (Semantic)
160dee8367b0f7ca9601da4989fdc966311b57ac,e2e-test-s3-full-sync,ce183dc67b097ea07048150c81e887bec44dfc91,e2e-test-nfs-to-s3-full-sync,0.6800307931419779,Type-3 (Semantic)
16184df7582b6b09e2a562542ecf337c9304662b,[Unnamed Skill],df7a261f6e34cd443c9203d062d478f279f57f0b,[Unnamed Skill],0.7100509269340116,Type-3 (Semantic)
163c8536d869c63014760d8b4b2a8bcb23ee9b4c,pychef-lean,26f7efb8d998d137b70b371b2634f40c82bd368e,cppchef-lean,0.6807704536711906,Type-3 (Semantic)
164cb8d631896b1f0e1121cb998dce24054f8d67,change-backend-api,f73f952e3b0dac6fd9dbc1d06a8b47d01b393f0a,project-consistency-audit,0.7061942446533181,Type-3 (Semantic)
16635fccb521db5773d11a335929ed46d77b9c47,gsdd-progress,aa5fa3d0e2002658c47596adc299f4b89ecbedec,gsdd-resume,0.7617985337565303,Type-3 (Semantic)
16635fccb521db5773d11a335929ed46d77b9c47,gsdd-progress,f769b718b844c85f02c6218a7756ee21b3cd08b4,gsdd-new-milestone,0.6690521933042757,Type-3 (Semantic)
167dcddab1b431fedd52f720ffb98a92c80cb0b2,carts-refactor-utils,3f93b7baf27952913ecb26190b540dbc49d2286b,carts-session-start,0.8070921291496844,Type-3 (Semantic)
167dcddab1b431fedd52f720ffb98a92c80cb0b2,carts-refactor-utils,418e644e8ddc952451f217b84fbc3c117705c28f,[Unnamed Skill],0.7286641437768484,Type-3 (Semantic)
167dcddab1b431fedd52f720ffb98a92c80cb0b2,carts-refactor-utils,b910c36e58ca5258bc01e89e1c74dfc27591af37,carts-commit,0.6752464155755695,Type-3 (Semantic)
167dcddab1b431fedd52f720ffb98a92c80cb0b2,carts-refactor-utils,c7088d68f9ce5554a5033684ef068cab704069d9,carts-include-tier,0.7804336197483708,Type-3 (Semantic)
167dcddab1b431fedd52f720ffb98a92c80cb0b2,carts-refactor-utils,e5023034813c716a6b6ee848199d87211889613c,carts-find-utils,0.8173038594400475,Type-3 (Semantic)
167dcddab1b431fedd52f720ffb98a92c80cb0b2,carts-refactor-utils,fe5ba1eed9193de032f8e013be6f0f416106ec92,carts-debug,0.6629351184320681,Type-3 (Semantic)
1685220b5f8701a65bd117b39e0a940bd95b6c69,gpu-capture,aa3e027c9f4f0c31dd0c7ea380b53eae3599471f,gpu-capture,0.8539619137086727,Type-2 (Parameterized)
16e811f7032d85a0b243cf4e86705cf33c97a503,chrome-policy-creation,1cdf6d2565e668d41115c172f9e27561ce6f55ad,policy-creation,0.9997899263465363,Type-2 (Parameterized)
16f5d1ea66e6ab976c842eef9b8c3d3097c4bb11,fix-docs,eda569e5c20fcf20906a7755e719fba2c6dae642,stdlib-architecture,0.7597698969317069,Type-3 (Semantic)
170151336a27e34b18c0f586d0343309adbddcf4,coot-refinement,341b19faf7c70d9d16ddb5efefcefd2ae54ecc83,coot-essential-api,0.6860082219850968,Type-3 (Semantic)
170151336a27e34b18c0f586d0343309adbddcf4,coot-refinement,39b3f71b33bcffba695d58b8f256e73f7336e53f,coot-model-building,0.7394172856680474,Type-3 (Semantic)
17045dac7f7d1b7c41b6e222be2e0204c68c1568,review,2e29941710c47c1d47f7d938203f11223f53d375,two-axis-review,0.654682197883353,Type-3 (Semantic)
1727f34e51d65727b9e9cbc55733491ca9eab297,setup,3a4e0f400e4e90a34c81d57ac169cdf80452eac4,setup,0.9994257518268411,Type-2 (Parameterized)
17539bd832ae51ae4416bebca1d57877a49e89a6,splitting-pr,8c750ef713eb25289fc181e9429183a4beca02e1,splitting-pr,0.958923003422514,Type-2 (Parameterized)
1756c7b7987e6d39cebe9cf9bb53fa79833b971a,gsd-set-profile,1f0de818f5ed322b79626bef79382e83c59d767c,gsd-stats,0.734080085670101,Type-3 (Semantic)
1756c7b7987e6d39cebe9cf9bb53fa79833b971a,gsd-set-profile,1feaf9763f4a13f9b4d2e73365608dfad8c29ac5,gsd-remove-workspace,0.6558893321307057,Type-3 (Semantic)
1756c7b7987e6d39cebe9cf9bb53fa79833b971a,gsd-set-profile,281a680526034a2b8c16fc8a0625f8d2d018b394,gsd-add-todo,0.6651021074084218,Type-3 (Semantic)
1756c7b7987e6d39cebe9cf9bb53fa79833b971a,gsd-set-profile,28fb7e3946ef09c69a2f6ce83f45caa036c137ca,gsd-settings,0.7947431800665408,Type-3 (Semantic)
1756c7b7987e6d39cebe9cf9bb53fa79833b971a,gsd-set-profile,2920bbf9a541b006926a59586a2bbd9068f490a6,gsd-fast,0.7376158245084847,Type-3 (Semantic)
1756c7b7987e6d39cebe9cf9bb53fa79833b971a,gsd-set-profile,29cef6fe560ee244ab80cf113eccf60982f8111e,gsd-resume-work,0.652303323901068,Type-3 (Semantic)
1756c7b7987e6d39cebe9cf9bb53fa79833b971a,gsd-set-profile,2f9339a7c8cdaa62a0a89e5f06e2926efe190ae1,gsd-explore,0.7148982442934909,Type-3 (Semantic)
1756c7b7987e6d39cebe9cf9bb53fa79833b971a,gsd-set-profile,3574acbd3a1e6f2edb425ccd66db84895a1d9de7,gsd-session-report,0.7316257404380822,Type-3 (Semantic)
1756c7b7987e6d39cebe9cf9bb53fa79833b971a,gsd-set-profile,3d2711cfcef3daf525a0f5955c1160fd7a7aaebf,gsd-set-profile,0.976606401482067,Type-2 (Parameterized)
1756c7b7987e6d39cebe9cf9bb53fa79833b971a,gsd-set-profile,6462a1930310d689b49011b217f0db8c120e7b7e,gsd-list-workspaces,0.7054330893551997,Type-3 (Semantic)
1756c7b7987e6d39cebe9cf9bb53fa79833b971a,gsd-set-profile,66f3ba5e76ae7b6e33e0937b0c94c9a2c4096fc5,gsd-profile-user,0.7233007810897794,Type-3 (Semantic)
1756c7b7987e6d39cebe9cf9bb53fa79833b971a,gsd-set-profile,673f4aff7866dba97194e63863716487c195d3c6,gsd-ship,0.7557000578225471,Type-3 (Semantic)
1756c7b7987e6d39cebe9cf9bb53fa79833b971a,gsd-set-profile,68f0827c552fd9daed79a015440319d4b407ccda,gsd-do,0.803840105722377,Type-3 (Semantic)
1756c7b7987e6d39cebe9cf9bb53fa79833b971a,gsd-set-profile,70b9d6d70017a9af4166e27367cd350e12fbb150,gsd-audit-uat,0.6567555679208841,Type-3 (Semantic)
1756c7b7987e6d39cebe9cf9bb53fa79833b971a,gsd-set-profile,71498c9c1214deb2d67fb46eb7de5e8372b5663e,gsd-ui-review,0.6525029966509738,Type-3 (Semantic)
1756c7b7987e6d39cebe9cf9bb53fa79833b971a,gsd-set-profile,78c85bc9029373f9aa1f6852f30380d1e6c7cec4,gsd-extract_learnings,0.6697684004661398,Type-3 (Semantic)
1756c7b7987e6d39cebe9cf9bb53fa79833b971a,gsd-set-profile,7c74edd6e432a05805c831d7c3319253e09fbc55,gsd-list-workspaces,0.6654268920020848,Type-3 (Semantic)
1756c7b7987e6d39cebe9cf9bb53fa79833b971a,gsd-set-profile,82cf0b25e5d7be32b983db21da59c499c54663fc,gsd-scan,0.7583920452666967,Type-3 (Semantic)
1756c7b7987e6d39cebe9cf9bb53fa79833b971a,gsd-set-profile,82dfc2e6c35199ddb0eda34509560a42301688cf,gsd-remove-workspace,0.6965334305578851,Type-3 (Semantic)
1756c7b7987e6d39cebe9cf9bb53fa79833b971a,gsd-set-profile,887e2b823ae1d8aa492eb4ee7b75c7c4e3bbb3c9,gsd-do,0.7698455955150412,Type-3 (Semantic)
1756c7b7987e6d39cebe9cf9bb53fa79833b971a,gsd-set-profile,95b744b94b5f3b509c796c66e553d0bc4d488e66,gsd-note,0.6658597730601687,Type-3 (Semantic)
1756c7b7987e6d39cebe9cf9bb53fa79833b971a,gsd-set-profile,95f65bbc2440706a5a7f67aae030e8ca49ec6779,gsd-explore,0.6783258462359044,Type-3 (Semantic)
1756c7b7987e6d39cebe9cf9bb53fa79833b971a,gsd-set-profile,99af566bca83b35b0d92b3c1cc32e1e088d0f3d7,gsd-scan,0.7228887056631035,Type-3 (Semantic)
1756c7b7987e6d39cebe9cf9bb53fa79833b971a,gsd-set-profile,9a06ffb809f241d3c53ad67751f3f1235cf02ead,gsd-manager,0.6842378811630738,Type-3 (Semantic)
1756c7b7987e6d39cebe9cf9bb53fa79833b971a,gsd-set-profile,9dd5348296d7f4f4f8e4eddd1a894c1c1a3dc14d,gsd-next,0.7590541722017418,Type-3 (Semantic)
1756c7b7987e6d39cebe9cf9bb53fa79833b971a,gsd-set-profile,9f30f964e95f66e21fd81695e280a1390f862522,gsd-note,0.7058256589039809,Type-3 (Semantic)
1756c7b7987e6d39cebe9cf9bb53fa79833b971a,gsd-set-profile,9f97bf68b80437eb1b3a350a3c485cb55adeff36,gsd-add-tests,0.7045945087162938,Type-3 (Semantic)
1756c7b7987e6d39cebe9cf9bb53fa79833b971a,gsd-set-profile,a37b1d07f37f3aa35472120d80d8ac5c170564a9,gsd-validate-phase,0.665711233734157,Type-3 (Semantic)
1756c7b7987e6d39cebe9cf9bb53fa79833b971a,gsd-set-profile,a3ec1b53921a3625582f608bbc1a4ffa83cd2a28,gsd-audit-fix,0.6664744633938866,Type-3 (Semantic)
1756c7b7987e6d39cebe9cf9bb53fa79833b971a,gsd-set-profile,b910ddea4125cefecb0fe5f4a82dccb67aab710e,gsd-secure-phase,0.6693439322354501,Type-3 (Semantic)
1756c7b7987e6d39cebe9cf9bb53fa79833b971a,gsd-set-profile,c50ca8ded2311361a16047ea0ef8f1036627ecc9,gsd-pause-work,0.6694835001328401,Type-3 (Semantic)
1756c7b7987e6d39cebe9cf9bb53fa79833b971a,gsd-set-profile,ca32938c9e4b8a1eb467e7d409e5550bff4519a6,gsd-import,0.7254277049889019,Type-3 (Semantic)
1756c7b7987e6d39cebe9cf9bb53fa79833b971a,gsd-set-profile,ce95856a5473a047989b9880b59f28e89907037d,gsd-profile-user,0.6907623552593962,Type-3 (Semantic)
1756c7b7987e6d39cebe9cf9bb53fa79833b971a,gsd-set-profile,d54ad2ce3ac99e4a54508e16bba5e79a5af56739,gsd-next,0.7814562294542228,Type-3 (Semantic)
1756c7b7987e6d39cebe9cf9bb53fa79833b971a,gsd-set-profile,e05217bd55fd426ee71c43c90b62253249321ae5,gsd-ui-phase,0.6530564607656241,Type-3 (Semantic)
1756c7b7987e6d39cebe9cf9bb53fa79833b971a,gsd-set-profile,e0cb38f75cc612f426e3d529f0ae5f2ce84a7a47,gsd-ui-review,0.6932856956952802,Type-3 (Semantic)
1756c7b7987e6d39cebe9cf9bb53fa79833b971a,gsd-set-profile,e4b3162bb79ffc19da709f44f1f1a71548a9a271,gsd-add-tests,0.6672848916375579,Type-3 (Semantic)
1756c7b7987e6d39cebe9cf9bb53fa79833b971a,gsd-set-profile,f5b7f15dfce8d5dbd1ba17ce6b097d2f5f89acc1,gsd-pr-branch,0.6794285889272174,Type-3 (Semantic)
1756c7b7987e6d39cebe9cf9bb53fa79833b971a,gsd-set-profile,f9cf593440557545d4ecfdc66d12deaab051f21f,gsd-analyze-dependencies,0.6750793603548947,Type-3 (Semantic)
1756c7b7987e6d39cebe9cf9bb53fa79833b971a,gsd-set-profile,fbd6f3a5aaaf67ff285b7c5499d79688fe22449c,gsd-help,0.8003122279054814,Type-3 (Semantic)
1756c7b7987e6d39cebe9cf9bb53fa79833b971a,gsd-set-profile,fde329f787012dc3d36f728189d3c5894375284d,gsd-ui-phase,0.6938421779784016,Type-3 (Semantic)
178e66656672111dfacdd5bb8b95eedc59facae7,lstar,701e1b4e52446558e9fe1a3203ad4166d48e382e,lstar-format-conversion,0.9152848592754028,Type-2 (Parameterized)
17b31a1046181a64e57cb7664966d12b3c79d3e5,unit-test-workflow,667b285ec8c5d89f380b68bbb37a42074221d2f8,new-code-test-coverage,0.7557705806388418,Type-3 (Semantic)
180017fd881f124d496c948ca93e97282ca964c3,ss-plan,4193d08db7facb0493fb139220247ab42261ee90,ss-implement,0.6709432224414861,Type-3 (Semantic)
180017fd881f124d496c948ca93e97282ca964c3,ss-plan,c877cd75a4a112ac25673cbd16a6b3164c5cd8a8,ss-tasks,0.6886340153462227,Type-3 (Semantic)
180017fd881f124d496c948ca93e97282ca964c3,ss-plan,d56c1d96ae631559ae11f3cd86106694a9385dec,ss-spec,0.6634730136563605,Type-3 (Semantic)
18016aa20bd86c4e64818f48fd71d5f8965de536,gui-proof-capture,de26fcd457a8c7609fe0aa84bb5348d5831ac77c,workspace-smoke-testing,0.7322052587041386,Type-3 (Semantic)
1817fef5cf7c5e5fe03dae3d102b1e640107e0b4,firebase-ai-logic-basics,cd049ac4a832b9b6ec4d383ffd1f482a79e0d7b4,firebase-basics,0.6760935522484872,Type-3 (Semantic)
185d56d20c36020d4bf5b2b6b71a6208aee52515,ort-build,a11e381c583fc585fd5af980d99895fd5c8ff379,ort-build,0.9264426437867224,Type-2 (Parameterized)
187c062edb0b7d9aca79e5b81a2441d8e37c94e7,gsd-sketch-wrap-up,2112962f7240eba6adbd78a7932eed38a44cb05b,gsd-spike-wrap-up,0.673437703974098,Type-3 (Semantic)
187c062edb0b7d9aca79e5b81a2441d8e37c94e7,gsd-sketch-wrap-up,ac8c4dc044e429f40d1d508e9a6bf6452a24ad02,gsd-sketch,0.8344897165633269,Type-3 (Semantic)
18fffa4676aed3839fc77050093256868b533753,nap-resource-graph,6d8186588c97ac32a206dfeb61e059dddfbabf58,nap-validate-data-json,0.701274042411433,Type-3 (Semantic)
1939f954ac25a83409eb7931fe08ab0ccc917f90,engine-settings,57ed5bd8cba0ba61411401869e06d44bbe041d6c,engine-settings,0.9999999999999999,Type-2 (Parameterized)
19abe4ae939e06478a107ad0d63cf8966bb0cddf,rubyllm/opentelemetry,ceef14a128254cf78bd1e30869e21c0e7c3f2b48,rubyllm/opentelemetry,0.9897319964661729,Type-2 (Parameterized)
1a97e96dd464f972a2ecf82e8e82857f210f607d,[Unnamed Skill],28d182df828168ec312226be1153e92420ad221c,[Unnamed Skill],0.7387374103025741,Type-3 (Semantic)
1ab4143bdf279c3186f437740851189cb074a6b7,spice-run,dc84922ca33f5d5473a70656e38151812d0b3c11,spice-profiling,0.8231003809804998,Type-3 (Semantic)
1ab4143bdf279c3186f437740851189cb074a6b7,spice-run,e704443078b60e23fb9f51348700316c64752647,spice-dump,0.689091473550365,Type-3 (Semantic)
1abbf0dd376ff80d0f1021de9abb8f6f62871e9d,architecture,44f021e33df62429436fb0f413fcb7b1e4a9360a,project-structure,0.7612140619262507,Type-3 (Semantic)
1abbf0dd376ff80d0f1021de9abb8f6f62871e9d,architecture,88413db6012b36f02ca344ca01aa6b3b25341094,physics-system,0.6904533881469153,Type-3 (Semantic)
1abbf0dd376ff80d0f1021de9abb8f6f62871e9d,architecture,903c023c4d75ade32ebc4aeabbbd312d5189158b,collectibles-and-items,0.6643235201994278,Type-3 (Semantic)
1abbf0dd376ff80d0f1021de9abb8f6f62871e9d,architecture,ba8aaffbb674db608077b5e74de0a875762cbce3,hot-reload,0.7118243879522538,Type-3 (Semantic)
1abbf0dd376ff80d0f1021de9abb8f6f62871e9d,architecture,beae85fb7761ec47286c6d6a1e6de713b9c1c0c3,game-state,0.6786082399959114,Type-3 (Semantic)
1abbf0dd376ff80d0f1021de9abb8f6f62871e9d,architecture,c11c2f3a16a9c709047aa7d4b852caf2a2b09a48,entity-system,0.6791359132665604,Type-3 (Semantic)
1ac4358bb2f80902ca24a2897014d39bbc547dd9,[Unnamed Skill],df7a261f6e34cd443c9203d062d478f279f57f0b,[Unnamed Skill],0.6674556408878192,Type-3 (Semantic)
1af8b244f1f32968ab0f19f0fda7e28b00dcfa52,pr-review,3390a55a1c6259d30f5f49cdea4ed3b12d09c131,pr-review,0.6682177486580128,Type-3 (Semantic)
1af8b244f1f32968ab0f19f0fda7e28b00dcfa52,pr-review,5b88bda2976839ea1233bb429f152c73021415e7,pr-review,0.896079484856492,Type-2 (Parameterized)
1af99c0f3e474cf26f3c113e9c67804fff4f6c93,electron-node-upgrade,212e833edb55da769e2b4c8b9c5b7e5dc1ec4bc7,electron-chromium-upgrade,0.669252852882102,Type-3 (Semantic)
1af99c0f3e474cf26f3c113e9c67804fff4f6c93,electron-node-upgrade,db3c3dfe8a17d6f0b5f1d3be87444a640766e9d2,electron-chromium-upgrade,0.6812354817993284,Type-3 (Semantic)
1b04f6fc416d368cc959617b3cae5949a1e8e972,xmake,ac78db8feaf9d107910a46b8aada491227e57c75,xmake-workflow,0.6935057230015347,Type-3 (Semantic)
1b293d826d96be9c6b12cb53c80d2e8f9948fd24,obt-build,6f30257b0c67d620ddcbad01ed4a167d80f05e18,orkid,0.7486261420542345,Type-3 (Semantic)
1b8ac980bea30a449774c3e71ff540e4991c1655,[Unnamed Skill],f69ff1610d755ad00e89378a152201bb11981999,[Unnamed Skill],0.9982249739414036,Type-2 (Parameterized)
1bc6a5dee16c84829a550dcf76b58d5a3280d3f5,improve-codebase-architecture,2dce5ca14ca48d61c52b6787b1bd7895146ec9e1,improve-codebase-architecture,0.6681465689999545,Type-3 (Semantic)
1bf5123a0e48e48d5dc62703bf5f491f102eb031,perf-audit,95779efc99ed916d09d6e1400a1d0ad6410a0450,ponytail-perf-audit,0.7823101182405277,Type-3 (Semantic)
1c0b87469fe9cf42c0788c0f0b57fe63497618e3,adding-benchmarks,66775c42333d9177d5364cde3c7435be3a2a04dc,adding-benchmarks,0.899067468296843,Type-2 (Parameterized)
1c43271f5312906d74ee317758b6c498557e2671,arc-nodes,254536349c79fb9c25e3b5a37f6dd4a50613b8a8,arc-node-builtins,0.6640791172752728,Type-3 (Semantic)
1cb006b42d4fb0f5605500f76750d9f6e0ec820f,git-commit-message,bb8bbf11a1835cd17d906737f36d7cb9074046a3,git-commit-message,0.7284143599472946,Type-3 (Semantic)
1cf8fd9b138bfebaa2c7337b483e14882449b9f1,planning-with-files-zh,799a2095ea84c5b7e2e3e2057947fe347138b8c0,planning-with-files,0.6699982947388818,Type-3 (Semantic)
1d1a34a5d5674daa07bf9980762258197ac0dedc,ACSIL Safety Patterns,ef111cc20d648b126414914815faa6ed685387e2,ACSIL Fundamentals,0.6609920973690894,Type-3 (Semantic)
1d2c6ec7c48b45c9a62568912f53b9d6dec94a2d,gsd-ai-integration-phase,55f981b868d8b691bb4005801ebce9a35c66a4d0,gsd-eval-review,0.7450109952195518,Type-3 (Semantic)
1d2c6ec7c48b45c9a62568912f53b9d6dec94a2d,gsd-ai-integration-phase,5f1d67c71ef6a7f284e681d02293dfc7696271ad,gsd-help,0.6762541013465216,Type-3 (Semantic)
1d2c6ec7c48b45c9a62568912f53b9d6dec94a2d,gsd-ai-integration-phase,70dcd2059174ac083a606b17849a53d0639c0cbe,gsd-undo,0.6750557997966331,Type-3 (Semantic)
1d2c6ec7c48b45c9a62568912f53b9d6dec94a2d,gsd-ai-integration-phase,b7eb3dfbb46ebabe581de6dc9c4d360da7b8c8f3,gsd-validate-phase,0.6672722271495238,Type-3 (Semantic)
1d2c6ec7c48b45c9a62568912f53b9d6dec94a2d,gsd-ai-integration-phase,bc16dc87b16ef57ec869fef32dad93a036a6c448,gsd-do,0.7068106193885568,Type-3 (Semantic)
1d7b0fca1bd0aeedab51fbbe05a6812f6b0b750b,rubyllm/schema,43692210dc6e691ffb3f25df08827a13ee75eadd,rubyllm/schema,0.984438592330364,Type-2 (Parameterized)
1db3bccef0e3515bbe2b378b02aca4f7bbfdf23d,test-workflow,932abaf2829e88c35faea79abc7c98b361a6c452,test-workflow,0.9919616792186927,Type-2 (Parameterized)
1dc3e441721da94c8b79a7bc6d6014e5d69542fd,renderer-bgfx-viewport,c531d476c1298004060328c86a0496fdf5c26d13,renderer-bgfx-viewport,0.9449925338367038,Type-2 (Parameterized)
1ddf6eb2cf1604b1ebfb419d5b1c7482d7649a2f,gsd-intel,76c72816a877c983e651cb1a3dc67fe8830eed3b,gsd-intel,0.9296637599652711,Type-2 (Parameterized)
1ddf6eb2cf1604b1ebfb419d5b1c7482d7649a2f,gsd-intel,95835a85ea3a9f870c654433342abf149c6008c1,gsd-intel,0.9428307055113184,Type-2 (Parameterized)
1df470ad2c4b2a77099c39ae863aa689e8a14702,vllm-ascend-release,9f21189abce2a191595908fa657ee46c9f25311a,vllm-ascend-release,0.9999249726718585,Type-2 (Parameterized)
1e0a3de8905bb3999ab7d0d1881e23db2dbcffd3,Revision Runtime Core,8c3ca197c9beaf9a930a4ae4149739d977e25d9f,Revision Runtime Core,0.7002120618733214,Type-3 (Semantic)
1e3d20d14d59fc69aee5ef019b6a6b0f01b1bb92,ship,49d6512c998832d0cb7fea49efc6f288ac790542,ship,0.9847814060906498,Type-2 (Parameterized)
1e4e47f6a509c3afc87f2adaa6db0b04417d400e,record-idea,e75e8a70cf1968b6a7ff25362e27e04f6aeac0d0,use-idea-ledger,0.686213114905167,Type-3 (Semantic)
1e5436b77e3a824f13965cea7cf362c9256d8a8c,editor-ui-polish,a4da97f92cbdfb99300a8904037dc0a87bb39eea,editor-ui-polish,0.9081756460336132,Type-2 (Parameterized)
1f0de818f5ed322b79626bef79382e83c59d767c,gsd-stats,281a680526034a2b8c16fc8a0625f8d2d018b394,gsd-add-todo,0.6655460014856206,Type-3 (Semantic)
1f0de818f5ed322b79626bef79382e83c59d767c,gsd-stats,28fb7e3946ef09c69a2f6ce83f45caa036c137ca,gsd-settings,0.74012967623298,Type-3 (Semantic)
1f0de818f5ed322b79626bef79382e83c59d767c,gsd-stats,2920bbf9a541b006926a59586a2bbd9068f490a6,gsd-fast,0.6716590300943596,Type-3 (Semantic)
1f0de818f5ed322b79626bef79382e83c59d767c,gsd-stats,29cef6fe560ee244ab80cf113eccf60982f8111e,gsd-resume-work,0.6743714273538288,Type-3 (Semantic)
1f0de818f5ed322b79626bef79382e83c59d767c,gsd-stats,2f9339a7c8cdaa62a0a89e5f06e2926efe190ae1,gsd-explore,0.7211122901754491,Type-3 (Semantic)
1f0de818f5ed322b79626bef79382e83c59d767c,gsd-stats,3574acbd3a1e6f2edb425ccd66db84895a1d9de7,gsd-session-report,0.7414947502896718,Type-3 (Semantic)
1f0de818f5ed322b79626bef79382e83c59d767c,gsd-stats,3d2711cfcef3daf525a0f5955c1160fd7a7aaebf,gsd-set-profile,0.6785558776751828,Type-3 (Semantic)
1f0de818f5ed322b79626bef79382e83c59d767c,gsd-stats,6462a1930310d689b49011b217f0db8c120e7b7e,gsd-list-workspaces,0.7145853527868399,Type-3 (Semantic)
1f0de818f5ed322b79626bef79382e83c59d767c,gsd-stats,673f4aff7866dba97194e63863716487c195d3c6,gsd-ship,0.7558487690431482,Type-3 (Semantic)
1f0de818f5ed322b79626bef79382e83c59d767c,gsd-stats,68f0827c552fd9daed79a015440319d4b407ccda,gsd-do,0.7878192581107003,Type-3 (Semantic)
1f0de818f5ed322b79626bef79382e83c59d767c,gsd-stats,74d7a37b18258619764c21f653507cdf9d6f1f1e,gsd-ai-integration-phase,0.6788560197616773,Type-3 (Semantic)
1f0de818f5ed322b79626bef79382e83c59d767c,gsd-stats,78c85bc9029373f9aa1f6852f30380d1e6c7cec4,gsd-extract_learnings,0.6827788229328143,Type-3 (Semantic)
1f0de818f5ed322b79626bef79382e83c59d767c,gsd-stats,82cf0b25e5d7be32b983db21da59c499c54663fc,gsd-scan,0.7381373253566318,Type-3 (Semantic)
1f0de818f5ed322b79626bef79382e83c59d767c,gsd-stats,82dfc2e6c35199ddb0eda34509560a42301688cf,gsd-remove-workspace,0.7182600603971713,Type-3 (Semantic)
1f0de818f5ed322b79626bef79382e83c59d767c,gsd-stats,887e2b823ae1d8aa492eb4ee7b75c7c4e3bbb3c9,gsd-do,0.6795303038931982,Type-3 (Semantic)
1f0de818f5ed322b79626bef79382e83c59d767c,gsd-stats,9a06ffb809f241d3c53ad67751f3f1235cf02ead,gsd-manager,0.7251038672859564,Type-3 (Semantic)
1f0de818f5ed322b79626bef79382e83c59d767c,gsd-stats,9dd5348296d7f4f4f8e4eddd1a894c1c1a3dc14d,gsd-next,0.7684215916657388,Type-3 (Semantic)
1f0de818f5ed322b79626bef79382e83c59d767c,gsd-stats,9f30f964e95f66e21fd81695e280a1390f862522,gsd-note,0.7406985032524966,Type-3 (Semantic)
1f0de818f5ed322b79626bef79382e83c59d767c,gsd-stats,9f97bf68b80437eb1b3a350a3c485cb55adeff36,gsd-add-tests,0.7182821001497082,Type-3 (Semantic)
1f0de818f5ed322b79626bef79382e83c59d767c,gsd-stats,a3ec1b53921a3625582f608bbc1a4ffa83cd2a28,gsd-audit-fix,0.6767114808130527,Type-3 (Semantic)
1f0de818f5ed322b79626bef79382e83c59d767c,gsd-stats,b910ddea4125cefecb0fe5f4a82dccb67aab710e,gsd-secure-phase,0.6831115905446832,Type-3 (Semantic)
1f0de818f5ed322b79626bef79382e83c59d767c,gsd-stats,c50ca8ded2311361a16047ea0ef8f1036627ecc9,gsd-pause-work,0.6875007980009389,Type-3 (Semantic)
1f0de818f5ed322b79626bef79382e83c59d767c,gsd-stats,ca32938c9e4b8a1eb467e7d409e5550bff4519a6,gsd-import,0.6757115485215648,Type-3 (Semantic)
1f0de818f5ed322b79626bef79382e83c59d767c,gsd-stats,d54ad2ce3ac99e4a54508e16bba5e79a5af56739,gsd-next,0.7180195908255873,Type-3 (Semantic)
1f0de818f5ed322b79626bef79382e83c59d767c,gsd-stats,e0cb38f75cc612f426e3d529f0ae5f2ce84a7a47,gsd-ui-review,0.7321800191590954,Type-3 (Semantic)
1f0de818f5ed322b79626bef79382e83c59d767c,gsd-stats,f9cf593440557545d4ecfdc66d12deaab051f21f,gsd-analyze-dependencies,0.689244899608698,Type-3 (Semantic)
1f0de818f5ed322b79626bef79382e83c59d767c,gsd-stats,fbd6f3a5aaaf67ff285b7c5499d79688fe22449c,gsd-help,0.7182866987391903,Type-3 (Semantic)
1f0de818f5ed322b79626bef79382e83c59d767c,gsd-stats,fde329f787012dc3d36f728189d3c5894375284d,gsd-ui-phase,0.7255574794959943,Type-3 (Semantic)
1f2cc0101c20474716160a078e04357eef54805c,blueprint-graphs,94a9a43e5ddfb294d667827568f084258b444f1e,blueprint-graphs,0.9977395384625505,Type-2 (Parameterized)
1f3700da59696318e4a123991114640183e3ab76,animsequence,4a265a1a12d743918d059c38c9e68acce0dbdc00,animation-editing,0.7450684294026324,Type-3 (Semantic)
1f3700da59696318e4a123991114640183e3ab76,animsequence,704c7284da7594e218a12c4f931d97df75c55713,animsequence,0.9999999999999997,Type-2 (Parameterized)
1f3700da59696318e4a123991114640183e3ab76,animsequence,7b9e857288c6b24ff0d895dbf9447f5ee771e168,animation-editing,0.7450684294026324,Type-3 (Semantic)
1f6066c5b8368908486995cfc460d7f8b97cc7ec,skill_debug,8e76da0cb1f4bb8c5032383c042a7e25bfaaaab4,[Unnamed Skill],0.9893590146499691,Type-2 (Parameterized)
1f65b750b806f499b67bce22394a89595bf34ccc,migrate-c,eda569e5c20fcf20906a7755e719fba2c6dae642,stdlib-architecture,0.7067913371742114,Type-3 (Semantic)
1f78c225b026eb6fb8db39b0a1bae3588e73a2ef,ort-test,bfefa955103f5f7db0780abfed93a35465121ed6,ort-test,0.7210396949545125,Type-3 (Semantic)
1fdfd210938843b19e70f11291c4b0e7849212e8,frame-rate,96c4aaf694051dff166be1662ff01346c958cd14,frame-rate,1.0000000000000002,Type-2 (Parameterized)
1feaf9763f4a13f9b4d2e73365608dfad8c29ac5,gsd-remove-workspace,2920bbf9a541b006926a59586a2bbd9068f490a6,gsd-fast,0.7148850683461134,Type-3 (Semantic)
1feaf9763f4a13f9b4d2e73365608dfad8c29ac5,gsd-remove-workspace,3d2711cfcef3daf525a0f5955c1160fd7a7aaebf,gsd-set-profile,0.6958505587392164,Type-3 (Semantic)
1feaf9763f4a13f9b4d2e73365608dfad8c29ac5,gsd-remove-workspace,71498c9c1214deb2d67fb46eb7de5e8372b5663e,gsd-ui-review,0.6929538408122053,Type-3 (Semantic)
1feaf9763f4a13f9b4d2e73365608dfad8c29ac5,gsd-remove-workspace,7c74edd6e432a05805c831d7c3319253e09fbc55,gsd-list-workspaces,0.7068482527492297,Type-3 (Semantic)
1feaf9763f4a13f9b4d2e73365608dfad8c29ac5,gsd-remove-workspace,82dfc2e6c35199ddb0eda34509560a42301688cf,gsd-remove-workspace,0.8643915133616822,Type-2 (Parameterized)
1feaf9763f4a13f9b4d2e73365608dfad8c29ac5,gsd-remove-workspace,887e2b823ae1d8aa492eb4ee7b75c7c4e3bbb3c9,gsd-do,0.7648441205516091,Type-3 (Semantic)
1feaf9763f4a13f9b4d2e73365608dfad8c29ac5,gsd-remove-workspace,95b744b94b5f3b509c796c66e553d0bc4d488e66,gsd-note,0.699314400714154,Type-3 (Semantic)
1feaf9763f4a13f9b4d2e73365608dfad8c29ac5,gsd-remove-workspace,95f65bbc2440706a5a7f67aae030e8ca49ec6779,gsd-explore,0.6615074997525023,Type-3 (Semantic)
1feaf9763f4a13f9b4d2e73365608dfad8c29ac5,gsd-remove-workspace,99af566bca83b35b0d92b3c1cc32e1e088d0f3d7,gsd-scan,0.6948517675501045,Type-3 (Semantic)
1feaf9763f4a13f9b4d2e73365608dfad8c29ac5,gsd-remove-workspace,a37b1d07f37f3aa35472120d80d8ac5c170564a9,gsd-validate-phase,0.6581047595484608,Type-3 (Semantic)
1feaf9763f4a13f9b4d2e73365608dfad8c29ac5,gsd-remove-workspace,c0756153bea3ba470086b1e36520b9fa585764c9,gsd-undo,0.6807905580014574,Type-3 (Semantic)
1feaf9763f4a13f9b4d2e73365608dfad8c29ac5,gsd-remove-workspace,ca32938c9e4b8a1eb467e7d409e5550bff4519a6,gsd-import,0.7408436006773236,Type-3 (Semantic)
1feaf9763f4a13f9b4d2e73365608dfad8c29ac5,gsd-remove-workspace,d54ad2ce3ac99e4a54508e16bba5e79a5af56739,gsd-next,0.7606923296392992,Type-3 (Semantic)
1feaf9763f4a13f9b4d2e73365608dfad8c29ac5,gsd-remove-workspace,df64d7e8e7b5ad06dbad2605bca199b3d26c00bf,gsd-remove-phase,0.7014037065259667,Type-3 (Semantic)
1feaf9763f4a13f9b4d2e73365608dfad8c29ac5,gsd-remove-workspace,e05217bd55fd426ee71c43c90b62253249321ae5,gsd-ui-phase,0.6866331712897196,Type-3 (Semantic)
1feaf9763f4a13f9b4d2e73365608dfad8c29ac5,gsd-remove-workspace,e4b3162bb79ffc19da709f44f1f1a71548a9a271,gsd-add-tests,0.6619582684073672,Type-3 (Semantic)
1feaf9763f4a13f9b4d2e73365608dfad8c29ac5,gsd-remove-workspace,f5b7f15dfce8d5dbd1ba17ce6b097d2f5f89acc1,gsd-pr-branch,0.6754356679144728,Type-3 (Semantic)
1feaf9763f4a13f9b4d2e73365608dfad8c29ac5,gsd-remove-workspace,fbd6f3a5aaaf67ff285b7c5499d79688fe22449c,gsd-help,0.7586172718112787,Type-3 (Semantic)
200d22f66b47a600157d63ffb253ad1944a42db9,xlings-quickstart,b7dc5ecd4b7656f60866413475de238bb50adbd6,xlings-usage,0.7447085362566103,Type-3 (Semantic)
201b3940aec592eab98410e11018e4bb267e88d5,struct-info,a5c2cfb0edae9e6bdaa0aa01d12a2a9a22a27247,struct-info,0.9419403663776795,Type-2 (Parameterized)
205e4da18261c3b1b8cc8ecde590f9c44ed3b25e,wiki-mode,a752019120147d882085f2c0d38384ceff49e95a,save,0.6856747902882528,Type-3 (Semantic)
2095dc29b726fd602163dd905541acc01339d4e2,slang-review-post-github,b22d44bf6f119d9ca134dd9de21a8640dde6de07,slang-review-clarity-workflow,0.8049447694490299,Type-3 (Semantic)
20cceae6cced5abe61a17a6002ab19532927936c,graphify-windows,3735e8a244e5f6f81d366655d45009e8af1ef4b2,graphify,0.9839566519752838,Type-2 (Parameterized)
20cceae6cced5abe61a17a6002ab19532927936c,graphify-windows,6a1bdcf70586abf457dc088bdaef0f0b6e9bb476,gsd-graphify,0.7123565579344872,Type-3 (Semantic)
20cceae6cced5abe61a17a6002ab19532927936c,graphify-windows,6e466128b696d33601e02b0e8fdc6782de061b69,graphify,0.9475428054266428,Type-2 (Parameterized)
20cceae6cced5abe61a17a6002ab19532927936c,graphify-windows,944f432328f9a099bf26633ed592c164a8d5250e,[Unnamed Skill],0.8781488269109413,Type-2 (Parameterized)
20cceae6cced5abe61a17a6002ab19532927936c,graphify-windows,e95c71da452ffbb636f9318c8bd1a19826b922e8,gsd-graphify,0.6780348186395361,Type-3 (Semantic)
212e833edb55da769e2b4c8b9c5b7e5dc1ec4bc7,electron-chromium-upgrade,db3c3dfe8a17d6f0b5f1d3be87444a640766e9d2,electron-chromium-upgrade,0.9709278734738577,Type-2 (Parameterized)
2151b34c437c62386c10f7ccc51f014222a228c2,speckit-implement,3cffc73d2babb8e1282d3572e7b37311b274e9e8,speckit-plan,0.695038180359046,Type-3 (Semantic)
2151b34c437c62386c10f7ccc51f014222a228c2,speckit-implement,7408c61189f0d454bc4bfb7f8c86d59bf0e47dd7,speckit-plan,0.6961982539821084,Type-3 (Semantic)
2151b34c437c62386c10f7ccc51f014222a228c2,speckit-implement,b51e60cb6bbe37cefb2b97195f58ae150d74ce35,speckit-plan,0.6614492138040117,Type-3 (Semantic)
2151b34c437c62386c10f7ccc51f014222a228c2,speckit-implement,d6817adccea10b96107a6146afb37741728ca3d5,speckit-plan,0.6620930301176141,Type-3 (Semantic)
215ae947f5caa134550f75cf1be1759a90948b82,[Unnamed Skill],6851081194a6dec34e90a1c50b3663c97e6e4a85,seelie-codex-pet,0.6898454046663383,Type-3 (Semantic)
215ae947f5caa134550f75cf1be1759a90948b82,[Unnamed Skill],a6c9ba036e11fc7c19f5b5e6c678a20a432f3b12,[Unnamed Skill],0.9997992275798314,Type-2 (Parameterized)
2166ab93049216f808b56b5d928b65414efd5711,amdsmi-improvement-evaluation,7fb657bf276a21398d5970aa6d633e4fe90fbb2c,amdsmi-output-verification,0.7576229340830688,Type-3 (Semantic)
21ad3f78ce80360bfdcbd73b2c26a01ce68b6b6d,grilled-me,85cea11f871f8ca223ecf919028f65cf67afb69f,grilled-me,0.7624079201450953,Type-3 (Semantic)
21d045adc7381659131b521fdf00abbe8b106e37,paracodex-ocl-cuda-analysis,3eca2f04c2d89cad2c2408849d82443751244449,paracodex-cuda-ocl-analysis,0.8643910618511043,Type-2 (Parameterized)
21d045adc7381659131b521fdf00abbe8b106e37,paracodex-ocl-cuda-analysis,8eafefaa0b85e20b1999512c5110d1e9b5a70eb2,paracodex-cuda-omp-analysis,0.7331670665709871,Type-3 (Semantic)
223d83658b8f14262835d2f343966d73fba2bdb5,enhanced-input,f745c579ac7772f7088f8eb3a38726a10648bd38,enhanced-input,0.9999999999999961,Type-2 (Parameterized)
224875c96cc0428621d4591b8a1def77ad18ecf8,[Unnamed Skill],3db3236b590335f0097e110efe8d42a2a0084bf7,setup-dev,0.7493402385358354,Type-3 (Semantic)
228c08fbcf006b09e61e3611403c92f9de4ee8ea,error-message-explainer,8b283bdaf776deaf6d745665b2e81d03ef3b5bab,error-message-explainer,0.9865288450671141,Type-2 (Parameterized)
23006dc4840f8c689f85125adf198ff3d10a9ae2,tdd-implement,9e8032a5d28c987c40d1e636f6ad5c02b08c9209,tdd,0.7445339794293864,Type-3 (Semantic)
2321a84dc09cf0fd65322a1439b23d41f0457d34,vet-sidecar,fa0f41ada7f6648e497c926b3da6aae60f675593,vet-sidecar,0.9651586538648552,Type-2 (Parameterized)
232ff15c2f630190ec60591c1edd3daea3642045,runtime-test-host,4556f5ea8cc805820d61480f12f95cec334b3d28,runtime-test-host,0.9110111520453346,Type-2 (Parameterized)
239ec03c7fa877240d8d04922d6257da5cfda6d6,dart-test,eaefcea54f7b37eda4ce3eeb615cea5c8be7de3a,dart-build,0.7690994142666263,Type-3 (Semantic)
23b04ea6d25392879c05d993d9f5feb13a1249ca,[Unnamed Skill],680e37f836d1f9db6a78676aa977696c88742049,[Unnamed Skill],0.9929444806019184,Type-2 (Parameterized)
23b04ea6d25392879c05d993d9f5feb13a1249ca,[Unnamed Skill],ead465239dd29671fe0d9ffa9ce624304909e4f9,skill_troubleshooting,0.9140051797090373,Type-2 (Parameterized)
23b04ea6d25392879c05d993d9f5feb13a1249ca,[Unnamed Skill],f4645a0848dd3c3614ca80af4c49915ef3900fe7,[Unnamed Skill],0.9601988946260352,Type-2 (Parameterized)
23b29dae8b61b712200c389c6cce11f842114e39,material-design,926840cec62d7ac7ac988c5b19a4f1863acd13be,dark-mode,0.6754283764798925,Type-3 (Semantic)
23b29dae8b61b712200c389c6cce11f842114e39,material-design,a9d66af026907a06f45108073fae0d893b165bff,fluent-design,0.66053264605085,Type-3 (Semantic)
24548ac00da41f46715632cac34ecf0030c7e356,carts-multinode-examples,430c81f6b40dc746068693b3300661dd47f15bea,carts-runtime-triage,0.7166837398074551,Type-3 (Semantic)
24548ac00da41f46715632cac34ecf0030c7e356,carts-multinode-examples,b40d24cc478b14750a85f942592a8019e43d323f,carts-test,0.6670663881658947,Type-3 (Semantic)
24548ac00da41f46715632cac34ecf0030c7e356,carts-multinode-examples,c7f065855ffdec69f49aec942f4c8bb67991a5b2,carts-benchmark-triage,0.6833487033414964,Type-3 (Semantic)
24548ac00da41f46715632cac34ecf0030c7e356,carts-multinode-examples,fe5ba1eed9193de032f8e013be6f0f416106ec92,carts-debug,0.6518775291063659,Type-3 (Semantic)
246f32f123f06bb1ce9bbb86c073921aaa5b3275,workflow-general-debugging,7792e5bf221c2defda9744431e557421eca4b892,[Unnamed Skill],0.924569595245181,Type-2 (Parameterized)
24706eb0cb43e277002693129b6d012309f1631f,lua-creation-setup,da91b5167cd973468eae2aafa4aca2e835fa4b2e,lua-creation-setup,0.7535215783132811,Type-3 (Semantic)
2471b755fd0214d12c0f8d5ca746c316bdd50dce,wiki-query,a752019120147d882085f2c0d38384ceff49e95a,save,0.738061262516403,Type-3 (Semantic)
2471b755fd0214d12c0f8d5ca746c316bdd50dce,wiki-query,b988f0b6df6cbcdb66bbdc9d1e4345a6b19c5252,wiki-ingest,0.6860622939821887,Type-3 (Semantic)
248dc1ccd51d0c455d09efe6c6a038663962b8ab,[Unnamed Skill],32904cbe18d331c232358d67bb2bbd3ee35705f6,[Unnamed Skill],0.6779219596478545,Type-3 (Semantic)
250cb80bb955cd85561ff330284b1ce1a0cd91b3,retrospective,979d58865bf5688d9d04b4879cbbb449765546fd,retrospective,0.8133040171771221,Type-3 (Semantic)
25211787d4734f0148c7ddad061737b3447fdce2,upsert-case,9cb3d65e2aea509e112fde788446499c2ba6d1bd,upsert-case,0.7797889361722966,Type-3 (Semantic)
252337f4dad522e0cb2fe9eb4f52e1a16d0389f0,gameengine-git-publication-preflight,3386d11e08a1e2e83b269087b0512da6db1dcf4b,gameengine-git-publication-preflight,0.809566191026267,Type-3 (Semantic)
252ba828a051d757e650f52b717e7ac96d1ddc96,destub-implement,84dc1701d69a13155565bdc99d40d05cb2bc687e,clean-stubs,0.6903293308303028,Type-3 (Semantic)
252ba828a051d757e650f52b717e7ac96d1ddc96,destub-implement,95f6afe6c20943f36f2e38166684f9e5670e6f86,destub-plan,0.7263925637674858,Type-3 (Semantic)
257b7660c258566bf75bd39ae551b9815eb01318,coverity-fix,e01fa80a8698c92279a45b15bed325675c48fc13,coverity-scan,0.6826429242369474,Type-3 (Semantic)
25ed2a36169a944848b084614063c7c7243fd0a5,xenia-gameplay,4e0f543db1f342a2a80cb881d2aad478ddcf4088,xenia-gameplay,0.7251554531840787,Type-3 (Semantic)
261880584ec88749f4092565b929da32f2566019,speckit-architecture-guard-violation-detection,5b9586b1a9eecc210994c88b88e692d31cfd6a9a,speckit-architecture-guard-architecture-workflow,0.6516154373653905,Type-3 (Semantic)
261880584ec88749f4092565b929da32f2566019,speckit-architecture-guard-violation-detection,b5e65e8b328b3d60e89f5b442b3e39d0589a2eec,speckit-architecture-guard-architecture-review,0.6635764030092306,Type-3 (Semantic)
26442dd0fa715d5824ef6353ee9cdedb18e1a835,git-feature-start,a31c739c450f7d4f1f2201e2271a717d336e3461,git-feature-finish,0.7647960870090703,Type-3 (Semantic)
2658e23e8bc092ec5c92d111170f8853c1d6b501,shm-consumers,6c38c9da98c6de09650536b4da99584f08154c12,cudashm-consumers,0.7585606765093179,Type-3 (Semantic)
26782494e9beaa1c3b4b737c9a6581e36cd69378,review,9268dd5a141404b62e6f56fd0e8a7f48e45ccac5,review,0.7721383780676274,Type-3 (Semantic)
26782494e9beaa1c3b4b737c9a6581e36cd69378,review,a04505843445b3e8125a52bb25af040e68dad0ea,review,0.9671340115642983,Type-2 (Parameterized)
269200f4ddc8914b39e5940d629e29e9c3375fdf,aax,e90b83d0342d4bf126b19a602df44f21eb6a6774,aax,0.996035950462924,Type-2 (Parameterized)
26b671f6bdb95c9f2e9edf9acb01060337f173c4,paracodex-cuda-omp-step1,64269c07a2ca0c1126f1fc88b90eb707cdcf3901,paracodex-serial-omp-step1,0.6953161990888709,Type-3 (Semantic)
26ec647b93026fcf887e07f2e72c8f7a57894585,openspec-bulk-archive-change,52d1d522d0934e693b891e5b83a8bae2c4cf1075,openspec-archive-change,0.6931316094884462,Type-3 (Semantic)
26ec647b93026fcf887e07f2e72c8f7a57894585,openspec-bulk-archive-change,74047c6b43cf85c727d79c99d9a0e1b08befe16e,openspec-archive-change,0.720535677829432,Type-3 (Semantic)
26ec647b93026fcf887e07f2e72c8f7a57894585,openspec-bulk-archive-change,b5f26cf584a1fc69621a942e3ce33a19a99533f7,openspec-archive-change,0.6673626133992709,Type-3 (Semantic)
27d2d286369f2e280308dfc45381f2535ec612a0,ipc-protocol-dev,83d54847305e167f535417660c34331ad4f869e6,ipc-protocol-dev,0.9796167325968088,Type-2 (Parameterized)
2806100eb4e9daa70fbf534797947a30310120fe,gsd-cleanup,5f1d67c71ef6a7f284e681d02293dfc7696271ad,gsd-help,0.6795126315740271,Type-3 (Semantic)
2806100eb4e9daa70fbf534797947a30310120fe,gsd-cleanup,649bb0506c5d85cc5f6229cf9ca45849470ecd24,gsd-health,0.6623460442150277,Type-3 (Semantic)
2806100eb4e9daa70fbf534797947a30310120fe,gsd-cleanup,b7eb3dfbb46ebabe581de6dc9c4d360da7b8c8f3,gsd-validate-phase,0.658828807761083,Type-3 (Semantic)
2806100eb4e9daa70fbf534797947a30310120fe,gsd-cleanup,bc16dc87b16ef57ec869fef32dad93a036a6c448,gsd-do,0.667588787491192,Type-3 (Semantic)
28156e629c41b874b1034ac6a55e1922ee4c4108,fuzzing,5cd8c20616393b971397c19a1383b00ddbc0d65a,fuzzing,0.9295981135626774,Type-2 (Parameterized)
28156e629c41b874b1034ac6a55e1922ee4c4108,fuzzing,95bf4b24032eded78ebeeb838c9ff99e03e0bdd1,fuzzing,0.9276070568233181,Type-2 (Parameterized)
281a680526034a2b8c16fc8a0625f8d2d018b394,gsd-add-todo,28fb7e3946ef09c69a2f6ce83f45caa036c137ca,gsd-settings,0.680926756402013,Type-3 (Semantic)
281a680526034a2b8c16fc8a0625f8d2d018b394,gsd-add-todo,2f9339a7c8cdaa62a0a89e5f06e2926efe190ae1,gsd-explore,0.6565335677745636,Type-3 (Semantic)
281a680526034a2b8c16fc8a0625f8d2d018b394,gsd-add-todo,3574acbd3a1e6f2edb425ccd66db84895a1d9de7,gsd-session-report,0.6704460682608967,Type-3 (Semantic)
281a680526034a2b8c16fc8a0625f8d2d018b394,gsd-add-todo,673f4aff7866dba97194e63863716487c195d3c6,gsd-ship,0.6705272083292336,Type-3 (Semantic)
281a680526034a2b8c16fc8a0625f8d2d018b394,gsd-add-todo,68f0827c552fd9daed79a015440319d4b407ccda,gsd-do,0.7112899955150112,Type-3 (Semantic)
281a680526034a2b8c16fc8a0625f8d2d018b394,gsd-add-todo,82cf0b25e5d7be32b983db21da59c499c54663fc,gsd-scan,0.666034982957413,Type-3 (Semantic)
281a680526034a2b8c16fc8a0625f8d2d018b394,gsd-add-todo,9dd5348296d7f4f4f8e4eddd1a894c1c1a3dc14d,gsd-next,0.6840305094140842,Type-3 (Semantic)
281a680526034a2b8c16fc8a0625f8d2d018b394,gsd-add-todo,9f30f964e95f66e21fd81695e280a1390f862522,gsd-note,0.7372235506724275,Type-3 (Semantic)
281a680526034a2b8c16fc8a0625f8d2d018b394,gsd-add-todo,9f97bf68b80437eb1b3a350a3c485cb55adeff36,gsd-add-tests,0.6660319889567176,Type-3 (Semantic)
281a680526034a2b8c16fc8a0625f8d2d018b394,gsd-add-todo,a8e07a19e59499a2f7248022aa129cccadfc285f,gsd-add-todo,0.9400135313670341,Type-2 (Parameterized)
281a680526034a2b8c16fc8a0625f8d2d018b394,gsd-add-todo,c50ca8ded2311361a16047ea0ef8f1036627ecc9,gsd-pause-work,0.6530155819163467,Type-3 (Semantic)
281a680526034a2b8c16fc8a0625f8d2d018b394,gsd-add-todo,d54ad2ce3ac99e4a54508e16bba5e79a5af56739,gsd-next,0.6556995531139651,Type-3 (Semantic)
281a680526034a2b8c16fc8a0625f8d2d018b394,gsd-add-todo,e0cb38f75cc612f426e3d529f0ae5f2ce84a7a47,gsd-ui-review,0.6519642839856994,Type-3 (Semantic)
281a680526034a2b8c16fc8a0625f8d2d018b394,gsd-add-todo,fbd6f3a5aaaf67ff285b7c5499d79688fe22449c,gsd-help,0.6503550495411323,Type-3 (Semantic)
281a680526034a2b8c16fc8a0625f8d2d018b394,gsd-add-todo,fdb8448e3b027106e169e8904031db94e5fd251a,gsd-add-todo,0.6963316928197039,Type-3 (Semantic)
28724610e0ec7aff1913f6954b522ca50c2d783e,ue,b5fff4a1af042e8e37f0bd1d14507107393f4633,ue,0.9929690305788547,Type-2 (Parameterized)
28fb7e3946ef09c69a2f6ce83f45caa036c137ca,gsd-settings,2920bbf9a541b006926a59586a2bbd9068f490a6,gsd-fast,0.6876929727168472,Type-3 (Semantic)
28fb7e3946ef09c69a2f6ce83f45caa036c137ca,gsd-settings,29cef6fe560ee244ab80cf113eccf60982f8111e,gsd-resume-work,0.6723164755038377,Type-3 (Semantic)
28fb7e3946ef09c69a2f6ce83f45caa036c137ca,gsd-settings,2f9339a7c8cdaa62a0a89e5f06e2926efe190ae1,gsd-explore,0.7098597757098336,Type-3 (Semantic)
28fb7e3946ef09c69a2f6ce83f45caa036c137ca,gsd-settings,3574acbd3a1e6f2edb425ccd66db84895a1d9de7,gsd-session-report,0.7284119504922261,Type-3 (Semantic)
28fb7e3946ef09c69a2f6ce83f45caa036c137ca,gsd-settings,3d2711cfcef3daf525a0f5955c1160fd7a7aaebf,gsd-set-profile,0.7460903009543476,Type-3 (Semantic)
28fb7e3946ef09c69a2f6ce83f45caa036c137ca,gsd-settings,6462a1930310d689b49011b217f0db8c120e7b7e,gsd-list-workspaces,0.7126027982399114,Type-3 (Semantic)
28fb7e3946ef09c69a2f6ce83f45caa036c137ca,gsd-settings,673f4aff7866dba97194e63863716487c195d3c6,gsd-ship,0.7451725855944181,Type-3 (Semantic)
28fb7e3946ef09c69a2f6ce83f45caa036c137ca,gsd-settings,68f0827c552fd9daed79a015440319d4b407ccda,gsd-do,0.8012850486178936,Type-3 (Semantic)
28fb7e3946ef09c69a2f6ce83f45caa036c137ca,gsd-settings,74d7a37b18258619764c21f653507cdf9d6f1f1e,gsd-ai-integration-phase,0.668041314919422,Type-3 (Semantic)
28fb7e3946ef09c69a2f6ce83f45caa036c137ca,gsd-settings,78c85bc9029373f9aa1f6852f30380d1e6c7cec4,gsd-extract_learnings,0.6677992570537202,Type-3 (Semantic)
28fb7e3946ef09c69a2f6ce83f45caa036c137ca,gsd-settings,82cf0b25e5d7be32b983db21da59c499c54663fc,gsd-scan,0.7413350586990006,Type-3 (Semantic)
28fb7e3946ef09c69a2f6ce83f45caa036c137ca,gsd-settings,82dfc2e6c35199ddb0eda34509560a42301688cf,gsd-remove-workspace,0.7118665469414921,Type-3 (Semantic)
28fb7e3946ef09c69a2f6ce83f45caa036c137ca,gsd-settings,887e2b823ae1d8aa492eb4ee7b75c7c4e3bbb3c9,gsd-do,0.7094098455212995,Type-3 (Semantic)
28fb7e3946ef09c69a2f6ce83f45caa036c137ca,gsd-settings,99af566bca83b35b0d92b3c1cc32e1e088d0f3d7,gsd-scan,0.6641588089473274,Type-3 (Semantic)
28fb7e3946ef09c69a2f6ce83f45caa036c137ca,gsd-settings,9a06ffb809f241d3c53ad67751f3f1235cf02ead,gsd-manager,0.7007685076922967,Type-3 (Semantic)
28fb7e3946ef09c69a2f6ce83f45caa036c137ca,gsd-settings,9dd5348296d7f4f4f8e4eddd1a894c1c1a3dc14d,gsd-next,0.7595018779379527,Type-3 (Semantic)
28fb7e3946ef09c69a2f6ce83f45caa036c137ca,gsd-settings,9f30f964e95f66e21fd81695e280a1390f862522,gsd-note,0.7229062912720454,Type-3 (Semantic)
28fb7e3946ef09c69a2f6ce83f45caa036c137ca,gsd-settings,9f97bf68b80437eb1b3a350a3c485cb55adeff36,gsd-add-tests,0.7008472793939662,Type-3 (Semantic)
28fb7e3946ef09c69a2f6ce83f45caa036c137ca,gsd-settings,a3ec1b53921a3625582f608bbc1a4ffa83cd2a28,gsd-audit-fix,0.6649155793388813,Type-3 (Semantic)
28fb7e3946ef09c69a2f6ce83f45caa036c137ca,gsd-settings,b910ddea4125cefecb0fe5f4a82dccb67aab710e,gsd-secure-phase,0.6658947744278612,Type-3 (Semantic)
28fb7e3946ef09c69a2f6ce83f45caa036c137ca,gsd-settings,c50ca8ded2311361a16047ea0ef8f1036627ecc9,gsd-pause-work,0.6922329239361159,Type-3 (Semantic)
28fb7e3946ef09c69a2f6ce83f45caa036c137ca,gsd-settings,ca32938c9e4b8a1eb467e7d409e5550bff4519a6,gsd-import,0.675461313964189,Type-3 (Semantic)
28fb7e3946ef09c69a2f6ce83f45caa036c137ca,gsd-settings,d54ad2ce3ac99e4a54508e16bba5e79a5af56739,gsd-next,0.7359177285079515,Type-3 (Semantic)
28fb7e3946ef09c69a2f6ce83f45caa036c137ca,gsd-settings,e0cb38f75cc612f426e3d529f0ae5f2ce84a7a47,gsd-ui-review,0.7113867297001192,Type-3 (Semantic)
28fb7e3946ef09c69a2f6ce83f45caa036c137ca,gsd-settings,f9cf593440557545d4ecfdc66d12deaab051f21f,gsd-analyze-dependencies,0.6728712397598726,Type-3 (Semantic)
28fb7e3946ef09c69a2f6ce83f45caa036c137ca,gsd-settings,fbd6f3a5aaaf67ff285b7c5499d79688fe22449c,gsd-help,0.735489435417505,Type-3 (Semantic)
28fb7e3946ef09c69a2f6ce83f45caa036c137ca,gsd-settings,fde329f787012dc3d36f728189d3c5894375284d,gsd-ui-phase,0.7057767058446291,Type-3 (Semantic)
28fe3c4437bfed6d2c1cf24c04a5954c4c9b029c,scummvm-submodule-sync,65a82115b5b442722b24e80c5e51a282b7c593b7,scummvm-override-workflow,0.6549873597472626,Type-3 (Semantic)
2909d2852471179d43e450b74fcbc331aeb6d692,sistemas-criticos-tolerancia-fallas,344446f9d4ce027f3bedae94ca4da784540dba20,tiempo-real-determinismo,0.6958891152973485,Type-3 (Semantic)
2920bbf9a541b006926a59586a2bbd9068f490a6,gsd-fast,2f9339a7c8cdaa62a0a89e5f06e2926efe190ae1,gsd-explore,0.6557652369825551,Type-3 (Semantic)
2920bbf9a541b006926a59586a2bbd9068f490a6,gsd-fast,3574acbd3a1e6f2edb425ccd66db84895a1d9de7,gsd-session-report,0.6693055549998306,Type-3 (Semantic)
2920bbf9a541b006926a59586a2bbd9068f490a6,gsd-fast,3d2711cfcef3daf525a0f5955c1160fd7a7aaebf,gsd-set-profile,0.7688532925719583,Type-3 (Semantic)
2920bbf9a541b006926a59586a2bbd9068f490a6,gsd-fast,558de69e2a64c953b2de1a1d85ed17f38a9df3a0,gsd-secure-phase,0.6676729517838372,Type-3 (Semantic)
2920bbf9a541b006926a59586a2bbd9068f490a6,gsd-fast,5ba38ef663a5df1775ec48328387af3566ff8b7e,gsd-review,0.66703843278255,Type-3 (Semantic)
2920bbf9a541b006926a59586a2bbd9068f490a6,gsd-fast,673f4aff7866dba97194e63863716487c195d3c6,gsd-ship,0.6948330890475771,Type-3 (Semantic)
2920bbf9a541b006926a59586a2bbd9068f490a6,gsd-fast,68f0827c552fd9daed79a015440319d4b407ccda,gsd-do,0.7110647423073837,Type-3 (Semantic)
2920bbf9a541b006926a59586a2bbd9068f490a6,gsd-fast,71498c9c1214deb2d67fb46eb7de5e8372b5663e,gsd-ui-review,0.7169964030245642,Type-3 (Semantic)
2920bbf9a541b006926a59586a2bbd9068f490a6,gsd-fast,7c74edd6e432a05805c831d7c3319253e09fbc55,gsd-list-workspaces,0.7149807468271794,Type-3 (Semantic)
2920bbf9a541b006926a59586a2bbd9068f490a6,gsd-fast,82cf0b25e5d7be32b983db21da59c499c54663fc,gsd-scan,0.694832430999767,Type-3 (Semantic)
2920bbf9a541b006926a59586a2bbd9068f490a6,gsd-fast,854ca0e3d13409f6b3370a8c78befaf2a8ebb4b4,gsd-analyze-dependencies,0.6794982465146202,Type-3 (Semantic)
2920bbf9a541b006926a59586a2bbd9068f490a6,gsd-fast,887e2b823ae1d8aa492eb4ee7b75c7c4e3bbb3c9,gsd-do,0.814177687756073,Type-3 (Semantic)
2920bbf9a541b006926a59586a2bbd9068f490a6,gsd-fast,95b744b94b5f3b509c796c66e553d0bc4d488e66,gsd-note,0.7307736547712931,Type-3 (Semantic)
2920bbf9a541b006926a59586a2bbd9068f490a6,gsd-fast,95f65bbc2440706a5a7f67aae030e8ca49ec6779,gsd-explore,0.7170323727954594,Type-3 (Semantic)
2920bbf9a541b006926a59586a2bbd9068f490a6,gsd-fast,99af566bca83b35b0d92b3c1cc32e1e088d0f3d7,gsd-scan,0.7590882498957178,Type-3 (Semantic)
2920bbf9a541b006926a59586a2bbd9068f490a6,gsd-fast,9dd5348296d7f4f4f8e4eddd1a894c1c1a3dc14d,gsd-next,0.7157044510782858,Type-3 (Semantic)
2920bbf9a541b006926a59586a2bbd9068f490a6,gsd-fast,9f97bf68b80437eb1b3a350a3c485cb55adeff36,gsd-add-tests,0.6618897892697582,Type-3 (Semantic)
2920bbf9a541b006926a59586a2bbd9068f490a6,gsd-fast,a37b1d07f37f3aa35472120d80d8ac5c170564a9,gsd-validate-phase,0.7057942288380507,Type-3 (Semantic)
2920bbf9a541b006926a59586a2bbd9068f490a6,gsd-fast,a8e07a19e59499a2f7248022aa129cccadfc285f,gsd-add-todo,0.6659247932161623,Type-3 (Semantic)
2920bbf9a541b006926a59586a2bbd9068f490a6,gsd-fast,c0756153bea3ba470086b1e36520b9fa585764c9,gsd-undo,0.7091787259159851,Type-3 (Semantic)
2920bbf9a541b006926a59586a2bbd9068f490a6,gsd-fast,ca32938c9e4b8a1eb467e7d409e5550bff4519a6,gsd-import,0.7905475148729844,Type-3 (Semantic)
2920bbf9a541b006926a59586a2bbd9068f490a6,gsd-fast,d54ad2ce3ac99e4a54508e16bba5e79a5af56739,gsd-next,0.8354166611719394,Type-3 (Semantic)
2920bbf9a541b006926a59586a2bbd9068f490a6,gsd-fast,e05217bd55fd426ee71c43c90b62253249321ae5,gsd-ui-phase,0.7115557675178062,Type-3 (Semantic)
2920bbf9a541b006926a59586a2bbd9068f490a6,gsd-fast,e4b3162bb79ffc19da709f44f1f1a71548a9a271,gsd-add-tests,0.7255789427141174,Type-3 (Semantic)
2920bbf9a541b006926a59586a2bbd9068f490a6,gsd-fast,f5513dd49ae85dde18adbf643786fb279d1814bd,gsd-audit-uat,0.6591923166484243,Type-3 (Semantic)
2920bbf9a541b006926a59586a2bbd9068f490a6,gsd-fast,f5b7f15dfce8d5dbd1ba17ce6b097d2f5f89acc1,gsd-pr-branch,0.75220704738337,Type-3 (Semantic)
2920bbf9a541b006926a59586a2bbd9068f490a6,gsd-fast,fbd6f3a5aaaf67ff285b7c5499d79688fe22449c,gsd-help,0.8225885875254626,Type-3 (Semantic)
292446b26d78445983baaf1c76f7a53b7a977228,garnet-git-workflow,4d9e3b7c210467de0d0d17619235c61a71434bde,garnet-rdg-gpu2,0.7097806969064218,Type-3 (Semantic)
29ca9894bd71c3371f8524a6e412278d63446cde,writing-game-header-design-doc,e309f0494cae51b47cafc8a62c1737d9030ac850,writing-game-header-design-doc,0.9662655306095271,Type-2 (Parameterized)
29ca9894bd71c3371f8524a6e412278d63446cde,writing-game-header-design-doc,e62b0dc546490f3f2ab017592c579969fe7f1faf,writing-game-header-design-doc,0.9299486146304943,Type-2 (Parameterized)
29cef6fe560ee244ab80cf113eccf60982f8111e,gsd-resume-work,3574acbd3a1e6f2edb425ccd66db84895a1d9de7,gsd-session-report,0.7096620697105123,Type-3 (Semantic)
29cef6fe560ee244ab80cf113eccf60982f8111e,gsd-resume-work,673f4aff7866dba97194e63863716487c195d3c6,gsd-ship,0.6788059392412207,Type-3 (Semantic)
29cef6fe560ee244ab80cf113eccf60982f8111e,gsd-resume-work,68f0827c552fd9daed79a015440319d4b407ccda,gsd-do,0.7141136836700072,Type-3 (Semantic)
29cef6fe560ee244ab80cf113eccf60982f8111e,gsd-resume-work,82cf0b25e5d7be32b983db21da59c499c54663fc,gsd-scan,0.653614238860594,Type-3 (Semantic)
29cef6fe560ee244ab80cf113eccf60982f8111e,gsd-resume-work,98cc975f1094a174823d6345b3fdf46dee6cc6cb,gsd-resume-work,0.6715765564307087,Type-3 (Semantic)
29cef6fe560ee244ab80cf113eccf60982f8111e,gsd-resume-work,9a06ffb809f241d3c53ad67751f3f1235cf02ead,gsd-manager,0.6589832471477789,Type-3 (Semantic)
29cef6fe560ee244ab80cf113eccf60982f8111e,gsd-resume-work,9dd5348296d7f4f4f8e4eddd1a894c1c1a3dc14d,gsd-next,0.7004457985237232,Type-3 (Semantic)
29cef6fe560ee244ab80cf113eccf60982f8111e,gsd-resume-work,9f30f964e95f66e21fd81695e280a1390f862522,gsd-note,0.6632401551529649,Type-3 (Semantic)
29cef6fe560ee244ab80cf113eccf60982f8111e,gsd-resume-work,9f97bf68b80437eb1b3a350a3c485cb55adeff36,gsd-add-tests,0.6531223418807951,Type-3 (Semantic)
29cef6fe560ee244ab80cf113eccf60982f8111e,gsd-resume-work,c50ca8ded2311361a16047ea0ef8f1036627ecc9,gsd-pause-work,0.731037159037535,Type-3 (Semantic)
29cef6fe560ee244ab80cf113eccf60982f8111e,gsd-resume-work,d54ad2ce3ac99e4a54508e16bba5e79a5af56739,gsd-next,0.6500322358223068,Type-3 (Semantic)
29cef6fe560ee244ab80cf113eccf60982f8111e,gsd-resume-work,e0cb38f75cc612f426e3d529f0ae5f2ce84a7a47,gsd-ui-review,0.6591234150556573,Type-3 (Semantic)
29efd2c353f090c16d2e17745178da4900d9291d,data-pipeline,ed03a75de76bf7f8207f056042695884b384471e,data-pipeline,0.9770575947417034,Type-2 (Parameterized)
2a06655f1e6c1a52f4f46fbc6e834445860a177c,ghidra-decompile,711603d4d9597d0349f62de9e961d3a92409ac1e,ghidra-decompile,0.8626410337199448,Type-2 (Parameterized)
2a6b45ef321b4ee77201eef74b2bd2f82bcc6b0e,[Unnamed Skill],df7a261f6e34cd443c9203d062d478f279f57f0b,[Unnamed Skill],0.6898227165652382,Type-3 (Semantic)
2a7aa91e7622e01dfc204ba33cc4c27370412cc7,[Unnamed Skill],7c79fb6f88982e670f7e8f7ce3eb85a15d09b0ae,[Unnamed Skill],0.935451210753407,Type-2 (Parameterized)
2b05fa7735cf22b68699833486b7edad65053dc8,juce,cc4e830b219db1a4beffe14842ad8b666afcf193,JUCE AudioProcessorValueTreeState (APVTS) Parameters,0.6510849867697718,Type-3 (Semantic)
2b083547d3dd1825d399e269b3209aebefa45f02,building-with-cmake,76c4870ad6bccd04a1204b3f6fbc6e5119e2d9d0,building-with-cmake,0.91042775482255,Type-2 (Parameterized)
2b4333a28a424d4691601522ab438ff3585c6a30,weather,8cfbf95cc62e558e43ea8d9c56367e37f309fc6a,weather,0.799086000524001,Type-3 (Semantic)
2b4333a28a424d4691601522ab438ff3585c6a30,weather,a4955abac55fa104a497b2cbab596ee161cd5790,weather,0.6977424782733535,Type-3 (Semantic)
2bd661100a0cdbba3cd1e3ea958b530d59d1d17d,create-viewmodel,7f832bea5ae7458fa4e61c4a0f09dffc2b4e8e79,create-feature-module,0.7854360465810044,Type-3 (Semantic)
2bd661100a0cdbba3cd1e3ea958b530d59d1d17d,create-viewmodel,f760cbaf5a1beda6ce6012ce3873481639b93627,integrate-api-feature,0.6579465775251292,Type-3 (Semantic)
2bde0fb232ab01f3ac8a28d657789db44c2c0fe8,commit,c673661c323c5eeda8c400d51979b41094a03bbf,commit,0.8359822235863218,Type-3 (Semantic)
2c43e229d0b50ee85d942b6c1eb2f3ead40f3f18,amdsmi-build-install,5c51e3a17c843962e53dff53140cddfbd1072a19,amdsmi-build-install,0.9601519304953708,Type-2 (Parameterized)
2c43e229d0b50ee85d942b6c1eb2f3ead40f3f18,amdsmi-build-install,7fb657bf276a21398d5970aa6d633e4fe90fbb2c,amdsmi-output-verification,0.6542734943430286,Type-3 (Semantic)
2d0fd07bb5e2d10dfa5d38dd869729bab0107d1d,pm-validate,9c3a3f3f079d1007bcfd192888c719019a6b1cff,pm-update,0.6836747965501363,Type-3 (Semantic)
2d0fd07bb5e2d10dfa5d38dd869729bab0107d1d,pm-validate,d75b57219401fdad0d38318f16a1a7cc0f95724e,pm-validate,0.7395855019084085,Type-3 (Semantic)
2d2646a5c7963071cedcc6db76faf0583ade1003,code-review,aaf5ccef75ccefa360423f475db1ae254e57be25,code-review,0.9594390899149766,Type-2 (Parameterized)
2da3eb35d1ccf2c1c18e7e71770fe1a0e72f1bda,skill_dream,e17325341e8b8a21b740cd2ef80cbfdbe3d1b952,dream,0.8840630385757438,Type-2 (Parameterized)
2e06248fa44826f15d070ec0c0f2e84052184671,webf-native-plugin-dev,6c721a0a7da2562000524ad15a7c47ce7111d40d,webf-native-ui-dev,0.6749978611432556,Type-3 (Semantic)
2e06248fa44826f15d070ec0c0f2e84052184671,webf-native-plugin-dev,c9481069e0b9eeca56436d387246bb700a0c8773,webf-native-ui-dev,0.6749646854252743,Type-3 (Semantic)
2e06248fa44826f15d070ec0c0f2e84052184671,webf-native-plugin-dev,cae2fd68ba79d8db87e3f5b31309ccb99992bdae,webf-native-plugin-dev,0.9999838571965517,Type-2 (Parameterized)
2e29941710c47c1d47f7d938203f11223f53d375,two-axis-review,dd8b6fe2820358d684212099d90d40153d776be4,code-review,0.9882558014404621,Type-2 (Parameterized)
2e34fe946e9d707ca2dc54cc73154319752ae522,pm-reflect,9c3a3f3f079d1007bcfd192888c719019a6b1cff,pm-update,0.6550058967044103,Type-3 (Semantic)
2e34fe946e9d707ca2dc54cc73154319752ae522,pm-reflect,cc76a0a2146f785b6be56821e37e316448d319c9,pm-restructure,0.7235202751954602,Type-3 (Semantic)
2eaf288b8b73e7dd431f7828a7cd5fe48a2c352a,upgrade-duckdb-extension,4005e4235cf0f712483e09c54219d48afdca5b89,upgrade-duckdb-extension,0.8828497658003771,Type-2 (Parameterized)
2eaf288b8b73e7dd431f7828a7cd5fe48a2c352a,upgrade-duckdb-extension,464791b5b5353222ca65f812a3988bfc2822d09d,upgrade-duckdb-extension,0.8549840758192003,Type-2 (Parameterized)
2eaf288b8b73e7dd431f7828a7cd5fe48a2c352a,upgrade-duckdb-extension,56c739909143440d4925b3c2f09ef45ab9f09b7b,upgrade-duckdb-extension,0.897174671630175,Type-2 (Parameterized)
2eaf288b8b73e7dd431f7828a7cd5fe48a2c352a,upgrade-duckdb-extension,873baf315e52caff96b7b6678167f93384213b68,upgrade-duckdb-extension,0.8434391950100866,Type-3 (Semantic)
2eaf288b8b73e7dd431f7828a7cd5fe48a2c352a,upgrade-duckdb-extension,9f593efc47863229e1a53e440a8eca8f00937009,upgrade-duckdb-extension,0.8707510024772661,Type-2 (Parameterized)
2eaf288b8b73e7dd431f7828a7cd5fe48a2c352a,upgrade-duckdb-extension,fa275edcf3232c2e10e2f17c0d3ec0abaf72e711,upgrade-duckdb-extension,0.7290458847834259,Type-3 (Semantic)
2ee4c5610677c6c8a2b37ddc50268105cb92c0cf,my-skill,81536bf88d8a66c7d32f09f040a031de170fb409,skill-creator,0.6967387432052392,Type-3 (Semantic)
2ef51c1d021ed70196124b2c6de826d554c061a8,UnitTesting-convert2CaTDD,9654bd41700bf6f77349f5fa78f19bdceee3afbd,comment-alive-test-driven-development,0.8777419973269064,Type-2 (Parameterized)
2ef94d7c258a070468bf5cff1bea5195ec49bc2f,hermes-compress,bf6ee414e9fcb305e5d1e59972d279d6c70f9486,hermes-search,0.7215356903697974,Type-3 (Semantic)
2f22a3a6a63c2e8b43337328d8c69a304d95b02a,writing-plans,71821da70457a8a72d81994d08dbe27c0dbd8196,writing-project-plan,0.8570604795942197,Type-2 (Parameterized)
2f69287379d0e7859c0a7199b17e8c4a1f1139f7,e2e-test-s3-versioned-full-scan,510a98769697baa795fa2b9061416abc8c782638,e2e-test-s3-full-scan,0.6849137404268762,Type-3 (Semantic)
2f69287379d0e7859c0a7199b17e8c4a1f1139f7,e2e-test-s3-versioned-full-scan,9becdce1fc28cbe046f3bacbecd94f4dfb43d9fa,e2e-test-s3-versioned-incremental-scan,0.8291731112234988,Type-3 (Semantic)
2f740af6035ffd10d53c7c1448bf539a21c3f0f5,v8-testing,6a0c40029064c3719549a4ba9a79bdf56907780b,v8-testing,0.9979140034135525,Type-2 (Parameterized)
2f740af6035ffd10d53c7c1448bf539a21c3f0f5,v8-testing,c403701b9212e9c8b5bec7bec595ba78459436d2,v8_testing,0.9219229039075534,Type-2 (Parameterized)
2f9339a7c8cdaa62a0a89e5f06e2926efe190ae1,gsd-explore,3574acbd3a1e6f2edb425ccd66db84895a1d9de7,gsd-session-report,0.713584477925532,Type-3 (Semantic)
2f9339a7c8cdaa62a0a89e5f06e2926efe190ae1,gsd-explore,3d2711cfcef3daf525a0f5955c1160fd7a7aaebf,gsd-set-profile,0.6649068501864325,Type-3 (Semantic)
2f9339a7c8cdaa62a0a89e5f06e2926efe190ae1,gsd-explore,6462a1930310d689b49011b217f0db8c120e7b7e,gsd-list-workspaces,0.6851686620120149,Type-3 (Semantic)
2f9339a7c8cdaa62a0a89e5f06e2926efe190ae1,gsd-explore,673f4aff7866dba97194e63863716487c195d3c6,gsd-ship,0.7216307159979847,Type-3 (Semantic)
2f9339a7c8cdaa62a0a89e5f06e2926efe190ae1,gsd-explore,68f0827c552fd9daed79a015440319d4b407ccda,gsd-do,0.7695488280731508,Type-3 (Semantic)
2f9339a7c8cdaa62a0a89e5f06e2926efe190ae1,gsd-explore,74d7a37b18258619764c21f653507cdf9d6f1f1e,gsd-ai-integration-phase,0.6521112415844104,Type-3 (Semantic)
2f9339a7c8cdaa62a0a89e5f06e2926efe190ae1,gsd-explore,82cf0b25e5d7be32b983db21da59c499c54663fc,gsd-scan,0.7178081718205802,Type-3 (Semantic)
2f9339a7c8cdaa62a0a89e5f06e2926efe190ae1,gsd-explore,82dfc2e6c35199ddb0eda34509560a42301688cf,gsd-remove-workspace,0.6858229622343298,Type-3 (Semantic)
2f9339a7c8cdaa62a0a89e5f06e2926efe190ae1,gsd-explore,887e2b823ae1d8aa492eb4ee7b75c7c4e3bbb3c9,gsd-do,0.6744070492889072,Type-3 (Semantic)
2f9339a7c8cdaa62a0a89e5f06e2926efe190ae1,gsd-explore,95f65bbc2440706a5a7f67aae030e8ca49ec6779,gsd-explore,0.9309868297832613,Type-2 (Parameterized)
2f9339a7c8cdaa62a0a89e5f06e2926efe190ae1,gsd-explore,9a06ffb809f241d3c53ad67751f3f1235cf02ead,gsd-manager,0.6775053414927381,Type-3 (Semantic)
2f9339a7c8cdaa62a0a89e5f06e2926efe190ae1,gsd-explore,9dd5348296d7f4f4f8e4eddd1a894c1c1a3dc14d,gsd-next,0.7328343789265105,Type-3 (Semantic)
2f9339a7c8cdaa62a0a89e5f06e2926efe190ae1,gsd-explore,9f30f964e95f66e21fd81695e280a1390f862522,gsd-note,0.7298245316991104,Type-3 (Semantic)
2f9339a7c8cdaa62a0a89e5f06e2926efe190ae1,gsd-explore,9f97bf68b80437eb1b3a350a3c485cb55adeff36,gsd-add-tests,0.6749092217973219,Type-3 (Semantic)
2f9339a7c8cdaa62a0a89e5f06e2926efe190ae1,gsd-explore,d54ad2ce3ac99e4a54508e16bba5e79a5af56739,gsd-next,0.6925038296221225,Type-3 (Semantic)
2f9339a7c8cdaa62a0a89e5f06e2926efe190ae1,gsd-explore,e0cb38f75cc612f426e3d529f0ae5f2ce84a7a47,gsd-ui-review,0.6893104661089843,Type-3 (Semantic)
2f9339a7c8cdaa62a0a89e5f06e2926efe190ae1,gsd-explore,fbd6f3a5aaaf67ff285b7c5499d79688fe22449c,gsd-help,0.690935963976271,Type-3 (Semantic)
2f9339a7c8cdaa62a0a89e5f06e2926efe190ae1,gsd-explore,fde329f787012dc3d36f728189d3c5894375284d,gsd-ui-phase,0.6869329200342483,Type-3 (Semantic)
2fc9051172bb2003c385b28cedb09f86c52b4ec3,codekit-coding-guideline,fbe765f2495f184267a606514328b626a6c2191e,codekit-code-summarization-guideline,0.8708633986840344,Type-2 (Parameterized)
2ff9b3a52b1c65229aad3b21ba16aeba4f083d7e,[Unnamed Skill],c6d96d6a95933692539cce4ef5d6c461b33d028e,[Unnamed Skill],0.9661587082787906,Type-2 (Parameterized)
30047524b55f7813e3669f6fd6d542010d5ce94e,paracodex-cuda-ocl-step1,c7ede9232c0870009626542d2c6ef59f220ceb16,paracodex-ocl-cuda-step1,0.7057577489734135,Type-3 (Semantic)
303bc979bb2e8af2aef93046b16b1240c3e49604,skill_ship,3a5c8336fb4c6c0ca5eca1af892b9f4897a23aa3,skill_plan,0.6604109949055131,Type-3 (Semantic)
303bc979bb2e8af2aef93046b16b1240c3e49604,skill_ship,9066a45cb54c738ff9ef3db556d1c6eb0d357eaf,skill_debug,0.6625939574073453,Type-3 (Semantic)
303bc979bb2e8af2aef93046b16b1240c3e49604,skill_ship,b65fbb677d7f4df105ab43460f6e8899fa72442a,ship,0.8272934132483634,Type-3 (Semantic)
305c7bcc41743195ea255abf03737865a8bb5024,karpathy-guidelines,5b06ea1131a9e4459485c2b886467dc10eb14d5c,karpathy-guidelines,0.9711997683181771,Type-2 (Parameterized)
30ac4986e26640315967f86c36188b6e08748ca8,readme-generator,b1744c4fd3b42a6320596393f896c7b1748ff5e8,readme-generator,1.0000000000000004,Type-2 (Parameterized)
30e02884f75d63bb6d23fd47cfa96288442d0aa1,[Unnamed Skill],4ebffc65803befed0582d9530e9bcf01ef1e1632,skill_ship,0.9978788125381541,Type-2 (Parameterized)
3121c080476a5608d175dab81729f828c9367373,ck-game-debugging-playbook,66380ad30818fdf824df1ca24d61a86134624d55,ck-game-angelscript-gameplay,0.6789364746516883,Type-3 (Semantic)
316b329721a7b0adf873ba25b0fff8e95e353b4e,ship,4f9ef86903e7574a7d7cfc291d0a5518305a4694,usb-recovery,0.6602660005233152,Type-3 (Semantic)
322e11dab076f0f102ad1f1548963dcc2fa79951,speckit-architecture-guard-governed-tasks,5b9586b1a9eecc210994c88b88e692d31cfd6a9a,speckit-architecture-guard-architecture-workflow,0.7485993701203456,Type-3 (Semantic)
322e11dab076f0f102ad1f1548963dcc2fa79951,speckit-architecture-guard-governed-tasks,94c7df1224a8698205cb0dd42205b823c0eccf23,speckit-architecture-guard-architecture-verify,0.6754699016822608,Type-3 (Semantic)
322e11dab076f0f102ad1f1548963dcc2fa79951,speckit-architecture-guard-governed-tasks,9d903a3f5d88ff0082dc0875fe947c58f617b649,speckit-architecture-guard-governed-plan,0.8164254325177033,Type-3 (Semantic)
32ce215f415a8446d56de75e4ee4466f7de68e9e,qa-ros-performance-agent,effa9a5d8548485a8020d89b068dd2b5c4c00a3a,qa-ros-performance-agent,0.9567564977532912,Type-2 (Parameterized)
3364d130869135fa3bcb31311ee9d0f010b98a5c,skill_design_webview,72ee7d3b0b3dc76489eec0e268d52e42ab229e14,juce-webview,0.7384888077704419,Type-3 (Semantic)
3364d130869135fa3bcb31311ee9d0f010b98a5c,skill_design_webview,f73a7b1d4059e46eebea22ec7f492435ed8dcb68,juce-webview-windows,0.8020541543186022,Type-3 (Semantic)
338d50959424498cba3ab61309165b9dbfcadcae,donner-parsers-css-text,7b0374e16c5ff8510d25e031a4895a23e093229c,donner-rendering-pipeline,0.679334749765105,Type-3 (Semantic)
338d50959424498cba3ab61309165b9dbfcadcae,donner-parsers-css-text,de0efb789f3ac70bad6d129b08c8112d8f359b65,donner-embedding,0.6894213605863176,Type-3 (Semantic)
33b4b4fcb29f3bb386cfcc7f8c9463f1e01cc903,materials,84b63bd1d0c25e990d07e4651f35e3b6cd89bcda,materials,0.9999999999999998,Type-2 (Parameterized)
33cef1018e47fa505827cd3ae26effc63b9f0d76,rubyllm/instrumentation,e670807493d611e25872b6f9e808bc7089f17bd0,rubyllm/instrumentation,0.9929679028267892,Type-2 (Parameterized)
341b19faf7c70d9d16ddb5efefcefd2ae54ecc83,coot-essential-api,39b3f71b33bcffba695d58b8f256e73f7336e53f,coot-model-building,0.7916410712820552,Type-3 (Semantic)
341b19faf7c70d9d16ddb5efefcefd2ae54ecc83,coot-essential-api,55f7da8a11a0a523df5faa4d3e1e448f517b6f84,coot-best-practices,0.6782639235914747,Type-3 (Semantic)
341b19faf7c70d9d16ddb5efefcefd2ae54ecc83,coot-essential-api,843dcbe5306aeac23c2ae1a54b1896da9842472c,coot-figure-making,0.6901695836432407,Type-3 (Semantic)
341f195c4909d62f284d51e65072d6f9c2d9731f,git-workflow,5aad83b2fd3dd6829746c767e953db649e797aec,[Unnamed Skill],0.9490364175171269,Type-2 (Parameterized)
344446f9d4ce027f3bedae94ca4da784540dba20,tiempo-real-determinismo,7144fdc1516401fa03b48edef56f05d6dce2b5ae,bno055-imu-heading-robocup,0.6878827051000853,Type-3 (Semantic)
34704cd859065b12f48e1159893de2e993c7c2d5,rubyllm,53eccca5ac93885e5f9f5f63f0b9ee83484de862,rubyllm-rails,0.6753503812738509,Type-3 (Semantic)
34c23f4737120f17de506f2812fe59e68de124e3,check,c0a60f740afb65521b2b70739304dd54a113bc32,lint-and-format,0.6745807968666812,Type-3 (Semantic)
34f6fbe78bb8ec4bf929ab558600dda97c7de406,clawguard,3e5fa8543c029a0c0b8a479a5b92a1225e8294e5,clawguard,0.9167818610909015,Type-2 (Parameterized)
352a02f8749879e02b191e3b3bed68c49e015ed9,[Unnamed Skill],a7f0e351772622aa5f5b80c05888df4311f61b7a,Polyphase_dev,0.8196360882775746,Type-3 (Semantic)
352a02f8749879e02b191e3b3bed68c49e015ed9,[Unnamed Skill],d29dbc66bc6071912a796b113ea549eba223549a,polyphase_dev,0.9630385394336134,Type-2 (Parameterized)
353d245d3ccc9b1313b5fec539d2471c8f5a3c11,[Unnamed Skill],87656713260b99475fb0f29b5e45386bda7841ca,adr,0.651143223535446,Type-3 (Semantic)
353d245d3ccc9b1313b5fec539d2471c8f5a3c11,[Unnamed Skill],9d95f0fe7f6ec0266f2f39c46dc26449e143d270,adr,0.6611675579359878,Type-3 (Semantic)
353d245d3ccc9b1313b5fec539d2471c8f5a3c11,[Unnamed Skill],a27261c561ba4c7593b7bd6cc47d6bf581a4f12c,adr-new,0.69145870885714,Type-3 (Semantic)
3574acbd3a1e6f2edb425ccd66db84895a1d9de7,gsd-session-report,3d2711cfcef3daf525a0f5955c1160fd7a7aaebf,gsd-set-profile,0.6767719113463966,Type-3 (Semantic)
3574acbd3a1e6f2edb425ccd66db84895a1d9de7,gsd-session-report,6462a1930310d689b49011b217f0db8c120e7b7e,gsd-list-workspaces,0.7080371012592346,Type-3 (Semantic)
3574acbd3a1e6f2edb425ccd66db84895a1d9de7,gsd-session-report,673f4aff7866dba97194e63863716487c195d3c6,gsd-ship,0.7569646997567284,Type-3 (Semantic)
3574acbd3a1e6f2edb425ccd66db84895a1d9de7,gsd-session-report,68f0827c552fd9daed79a015440319d4b407ccda,gsd-do,0.7860858803101849,Type-3 (Semantic)
3574acbd3a1e6f2edb425ccd66db84895a1d9de7,gsd-session-report,74d7a37b18258619764c21f653507cdf9d6f1f1e,gsd-ai-integration-phase,0.6701026794824018,Type-3 (Semantic)
3574acbd3a1e6f2edb425ccd66db84895a1d9de7,gsd-session-report,78c85bc9029373f9aa1f6852f30380d1e6c7cec4,gsd-extract_learnings,0.6815366334801419,Type-3 (Semantic)
3574acbd3a1e6f2edb425ccd66db84895a1d9de7,gsd-session-report,82cf0b25e5d7be32b983db21da59c499c54663fc,gsd-scan,0.7355478016623027,Type-3 (Semantic)
3574acbd3a1e6f2edb425ccd66db84895a1d9de7,gsd-session-report,82dfc2e6c35199ddb0eda34509560a42301688cf,gsd-remove-workspace,0.7136336562187627,Type-3 (Semantic)
3574acbd3a1e6f2edb425ccd66db84895a1d9de7,gsd-session-report,887e2b823ae1d8aa492eb4ee7b75c7c4e3bbb3c9,gsd-do,0.6794229827642788,Type-3 (Semantic)
3574acbd3a1e6f2edb425ccd66db84895a1d9de7,gsd-session-report,9a06ffb809f241d3c53ad67751f3f1235cf02ead,gsd-manager,0.6996950966546238,Type-3 (Semantic)
3574acbd3a1e6f2edb425ccd66db84895a1d9de7,gsd-session-report,9dd5348296d7f4f4f8e4eddd1a894c1c1a3dc14d,gsd-next,0.7545586184440325,Type-3 (Semantic)
3574acbd3a1e6f2edb425ccd66db84895a1d9de7,gsd-session-report,9f30f964e95f66e21fd81695e280a1390f862522,gsd-note,0.7372078408826155,Type-3 (Semantic)
3574acbd3a1e6f2edb425ccd66db84895a1d9de7,gsd-session-report,9f97bf68b80437eb1b3a350a3c485cb55adeff36,gsd-add-tests,0.7214456689418262,Type-3 (Semantic)
3574acbd3a1e6f2edb425ccd66db84895a1d9de7,gsd-session-report,a3ec1b53921a3625582f608bbc1a4ffa83cd2a28,gsd-audit-fix,0.6746647604576471,Type-3 (Semantic)
3574acbd3a1e6f2edb425ccd66db84895a1d9de7,gsd-session-report,b910ddea4125cefecb0fe5f4a82dccb67aab710e,gsd-secure-phase,0.670842415301538,Type-3 (Semantic)
3574acbd3a1e6f2edb425ccd66db84895a1d9de7,gsd-session-report,c50ca8ded2311361a16047ea0ef8f1036627ecc9,gsd-pause-work,0.6947585041738026,Type-3 (Semantic)
3574acbd3a1e6f2edb425ccd66db84895a1d9de7,gsd-session-report,ca32938c9e4b8a1eb467e7d409e5550bff4519a6,gsd-import,0.6566593520578928,Type-3 (Semantic)
3574acbd3a1e6f2edb425ccd66db84895a1d9de7,gsd-session-report,d54ad2ce3ac99e4a54508e16bba5e79a5af56739,gsd-next,0.7099897661101425,Type-3 (Semantic)
3574acbd3a1e6f2edb425ccd66db84895a1d9de7,gsd-session-report,e0cb38f75cc612f426e3d529f0ae5f2ce84a7a47,gsd-ui-review,0.7310438392566498,Type-3 (Semantic)
3574acbd3a1e6f2edb425ccd66db84895a1d9de7,gsd-session-report,f9cf593440557545d4ecfdc66d12deaab051f21f,gsd-analyze-dependencies,0.6766838286554696,Type-3 (Semantic)
3574acbd3a1e6f2edb425ccd66db84895a1d9de7,gsd-session-report,fbd6f3a5aaaf67ff285b7c5499d79688fe22449c,gsd-help,0.7087273585622492,Type-3 (Semantic)
3574acbd3a1e6f2edb425ccd66db84895a1d9de7,gsd-session-report,fde329f787012dc3d36f728189d3c5894375284d,gsd-ui-phase,0.7157415236365091,Type-3 (Semantic)
3575cbdfd35d66e03d34c25e12fe00ec46113b1c,check-available-hardware,c9281b71e80a3e2f4a7bf1283d12a4ec2a7435b9,analyze-transformers-model-description,0.6755625650187953,Type-3 (Semantic)
35b3eefc2edce4f6897a70f32a8fd130125a8b01,gsd-quick,f8a6ff9a43fa37b30d000758ccf048f2dd87a00c,gsd-quick,0.9361568711715983,Type-2 (Parameterized)
35b49473152442ce14617c2634441197fbec7840,e2e-test-s3-incremental-scan,3807ee50d011f9ae52aad71eeedd8565336c760d,e2e-test-s3-incremental-sync,0.7786398634956093,Type-3 (Semantic)
35b49473152442ce14617c2634441197fbec7840,e2e-test-s3-incremental-scan,510a98769697baa795fa2b9061416abc8c782638,e2e-test-s3-full-scan,0.8096952206517878,Type-3 (Semantic)
35b49473152442ce14617c2634441197fbec7840,e2e-test-s3-incremental-scan,740d7e91e9505afd26c71f51426e719a42dcbc88,e2e-test-nfs-v3-incremental-scan,0.6767141177278462,Type-3 (Semantic)
35b49473152442ce14617c2634441197fbec7840,e2e-test-s3-incremental-scan,9becdce1fc28cbe046f3bacbecd94f4dfb43d9fa,e2e-test-s3-versioned-incremental-scan,0.6584036782311957,Type-3 (Semantic)
35c2728fcb18f95fff6015f3117065eb30e635f0,niagara-emitters,6467438bcf709ead2c609e8bf3900a6853e3ca5f,niagara-systems,0.6862122415801358,Type-3 (Semantic)
35c2728fcb18f95fff6015f3117065eb30e635f0,niagara-emitters,b16c6230c81fb9fa1addec3202ecb4daa537f7aa,niagara-systems,0.6862122415801358,Type-3 (Semantic)
35c2728fcb18f95fff6015f3117065eb30e635f0,niagara-emitters,b50058a93173b72899c7cd49e529a4b7efa23964,niagara-emitters,1.0,Type-2 (Parameterized)
3606a85b68d896a8e8586b4ee707caefbfc09a6b,swift-mlx,ba6fb71c4a3ae3b37ce57a864225ff3dfc2dc87f,swift-mlx,0.9733315232968897,Type-2 (Parameterized)
36ae1c8e0e714f8a4e0a2f8304fbc73579ffcb0c,rive-luau-lsp,ac8d6331aa5099fcebdaec7da33887cbd4b01b75,rive-luau-lsp,0.9319451296991265,Type-2 (Parameterized)
37144b086d9858aaead699979f0037a44bacd0b3,slice-architecture-guardrails,7156c6b91ed1e2a5aa5732a5e12ba1007fcb776b,project-architecture-guardrails,0.6693487255227415,Type-3 (Semantic)
371f1961750d2f3a2838ebd68bf766491a0458c9,adr-done,87656713260b99475fb0f29b5e45386bda7841ca,adr,0.75907709072878,Type-3 (Semantic)
371f1961750d2f3a2838ebd68bf766491a0458c9,adr-done,9d95f0fe7f6ec0266f2f39c46dc26449e143d270,adr,0.6559265639079765,Type-3 (Semantic)
371f1961750d2f3a2838ebd68bf766491a0458c9,adr-done,a27261c561ba4c7593b7bd6cc47d6bf581a4f12c,adr-new,0.6801226478056579,Type-3 (Semantic)
3735e8a244e5f6f81d366655d45009e8af1ef4b2,graphify,6a1bdcf70586abf457dc088bdaef0f0b6e9bb476,gsd-graphify,0.7057228486514222,Type-3 (Semantic)
3735e8a244e5f6f81d366655d45009e8af1ef4b2,graphify,6e466128b696d33601e02b0e8fdc6782de061b69,graphify,0.9467528811822653,Type-2 (Parameterized)
3735e8a244e5f6f81d366655d45009e8af1ef4b2,graphify,944f432328f9a099bf26633ed592c164a8d5250e,[Unnamed Skill],0.8854259922289828,Type-2 (Parameterized)
3735e8a244e5f6f81d366655d45009e8af1ef4b2,graphify,e95c71da452ffbb636f9318c8bd1a19826b922e8,gsd-graphify,0.6726286380116322,Type-3 (Semantic)
3737bbd150246d83b6a12229cd79ffc2e832d9e9,Liquid Galaxy Code Reviewer,b51cd118b2111af3211ba7d1a258a68e33b35e21,Liquid Galaxy Scholar,0.6640041273911141,Type-3 (Semantic)
37666421ddaa6150ac84b1cade1a481236812b28,testing,f2e200223a17a5bc5d88da0c7d05c844535f6afb,testing,0.7200030457251057,Type-3 (Semantic)
37d43933e695c3533963780006001120fb7c7f1d,testing,5e7f6a99454db6cd5968fa4c26b8605b88c478e0,testing,0.9878235615638002,Type-2 (Parameterized)
37f5fe6cf7acc09f33eb698ff2f5c22a8f60b550,gsd-thread,e0df3e34f2bfd52c3731892edb4c59297708cf2d,gsd-thread,0.7418472001640385,Type-3 (Semantic)
3804a06259748fbb4fd323a1dbe069bc5060757f,performance-optimization,4e41ef3d9a2618067190db1550389e694fd64d87,runtime-perf,0.6632890168516439,Type-3 (Semantic)
3807ee50d011f9ae52aad71eeedd8565336c760d,e2e-test-s3-incremental-sync,510a98769697baa795fa2b9061416abc8c782638,e2e-test-s3-full-scan,0.742554593826662,Type-3 (Semantic)
3807ee50d011f9ae52aad71eeedd8565336c760d,e2e-test-s3-incremental-sync,ce183dc67b097ea07048150c81e887bec44dfc91,e2e-test-nfs-to-s3-full-sync,0.6569581868050809,Type-3 (Semantic)
38530741074d430bb8bfb9f3079f8bfb4f1ab347,gsd-complete-milestone,3a22be77ff2eae16c4e6b59dd2d7012c0ae93b4e,gsd-complete-milestone,0.957482607055363,Type-2 (Parameterized)
38530741074d430bb8bfb9f3079f8bfb4f1ab347,gsd-complete-milestone,72846d7cc347ff783ebbb8daa35bc7019b752737,gsd-plan-milestone-gaps,0.657657976248768,Type-3 (Semantic)
38530741074d430bb8bfb9f3079f8bfb4f1ab347,gsd-complete-milestone,788b7c6228bf4792f0c16ece7b39156d690c1dd1,gsd-complete-milestone,0.9614297348104486,Type-2 (Parameterized)
38530741074d430bb8bfb9f3079f8bfb4f1ab347,gsd-complete-milestone,930015f19994be9fa31b7e6e1e22da1c66f63f27,gsd-new-milestone,0.6674005925406999,Type-3 (Semantic)
38530741074d430bb8bfb9f3079f8bfb4f1ab347,gsd-complete-milestone,c3159dee743314f985006b03e416a380fcf34cf5,complete-milestone,0.7614234611557688,Type-3 (Semantic)
38530741074d430bb8bfb9f3079f8bfb4f1ab347,gsd-complete-milestone,d16ae0168e14e061d75a809afc24e99199f3c086,gsdd-complete-milestone,0.8087873241695281,Type-3 (Semantic)
38530741074d430bb8bfb9f3079f8bfb4f1ab347,gsd-complete-milestone,df38a3bf629bd6b75afb9ddb8a082bbd1a7b2ec5,gsd-audit-milestone,0.6760280066109773,Type-3 (Semantic)
38530741074d430bb8bfb9f3079f8bfb4f1ab347,gsd-complete-milestone,f769b718b844c85f02c6218a7756ee21b3cd08b4,gsdd-new-milestone,0.7125781713948627,Type-3 (Semantic)
38564969cfa8b56124cae8a77565b8ed1f96138e,fix-design-implementation,b35f0ead7855639914696bbb1640f5f2fde50584,[Unnamed Skill],0.7853342489938696,Type-3 (Semantic)
38564969cfa8b56124cae8a77565b8ed1f96138e,fix-design-implementation,e7a04904a1ac946ea6180a10692ed501ded5c46c,fix-tech-implementation,0.9261616879395345,Type-2 (Parameterized)
38f76866cbba00c978f41e433d96322369571b09,systematic-debugging,b590d4a338dac0517bbcf379f76c6942af2973f5,verification-before-completion,0.654732209361484,Type-3 (Semantic)
3938e9aa3f365f12390ce082efdf2ea0fd7f1dc2,speckit-specify,9b51c7721594983512d6dfed973ce0494353c8aa,speckit-specify,0.8300154808322265,Type-3 (Semantic)
3966e1c187797e6aa1aacdb7676b187c908c6efa,gsd-analyze-dependencies,5f1d67c71ef6a7f284e681d02293dfc7696271ad,gsd-help,0.6504257957271787,Type-3 (Semantic)
3966e1c187797e6aa1aacdb7676b187c908c6efa,gsd-analyze-dependencies,70783474ba72fb998d0f6fa8a1ee1c01fbee1860,gsd-manager,0.6622405322807593,Type-3 (Semantic)
3966e1c187797e6aa1aacdb7676b187c908c6efa,gsd-analyze-dependencies,81ae7352170c44fffea2c0f7320b9f5755b144aa,gsd-add-phase,0.7162921004840547,Type-3 (Semantic)
3966e1c187797e6aa1aacdb7676b187c908c6efa,gsd-analyze-dependencies,854ca0e3d13409f6b3370a8c78befaf2a8ebb4b4,gsd-analyze-dependencies,0.6884193111388075,Type-3 (Semantic)
3966e1c187797e6aa1aacdb7676b187c908c6efa,gsd-analyze-dependencies,b7eb3dfbb46ebabe581de6dc9c4d360da7b8c8f3,gsd-validate-phase,0.6723306678432472,Type-3 (Semantic)
3966e1c187797e6aa1aacdb7676b187c908c6efa,gsd-analyze-dependencies,bc16dc87b16ef57ec869fef32dad93a036a6c448,gsd-do,0.6613044022895622,Type-3 (Semantic)
3966e1c187797e6aa1aacdb7676b187c908c6efa,gsd-analyze-dependencies,d4ebd82b0a52023528dd5603b27ba83ad046c916,gsd-autonomous,0.6695760032070971,Type-3 (Semantic)
3966e1c187797e6aa1aacdb7676b187c908c6efa,gsd-analyze-dependencies,f9cf593440557545d4ecfdc66d12deaab051f21f,gsd-analyze-dependencies,0.6694044660134968,Type-3 (Semantic)
3987ea4d5daf94a72d46f0e0761c05498486bfab,server-feature-dev,648129f53db7ae323fbe8a5894600b4d644a7515,debugging-runtime,0.675329919022478,Type-3 (Semantic)
3987ea4d5daf94a72d46f0e0761c05498486bfab,server-feature-dev,a2bca16810befb5ab2a8b1091fdbc7fc89634e35,project-map,0.8008268424041045,Type-3 (Semantic)
39bd16c6a988eafcc2545d16a5a630661ebffab0,carts-finishing,c7f065855ffdec69f49aec942f4c8bb67991a5b2,carts-benchmark-triage,0.6659713499240263,Type-3 (Semantic)
39bd16c6a988eafcc2545d16a5a630661ebffab0,carts-finishing,fe5ba1eed9193de032f8e013be6f0f416106ec92,carts-debug,0.6652750918028539,Type-3 (Semantic)
39ffb999845d1c2bf311525ad656afe383e1b2d4,auth-and-authz,7c4ce96a641969857a0a7b28a70eba7aa47e8466,auth-and-authz,0.831153688077628,Type-3 (Semantic)
3a22be77ff2eae16c4e6b59dd2d7012c0ae93b4e,gsd-complete-milestone,5ce7b8d0b9eea8b6474b7918a4e3034844a06f5e,gsd-plan-milestone-gaps,0.6642918457012073,Type-3 (Semantic)
3a22be77ff2eae16c4e6b59dd2d7012c0ae93b4e,gsd-complete-milestone,788b7c6228bf4792f0c16ece7b39156d690c1dd1,gsd-complete-milestone,0.9905347393681778,Type-2 (Parameterized)
3a22be77ff2eae16c4e6b59dd2d7012c0ae93b4e,gsd-complete-milestone,a0117d3d08552aca5dd93524a392dd530bc02b46,gsd-milestone-summary,0.7338520860689531,Type-3 (Semantic)
3a22be77ff2eae16c4e6b59dd2d7012c0ae93b4e,gsd-complete-milestone,c3159dee743314f985006b03e416a380fcf34cf5,complete-milestone,0.7459173447762065,Type-3 (Semantic)
3a22be77ff2eae16c4e6b59dd2d7012c0ae93b4e,gsd-complete-milestone,d16ae0168e14e061d75a809afc24e99199f3c086,gsdd-complete-milestone,0.7855547181380284,Type-3 (Semantic)
3a22be77ff2eae16c4e6b59dd2d7012c0ae93b4e,gsd-complete-milestone,eb3e29a711ce92246f4b35134b165036aea9cbc5,gsd-plan-milestone-gaps,0.6808377159006349,Type-3 (Semantic)
3a22be77ff2eae16c4e6b59dd2d7012c0ae93b4e,gsd-complete-milestone,f769b718b844c85f02c6218a7756ee21b3cd08b4,gsdd-new-milestone,0.6907364979098105,Type-3 (Semantic)
3a5c8336fb4c6c0ca5eca1af892b9f4897a23aa3,skill_plan,4011d88c656bc6011c1691c8b223cfa88ce62c89,plan,0.8284748020142532,Type-3 (Semantic)
3a5c8336fb4c6c0ca5eca1af892b9f4897a23aa3,skill_plan,83361ca183e4c6ed55df9bbbf7b155e0ecc28717,skill_docs,0.7006580128221654,Type-3 (Semantic)
3a5c8336fb4c6c0ca5eca1af892b9f4897a23aa3,skill_plan,88c3327286e39d84fdb871ab90be3084f9aa34e8,test,0.672786242202471,Type-3 (Semantic)
3a5c8336fb4c6c0ca5eca1af892b9f4897a23aa3,skill_plan,9066a45cb54c738ff9ef3db556d1c6eb0d357eaf,skill_debug,0.715316977344221,Type-3 (Semantic)
3a5c8336fb4c6c0ca5eca1af892b9f4897a23aa3,skill_plan,bca1b2c60c71238981ee5a694ba1770ecd7ea282,skill_impl,0.6819846852546452,Type-3 (Semantic)
3a7446771caaadc2b5c645ff6ff8c3800c67a8d7,terrain-data,e6b0bfb88df381ee09156ed1a02747e0fee3392b,terrain-data,1.0,Type-2 (Parameterized)
3adfc33a06eb82cc20a5bad48560880c5feb2651,compile,679b5a066b8767993564e6eafd69f269c47c5b28,compile,0.9458238624657072,Type-2 (Parameterized)
3b399fcaee27ad1e5c451bb537aff3573d748ef8,speckit-autonomous,848c3d82ba3104d5cadaf17afd8f0bf37d91461e,speckit-autonomous,0.7899463687082112,Type-3 (Semantic)
3b3ed4296d21842ec404797be00e5aff6612b7ff,debug-e2e,5f1b39a97d1025510b3fe7082c785da005117016,debug-e2e,0.9926712958613754,Type-2 (Parameterized)
3b4aaa857962a1339d96e9da0f7db0e7d7348078,grill-with-docs,c56e494f7a85dba7957af38dbff6fa4a8fa88336,grill-with-docs,0.6674193630256907,Type-3 (Semantic)
3b4aaa857962a1339d96e9da0f7db0e7d7348078,grill-with-docs,fe60a60bfee54ae3e1521aeac23a0459689dd37c,grill-me,0.6580827811222797,Type-3 (Semantic)
3b59ff19974b8a365a94ed72f861d1214b14b063,clickhouse-pr-description,3c197a4dcadb16b1b0fc87c0ba8ea0140579449d,clickhouse-pr-description,0.9799433087074556,Type-2 (Parameterized)
3c30810667a6a4f41b79038c7624b9e2cd72415d,fkl-implementing-data-parallel-patterns,6d58b87fa0c8686e30ba182c47c41665a7dc3207,fkl-architecture-overview,0.6905125126033923,Type-3 (Semantic)
3c70ddaa10f9632b8a20b6477a4e5ea727356462,docs,83361ca183e4c6ed55df9bbbf7b155e0ecc28717,skill_docs,0.806864659238471,Type-3 (Semantic)
3c70ddaa10f9632b8a20b6477a4e5ea727356462,docs,88c3327286e39d84fdb871ab90be3084f9aa34e8,test,0.6882190735684391,Type-3 (Semantic)
3c7e87305637a939f96af3f3333fa4dd73da2155,fix-issue,81fecc2ba4f37a3b9f642bf2aa8b9ab99f223c41,fix-issue,0.7923714201606293,Type-3 (Semantic)
3ca378af48247d37dac7a5961f489f8ab9347849,analyzing-source-truth-gap,50e165ae50d0aa29ef4042ebfb576af9e9b27092,analyzing-source-truth-gap,0.9978946434037088,Type-2 (Parameterized)
3cffc73d2babb8e1282d3572e7b37311b274e9e8,speckit-plan,7408c61189f0d454bc4bfb7f8c86d59bf0e47dd7,speckit-plan,0.9678386902616026,Type-2 (Parameterized)
3cffc73d2babb8e1282d3572e7b37311b274e9e8,speckit-plan,901cc307550de22e59b28c2890f673918a7b51ae,speckit-analyze,0.6872634538514542,Type-3 (Semantic)
3cffc73d2babb8e1282d3572e7b37311b274e9e8,speckit-plan,af60fb264cb2aba65df0883db5ebf6e3c8f87b39,speckit-constitution,0.7035827657634823,Type-3 (Semantic)
3cffc73d2babb8e1282d3572e7b37311b274e9e8,speckit-plan,b51e60cb6bbe37cefb2b97195f58ae150d74ce35,speckit-plan,0.9547695299594778,Type-2 (Parameterized)
3cffc73d2babb8e1282d3572e7b37311b274e9e8,speckit-plan,d6817adccea10b96107a6146afb37741728ca3d5,speckit-plan,0.9549072097429041,Type-2 (Parameterized)
3d1afc81ebbdd07bc9e564a83f220ef9df0ffc91,test,c16849bf2fed956d18859a33ebee024b98f6de99,test,0.7687073082140614,Type-3 (Semantic)
3d2711cfcef3daf525a0f5955c1160fd7a7aaebf,gsd-set-profile,4a2b3b0e5dc2a7e5da4629d68de07a9a1750604f,gsd-docs-update,0.6587209190313615,Type-3 (Semantic)
3d2711cfcef3daf525a0f5955c1160fd7a7aaebf,gsd-set-profile,558de69e2a64c953b2de1a1d85ed17f38a9df3a0,gsd-secure-phase,0.6610471170556914,Type-3 (Semantic)
3d2711cfcef3daf525a0f5955c1160fd7a7aaebf,gsd-set-profile,5ba38ef663a5df1775ec48328387af3566ff8b7e,gsd-review,0.6573662530774278,Type-3 (Semantic)
3d2711cfcef3daf525a0f5955c1160fd7a7aaebf,gsd-set-profile,66f3ba5e76ae7b6e33e0937b0c94c9a2c4096fc5,gsd-profile-user,0.6843196456003791,Type-3 (Semantic)
3d2711cfcef3daf525a0f5955c1160fd7a7aaebf,gsd-set-profile,673f4aff7866dba97194e63863716487c195d3c6,gsd-ship,0.700900353827962,Type-3 (Semantic)
3d2711cfcef3daf525a0f5955c1160fd7a7aaebf,gsd-set-profile,68f0827c552fd9daed79a015440319d4b407ccda,gsd-do,0.7323369050345729,Type-3 (Semantic)
3d2711cfcef3daf525a0f5955c1160fd7a7aaebf,gsd-set-profile,71498c9c1214deb2d67fb46eb7de5e8372b5663e,gsd-ui-review,0.6941523879979619,Type-3 (Semantic)
3d2711cfcef3daf525a0f5955c1160fd7a7aaebf,gsd-set-profile,7c74edd6e432a05805c831d7c3319253e09fbc55,gsd-list-workspaces,0.703492436456851,Type-3 (Semantic)
3d2711cfcef3daf525a0f5955c1160fd7a7aaebf,gsd-set-profile,82cf0b25e5d7be32b983db21da59c499c54663fc,gsd-scan,0.7076902115697629,Type-3 (Semantic)
3d2711cfcef3daf525a0f5955c1160fd7a7aaebf,gsd-set-profile,854ca0e3d13409f6b3370a8c78befaf2a8ebb4b4,gsd-analyze-dependencies,0.6669323827469856,Type-3 (Semantic)
3d2711cfcef3daf525a0f5955c1160fd7a7aaebf,gsd-set-profile,887e2b823ae1d8aa492eb4ee7b75c7c4e3bbb3c9,gsd-do,0.8111222852918426,Type-3 (Semantic)
3d2711cfcef3daf525a0f5955c1160fd7a7aaebf,gsd-set-profile,95b744b94b5f3b509c796c66e553d0bc4d488e66,gsd-note,0.7073937721265715,Type-3 (Semantic)
3d2711cfcef3daf525a0f5955c1160fd7a7aaebf,gsd-set-profile,95f65bbc2440706a5a7f67aae030e8ca49ec6779,gsd-explore,0.7085645728557706,Type-3 (Semantic)
3d2711cfcef3daf525a0f5955c1160fd7a7aaebf,gsd-set-profile,99af566bca83b35b0d92b3c1cc32e1e088d0f3d7,gsd-scan,0.7540833565438256,Type-3 (Semantic)
3d2711cfcef3daf525a0f5955c1160fd7a7aaebf,gsd-set-profile,9dd5348296d7f4f4f8e4eddd1a894c1c1a3dc14d,gsd-next,0.7083662938022699,Type-3 (Semantic)
3d2711cfcef3daf525a0f5955c1160fd7a7aaebf,gsd-set-profile,9f97bf68b80437eb1b3a350a3c485cb55adeff36,gsd-add-tests,0.6530244785504948,Type-3 (Semantic)
3d2711cfcef3daf525a0f5955c1160fd7a7aaebf,gsd-set-profile,a37b1d07f37f3aa35472120d80d8ac5c170564a9,gsd-validate-phase,0.6967620149886248,Type-3 (Semantic)
3d2711cfcef3daf525a0f5955c1160fd7a7aaebf,gsd-set-profile,a8e07a19e59499a2f7248022aa129cccadfc285f,gsd-add-todo,0.6564782992345303,Type-3 (Semantic)
3d2711cfcef3daf525a0f5955c1160fd7a7aaebf,gsd-set-profile,c0756153bea3ba470086b1e36520b9fa585764c9,gsd-undo,0.6732886316300914,Type-3 (Semantic)
3d2711cfcef3daf525a0f5955c1160fd7a7aaebf,gsd-set-profile,ca32938c9e4b8a1eb467e7d409e5550bff4519a6,gsd-import,0.7678820287439551,Type-3 (Semantic)
3d2711cfcef3daf525a0f5955c1160fd7a7aaebf,gsd-set-profile,ce95856a5473a047989b9880b59f28e89907037d,gsd-profile-user,0.7164881963841216,Type-3 (Semantic)
3d2711cfcef3daf525a0f5955c1160fd7a7aaebf,gsd-set-profile,d54ad2ce3ac99e4a54508e16bba5e79a5af56739,gsd-next,0.815245939415547,Type-3 (Semantic)
3d2711cfcef3daf525a0f5955c1160fd7a7aaebf,gsd-set-profile,e05217bd55fd426ee71c43c90b62253249321ae5,gsd-ui-phase,0.6923881670789286,Type-3 (Semantic)
3d2711cfcef3daf525a0f5955c1160fd7a7aaebf,gsd-set-profile,e4b3162bb79ffc19da709f44f1f1a71548a9a271,gsd-add-tests,0.698048331574419,Type-3 (Semantic)
3d2711cfcef3daf525a0f5955c1160fd7a7aaebf,gsd-set-profile,f5513dd49ae85dde18adbf643786fb279d1814bd,gsd-audit-uat,0.6505134987062282,Type-3 (Semantic)
3d2711cfcef3daf525a0f5955c1160fd7a7aaebf,gsd-set-profile,f5b7f15dfce8d5dbd1ba17ce6b097d2f5f89acc1,gsd-pr-branch,0.7104833847360613,Type-3 (Semantic)
3d2711cfcef3daf525a0f5955c1160fd7a7aaebf,gsd-set-profile,fbd6f3a5aaaf67ff285b7c5499d79688fe22449c,gsd-help,0.8340204882439477,Type-3 (Semantic)
3d2fa747a7c94ca6d1000a55d415997bf1c3bf41,run-bazel-tests,60869793a6930b96590a8933bf8524fde3bd5af3,bazel-build,0.7108883555768137,Type-3 (Semantic)
3d345db9cdf3f5b54dbd21dd566505f865d1d437,mtype-language-feature-tests,8839aeafa7bef2f8814ebccd94c657691fb421e1,mtype-language-feature-tests,0.9985147856731998,Type-2 (Parameterized)
3d4a29944b6eb0d9b2fcd7662c5f28e00e02dbfa,[Unnamed Skill],3f5c1838c3f2e9f29ddc72c01f4886362753392d,[Unnamed Skill],0.862143745777844,Type-2 (Parameterized)
3d5551b387cfd9fa75d434bc00473b927905c790,docgen-overview-writer,fb6afcb1dcbabb47b20b3eb31faa5c8f2ad93b96,doc-clarity-reviewer,0.6753036641633131,Type-3 (Semantic)
3de214f7bb44385bfff86cbbc35a8077e4a38966,check-todos,9eaa8fa4bbfc3f49b463eafa5a80d612b2fe9fc7,add-todo,0.7731571987720743,Type-3 (Semantic)
3e2ba59510ed528c89e008f2c8a1e5b8e7950b63,intel-canary,aa59c8f6bb8433978d3178db840e4e9db9bb3bb5,intel-canary,0.9548479180127623,Type-2 (Parameterized)
3e3db25a05155a6265768630236452a7edf0a625,add-fw-test,b7bb2a40c67dfad954fbb150918b8b00a90c4b92,debug-fw,0.703230053093262,Type-3 (Semantic)
3e3f642289a52a146b2cce4e50f4d91215aae10f,Revision Director,45c93c88ee09891f17dd95e27af17c2cd573233f,Revision Director,0.8972900491938859,Type-2 (Parameterized)
3e59cbd14138b19425f5518cc36fbc551100e30e,upsert-case,4e7b61909ce8fba24977fee0bbd2e607d4d62e78,upsert-case,0.6674931374060165,Type-3 (Semantic)
3e59cbd14138b19425f5518cc36fbc551100e30e,upsert-case,821cff8eb31f092963646a21878a17a3de4fd965,upsert-case,0.6700112384369765,Type-3 (Semantic)
3e59cbd14138b19425f5518cc36fbc551100e30e,upsert-case,92a9c1d7c9593d3c9a3c356fbac0e92480bad14b,upsert-case,0.8146043216623922,Type-3 (Semantic)
3e59cbd14138b19425f5518cc36fbc551100e30e,upsert-case,9e1c531d21e24fee23632b2afa911b78dbd03428,upsert-case,0.9394378595471056,Type-2 (Parameterized)
3e67f61cdc24631754f236743013ec451ca08b6c,pio-workflow,e6133f19a52919390e55668e6de3cb4d07aa55fb,pio,0.6593215190286463,Type-3 (Semantic)
3eaf63ee4b857f464916c7ca68d736bf6994346d,[Unnamed Skill],7c6393d319080d9f1987576516f5812cf31d5041,update-doc-references,0.9975924276107175,Type-2 (Parameterized)
3ec80adf6f609384d8ccf5f47ffe38a20e7a6e65,module-status,d98992fdf655de015ea23a4d7c6f3d527ed5b13c,module-status,0.9597171684357474,Type-2 (Parameterized)
3eca2f04c2d89cad2c2408849d82443751244449,paracodex-cuda-ocl-analysis,8eafefaa0b85e20b1999512c5110d1e9b5a70eb2,paracodex-cuda-omp-analysis,0.7876404040873278,Type-3 (Semantic)
3f5bb6da2820ddaf10f65613217fdad7f99b4c50,firebase-app-hosting-basics,8498b6ad1bfef329c89fdb21c89b62dfb6531fc3,firebase-hosting-basics,0.7754549640629536,Type-3 (Semantic)
3f93b7baf27952913ecb26190b540dbc49d2286b,carts-session-start,418e644e8ddc952451f217b84fbc3c117705c28f,[Unnamed Skill],0.7784916155393696,Type-3 (Semantic)
3f93b7baf27952913ecb26190b540dbc49d2286b,carts-session-start,7a1557ef4a218ef06f12fabe039354898f6ee3b3,carts-cli,0.6604664198835782,Type-3 (Semantic)
3f93b7baf27952913ecb26190b540dbc49d2286b,carts-session-start,b40d24cc478b14750a85f942592a8019e43d323f,carts-test,0.6872768174090755,Type-3 (Semantic)
3f93b7baf27952913ecb26190b540dbc49d2286b,carts-session-start,b910c36e58ca5258bc01e89e1c74dfc27591af37,carts-commit,0.7687535567113899,Type-3 (Semantic)
3f93b7baf27952913ecb26190b540dbc49d2286b,carts-session-start,c7088d68f9ce5554a5033684ef068cab704069d9,carts-include-tier,0.759907804568145,Type-3 (Semantic)
3f93b7baf27952913ecb26190b540dbc49d2286b,carts-session-start,c7f065855ffdec69f49aec942f4c8bb67991a5b2,carts-benchmark-triage,0.655178965474235,Type-3 (Semantic)
3f93b7baf27952913ecb26190b540dbc49d2286b,carts-session-start,cc4b100323e1404a7f51e499dee640fbcaf03200,carts-contract-refresh,0.6605110807999448,Type-3 (Semantic)
3f93b7baf27952913ecb26190b540dbc49d2286b,carts-session-start,d19469711ed815fc2850521f6efa9cede77e98d8,carts-agentic-development,0.7585326503052613,Type-3 (Semantic)
3f93b7baf27952913ecb26190b540dbc49d2286b,carts-session-start,dc48de9419fdd25c646a49d9fc1d9f1997abc721,carts-pipeline-map,0.6781273845658281,Type-3 (Semantic)
3f93b7baf27952913ecb26190b540dbc49d2286b,carts-session-start,e5023034813c716a6b6ee848199d87211889613c,carts-find-utils,0.8851129833989027,Type-2 (Parameterized)
3f93b7baf27952913ecb26190b540dbc49d2286b,carts-session-start,fe5ba1eed9193de032f8e013be6f0f416106ec92,carts-debug,0.7501606105558463,Type-3 (Semantic)
3fc967e02f3f45c8ab364710fdd1cbc8cfef3dbc,openspec-verify-change,4d7d01f2fa6a7caa7f87ff518ad554e5f208127e,openspec-verify-change,0.6747830137733679,Type-3 (Semantic)
3fcf6a2ee664c9beeb7a0d91da202019986c7325,gsd-code-review-fix,64019d8ba8b479d944a3539095d7706a7243171f,gsd-code-review-fix,0.8196504922068069,Type-3 (Semantic)
3fcf6a2ee664c9beeb7a0d91da202019986c7325,gsd-code-review-fix,e866a0c693848fdc73221140dc0cc614bec806ae,gsd-code-review-fix,0.9654307086282632,Type-2 (Parameterized)
3ff34b49eb58c35567311794281fee85154317a3,test-ci,9da63044989b25058add89690c469d386aee7427,test-ci,0.9935384115786307,Type-2 (Parameterized)
3ff34b49eb58c35567311794281fee85154317a3,test-ci,f01873fea7bca27a90edda4e1920d54f1a36417d,test-ci,0.8029306346608227,Type-3 (Semantic)
3ff6216dbdb2b9802506f8cf405ec17ddf771629,asset-management,f5be2ccf1b81b09f274d0234566e03f436bfb224,asset-management,0.997368909536526,Type-2 (Parameterized)
4005e4235cf0f712483e09c54219d48afdca5b89,upgrade-duckdb-extension,464791b5b5353222ca65f812a3988bfc2822d09d,upgrade-duckdb-extension,0.8533444231561365,Type-2 (Parameterized)
4005e4235cf0f712483e09c54219d48afdca5b89,upgrade-duckdb-extension,56c739909143440d4925b3c2f09ef45ab9f09b7b,upgrade-duckdb-extension,0.8828497658003771,Type-2 (Parameterized)
4005e4235cf0f712483e09c54219d48afdca5b89,upgrade-duckdb-extension,873baf315e52caff96b7b6678167f93384213b68,upgrade-duckdb-extension,0.9479644801116264,Type-2 (Parameterized)
4005e4235cf0f712483e09c54219d48afdca5b89,upgrade-duckdb-extension,9f593efc47863229e1a53e440a8eca8f00937009,upgrade-duckdb-extension,0.942578774001603,Type-2 (Parameterized)
4005e4235cf0f712483e09c54219d48afdca5b89,upgrade-duckdb-extension,fa275edcf3232c2e10e2f17c0d3ec0abaf72e711,upgrade-duckdb-extension,0.8469713087977303,Type-3 (Semantic)
4011d88c656bc6011c1691c8b223cfa88ce62c89,plan,566561565a313a0b042c2db3255d422dfb7194f4,debug,0.6590037695757245,Type-3 (Semantic)
4011d88c656bc6011c1691c8b223cfa88ce62c89,plan,644175c8980b5c9aa959147b4bf5824a5715f925,design,0.661310434519802,Type-3 (Semantic)
4011d88c656bc6011c1691c8b223cfa88ce62c89,plan,88c3327286e39d84fdb871ab90be3084f9aa34e8,test,0.7101210905855616,Type-3 (Semantic)
40397b831bd1d399b23d02c81e2a95d59c149948,[Unnamed Skill],64321e3b6d78f5551ecf5f6b57e2ab7e4ee2e5c4,lsm-debugging,0.672714868167473,Type-3 (Semantic)
407433b08ee690063c4044e9809b8cf9103840cb,[Unnamed Skill],986bc9fa520cd65cdb416975d5aba7fa4f609370,[Unnamed Skill],0.9970594726286761,Type-2 (Parameterized)
40856adc3af83b0a23de8d80175e992a423e8dba,ai-agent-maintenance,6d03c640f442b2700b613830b4207f44f77fbb5c,ai-agent-maintenance,0.9703680873490461,Type-2 (Parameterized)
40856adc3af83b0a23de8d80175e992a423e8dba,ai-agent-maintenance,d75f980c7f4020a3db0a30ed2eaacb1e8b6f819d,ai-agent-maintenance,0.9260529339616964,Type-2 (Parameterized)
4109538c783ca18a17a8acaf30168980fa6066ab,verona-conventions,980ae1c401b2a9dd98b37fc0293f8529b7618f8c,verona-coding,0.7363185764541645,Type-3 (Semantic)
412a532b8901c983c39ded2789a1d3a22a8db4f9,tart-ci,ee0556ea3f8750cdcad52d8e52ac9768c175155d,tart-ci,0.9904182590501159,Type-2 (Parameterized)
418d6e39f90e11ab3a8261f599da42cfe73132eb,gsd-review-backlog,9b8e2df6b04bf9d3e773c188cebe1ab2cee97967,gsd-add-backlog,0.8304322065299666,Type-3 (Semantic)
418e644e8ddc952451f217b84fbc3c117705c28f,[Unnamed Skill],b910c36e58ca5258bc01e89e1c74dfc27591af37,carts-commit,0.6882802198513286,Type-3 (Semantic)
418e644e8ddc952451f217b84fbc3c117705c28f,[Unnamed Skill],c7088d68f9ce5554a5033684ef068cab704069d9,carts-include-tier,0.7101727103271305,Type-3 (Semantic)
418e644e8ddc952451f217b84fbc3c117705c28f,[Unnamed Skill],cc4b100323e1404a7f51e499dee640fbcaf03200,carts-contract-refresh,0.6694574451982427,Type-3 (Semantic)
418e644e8ddc952451f217b84fbc3c117705c28f,[Unnamed Skill],d19469711ed815fc2850521f6efa9cede77e98d8,carts-agentic-development,0.682235109758468,Type-3 (Semantic)
418e644e8ddc952451f217b84fbc3c117705c28f,[Unnamed Skill],e5023034813c716a6b6ee848199d87211889613c,carts-find-utils,0.7698958600121022,Type-3 (Semantic)
418e644e8ddc952451f217b84fbc3c117705c28f,[Unnamed Skill],fe5ba1eed9193de032f8e013be6f0f416106ec92,carts-debug,0.6641303360962608,Type-3 (Semantic)
4193d08db7facb0493fb139220247ab42261ee90,ss-implement,c877cd75a4a112ac25673cbd16a6b3164c5cd8a8,ss-tasks,0.7500976775042125,Type-3 (Semantic)
41ce2de6002b875711b3b8114cd36e4a4101f5b1,fix-codegen,b7c11e424291f5018096a394261f8a0c76facc0d,optimize-ir,0.6553676659925436,Type-3 (Semantic)
41e07140586366b4bad90144dd7e0d016653c769,world42-cbt,91876ef138a1434333d4b051ce8bbdfeb4214b98,world42-cbt,0.716295803318865,Type-3 (Semantic)
420075de4f4fcf92fe2b800ea252e567c6102c98,test-example-device,52559a7ff2d3e09db45824362fc071c27cce4b8c,test-all-device,0.6966668055864905,Type-3 (Semantic)
420075de4f4fcf92fe2b800ea252e567c6102c98,test-example-device,a10160c36833059de413ca3fa3898907b9c2c76e,profile,0.7858062706465475,Type-3 (Semantic)
420075de4f4fcf92fe2b800ea252e567c6102c98,test-example-device,af6bbe6d4b0cdcc558d9810cc2c742843a0cadae,test-example-sim,0.6935454303437851,Type-3 (Semantic)
420075de4f4fcf92fe2b800ea252e567c6102c98,test-example-device,cae6ad278ac159cd2053e5e222f8fc1764ed15ab,perf-example-device,0.8010941286750553,Type-3 (Semantic)
420075de4f4fcf92fe2b800ea252e567c6102c98,test-example-device,cd6bb55a061ddd332702fb099567f8ac7bfaa357,test-runtime-device,0.7148340838627848,Type-3 (Semantic)
4224d68e1e506874702ea3159a1dfa766574d09f,lint-sync,72312c9d6ccacd4aea7469e5a4ed518d13ed4914,lint-sync,0.8760187409645553,Type-2 (Parameterized)
4254de6d363b055e6b872396ba7d12f31d4afac3,gpu-inspect,5339b47b846fcfa3617ab6ef1b48a25ba19a5dc9,gpu-inspect,0.9639465184055073,Type-2 (Parameterized)
4259b8ebd7680b938a9b4867121aaf4c3394ce3b,packages,69b40643c21883593b1366dad7e5196778adf296,packages,0.9661848522108709,Type-2 (Parameterized)
42b1a57e3bfe2d6edc03aa9bdd3e996d881f83c6,reproduce-fuzz-crash,7af9f421800df0a3b8d0beb99b2e7edac829658b,reproduce-fuzz-crash,0.9972647297193169,Type-2 (Parameterized)
42bee5ef16c0164e8b999dc3b3d3c08153a04cee,create-creation,ebc89534b8ae9419f8cd2f17cb1e740bd251d9c7,create-creation,0.9918773119083063,Type-2 (Parameterized)
42c52f05e021c2659c08c170b453b45a45ab9d72,landscape-materials,4c833d1c111d94ed8478e62cafef459623360618,landscape-auto-material,0.7296652167370364,Type-3 (Semantic)
42c52f05e021c2659c08c170b453b45a45ab9d72,landscape-materials,8c8b9d0c7cab23b322e132f98540bbb4d3e89707,landscape-materials,0.9999999999999998,Type-2 (Parameterized)
42c52f05e021c2659c08c170b453b45a45ab9d72,landscape-materials,a02834539129e8c49789438e7078d457fa733a0a,landscape-auto-material,0.7296652167370364,Type-3 (Semantic)
430c81f6b40dc746068693b3300661dd47f15bea,carts-runtime-triage,82f6e57e570328915e4ec28f7d7ff8307c1dc643,carts-pass-dev,0.7004133247823038,Type-3 (Semantic)
430c81f6b40dc746068693b3300661dd47f15bea,carts-runtime-triage,b40d24cc478b14750a85f942592a8019e43d323f,carts-test,0.6928190916914758,Type-3 (Semantic)
430c81f6b40dc746068693b3300661dd47f15bea,carts-runtime-triage,b58e1ba9947cf38a6da445755c955b8c73d7a8d9,carts-distributed-triage,0.7226660692655924,Type-3 (Semantic)
430c81f6b40dc746068693b3300661dd47f15bea,carts-runtime-triage,c7f065855ffdec69f49aec942f4c8bb67991a5b2,carts-benchmark-triage,0.7309220298894838,Type-3 (Semantic)
4314d8728f0e80208e5b1f6bbfe0f1a26338e690,platformio-workflow,e6133f19a52919390e55668e6de3cb4d07aa55fb,pio,0.6917888998595205,Type-3 (Semantic)
43190ce35049bb019694730ffa10119e0ccaa059,commit-push-pr,7c6d006aaa6561663f133b9e5a15f7d61855d498,create-pr,0.6501693132311913,Type-3 (Semantic)
43190ce35049bb019694730ffa10119e0ccaa059,commit-push-pr,ae935c8a9d56961219c0762292e808dc58bd59c3,dal-commit-and-pr,0.678862233517904,Type-3 (Semantic)
4395d26d2bbad35e1e4664b4a30e7d6b89841c86,skia-gpu-build,fcf39172ef8f9aba906a3936c83d47cbd631ec0f,skia-gpu-build,0.9791558067516214,Type-2 (Parameterized)
4418faf6eb652e4fb0c85f3366691cedad997e08,auv3-plugin-lifecycle,b5767f9d32a9d79cbfd1342dca8e4f3bd92f69a0,auv3-plugin-lifecycle,0.7413770145222449,Type-3 (Semantic)
44834c55010541767d837bddfea8f9ffcb1cba3c,merge-train-infra,b12064d0e473b33c495f2ed0740e5181daa95597,merge-train-infra,0.9707445509654604,Type-2 (Parameterized)
44834c55010541767d837bddfea8f9ffcb1cba3c,merge-train-infra,b4b1db46b23bbc3799f1feac4b1bcb5923684c5f,merge-trains,0.8867137407744936,Type-2 (Parameterized)
44834c55010541767d837bddfea8f9ffcb1cba3c,merge-train-infra,f219a3ae51fe13dc1c4ef9ebfdca789d00e2bac4,merge-trains,0.9098396075686203,Type-2 (Parameterized)
44dfca23bc0c9c50c4c68bc97f60ab51c09f5165,asset-extract,c31b9a2cc223380f0c574de726714f8207cf15cc,asset-extract,0.9560845863940381,Type-2 (Parameterized)
451b74255343cdc15fda892cb930f97e5b13db09,[Unnamed Skill],5016f4dae73fe8577644f0b254d9e0ee1b470a11,a2ui-generation,0.8465411629822128,Type-3 (Semantic)
4578a66bc9340c0cf43b32296ee2e8ec58f0d676,ecs-prefab-creator,86f77f92f0bbc25ec7ab7e39a6908843d0f18a54,ecs-prefab-creator,0.9713993329150078,Type-2 (Parameterized)
459b107bf4583af958178bfffaab29840444ce1d,gsd-workstreams,83422b0c2211925b9a8aec08dba8cb4b3cff7224,gsd-workstreams,0.8840007220047713,Type-2 (Parameterized)
45b7c2bd5690500a0d97c49848410492f102e71b,opengeolab-commands,d1b30ca629dc3bfd9e8f9c55637c40eb462f264a,viewport-operations,0.6959535233513199,Type-3 (Semantic)
45bc5c2303fb6e1f0adb531e2ac5775908dcd5d8,ldb-index,66b673a8d443eebaa0226888baf2a27677f821e9,logosdb-memory,0.7582197599423626,Type-3 (Semantic)
45bc5c2303fb6e1f0adb531e2ac5775908dcd5d8,ldb-index,6c9ac615b9dde8550feb1328d3532cd524ca610b,ldb-forget,0.7567615654185211,Type-3 (Semantic)
45bc5c2303fb6e1f0adb531e2ac5775908dcd5d8,ldb-index,7742209e3944176b70209f917e83976684733818,ldb-search,0.7624989564145883,Type-3 (Semantic)
45dcce822ff0aefb6711242f4399b8a19fa066a9,jaql-new-adr,87656713260b99475fb0f29b5e45386bda7841ca,adr,0.6908381270960692,Type-3 (Semantic)
45dcce822ff0aefb6711242f4399b8a19fa066a9,jaql-new-adr,9d95f0fe7f6ec0266f2f39c46dc26449e143d270,adr,0.7324641430088987,Type-3 (Semantic)
45dcce822ff0aefb6711242f4399b8a19fa066a9,jaql-new-adr,a27261c561ba4c7593b7bd6cc47d6bf581a4f12c,adr-new,0.8028900449007654,Type-3 (Semantic)
45dcce822ff0aefb6711242f4399b8a19fa066a9,jaql-new-adr,e076ca7ab94ce3c84d9e23ca671ac57dc73f8c44,adr,0.7146159313019766,Type-3 (Semantic)
4636e2b7159d2841760ee786a9828616e5773d18,query-cases,ee1944957ebe4878b40bcbfb04ef51b8a885dfb4,query-cases,0.9123252591918718,Type-2 (Parameterized)
46435680d47ae834a655ef8191ba0b05a762cb3a,carts-local-examples,7a1557ef4a218ef06f12fabe039354898f6ee3b3,carts-cli,0.777575693427984,Type-3 (Semantic)
46435680d47ae834a655ef8191ba0b05a762cb3a,carts-local-examples,b40d24cc478b14750a85f942592a8019e43d323f,carts-test,0.691145456825362,Type-3 (Semantic)
46435680d47ae834a655ef8191ba0b05a762cb3a,carts-local-examples,b910c36e58ca5258bc01e89e1c74dfc27591af37,carts-commit,0.652269457398085,Type-3 (Semantic)
46435680d47ae834a655ef8191ba0b05a762cb3a,carts-local-examples,fe5ba1eed9193de032f8e013be6f0f416106ec92,carts-debug,0.6952418961714811,Type-3 (Semantic)
464791b5b5353222ca65f812a3988bfc2822d09d,upgrade-duckdb-extension,56c739909143440d4925b3c2f09ef45ab9f09b7b,upgrade-duckdb-extension,0.8549840758192003,Type-2 (Parameterized)
464791b5b5353222ca65f812a3988bfc2822d09d,upgrade-duckdb-extension,873baf315e52caff96b7b6678167f93384213b68,upgrade-duckdb-extension,0.8354713997147352,Type-3 (Semantic)
464791b5b5353222ca65f812a3988bfc2822d09d,upgrade-duckdb-extension,9f593efc47863229e1a53e440a8eca8f00937009,upgrade-duckdb-extension,0.8435537958291202,Type-3 (Semantic)
464791b5b5353222ca65f812a3988bfc2822d09d,upgrade-duckdb-extension,fa275edcf3232c2e10e2f17c0d3ec0abaf72e711,upgrade-duckdb-extension,0.7576712894282798,Type-3 (Semantic)
46970862e90b46045bf26e4d8b6782527093f0a6,context-folder-audit-batch,a9b68bf23bacd95535d9cd23df09cff33d8a90da,context-folder-audit,0.7541152506431418,Type-3 (Semantic)
46b0945e5ca7cd0db3b02e805f94b29c20abd65b,caveman,c4ce5effd21df4a314d87797fe9c789550bea018,caveman-help,0.8290297063660937,Type-3 (Semantic)
46cbfc453bbaf39658b32c3a6820e00419db5bb4,render-debug-loop,83caf8fdc5c5d6a7557340d8f042d50ab3994bec,render-debug-loop,0.6684179320072252,Type-3 (Semantic)
46d453e13af1371c15a010c677a7838173c4027a,gsd-research-phase,51ca9e6800c5b632a2fee0de0d04c59f3d9e5abb,gsd-plan-phase,0.6906100357459908,Type-3 (Semantic)
46d453e13af1371c15a010c677a7838173c4027a,gsd-research-phase,838e9e5a04a12bf98de2974538ccf697adbe8a67,[Unnamed Skill],0.7088992158669555,Type-3 (Semantic)
4705fe9b3c867b16943b31a6d63976aa88e7aff7,[Unnamed Skill],eefaa52533911d2d7d7a7442f2abb6304c0833bc,[Unnamed Skill],0.6877241179607825,Type-3 (Semantic)
480c626ef09b409d5d65f1d9b7bab89486f05fcd,spectra-dev,c3f98d818c653cd4eebf6b0f7f039d7a3806dac3,spectra-index,0.777248366842235,Type-3 (Semantic)
480c626ef09b409d5d65f1d9b7bab89486f05fcd,spectra-dev,ffd4d8db0870bd0770ff733ef46a1beb4b49e722,qa-orchestrator,0.844333945181919,Type-3 (Semantic)
4851d164bb6258bb72e0e2de1a6c71578d70d413,[Unnamed Skill],6659415d323ad3257752dee118e53a0500f632e0,[Unnamed Skill],0.9824104341829348,Type-2 (Parameterized)
485bea45b0c5d069bec666d2be2e722cdd193447,license-audit,5b4c9ced23e322056805203bf18e7504ed41bfd2,gameengine-license-audit,0.9028425565421315,Type-2 (Parameterized)
485bea45b0c5d069bec666d2be2e722cdd193447,license-audit,ca78f76b46eec1145a3f8c415d2bf20f22a0cbbb,gameengine-license-audit,0.9912699249742271,Type-2 (Parameterized)
485c21304c27219cdaa7fa84dfe691cf7c8f299f,gsdd-plan-milestone-gaps,80a3caea3cb30cda798b33ad5330961b0f504a3a,plan-milestone-gaps,0.779906483740294,Type-3 (Semantic)
4860b7fcb05b9584c55c11731a8043a926149143,Liquid Galaxy Main Agent,b51cd118b2111af3211ba7d1a258a68e33b35e21,Liquid Galaxy Scholar,0.655892583443659,Type-3 (Semantic)
48cde648147a5f35cd99252a1472907a1cd250be,fix-pr,51637c34b843fa36a3af6a02b47d19df8ad69226,fix-pr,0.8720230846246945,Type-2 (Parameterized)
48cde648147a5f35cd99252a1472907a1cd250be,fix-pr,88eac4db19bf5ec01858786029ac04556de1819a,address-pr-comments,0.7015491161601353,Type-3 (Semantic)
499849231d50e5ebe777589ca9967f63ff5f0478,e2e-test-nfs-v4-incremental-sync,bb7e728ca7bafaa76aaf29ea11351a562232f842,e2e-test-nfs-v4-incremental-scan,0.6937778175457919,Type-3 (Semantic)
499849231d50e5ebe777589ca9967f63ff5f0478,e2e-test-nfs-v4-incremental-sync,bce32fffa35ebe38ace54c0fa682031174e8ca90,e2e-test-nfs-v4-full-scan,0.6547838906740351,Type-3 (Semantic)
499849231d50e5ebe777589ca9967f63ff5f0478,e2e-test-nfs-v4-incremental-sync,c3f403def7db26a48dab3ed51fb88680d038feac,e2e-test-nfs-v4-integrity-check,0.8066256304170907,Type-3 (Semantic)
499849231d50e5ebe777589ca9967f63ff5f0478,e2e-test-nfs-v4-incremental-sync,eab3ca83487ad86e3772117b69e8695d8f88524b,e2e-test-nfs-v4-full-sync,0.7916487428925334,Type-3 (Semantic)
4a265a1a12d743918d059c38c9e68acce0dbdc00,animation-editing,704c7284da7594e218a12c4f931d97df75c55713,animsequence,0.7450684294026324,Type-3 (Semantic)
4a265a1a12d743918d059c38c9e68acce0dbdc00,animation-editing,7b9e857288c6b24ff0d895dbf9447f5ee771e168,animation-editing,0.9999999999999999,Type-2 (Parameterized)
4a2b3b0e5dc2a7e5da4629d68de07a9a1750604f,gsd-docs-update,887e2b823ae1d8aa492eb4ee7b75c7c4e3bbb3c9,gsd-do,0.6895875208531009,Type-3 (Semantic)
4a2b3b0e5dc2a7e5da4629d68de07a9a1750604f,gsd-docs-update,99af566bca83b35b0d92b3c1cc32e1e088d0f3d7,gsd-scan,0.673071982370517,Type-3 (Semantic)
4a2b3b0e5dc2a7e5da4629d68de07a9a1750604f,gsd-docs-update,ca32938c9e4b8a1eb467e7d409e5550bff4519a6,gsd-import,0.6644148682339356,Type-3 (Semantic)
4a2b3b0e5dc2a7e5da4629d68de07a9a1750604f,gsd-docs-update,d54ad2ce3ac99e4a54508e16bba5e79a5af56739,gsd-next,0.705768150934942,Type-3 (Semantic)
4a2b3b0e5dc2a7e5da4629d68de07a9a1750604f,gsd-docs-update,fbd6f3a5aaaf67ff285b7c5499d79688fe22449c,gsd-help,0.6879521360769066,Type-3 (Semantic)
4afa38d72c4d7b0ef59b9028c0cb10b28eb01367,clean-complete-branches,7aaad29e7d06c771561706237dafb68a0a92a3f9,clean-merged-branch-folders,0.7362211676784969,Type-3 (Semantic)
4afcf5ee14b947e56e34f43dc9fcf75eb235f582,sumcheck,5ce21a2b84bc57664cea2229543f639f8b6f7f55,sumcheck,0.9865869701887456,Type-2 (Parameterized)
4b2e564e119e9aa3de673f507e66d284b317118a,[Unnamed Skill],baebd326c18591dc7d777a8ebc4ccc400ef76d47,ci-cache,1.0000000000000002,Type-2 (Parameterized)
4b66fbe9322b842358117ad2c639f5c5c5bdedcc,workflow-worker-reviewer,db5a544f0f01adc4ed0f5ce23ee92704104d5dc0,orchestration-planner-worker-reviewer,0.7583373882782805,Type-3 (Semantic)
4b6bd254e6905dde1dca6696b7fbf9466bbad78f,build-tool-workflows,e4bcae410fbec0145f267bef16432b0d100fc88a,ai-verification,0.6506045754920241,Type-3 (Semantic)
4b86f79a17161cf0f8a9e2af0653cc1186935a0e,dora-cli-game-development,6d40b7bee51b059ec30fecf174cf4fb4c4311228,dora-engine-development,0.8108044934305989,Type-3 (Semantic)
4bbd75146ba049af7a3dad70f6a9016eff55cb4d,gsd-insert-phase,69b962e66a73d48f8d9668e298b3acffa77d9102,gsd-insert-phase,0.7427327664314511,Type-3 (Semantic)
4bbd75146ba049af7a3dad70f6a9016eff55cb4d,gsd-insert-phase,81ae7352170c44fffea2c0f7320b9f5755b144aa,gsd-add-phase,0.6853521044436286,Type-3 (Semantic)
4bbd75146ba049af7a3dad70f6a9016eff55cb4d,gsd-insert-phase,933c248b9ab2757079ed4e3c2715967cfd59e036,gsd-insert-phase,0.7253765546385846,Type-3 (Semantic)
4bbd75146ba049af7a3dad70f6a9016eff55cb4d,gsd-insert-phase,b7eb3dfbb46ebabe581de6dc9c4d360da7b8c8f3,gsd-validate-phase,0.6535011382435753,Type-3 (Semantic)
4bf3590d70db379513f9e06d99f4423cbb2eaaaf,simulation-behavior-audio-visual,523d7aea3494ddfed4916b9878b4410b42f1fb1b,simulation-behavior-audio-visual,0.7094529146771992,Type-3 (Semantic)
4bffd1269993bf703bf32c4aca58f2011e7a0332,gearcoleco-romhacking,7141d12f1691c7e850ef3ec041e3d9af52c79931,gearsystem-romhacking,0.6594679749620701,Type-3 (Semantic)
4bffd1269993bf703bf32c4aca58f2011e7a0332,gearcoleco-romhacking,a6e53de7a35ad5d582cd50fc7a99a45b59f6efc7,geargrafx-romhacking,0.6575511720058583,Type-3 (Semantic)
4bffd1269993bf703bf32c4aca58f2011e7a0332,gearcoleco-romhacking,c5b120a16199b9c1aef245625b9c77cd2abb9c5f,gearcoleco-debugging,0.6997248226427771,Type-3 (Semantic)
4c0d159745d60831fcc5393b0cc1971c2f5c5842,e2e-test-nfs-v3-integrity-check,d7f1f195e121adf86ab921a852080247a1663dab,e2e-test-nfs-v3-full-sync,0.716321498671665,Type-3 (Semantic)
4c2aadbf47960f77cf927f733634bd792526fbb0,gearboy-romhacking,7141d12f1691c7e850ef3ec041e3d9af52c79931,gearsystem-romhacking,0.6502490726204573,Type-3 (Semantic)
4c2aadbf47960f77cf927f733634bd792526fbb0,gearboy-romhacking,a6e53de7a35ad5d582cd50fc7a99a45b59f6efc7,geargrafx-romhacking,0.674037343301476,Type-3 (Semantic)
4c4f46e363fe2f48e05d4a937f018628700da502,to-issues,a90ad15470630738d4f5c20ac83203a77aa1df24,to-issues,0.6820685434169288,Type-3 (Semantic)
4c833d1c111d94ed8478e62cafef459623360618,landscape-auto-material,8c8b9d0c7cab23b322e132f98540bbb4d3e89707,landscape-materials,0.7296652167370364,Type-3 (Semantic)
4c833d1c111d94ed8478e62cafef459623360618,landscape-auto-material,a02834539129e8c49789438e7078d457fa733a0a,landscape-auto-material,1.0,Type-2 (Parameterized)
4c8db68878bddbadf1912da79987961e178af3f8,wos-forbidden-skip-reasons,86567d39214d6a9938932cc2e48f6c53b0655d72,[Unnamed Skill],0.9984170265218807,Type-2 (Parameterized)
4cd5e5c1ca56e3da26c59b7a2ef0dc919c392005,cutlass,cd940cb755632d57a68f5afd83d5dfb68ca1ca6d,cutlass-kernel,0.6814063324588239,Type-3 (Semantic)
4cff62ae8571970fa7deaca306952f22224ee8bd,ck-game-feature-recipe,66380ad30818fdf824df1ca24d61a86134624d55,ck-game-angelscript-gameplay,0.6665156835751277,Type-3 (Semantic)
4d884048dca2f9e6f603a0f96787fedf9af76d25,add-component,bddf6260f1e6b18817b2a5fc0bdfc7f8497a2127,writing-code,0.6501101854898323,Type-3 (Semantic)
4dd322f5d6deb10f75e0da6fe0edaf06cb92cb12,grill-me,d275912d835e9a151b11b16ac9de9e928a885ad1,mx-grill-me,0.7818683861798854,Type-3 (Semantic)
4e355062156b43f7bfdfa5bf63decbbfb54832dd,compat-doc-authoring,dc3090b7d9659aa007cc22b1cc8277b0766fbb18,compat-doc-authoring,0.9340705635457633,Type-2 (Parameterized)
4e41ef3d9a2618067190db1550389e694fd64d87,runtime-perf,89cc0b65bc4cebca81fc19459f5a56e14a967257,benchmark-coverage,0.674463510901347,Type-3 (Semantic)
4e7b61909ce8fba24977fee0bbd2e607d4d62e78,upsert-case,9e1c531d21e24fee23632b2afa911b78dbd03428,upsert-case,0.7307877476795008,Type-3 (Semantic)
4eb174cf2454ecee9b396ae692619e40906a76ae,project-mandates,af1a307d6d63118109ee38ff4efa27d5a6ace6dc,project-mandates,0.8438587887614569,Type-3 (Semantic)
4ecd1e57f8eb61098cd678c85eea266fbf82a808,hosting,a18a306959f1f93808405e77ebef6266c2c9e8a6,hosting,0.9439051197323491,Type-2 (Parameterized)
4f760eb5c262f995798f73c5a4f2a353dc49f091,circuit-debugger,a1142b62b5a8822cef8c798e1188e9fae58047b4,circuit-debugger,1.0000000000000002,Type-2 (Parameterized)
4f9ef86903e7574a7d7cfc291d0a5518305a4694,usb-recovery,6436ba383e043cdcb3684268469b155cb1667c63,flash-esp32,0.7003549164795023,Type-3 (Semantic)
4fcbfc40150b396433d85a34d85d3cd285ce38cd,collaborative-development,b73057aa63851c0eac1088b2447338e3c6d234f5,session-setup,0.703255636329255,Type-3 (Semantic)
5016ab7f8d45bb70aa82119daf2b34b6ab74e972,release-docs,8257b4a38a175284fcd1619fee8377fe4a066f81,release-docs,0.9205884613307618,Type-2 (Parameterized)
5016ab7f8d45bb70aa82119daf2b34b6ab74e972,release-docs,b4ee86fe489351732080108583f114b9c582134d,release-network-docs,0.8481501659637392,Type-3 (Semantic)
505978d6dca58b7e88af2a494153a06b715dce12,gsd-add-phase,51ca9e6800c5b632a2fee0de0d04c59f3d9e5abb,gsd-plan-phase,0.6735466479772998,Type-3 (Semantic)
505978d6dca58b7e88af2a494153a06b715dce12,gsd-add-phase,558de69e2a64c953b2de1a1d85ed17f38a9df3a0,gsd-secure-phase,0.6986453860124618,Type-3 (Semantic)
505978d6dca58b7e88af2a494153a06b715dce12,gsd-add-phase,5ce7b8d0b9eea8b6474b7918a4e3034844a06f5e,gsd-plan-milestone-gaps,0.6679454663573064,Type-3 (Semantic)
505978d6dca58b7e88af2a494153a06b715dce12,gsd-add-phase,69b962e66a73d48f8d9668e298b3acffa77d9102,gsd-insert-phase,0.7158519758021521,Type-3 (Semantic)
505978d6dca58b7e88af2a494153a06b715dce12,gsd-add-phase,81ae7352170c44fffea2c0f7320b9f5755b144aa,gsd-add-phase,0.7247974523856249,Type-3 (Semantic)
505978d6dca58b7e88af2a494153a06b715dce12,gsd-add-phase,854ca0e3d13409f6b3370a8c78befaf2a8ebb4b4,gsd-analyze-dependencies,0.7656773878629388,Type-3 (Semantic)
505978d6dca58b7e88af2a494153a06b715dce12,gsd-add-phase,887e2b823ae1d8aa492eb4ee7b75c7c4e3bbb3c9,gsd-do,0.6569405325215363,Type-3 (Semantic)
505978d6dca58b7e88af2a494153a06b715dce12,gsd-add-phase,933c248b9ab2757079ed4e3c2715967cfd59e036,gsd-insert-phase,0.6669277601998487,Type-3 (Semantic)
505978d6dca58b7e88af2a494153a06b715dce12,gsd-add-phase,9f97bf68b80437eb1b3a350a3c485cb55adeff36,gsd-add-tests,0.6550594857428237,Type-3 (Semantic)
505978d6dca58b7e88af2a494153a06b715dce12,gsd-add-phase,a37b1d07f37f3aa35472120d80d8ac5c170564a9,gsd-validate-phase,0.7439087055083186,Type-3 (Semantic)
505978d6dca58b7e88af2a494153a06b715dce12,gsd-add-phase,bc996add0b5f60afd4628c5b17aae8c04b15c9f0,gsd-list-phase-assumptions,0.6971773578062654,Type-3 (Semantic)
505978d6dca58b7e88af2a494153a06b715dce12,gsd-add-phase,c0756153bea3ba470086b1e36520b9fa585764c9,gsd-undo,0.6724834686776817,Type-3 (Semantic)
505978d6dca58b7e88af2a494153a06b715dce12,gsd-add-phase,d54ad2ce3ac99e4a54508e16bba5e79a5af56739,gsd-next,0.729428975454697,Type-3 (Semantic)
505978d6dca58b7e88af2a494153a06b715dce12,gsd-add-phase,df64d7e8e7b5ad06dbad2605bca199b3d26c00bf,gsd-remove-phase,0.7772226275603571,Type-3 (Semantic)
505978d6dca58b7e88af2a494153a06b715dce12,gsd-add-phase,e05217bd55fd426ee71c43c90b62253249321ae5,gsd-ui-phase,0.6877282317163079,Type-3 (Semantic)
505978d6dca58b7e88af2a494153a06b715dce12,gsd-add-phase,e4b3162bb79ffc19da709f44f1f1a71548a9a271,gsd-add-tests,0.7145919934242637,Type-3 (Semantic)
505978d6dca58b7e88af2a494153a06b715dce12,gsd-add-phase,ec728fd7ce2930ff122b4e1eecb1d28f7f5edc5a,gsd-list-phase-assumptions,0.6768077727397109,Type-3 (Semantic)
505978d6dca58b7e88af2a494153a06b715dce12,gsd-add-phase,f9cf593440557545d4ecfdc66d12deaab051f21f,gsd-analyze-dependencies,0.7095626736115603,Type-3 (Semantic)
505978d6dca58b7e88af2a494153a06b715dce12,gsd-add-phase,fbd6f3a5aaaf67ff285b7c5499d79688fe22449c,gsd-help,0.6660757394300909,Type-3 (Semantic)
50c45f936b58c33e2410106f646dbb439ed4b3a9,commit,639fd786be75f5033b1d9bfa54793b7a8e53034d,commit,0.6550703349902489,Type-3 (Semantic)
50d88565842b9d0e4d07800e024cdd9f331f76e1,e2e-test-cifs-integrity-check,8468e3ab66c286c6ccb3848282c87030f55bbc80,e2e-test-cifs-full-scan,0.7731723053767464,Type-3 (Semantic)
50d88565842b9d0e4d07800e024cdd9f331f76e1,e2e-test-cifs-integrity-check,ac48b6ed13fe0e628dfa4d8ea086d2e7744971ab,e2e-test-cifs-incremental-sync,0.8438110968777772,Type-3 (Semantic)
50d88565842b9d0e4d07800e024cdd9f331f76e1,e2e-test-cifs-integrity-check,b373b8422a6c4a1772411517492290b985fbea3d,e2e-test-cifs-full-sync,0.8707216070296111,Type-2 (Parameterized)
50d88565842b9d0e4d07800e024cdd9f331f76e1,e2e-test-cifs-integrity-check,fb1e07f91fbe51e8a3e24818bedbb4ac16e11f66,e2e-test-cifs-incremental-scan,0.6872414937824557,Type-3 (Semantic)
50ff4414577836174964159e74773e9252e7a1c8,[Unnamed Skill],b31d8b82e5e9084bba4980603bc8cb31149fa255,[Unnamed Skill],0.9983379007536066,Type-2 (Parameterized)
512347693c876341873cd3eb977e71ae2ee332de,release,8437c7723462b87e414632b010470dcdb2860cfd,Release Process,0.8841445876726033,Type-2 (Parameterized)
512347693c876341873cd3eb977e71ae2ee332de,release,ee0f4b8596acf092710644256e22c4d3189147f4,Release Process,0.8752171915990534,Type-2 (Parameterized)
512347693c876341873cd3eb977e71ae2ee332de,release,f3c0e06c5f705c8d7914b23fc0eaa80c55d4a810,release,0.902606647567224,Type-2 (Parameterized)
5153373e80bcf4649244c40c1b5b3f394ef45734,engine-reference,dfa5919092421269e253e4d9fcb381eedf3534b2,engine-how-to,0.6775768100860556,Type-3 (Semantic)
516c7aba51764ef02f2620b5c28208174f11cff9,import-design,68c47cf40b247570340c7182195ac8333589df55,import-design,0.9716412855108268,Type-2 (Parameterized)
51ca9e6800c5b632a2fee0de0d04c59f3d9e5abb,gsd-plan-phase,558de69e2a64c953b2de1a1d85ed17f38a9df3a0,gsd-secure-phase,0.6701934263208907,Type-3 (Semantic)
51ca9e6800c5b632a2fee0de0d04c59f3d9e5abb,gsd-plan-phase,887e2b823ae1d8aa492eb4ee7b75c7c4e3bbb3c9,gsd-do,0.6539885396923097,Type-3 (Semantic)
51ca9e6800c5b632a2fee0de0d04c59f3d9e5abb,gsd-plan-phase,91745ca404ac34d4c53d6241f916048bba7b0df9,gsd-discuss-phase,0.6603102658237087,Type-3 (Semantic)
51ca9e6800c5b632a2fee0de0d04c59f3d9e5abb,gsd-plan-phase,a37b1d07f37f3aa35472120d80d8ac5c170564a9,gsd-validate-phase,0.7073352153653386,Type-3 (Semantic)
51ca9e6800c5b632a2fee0de0d04c59f3d9e5abb,gsd-plan-phase,c0756153bea3ba470086b1e36520b9fa585764c9,gsd-undo,0.6881948545010448,Type-3 (Semantic)
51ca9e6800c5b632a2fee0de0d04c59f3d9e5abb,gsd-plan-phase,ca32938c9e4b8a1eb467e7d409e5550bff4519a6,gsd-import,0.6834189011019625,Type-3 (Semantic)
51ca9e6800c5b632a2fee0de0d04c59f3d9e5abb,gsd-plan-phase,d54ad2ce3ac99e4a54508e16bba5e79a5af56739,gsd-next,0.6892705898018063,Type-3 (Semantic)
51ca9e6800c5b632a2fee0de0d04c59f3d9e5abb,gsd-plan-phase,df64d7e8e7b5ad06dbad2605bca199b3d26c00bf,gsd-remove-phase,0.6623257574535119,Type-3 (Semantic)
51ca9e6800c5b632a2fee0de0d04c59f3d9e5abb,gsd-plan-phase,e05217bd55fd426ee71c43c90b62253249321ae5,gsd-ui-phase,0.6954420419997642,Type-3 (Semantic)
51ca9e6800c5b632a2fee0de0d04c59f3d9e5abb,gsd-plan-phase,e4b3162bb79ffc19da709f44f1f1a71548a9a271,gsd-add-tests,0.6703485975211303,Type-3 (Semantic)
5224c1eb6d458168782b862552e3ac649bac0948,edit-changelog,5926f707a654082f2057dc18915c913776ec3e86,edit-changelog,0.9555243759402187,Type-2 (Parameterized)
5229812c1eb1138b5d6ab20350bce22ddca17da1,[Unnamed Skill],c12a3df2b8a19e0918400faf0e63229de6b957a3,[Unnamed Skill],0.9978649074842474,Type-2 (Parameterized)
52559a7ff2d3e09db45824362fc071c27cce4b8c,test-all-device,cd6bb55a061ddd332702fb099567f8ac7bfaa357,test-runtime-device,0.8712685847252407,Type-2 (Parameterized)
527507f0b1a72054be4bd067ebb15adc45fbdf5f,vibejam3-quality-coach,62ca88b8594b6b44264b503c30a0170a63d19cad,vibejam3-e2e-stack,0.6584689816001854,Type-3 (Semantic)
527507f0b1a72054be4bd067ebb15adc45fbdf5f,vibejam3-quality-coach,77153a4a4320ab174e170bb5c7091593393e8211,vibejam3-prd-accelerator,0.653405535260249,Type-3 (Semantic)
527507f0b1a72054be4bd067ebb15adc45fbdf5f,vibejam3-quality-coach,e6fa142aa3ac6f9d89afa791998a95a5684fb3d5,vibejam3-completion-gate,0.6921465447135251,Type-3 (Semantic)
52b9451d46931f72245841d180fe86a6e99a8837,mcpp-style-ref,956c4e3bef3a5dc2dd1885fb8613f45d8a57526e,mcpp-style-ref,0.9148678594404724,Type-2 (Parameterized)
52b9451d46931f72245841d180fe86a6e99a8837,mcpp-style-ref,fc81773ac0070152436341297a27bcd4ed075448,mcpp-style-ref,0.9862844338542015,Type-2 (Parameterized)
52d1d522d0934e693b891e5b83a8bae2c4cf1075,openspec-archive-change,74047c6b43cf85c727d79c99d9a0e1b08befe16e,openspec-archive-change,0.8715510325335911,Type-2 (Parameterized)
52d1d522d0934e693b891e5b83a8bae2c4cf1075,openspec-archive-change,b5f26cf584a1fc69621a942e3ce33a19a99533f7,openspec-archive-change,0.7499975861767311,Type-3 (Semantic)
53332c7b9bab4a8317815e2a6940e1393c5a96d9,openspec-workflow-plan,cbba180f8f103422011e99b7246f68be2e475ddb,openspec-workflow-status,0.734089066262751,Type-3 (Semantic)
53332c7b9bab4a8317815e2a6940e1393c5a96d9,openspec-workflow-plan,ed7691788d9363b9a948d4fce5134edf136b83b0,openspec-workflow-guide,0.6779892316175802,Type-3 (Semantic)
53332c7b9bab4a8317815e2a6940e1393c5a96d9,openspec-workflow-plan,f491ea0b565e98eff8a03d3cbef3717d8d3b2660,openspec-workflow-execute,0.7504210568712868,Type-3 (Semantic)
53ad11463a6fe118689e75ace166887304b72833,fireui-layout-authoring,7d4a819feeaf73d889145a4efbb008bc981c0a6f,fireui-layout-authoring,0.9385118474685329,Type-2 (Parameterized)
53e5ff38bde3be589928d32527a98062d7d4461c,quality-gates,ab1e76c11b239e3a7f586ceca0d295a025d5dc5b,expansion-coordinator,0.6575454712715213,Type-3 (Semantic)
53f2ec592f6e2b3015bea00cb909e1b033a383ea,v8-workflow,7b20b892daf962d580097c22f20c5e450129758a,v8-workflow,0.8571280966694301,Type-2 (Parameterized)
53f2ec592f6e2b3015bea00cb909e1b033a383ea,v8-workflow,b6018e501bc7b01024c005693eda50f51103d863,[Unnamed Skill],0.7656093192277342,Type-3 (Semantic)
5474472b5ab74c4990663003f698b806914d561e,speckit-multi-model-review-cross-review,73c4de865a75536b02c2697777d51fe9765d96c6,speckit-multi-model-review-spec-handoff,0.684607773166445,Type-3 (Semantic)
54d1c17a7895100a4bb4ff9154b7d62cd1fbf1d6,[Unnamed Skill],9742146ccf66062afe612e386fcaac96c95dbfc1,[Unnamed Skill],0.9906160128713545,Type-2 (Parameterized)
5561f5e12cdd782a86a45eabff86843ff4135fdc,orion-gameui,f0cc41bc7f88fd97660c38675cf5a99f725ff9be,orion-umg,0.7710660192079039,Type-3 (Semantic)
5563b65f1d7138d30e3da8e6ac8b38fc661a9a5b,openspec-bulk-archive-change,55aabc8eb640ab47f2b2d8424d3b6b7c75e108fb,openspec-bulk-archive-change,0.7717904996799851,Type-3 (Semantic)
558de69e2a64c953b2de1a1d85ed17f38a9df3a0,gsd-secure-phase,71498c9c1214deb2d67fb46eb7de5e8372b5663e,gsd-ui-review,0.6736455905239805,Type-3 (Semantic)
558de69e2a64c953b2de1a1d85ed17f38a9df3a0,gsd-secure-phase,854ca0e3d13409f6b3370a8c78befaf2a8ebb4b4,gsd-analyze-dependencies,0.6755771156740672,Type-3 (Semantic)
558de69e2a64c953b2de1a1d85ed17f38a9df3a0,gsd-secure-phase,887e2b823ae1d8aa492eb4ee7b75c7c4e3bbb3c9,gsd-do,0.6946137088599439,Type-3 (Semantic)
558de69e2a64c953b2de1a1d85ed17f38a9df3a0,gsd-secure-phase,a37b1d07f37f3aa35472120d80d8ac5c170564a9,gsd-validate-phase,0.8107163440889256,Type-3 (Semantic)
558de69e2a64c953b2de1a1d85ed17f38a9df3a0,gsd-secure-phase,abd6800b7071f2eb4c4bc8305ae13d5b62f377ba,gsd-secure-phase,0.6718279063546477,Type-3 (Semantic)
558de69e2a64c953b2de1a1d85ed17f38a9df3a0,gsd-secure-phase,b910ddea4125cefecb0fe5f4a82dccb67aab710e,gsd-secure-phase,0.9334681271425554,Type-2 (Parameterized)
558de69e2a64c953b2de1a1d85ed17f38a9df3a0,gsd-secure-phase,c0756153bea3ba470086b1e36520b9fa585764c9,gsd-undo,0.6898794420600483,Type-3 (Semantic)
558de69e2a64c953b2de1a1d85ed17f38a9df3a0,gsd-secure-phase,ca32938c9e4b8a1eb467e7d409e5550bff4519a6,gsd-import,0.6833134330717888,Type-3 (Semantic)
558de69e2a64c953b2de1a1d85ed17f38a9df3a0,gsd-secure-phase,d54ad2ce3ac99e4a54508e16bba5e79a5af56739,gsd-next,0.7323141325951216,Type-3 (Semantic)
558de69e2a64c953b2de1a1d85ed17f38a9df3a0,gsd-secure-phase,df64d7e8e7b5ad06dbad2605bca199b3d26c00bf,gsd-remove-phase,0.7025386844505469,Type-3 (Semantic)
558de69e2a64c953b2de1a1d85ed17f38a9df3a0,gsd-secure-phase,e05217bd55fd426ee71c43c90b62253249321ae5,gsd-ui-phase,0.7044510668570437,Type-3 (Semantic)
558de69e2a64c953b2de1a1d85ed17f38a9df3a0,gsd-secure-phase,e4b3162bb79ffc19da709f44f1f1a71548a9a271,gsd-add-tests,0.7065968825968094,Type-3 (Semantic)
558de69e2a64c953b2de1a1d85ed17f38a9df3a0,gsd-secure-phase,fbd6f3a5aaaf67ff285b7c5499d79688fe22449c,gsd-help,0.7042550302433979,Type-3 (Semantic)
55f981b868d8b691bb4005801ebce9a35c66a4d0,gsd-eval-review,aa91dec5dd4fa33c6732ef390b10178286067b17,gsd-ui-review,0.7288894899972402,Type-3 (Semantic)
55f981b868d8b691bb4005801ebce9a35c66a4d0,gsd-eval-review,b7eb3dfbb46ebabe581de6dc9c4d360da7b8c8f3,gsd-validate-phase,0.7015487676099864,Type-3 (Semantic)
55f981b868d8b691bb4005801ebce9a35c66a4d0,gsd-eval-review,bc16dc87b16ef57ec869fef32dad93a036a6c448,gsd-do,0.658710716548303,Type-3 (Semantic)
56158e5f8d31bf3aeb3000f8f2a1f4cbff9f6b7b,fix-pr,bfc822c1ad8cfb52721e830ab69912286370c51f,fix-pr,0.946087008465281,Type-2 (Parameterized)
565e7ea791deb08770209a823ea39c53536fb816,android,a02ba9e01221f5a230262ae9f65a624b37229e7f,android,0.995380309260603,Type-2 (Parameterized)
566561565a313a0b042c2db3255d422dfb7194f4,debug,88c3327286e39d84fdb871ab90be3084f9aa34e8,test,0.6838119420659713,Type-3 (Semantic)
566561565a313a0b042c2db3255d422dfb7194f4,debug,9066a45cb54c738ff9ef3db556d1c6eb0d357eaf,skill_debug,0.7364582199380136,Type-3 (Semantic)
56a4e601212018b0d97e1cf59f035308b3a1cdf0,architecture-overview,aaa9b72d2c31e4860db341da4e0e7ce6b1efd8ff,builder,0.6588987356710804,Type-3 (Semantic)
56b6df9cdeeb27c24a017d33db2470ec7b6645fd,platform-ios,e1adcd6f92e73be5b935db449fd49767a0dbc64b,platform-android,0.7919276045357795,Type-3 (Semantic)
56c2b0e1549bf0e974a961d7a0ea8f8dddab7ca5,modern-cpp,7c49e0bc6bb9c05eff2cd356b8f53e59dd82669c,cpp-expert,0.7505921764461669,Type-3 (Semantic)
56c2b0e1549bf0e974a961d7a0ea8f8dddab7ca5,modern-cpp,9a514bd85c3d3fbccccd2340b1447dd412182f08,cpp-modern-features,0.7538951013628062,Type-3 (Semantic)
56c739909143440d4925b3c2f09ef45ab9f09b7b,upgrade-duckdb-extension,873baf315e52caff96b7b6678167f93384213b68,upgrade-duckdb-extension,0.8434391950100866,Type-3 (Semantic)
56c739909143440d4925b3c2f09ef45ab9f09b7b,upgrade-duckdb-extension,9f593efc47863229e1a53e440a8eca8f00937009,upgrade-duckdb-extension,0.8707510024772661,Type-2 (Parameterized)
56c739909143440d4925b3c2f09ef45ab9f09b7b,upgrade-duckdb-extension,fa275edcf3232c2e10e2f17c0d3ec0abaf72e711,upgrade-duckdb-extension,0.7290458847834259,Type-3 (Semantic)
57101d9f42287d76c7ff734aa28d3a44fcfe8101,sound-cues,d078661a4aa006c7e65045d1503a7cfd91206e55,sound-cues,1.0000000000000002,Type-2 (Parameterized)
571ed3bb712b6d2484a9813341e42eee9038fd48,git-worktrees,96eab131b389dc49d899bc93c1af47cbf2246937,using-git-worktrees,0.7577007972906722,Type-3 (Semantic)
571ed3bb712b6d2484a9813341e42eee9038fd48,git-worktrees,ff09d1065a5fa47f35bbc7f6b2226653ab794f8c,speckit-worktree-clean,0.6799676360694195,Type-3 (Semantic)
57b65a8dba6f52046483913d4ab4b8187fd1d6e7,metasounds,a8d118253e8e96d81db08fa28bfec7f87b318b46,metasounds,1.0000000000000002,Type-2 (Parameterized)
583bf4115c707ea47140adf9243f0d6c485d02f8,fixbugs,7f96021e3feff918b56a08153446520bcc232795,fixbugs,0.9643494980345476,Type-2 (Parameterized)
58505a5dec97ed3df981346b38a9758bf913d117,[Unnamed Skill],a90399d6d1714877b3f27d6091b2206e7a8ee21a,p3d-debug,0.7049135234436824,Type-3 (Semantic)
592d6a5c60e9ca4ed2fb2bf8d0efd80df00624b5,add-lua-binding-api,e45e1dcb0aa0e6dbd669bbc540e68e22ebe74025,add-lua-binding-complex,0.6587802498990482,Type-3 (Semantic)
594356801f5d1aa6b63830c29fa508830ca2dcc8,[Unnamed Skill],b5674f87173c340bfbd0d10d7a064c372b637b40,[Unnamed Skill],0.6639915452634617,Type-3 (Semantic)
594356801f5d1aa6b63830c29fa508830ca2dcc8,[Unnamed Skill],d9fc761ddd4c74f1a668a1a1921520fafa8c0b60,[Unnamed Skill],0.6789776938205427,Type-3 (Semantic)
59bfa5f2918bcec3ae2cd5fc4088a2600b4be1f8,pcg,bbcfc164049c28c914c6d0afae7e9155d6458afa,pcg,1.0,Type-2 (Parameterized)
5a0f68c65ab2cbf7b5a545bfc7426e2bed3ccca3,sparkengine-module-injection-p0-campaign,c4c2f6f5a83be50e9e2c89881086f31e5a1e5d52,sparkengine-plugin-abi,0.7442035457818101,Type-3 (Semantic)
5a28461bb784aa7dcd40dd2ddf4e7347c9ee5772,ascend-deploy,5e6587d94575dc1badaf52d45e78cb279a7a9a8c,ascend-deploy,0.9980237880225681,Type-2 (Parameterized)
5a4eea54292f106470df74fce0b0b10d5161fd04,[Unnamed Skill],a00834ff36d70551e50d6375550ab4d1905646b1,[Unnamed Skill],0.6807711670817376,Type-3 (Semantic)
5a8c6e0ab84f86dd9c4b14672750f1c9c482c8a8,write_design,815789ce5e255a7208150130e759a8fc594cb0e1,write_design,0.8710249314751797,Type-2 (Parameterized)
5ac296d2e1dda35d8d2c66336587b26cd0e49c8c,gsd-plant-seed,ab0161fa6d1a04be852d101fd9029b52c187a6a6,gsd-plant-seed,0.6895797701975331,Type-3 (Semantic)
5b36563bbdd64fea2cbd52679bbd97f484f74560,arduino-cli,72251fa60e206d890278b15c3befb67c54b0801f,flash,0.6687469960582283,Type-3 (Semantic)
5b36563bbdd64fea2cbd52679bbd97f484f74560,arduino-cli,9ba1f44ce171ff6a96b85a36312a75c86c5fd84c,verify-examples,0.7142175557304705,Type-3 (Semantic)
5b4c9ced23e322056805203bf18e7504ed41bfd2,gameengine-license-audit,ca78f76b46eec1145a3f8c415d2bf20f22a0cbbb,gameengine-license-audit,0.9149841650512762,Type-2 (Parameterized)
5b5d284d71c0bcad73942b6cef29bdd6a5be5783,qa-regression-agent,aea8a82e6038d80aeec736d99f404d0380a75f6e,qa-regression-agent,0.9675033315728987,Type-2 (Parameterized)
5b6405c5a606430224871fa5045b6ab023413b62,juce-webview-windows,5b8c318386e59de2fa169e166b7cb5496dd4b388,juce-webview-windows,0.9997477278225249,Type-2 (Parameterized)
5b6405c5a606430224871fa5045b6ab023413b62,juce-webview-windows,78acc60399c084bb04e1bbbafea7ed29df81fcf7,juce-webview-windows,0.9985096914998585,Type-2 (Parameterized)
5b6405c5a606430224871fa5045b6ab023413b62,juce-webview-windows,e739b487b46c453dcd4a4ab5786e9d182286ab90,juce-webview-windows,0.9984732353862152,Type-2 (Parameterized)
5b8c318386e59de2fa169e166b7cb5496dd4b388,juce-webview-windows,78acc60399c084bb04e1bbbafea7ed29df81fcf7,juce-webview-windows,0.9984942658715285,Type-2 (Parameterized)
5b8c318386e59de2fa169e166b7cb5496dd4b388,juce-webview-windows,e739b487b46c453dcd4a4ab5786e9d182286ab90,juce-webview-windows,0.9984578103210839,Type-2 (Parameterized)
5b9586b1a9eecc210994c88b88e692d31cfd6a9a,speckit-architecture-guard-architecture-workflow,9d903a3f5d88ff0082dc0875fe947c58f617b649,speckit-architecture-guard-governed-plan,0.7717983711936003,Type-3 (Semantic)
5ba38ef663a5df1775ec48328387af3566ff8b7e,gsd-review,71498c9c1214deb2d67fb46eb7de5e8372b5663e,gsd-ui-review,0.6991462615861526,Type-3 (Semantic)
5ba38ef663a5df1775ec48328387af3566ff8b7e,gsd-review,887e2b823ae1d8aa492eb4ee7b75c7c4e3bbb3c9,gsd-do,0.6940740386333285,Type-3 (Semantic)
5ba38ef663a5df1775ec48328387af3566ff8b7e,gsd-review,a37b1d07f37f3aa35472120d80d8ac5c170564a9,gsd-validate-phase,0.6648269032114372,Type-3 (Semantic)
5ba38ef663a5df1775ec48328387af3566ff8b7e,gsd-review,ca32938c9e4b8a1eb467e7d409e5550bff4519a6,gsd-import,0.7021340124722512,Type-3 (Semantic)
5ba38ef663a5df1775ec48328387af3566ff8b7e,gsd-review,d54ad2ce3ac99e4a54508e16bba5e79a5af56739,gsd-next,0.7155363758532707,Type-3 (Semantic)
5ba38ef663a5df1775ec48328387af3566ff8b7e,gsd-review,e866a0c693848fdc73221140dc0cc614bec806ae,gsd-code-review-fix,0.6593065884581928,Type-3 (Semantic)
5ba38ef663a5df1775ec48328387af3566ff8b7e,gsd-review,f5b7f15dfce8d5dbd1ba17ce6b097d2f5f89acc1,gsd-pr-branch,0.6549565906781308,Type-3 (Semantic)
5ba38ef663a5df1775ec48328387af3566ff8b7e,gsd-review,fbd6f3a5aaaf67ff285b7c5499d79688fe22449c,gsd-help,0.6992237203169163,Type-3 (Semantic)
5c1daa4fc46a757c798e23efaabbfa0373f6b2ba,gsd-discuss-phase,68f0827c552fd9daed79a015440319d4b407ccda,gsd-do,0.66801056873754,Type-3 (Semantic)
5c1daa4fc46a757c798e23efaabbfa0373f6b2ba,gsd-discuss-phase,74d7a37b18258619764c21f653507cdf9d6f1f1e,gsd-ai-integration-phase,0.656011717226212,Type-3 (Semantic)
5c1daa4fc46a757c798e23efaabbfa0373f6b2ba,gsd-discuss-phase,91745ca404ac34d4c53d6241f916048bba7b0df9,gsd-discuss-phase,0.7563854978093802,Type-3 (Semantic)
5c1daa4fc46a757c798e23efaabbfa0373f6b2ba,gsd-discuss-phase,9a06ffb809f241d3c53ad67751f3f1235cf02ead,gsd-manager,0.6900627437911478,Type-3 (Semantic)
5c1daa4fc46a757c798e23efaabbfa0373f6b2ba,gsd-discuss-phase,e0cb38f75cc612f426e3d529f0ae5f2ce84a7a47,gsd-ui-review,0.6623257133879031,Type-3 (Semantic)
5c1daa4fc46a757c798e23efaabbfa0373f6b2ba,gsd-discuss-phase,fde329f787012dc3d36f728189d3c5894375284d,gsd-ui-phase,0.6757727660903381,Type-3 (Semantic)
5c25e8ecf400ae6104ec47289ab27e6dfb3b6e68,gsd-settings,5f1d67c71ef6a7f284e681d02293dfc7696271ad,gsd-help,0.7120051035936874,Type-3 (Semantic)
5c25e8ecf400ae6104ec47289ab27e6dfb3b6e68,gsd-settings,649bb0506c5d85cc5f6229cf9ca45849470ecd24,gsd-health,0.6520811718323717,Type-3 (Semantic)
5c25e8ecf400ae6104ec47289ab27e6dfb3b6e68,gsd-settings,bc16dc87b16ef57ec869fef32dad93a036a6c448,gsd-do,0.6985237813707306,Type-3 (Semantic)
5c443fb33181c148045f5eeda6b422edae761052,fix-julia-binding-api-gotchas,8816f095a65c0a55fd5450b4ed227cdcfc614624,[Unnamed Skill],0.7702821548013773,Type-3 (Semantic)
5c6f3e22cc0b620bd91a6e63c1eae78356cf0bb1,isis-pybind,98a087290045ccc9752d50aba838c2f061e450ae,pybind-rollout-execution,0.7014520788291356,Type-3 (Semantic)
5cd8c20616393b971397c19a1383b00ddbc0d65a,fuzzing,95bf4b24032eded78ebeeb838c9ff99e03e0bdd1,fuzzing,0.9911113262766036,Type-2 (Parameterized)
5ce7b8d0b9eea8b6474b7918a4e3034844a06f5e,gsd-plan-milestone-gaps,72846d7cc347ff783ebbb8daa35bc7019b752737,gsd-plan-milestone-gaps,0.7667599557566964,Type-3 (Semantic)
5ce7b8d0b9eea8b6474b7918a4e3034844a06f5e,gsd-plan-milestone-gaps,788b7c6228bf4792f0c16ece7b39156d690c1dd1,gsd-complete-milestone,0.67948843245022,Type-3 (Semantic)
5ce7b8d0b9eea8b6474b7918a4e3034844a06f5e,gsd-plan-milestone-gaps,887e2b823ae1d8aa492eb4ee7b75c7c4e3bbb3c9,gsd-do,0.6500540845563451,Type-3 (Semantic)
5ce7b8d0b9eea8b6474b7918a4e3034844a06f5e,gsd-plan-milestone-gaps,a37b1d07f37f3aa35472120d80d8ac5c170564a9,gsd-validate-phase,0.6780080247090706,Type-3 (Semantic)
5ce7b8d0b9eea8b6474b7918a4e3034844a06f5e,gsd-plan-milestone-gaps,d54ad2ce3ac99e4a54508e16bba5e79a5af56739,gsd-next,0.675407939566697,Type-3 (Semantic)
5ce7b8d0b9eea8b6474b7918a4e3034844a06f5e,gsd-plan-milestone-gaps,eb3e29a711ce92246f4b35134b165036aea9cbc5,gsd-plan-milestone-gaps,0.9503533161057051,Type-2 (Parameterized)
5ce7b8d0b9eea8b6474b7918a4e3034844a06f5e,gsd-plan-milestone-gaps,fbd6f3a5aaaf67ff285b7c5499d79688fe22449c,gsd-help,0.650493686141998,Type-3 (Semantic)
5d6b0519ff57fa044804d110deefb06874107d62,gsd-scan,5f1d67c71ef6a7f284e681d02293dfc7696271ad,gsd-help,0.7370528645111405,Type-3 (Semantic)
5d6b0519ff57fa044804d110deefb06874107d62,gsd-scan,649bb0506c5d85cc5f6229cf9ca45849470ecd24,gsd-health,0.6944467135045218,Type-3 (Semantic)
5d6b0519ff57fa044804d110deefb06874107d62,gsd-scan,8d0ca740c7a3f8e235975a386808c9bb4d788dd5,gsd-next,0.6830634021872743,Type-3 (Semantic)
5d6b0519ff57fa044804d110deefb06874107d62,gsd-scan,94e5ad2c35cee517f4e993d5bcdefde8cfd42679,gsd-note,0.6537594905942239,Type-3 (Semantic)
5d6b0519ff57fa044804d110deefb06874107d62,gsd-scan,9e0cdf474d053c1b6524b2dcefffcba426c7eb4c,gsd-list-workspaces,0.6580769992205788,Type-3 (Semantic)
5d6b0519ff57fa044804d110deefb06874107d62,gsd-scan,a9d429bdb0a302a71d98cdb956e0a4eaf2010054,gsd-ship,0.6706880687408343,Type-3 (Semantic)
5d6b0519ff57fa044804d110deefb06874107d62,gsd-scan,aa91dec5dd4fa33c6732ef390b10178286067b17,gsd-ui-review,0.6537045800551727,Type-3 (Semantic)
5d6b0519ff57fa044804d110deefb06874107d62,gsd-scan,bc16dc87b16ef57ec869fef32dad93a036a6c448,gsd-do,0.7389085145295685,Type-3 (Semantic)
5d6b0519ff57fa044804d110deefb06874107d62,gsd-scan,f1735a4ad6f7d4b7097fee36fce69f5f67d43d1c,gsd-pr-branch,0.6513938353332323,Type-3 (Semantic)
5d6b0519ff57fa044804d110deefb06874107d62,gsd-scan,f9e4e3f9762bf6b022e1854f81207c5ffaf372d2,gsd-stats,0.6683321607620063,Type-3 (Semantic)
5d85232a3968f990523dfd73109e281dbea78706,devtools,b1ef105f31043b94af1c5a7632cf3bc48d9ae847,[Unnamed Skill],0.9794394875691512,Type-2 (Parameterized)
5e49c35601063abae96b3fbe806da2e2da5ab53c,developing-genkit-go,903448cac1ecd9379936ad07ba852d45453bc082,developing-genkit-js,0.8945138871534133,Type-2 (Parameterized)
5e49c35601063abae96b3fbe806da2e2da5ab53c,developing-genkit-go,c051338588362e2fb9afed027e0664279c563ff8,developing-genkit-python,0.8223133994441447,Type-3 (Semantic)
5e49c35601063abae96b3fbe806da2e2da5ab53c,developing-genkit-go,f4f64e6b7130ff6b4ed4990ce0ec07573e8ee596,developing-genkit-go,1.0000000000000002,Type-2 (Parameterized)
5eb8e30408f49b18abbc99c9c8f559eeecd86cdd,gsd-audit-uat,70b9d6d70017a9af4166e27367cd350e12fbb150,gsd-audit-uat,0.6812833214146176,Type-3 (Semantic)
5eb8e30408f49b18abbc99c9c8f559eeecd86cdd,gsd-audit-uat,f5513dd49ae85dde18adbf643786fb279d1814bd,gsd-audit-uat,0.6868671967872416,Type-3 (Semantic)
5f1d67c71ef6a7f284e681d02293dfc7696271ad,gsd-help,649bb0506c5d85cc5f6229cf9ca45849470ecd24,gsd-health,0.7438723778505373,Type-3 (Semantic)
5f1d67c71ef6a7f284e681d02293dfc7696271ad,gsd-help,6c0edd52beaaa060ee22bc8eff8a2011dbfcfdf7,gsd-new-project,0.6515739007592137,Type-3 (Semantic)
5f1d67c71ef6a7f284e681d02293dfc7696271ad,gsd-help,70783474ba72fb998d0f6fa8a1ee1c01fbee1860,gsd-manager,0.6790956187793464,Type-3 (Semantic)
5f1d67c71ef6a7f284e681d02293dfc7696271ad,gsd-help,70dcd2059174ac083a606b17849a53d0639c0cbe,gsd-undo,0.702425511510139,Type-3 (Semantic)
5f1d67c71ef6a7f284e681d02293dfc7696271ad,gsd-help,867df7e1b4e3ad9a34fc6ab8dde48ae3c4f710c2,gsd-set-profile,0.7221271292016223,Type-3 (Semantic)
5f1d67c71ef6a7f284e681d02293dfc7696271ad,gsd-help,8d0ca740c7a3f8e235975a386808c9bb4d788dd5,gsd-next,0.7206166987162945,Type-3 (Semantic)
5f1d67c71ef6a7f284e681d02293dfc7696271ad,gsd-help,94e5ad2c35cee517f4e993d5bcdefde8cfd42679,gsd-note,0.7124375070344595,Type-3 (Semantic)
5f1d67c71ef6a7f284e681d02293dfc7696271ad,gsd-help,9e0cdf474d053c1b6524b2dcefffcba426c7eb4c,gsd-list-workspaces,0.719081199854805,Type-3 (Semantic)
5f1d67c71ef6a7f284e681d02293dfc7696271ad,gsd-help,a9d429bdb0a302a71d98cdb956e0a4eaf2010054,gsd-ship,0.7306091513321658,Type-3 (Semantic)
5f1d67c71ef6a7f284e681d02293dfc7696271ad,gsd-help,aa91dec5dd4fa33c6732ef390b10178286067b17,gsd-ui-review,0.7075486993729025,Type-3 (Semantic)
5f1d67c71ef6a7f284e681d02293dfc7696271ad,gsd-help,b7eb3dfbb46ebabe581de6dc9c4d360da7b8c8f3,gsd-validate-phase,0.68825867400597,Type-3 (Semantic)
5f1d67c71ef6a7f284e681d02293dfc7696271ad,gsd-help,bc16dc87b16ef57ec869fef32dad93a036a6c448,gsd-do,0.8390141391896975,Type-3 (Semantic)
5f1d67c71ef6a7f284e681d02293dfc7696271ad,gsd-help,bd33d436d05f140a4ef323e46ea3625a8b133114,gsd-add-tests,0.6675022149483785,Type-3 (Semantic)
5f1d67c71ef6a7f284e681d02293dfc7696271ad,gsd-help,bfd13d7eab453efc20bc5eee6d4d9e100a287cb9,gsd-update,0.7177232008783874,Type-3 (Semantic)
5f1d67c71ef6a7f284e681d02293dfc7696271ad,gsd-help,f1735a4ad6f7d4b7097fee36fce69f5f67d43d1c,gsd-pr-branch,0.7027881737190435,Type-3 (Semantic)
5f1d67c71ef6a7f284e681d02293dfc7696271ad,gsd-help,f9e4e3f9762bf6b022e1854f81207c5ffaf372d2,gsd-stats,0.7453468179421878,Type-3 (Semantic)
5f4925fdea14ec866be92623590eb46d6e2b72c6,review-code,7262b820ec897a4f4040c3a19b91d5a241980e3f,slangpy-code-review,0.9791593983040884,Type-2 (Parameterized)
5f981b836cc1a474c503de6c3613b34c7f21af7d,lint,9d95f0fe7f6ec0266f2f39c46dc26449e143d270,adr,0.683283948076606,Type-3 (Semantic)
5f981b836cc1a474c503de6c3613b34c7f21af7d,lint,a27261c561ba4c7593b7bd6cc47d6bf581a4f12c,adr-new,0.6765305330302549,Type-3 (Semantic)
5fc6267adbcde33c95dbfaa53b3470653b40d569,[Unnamed Skill],b2e41b25b432262700a6047253f94442ea3ef662,preset-audit,0.6759640488659278,Type-3 (Semantic)
5fc6267adbcde33c95dbfaa53b3470653b40d569,[Unnamed Skill],e0fa6e67f3268e28cb2cf49a045237c165deb8db,[Unnamed Skill],0.6680658154620752,Type-3 (Semantic)
5fc9cc437c28e6617f0f21d80f40e9094482b04b,ue-mcp-blueprint,8aa8d5f598998bf495d809dc7bdcd0b7d9996ad0,ue-mcp-blueprint,0.9221990174910941,Type-2 (Parameterized)
6038c00b7751a4109c4a698f14c74e497d7ebd06,webview-ui,836d80c746f4164b0139adfd84b3b8b1a2c2e55f,webview-ui,0.9994717782818157,Type-2 (Parameterized)
605e4bc3df86e0364bfd94939e690b673b245bde,acecode-frontend-style,a1c49ab672a135507aabbffdcd00ce54f53944e6,acecode-frontend-style,0.9847678931678437,Type-2 (Parameterized)
610e7381bbb5796b169ab561014b334c72d318b8,gpu-debug,c8db3e51c9666588f7b015782b245bc74e0e1c0c,gpu-debug,0.9831476445274494,Type-2 (Parameterized)
62ca88b8594b6b44264b503c30a0170a63d19cad,vibejam3-e2e-stack,77153a4a4320ab174e170bb5c7091593393e8211,vibejam3-prd-accelerator,0.834157847342241,Type-3 (Semantic)
62ca88b8594b6b44264b503c30a0170a63d19cad,vibejam3-e2e-stack,857262702af8ebcaee185037db197773aa562485,vibejam3-handoff-pack,0.7630114928432787,Type-3 (Semantic)
6342d2423cef10c646ec9e15f1de256584bf887e,moonbit-agent-guide,8a0aee9d20a4854d73e0d1add80a3654b4eb372c,moonbit-refactoring,0.7278298635687692,Type-3 (Semantic)
64019d8ba8b479d944a3539095d7706a7243171f,gsd-code-review-fix,8baeaa6df89a7aedd93f7188c3224e0753ed87e5,gsd-code-review,0.6925703706766038,Type-3 (Semantic)
64019d8ba8b479d944a3539095d7706a7243171f,gsd-code-review-fix,e866a0c693848fdc73221140dc0cc614bec806ae,gsd-code-review-fix,0.8320880982641247,Type-3 (Semantic)
644175c8980b5c9aa959147b4bf5824a5715f925,design,88c3327286e39d84fdb871ab90be3084f9aa34e8,test,0.6862170762003129,Type-3 (Semantic)
6462a1930310d689b49011b217f0db8c120e7b7e,gsd-list-workspaces,673f4aff7866dba97194e63863716487c195d3c6,gsd-ship,0.7241328617912979,Type-3 (Semantic)
6462a1930310d689b49011b217f0db8c120e7b7e,gsd-list-workspaces,68f0827c552fd9daed79a015440319d4b407ccda,gsd-do,0.7949428851883583,Type-3 (Semantic)
6462a1930310d689b49011b217f0db8c120e7b7e,gsd-list-workspaces,74d7a37b18258619764c21f653507cdf9d6f1f1e,gsd-ai-integration-phase,0.6779164452121035,Type-3 (Semantic)
6462a1930310d689b49011b217f0db8c120e7b7e,gsd-list-workspaces,78c85bc9029373f9aa1f6852f30380d1e6c7cec4,gsd-extract_learnings,0.6506870840876827,Type-3 (Semantic)
6462a1930310d689b49011b217f0db8c120e7b7e,gsd-list-workspaces,7c74edd6e432a05805c831d7c3319253e09fbc55,gsd-list-workspaces,0.879197746570338,Type-2 (Parameterized)
6462a1930310d689b49011b217f0db8c120e7b7e,gsd-list-workspaces,82cf0b25e5d7be32b983db21da59c499c54663fc,gsd-scan,0.7274881054517336,Type-3 (Semantic)
6462a1930310d689b49011b217f0db8c120e7b7e,gsd-list-workspaces,82dfc2e6c35199ddb0eda34509560a42301688cf,gsd-remove-workspace,0.7379028703730578,Type-3 (Semantic)
6462a1930310d689b49011b217f0db8c120e7b7e,gsd-list-workspaces,887e2b823ae1d8aa492eb4ee7b75c7c4e3bbb3c9,gsd-do,0.6569153592792194,Type-3 (Semantic)
6462a1930310d689b49011b217f0db8c120e7b7e,gsd-list-workspaces,9a06ffb809f241d3c53ad67751f3f1235cf02ead,gsd-manager,0.6977675619353977,Type-3 (Semantic)
6462a1930310d689b49011b217f0db8c120e7b7e,gsd-list-workspaces,9dd5348296d7f4f4f8e4eddd1a894c1c1a3dc14d,gsd-next,0.7304291768433624,Type-3 (Semantic)
6462a1930310d689b49011b217f0db8c120e7b7e,gsd-list-workspaces,9f30f964e95f66e21fd81695e280a1390f862522,gsd-note,0.7310306164097802,Type-3 (Semantic)
6462a1930310d689b49011b217f0db8c120e7b7e,gsd-list-workspaces,9f97bf68b80437eb1b3a350a3c485cb55adeff36,gsd-add-tests,0.6787570946658084,Type-3 (Semantic)
6462a1930310d689b49011b217f0db8c120e7b7e,gsd-list-workspaces,d54ad2ce3ac99e4a54508e16bba5e79a5af56739,gsd-next,0.668966371410303,Type-3 (Semantic)
6462a1930310d689b49011b217f0db8c120e7b7e,gsd-list-workspaces,e0cb38f75cc612f426e3d529f0ae5f2ce84a7a47,gsd-ui-review,0.7167315645389436,Type-3 (Semantic)
6462a1930310d689b49011b217f0db8c120e7b7e,gsd-list-workspaces,f9cf593440557545d4ecfdc66d12deaab051f21f,gsd-analyze-dependencies,0.6533209437452222,Type-3 (Semantic)
6462a1930310d689b49011b217f0db8c120e7b7e,gsd-list-workspaces,fbd6f3a5aaaf67ff285b7c5499d79688fe22449c,gsd-help,0.6721892416972063,Type-3 (Semantic)
6462a1930310d689b49011b217f0db8c120e7b7e,gsd-list-workspaces,fde329f787012dc3d36f728189d3c5894375284d,gsd-ui-phase,0.7146134304583864,Type-3 (Semantic)
6467438bcf709ead2c609e8bf3900a6853e3ca5f,niagara-systems,b16c6230c81fb9fa1addec3202ecb4daa537f7aa,niagara-systems,1.0,Type-2 (Parameterized)
6467438bcf709ead2c609e8bf3900a6853e3ca5f,niagara-systems,b50058a93173b72899c7cd49e529a4b7efa23964,niagara-emitters,0.6862122415801358,Type-3 (Semantic)
648129f53db7ae323fbe8a5894600b4d644a7515,debugging-runtime,a2b4eeb4786f52dde8f9dc936caf54599c4a5ca5,validating-changes,0.7326644627621918,Type-3 (Semantic)
649bb0506c5d85cc5f6229cf9ca45849470ecd24,gsd-health,70dcd2059174ac083a606b17849a53d0639c0cbe,gsd-undo,0.6603650770810301,Type-3 (Semantic)
649bb0506c5d85cc5f6229cf9ca45849470ecd24,gsd-health,8d0ca740c7a3f8e235975a386808c9bb4d788dd5,gsd-next,0.6886397870493293,Type-3 (Semantic)
649bb0506c5d85cc5f6229cf9ca45849470ecd24,gsd-health,94e5ad2c35cee517f4e993d5bcdefde8cfd42679,gsd-note,0.6922457840618607,Type-3 (Semantic)
649bb0506c5d85cc5f6229cf9ca45849470ecd24,gsd-health,9e0cdf474d053c1b6524b2dcefffcba426c7eb4c,gsd-list-workspaces,0.6563642849028857,Type-3 (Semantic)
649bb0506c5d85cc5f6229cf9ca45849470ecd24,gsd-health,a9d429bdb0a302a71d98cdb956e0a4eaf2010054,gsd-ship,0.6997899289972465,Type-3 (Semantic)
649bb0506c5d85cc5f6229cf9ca45849470ecd24,gsd-health,aa91dec5dd4fa33c6732ef390b10178286067b17,gsd-ui-review,0.6840709881250037,Type-3 (Semantic)
649bb0506c5d85cc5f6229cf9ca45849470ecd24,gsd-health,b7eb3dfbb46ebabe581de6dc9c4d360da7b8c8f3,gsd-validate-phase,0.6661075629609522,Type-3 (Semantic)
649bb0506c5d85cc5f6229cf9ca45849470ecd24,gsd-health,bc16dc87b16ef57ec869fef32dad93a036a6c448,gsd-do,0.7380650440742518,Type-3 (Semantic)
649bb0506c5d85cc5f6229cf9ca45849470ecd24,gsd-health,bd33d436d05f140a4ef323e46ea3625a8b133114,gsd-add-tests,0.6507938473569371,Type-3 (Semantic)
649bb0506c5d85cc5f6229cf9ca45849470ecd24,gsd-health,f1735a4ad6f7d4b7097fee36fce69f5f67d43d1c,gsd-pr-branch,0.6874798953744851,Type-3 (Semantic)
649bb0506c5d85cc5f6229cf9ca45849470ecd24,gsd-health,f9e4e3f9762bf6b022e1854f81207c5ffaf372d2,gsd-stats,0.7076697257324746,Type-3 (Semantic)
64c7c6bdc7ac563c450029988d0f3556625017c8,[Unnamed Skill],9dcd31309490dcf24dde48762d10c78ce43e9fae,dtvm-perf-profile,0.6836723832273478,Type-3 (Semantic)
64f56a9fd9a3af290f808b70d5b8a2a3b0131f95,changelog-automation,dfa97b4e37b0559ccfb69db1f36fac9e4d257c63,amdsmi-changelog-automation,0.9046035628475557,Type-2 (Parameterized)
650ded255028a0451e5aabfbe582b7bc95449c49,update-documentation,f73f952e3b0dac6fd9dbc1d06a8b47d01b393f0a,project-consistency-audit,0.7390038482084981,Type-3 (Semantic)
651a75a1603c90e26850cfa18562f2a23d0f17f6,triaging-issues,d021f76307fd5a52f2ad5911b0dc2d65e4807a7c,distributed-triage,0.7099491504823742,Type-3 (Semantic)
65b875b2997debfad2431e19fe2cb9c3d51c5d8b,figma-integration,ba23238dce877168b4888278be530ebc3ae9db52,figma-implement-design,0.7396122380703483,Type-3 (Semantic)
666cc5191c7d01ef04d6bd5edf23f8120e6b5bd8,android-export-deploy-publishing,83b0f891e332f437c861b88d7cc4fbc2ff8e0bfc,android-export-deploy-publishing,0.954463919604507,Type-2 (Parameterized)
66b3a4e38fec101c849617d431051acc02950043,agent-editing-governance,bccf75a84123f0de5be62fff565d5229b33a66f2,finalization,0.7107785564863114,Type-3 (Semantic)
66b673a8d443eebaa0226888baf2a27677f821e9,logosdb-memory,6c9ac615b9dde8550feb1328d3532cd524ca610b,ldb-forget,0.7307952489365264,Type-3 (Semantic)
66b673a8d443eebaa0226888baf2a27677f821e9,logosdb-memory,7742209e3944176b70209f917e83976684733818,ldb-search,0.7167939313560341,Type-3 (Semantic)
66f3ba5e76ae7b6e33e0937b0c94c9a2c4096fc5,gsd-profile-user,80fab6ce8743914ac6e94ff6aa30f7a5e163d8e5,gsd-profile-user,0.7620231098139748,Type-3 (Semantic)
66f3ba5e76ae7b6e33e0937b0c94c9a2c4096fc5,gsd-profile-user,ce95856a5473a047989b9880b59f28e89907037d,gsd-profile-user,0.9551640221559827,Type-2 (Parameterized)
670861956f1a3c4ea5d835473aebb4c2e15f3ae6,claude-plan,bbaf72f04b0987fab7e486dc90ddc0588624aadd,claude-ask,0.8580930500120127,Type-2 (Parameterized)
670861956f1a3c4ea5d835473aebb4c2e15f3ae6,claude-plan,e83031ed1219891b7287d14fc4d16cf5069749e4,claude-review,0.8386312525952303,Type-3 (Semantic)
673bfaed8f42326f4b7f595c3ac1019c4a664f1d,skill-creator,c65ad20f74c556d352119f1f4e5e998213ef3bad,skill-installer,0.7070985090864916,Type-3 (Semantic)
673f4aff7866dba97194e63863716487c195d3c6,gsd-ship,68f0827c552fd9daed79a015440319d4b407ccda,gsd-do,0.8094451047759885,Type-3 (Semantic)
673f4aff7866dba97194e63863716487c195d3c6,gsd-ship,74d7a37b18258619764c21f653507cdf9d6f1f1e,gsd-ai-integration-phase,0.6818612136958265,Type-3 (Semantic)
673f4aff7866dba97194e63863716487c195d3c6,gsd-ship,78c85bc9029373f9aa1f6852f30380d1e6c7cec4,gsd-extract_learnings,0.6935950547742219,Type-3 (Semantic)
673f4aff7866dba97194e63863716487c195d3c6,gsd-ship,82cf0b25e5d7be32b983db21da59c499c54663fc,gsd-scan,0.7545269633976264,Type-3 (Semantic)
673f4aff7866dba97194e63863716487c195d3c6,gsd-ship,82dfc2e6c35199ddb0eda34509560a42301688cf,gsd-remove-workspace,0.7278785067785902,Type-3 (Semantic)
673f4aff7866dba97194e63863716487c195d3c6,gsd-ship,887e2b823ae1d8aa492eb4ee7b75c7c4e3bbb3c9,gsd-do,0.7037507786905827,Type-3 (Semantic)
673f4aff7866dba97194e63863716487c195d3c6,gsd-ship,99af566bca83b35b0d92b3c1cc32e1e088d0f3d7,gsd-scan,0.6675651869444108,Type-3 (Semantic)
673f4aff7866dba97194e63863716487c195d3c6,gsd-ship,9a06ffb809f241d3c53ad67751f3f1235cf02ead,gsd-manager,0.7141203757283405,Type-3 (Semantic)
673f4aff7866dba97194e63863716487c195d3c6,gsd-ship,9dd5348296d7f4f4f8e4eddd1a894c1c1a3dc14d,gsd-next,0.768037315380712,Type-3 (Semantic)
673f4aff7866dba97194e63863716487c195d3c6,gsd-ship,9f30f964e95f66e21fd81695e280a1390f862522,gsd-note,0.7462640964965611,Type-3 (Semantic)
673f4aff7866dba97194e63863716487c195d3c6,gsd-ship,9f97bf68b80437eb1b3a350a3c485cb55adeff36,gsd-add-tests,0.7256610199894343,Type-3 (Semantic)
673f4aff7866dba97194e63863716487c195d3c6,gsd-ship,a3ec1b53921a3625582f608bbc1a4ffa83cd2a28,gsd-audit-fix,0.6887512898885138,Type-3 (Semantic)
673f4aff7866dba97194e63863716487c195d3c6,gsd-ship,ab0161fa6d1a04be852d101fd9029b52c187a6a6,gsd-plant-seed,0.6591039732914524,Type-3 (Semantic)
673f4aff7866dba97194e63863716487c195d3c6,gsd-ship,b910ddea4125cefecb0fe5f4a82dccb67aab710e,gsd-secure-phase,0.6855914138078676,Type-3 (Semantic)
673f4aff7866dba97194e63863716487c195d3c6,gsd-ship,c50ca8ded2311361a16047ea0ef8f1036627ecc9,gsd-pause-work,0.7021334980657256,Type-3 (Semantic)
673f4aff7866dba97194e63863716487c195d3c6,gsd-ship,ca32938c9e4b8a1eb467e7d409e5550bff4519a6,gsd-import,0.682573491042737,Type-3 (Semantic)
673f4aff7866dba97194e63863716487c195d3c6,gsd-ship,d54ad2ce3ac99e4a54508e16bba5e79a5af56739,gsd-next,0.7314004486636271,Type-3 (Semantic)
673f4aff7866dba97194e63863716487c195d3c6,gsd-ship,e0cb38f75cc612f426e3d529f0ae5f2ce84a7a47,gsd-ui-review,0.7500898833432766,Type-3 (Semantic)
673f4aff7866dba97194e63863716487c195d3c6,gsd-ship,f5b7f15dfce8d5dbd1ba17ce6b097d2f5f89acc1,gsd-pr-branch,0.7084694575783235,Type-3 (Semantic)
673f4aff7866dba97194e63863716487c195d3c6,gsd-ship,f9cf593440557545d4ecfdc66d12deaab051f21f,gsd-analyze-dependencies,0.6921070256366532,Type-3 (Semantic)
673f4aff7866dba97194e63863716487c195d3c6,gsd-ship,fbd6f3a5aaaf67ff285b7c5499d79688fe22449c,gsd-help,0.7240794306846643,Type-3 (Semantic)
673f4aff7866dba97194e63863716487c195d3c6,gsd-ship,fde329f787012dc3d36f728189d3c5894375284d,gsd-ui-phase,0.7265177694234883,Type-3 (Semantic)
678586a0d48937ce37f74cd67a4f76c30a1aa909,cpp-engine-debugging,f2d0bb6e19492ddefef48f7d64dfd84fe44a92b0,gameengine-debugging,0.9927499360397973,Type-2 (Parameterized)
680e37f836d1f9db6a78676aa977696c88742049,[Unnamed Skill],ead465239dd29671fe0d9ffa9ce624304909e4f9,skill_troubleshooting,0.9136103462661367,Type-2 (Parameterized)
680e37f836d1f9db6a78676aa977696c88742049,[Unnamed Skill],f4645a0848dd3c3614ca80af4c49915ef3900fe7,[Unnamed Skill],0.9597841063470943,Type-2 (Parameterized)
680f963419c2f81c80e24a0a0dce165b8597f2b7,publishing-pr,7376e80dee94466a72ed32c34471d6b4db04f0b5,publishing-pr,0.9993521084302011,Type-2 (Parameterized)
6822385076ea39d6bdb23459691bba6678e413ad,scopy-api-patterns,faeb66c7481ed7a11b39b2b82f7a18acc2afa6cf,api-quality-checks,0.692348521156891,Type-3 (Semantic)
682d5afdcd52fa687711307c45e393c79f1ddb20,project-review,cd2419774b383b30a4a58f45297facbd2442679b,skill-audit,0.6747646502021352,Type-3 (Semantic)
6851081194a6dec34e90a1c50b3663c97e6e4a85,seelie-codex-pet,a6c9ba036e11fc7c19f5b5e6c678a20a432f3b12,[Unnamed Skill],0.6896858865749246,Type-3 (Semantic)
68721b23ee4015a2e429bc172730c9297135c9b2,gearlynx-romhacking,a6e53de7a35ad5d582cd50fc7a99a45b59f6efc7,geargrafx-romhacking,0.6920320077343435,Type-3 (Semantic)
68955707944ddbbfff7f9ac3b5b0e58debb377ff,dart-manage-pr,afb84f765eca82744ae4b3681a7bb3e094a8fe95,dart-pr,0.755220093414715,Type-3 (Semantic)
68da1320dfaace195653c8c6a37074d162ee6f92,gsd-check-todos,887e2b823ae1d8aa492eb4ee7b75c7c4e3bbb3c9,gsd-do,0.6523085706775876,Type-3 (Semantic)
68da1320dfaace195653c8c6a37074d162ee6f92,gsd-check-todos,9234d6125e3e607dad80c53a712adbd6d324b749,gsd-check-todos,0.7382401395154667,Type-3 (Semantic)
68da1320dfaace195653c8c6a37074d162ee6f92,gsd-check-todos,95b744b94b5f3b509c796c66e553d0bc4d488e66,gsd-note,0.6719581803060616,Type-3 (Semantic)
68da1320dfaace195653c8c6a37074d162ee6f92,gsd-check-todos,a8e07a19e59499a2f7248022aa129cccadfc285f,gsd-add-todo,0.6978412696397649,Type-3 (Semantic)
68da1320dfaace195653c8c6a37074d162ee6f92,gsd-check-todos,d54ad2ce3ac99e4a54508e16bba5e79a5af56739,gsd-next,0.6753000661058259,Type-3 (Semantic)
68da1320dfaace195653c8c6a37074d162ee6f92,gsd-check-todos,fbd6f3a5aaaf67ff285b7c5499d79688fe22449c,gsd-help,0.6542576264292124,Type-3 (Semantic)
68f0827c552fd9daed79a015440319d4b407ccda,gsd-do,70b9d6d70017a9af4166e27367cd350e12fbb150,gsd-audit-uat,0.6558576319740201,Type-3 (Semantic)
68f0827c552fd9daed79a015440319d4b407ccda,gsd-do,74d7a37b18258619764c21f653507cdf9d6f1f1e,gsd-ai-integration-phase,0.754865099660544,Type-3 (Semantic)
68f0827c552fd9daed79a015440319d4b407ccda,gsd-do,78c85bc9029373f9aa1f6852f30380d1e6c7cec4,gsd-extract_learnings,0.7202478856993042,Type-3 (Semantic)
68f0827c552fd9daed79a015440319d4b407ccda,gsd-do,7c74edd6e432a05805c831d7c3319253e09fbc55,gsd-list-workspaces,0.6522769097247212,Type-3 (Semantic)
68f0827c552fd9daed79a015440319d4b407ccda,gsd-do,82cf0b25e5d7be32b983db21da59c499c54663fc,gsd-scan,0.808639030295973,Type-3 (Semantic)
68f0827c552fd9daed79a015440319d4b407ccda,gsd-do,82dfc2e6c35199ddb0eda34509560a42301688cf,gsd-remove-workspace,0.791383263806112,Type-3 (Semantic)
68f0827c552fd9daed79a015440319d4b407ccda,gsd-do,887e2b823ae1d8aa492eb4ee7b75c7c4e3bbb3c9,gsd-do,0.8632548812132156,Type-2 (Parameterized)
68f0827c552fd9daed79a015440319d4b407ccda,gsd-do,95f65bbc2440706a5a7f67aae030e8ca49ec6779,gsd-explore,0.6544959297480671,Type-3 (Semantic)
68f0827c552fd9daed79a015440319d4b407ccda,gsd-do,99af566bca83b35b0d92b3c1cc32e1e088d0f3d7,gsd-scan,0.6928661154721413,Type-3 (Semantic)
68f0827c552fd9daed79a015440319d4b407ccda,gsd-do,9a06ffb809f241d3c53ad67751f3f1235cf02ead,gsd-manager,0.7809733187551324,Type-3 (Semantic)
68f0827c552fd9daed79a015440319d4b407ccda,gsd-do,9dd5348296d7f4f4f8e4eddd1a894c1c1a3dc14d,gsd-next,0.8247938059875706,Type-3 (Semantic)
68f0827c552fd9daed79a015440319d4b407ccda,gsd-do,9f30f964e95f66e21fd81695e280a1390f862522,gsd-note,0.7965432481629909,Type-3 (Semantic)
68f0827c552fd9daed79a015440319d4b407ccda,gsd-do,9f97bf68b80437eb1b3a350a3c485cb55adeff36,gsd-add-tests,0.760984744193539,Type-3 (Semantic)
68f0827c552fd9daed79a015440319d4b407ccda,gsd-do,a3ec1b53921a3625582f608bbc1a4ffa83cd2a28,gsd-audit-fix,0.7168823593179056,Type-3 (Semantic)
68f0827c552fd9daed79a015440319d4b407ccda,gsd-do,ab0161fa6d1a04be852d101fd9029b52c187a6a6,gsd-plant-seed,0.7055954709640316,Type-3 (Semantic)
68f0827c552fd9daed79a015440319d4b407ccda,gsd-do,b910ddea4125cefecb0fe5f4a82dccb67aab710e,gsd-secure-phase,0.7153376890073945,Type-3 (Semantic)
68f0827c552fd9daed79a015440319d4b407ccda,gsd-do,c50ca8ded2311361a16047ea0ef8f1036627ecc9,gsd-pause-work,0.7268421456650624,Type-3 (Semantic)
68f0827c552fd9daed79a015440319d4b407ccda,gsd-do,ca32938c9e4b8a1eb467e7d409e5550bff4519a6,gsd-import,0.7102553865423401,Type-3 (Semantic)
68f0827c552fd9daed79a015440319d4b407ccda,gsd-do,d54ad2ce3ac99e4a54508e16bba5e79a5af56739,gsd-next,0.7642820012478296,Type-3 (Semantic)
68f0827c552fd9daed79a015440319d4b407ccda,gsd-do,e05217bd55fd426ee71c43c90b62253249321ae5,gsd-ui-phase,0.6505942598566291,Type-3 (Semantic)
68f0827c552fd9daed79a015440319d4b407ccda,gsd-do,e0cb38f75cc612f426e3d529f0ae5f2ce84a7a47,gsd-ui-review,0.794331981721058,Type-3 (Semantic)
68f0827c552fd9daed79a015440319d4b407ccda,gsd-do,eb3e29a711ce92246f4b35134b165036aea9cbc5,gsd-plan-milestone-gaps,0.6683109066195452,Type-3 (Semantic)
68f0827c552fd9daed79a015440319d4b407ccda,gsd-do,f5b7f15dfce8d5dbd1ba17ce6b097d2f5f89acc1,gsd-pr-branch,0.6516740314913885,Type-3 (Semantic)
68f0827c552fd9daed79a015440319d4b407ccda,gsd-do,f9cf593440557545d4ecfdc66d12deaab051f21f,gsd-analyze-dependencies,0.7404305485132573,Type-3 (Semantic)
68f0827c552fd9daed79a015440319d4b407ccda,gsd-do,fbd6f3a5aaaf67ff285b7c5499d79688fe22449c,gsd-help,0.7721376747208151,Type-3 (Semantic)
68f0827c552fd9daed79a015440319d4b407ccda,gsd-do,fde329f787012dc3d36f728189d3c5894375284d,gsd-ui-phase,0.7975572985163008,Type-3 (Semantic)
6934d9c0dab6ba34c250e994362a2b138b96d55f,gearsystem-debugging,7141d12f1691c7e850ef3ec041e3d9af52c79931,gearsystem-romhacking,0.6946854903797701,Type-3 (Semantic)
69b962e66a73d48f8d9668e298b3acffa77d9102,gsd-insert-phase,854ca0e3d13409f6b3370a8c78befaf2a8ebb4b4,gsd-analyze-dependencies,0.6529066764424244,Type-3 (Semantic)
69b962e66a73d48f8d9668e298b3acffa77d9102,gsd-insert-phase,933c248b9ab2757079ed4e3c2715967cfd59e036,gsd-insert-phase,0.9458230263804013,Type-2 (Parameterized)
69b962e66a73d48f8d9668e298b3acffa77d9102,gsd-insert-phase,a37b1d07f37f3aa35472120d80d8ac5c170564a9,gsd-validate-phase,0.6889643863326246,Type-3 (Semantic)
69b962e66a73d48f8d9668e298b3acffa77d9102,gsd-insert-phase,d54ad2ce3ac99e4a54508e16bba5e79a5af56739,gsd-next,0.6774161039092389,Type-3 (Semantic)
69b962e66a73d48f8d9668e298b3acffa77d9102,gsd-insert-phase,df64d7e8e7b5ad06dbad2605bca199b3d26c00bf,gsd-remove-phase,0.7074723536945735,Type-3 (Semantic)
6a0732e3da0d1b38823c2834b5f5d44f2e6e2fc6,godot,b2b1f29592fb386782b62aca3584e474aa581293,dispatching-parallel-agents,0.6686869085865284,Type-3 (Semantic)
6a0732e3da0d1b38823c2834b5f5d44f2e6e2fc6,godot,f906db4aa88ff4206475baa73c4d08bf9459ed9e,brainstorming,0.7878070949680661,Type-3 (Semantic)
6a0c40029064c3719549a4ba9a79bdf56907780b,v8-testing,c403701b9212e9c8b5bec7bec595ba78459436d2,v8_testing,0.9287910001890872,Type-2 (Parameterized)
6a1bdcf70586abf457dc088bdaef0f0b6e9bb476,gsd-graphify,6e466128b696d33601e02b0e8fdc6782de061b69,graphify,0.7009277199171,Type-3 (Semantic)
6a1bdcf70586abf457dc088bdaef0f0b6e9bb476,gsd-graphify,e95c71da452ffbb636f9318c8bd1a19826b922e8,gsd-graphify,0.8993576898666882,Type-2 (Parameterized)
6a8cc6185e3703080635ff67551d8dcd39b14e29,landscape,f571e30218cb520e041aa9f3d6847f20de0c834f,landscape,0.9891065438521237,Type-2 (Parameterized)
6a99d5bb8d3fa69ea5b950acd76799fd442a24e9,animation-montage,81eefbc00a142b5e3397819838bfe5d0b098b366,animation-montage,1.0000000000000002,Type-2 (Parameterized)
6abce59590831c6873b2ce2801901bb9c9f3a954,localizacion-rcj-soccer,f68f79ac1a84fec4f536c944e4baf3bb6f87decb,fusion-pose-odometria-landmarks,0.8155833890414256,Type-3 (Semantic)
6b6676b6798060b746c5fe12bd4ac6eb164025ba,query-cases,8817e67f128cf451535132c3dcfcf3fab294b8a0,query-cases,0.7099561772010726,Type-3 (Semantic)
6b6676b6798060b746c5fe12bd4ac6eb164025ba,query-cases,f35362ee48ed4eac97bfd4cd7548e8bfcdbaa5ec,query-cases,0.8294982873061663,Type-3 (Semantic)
6bb692f91034b429dd05f6fda01d913bf74eef56,qa-accessibility-agent,e40290b9e79d80acd5ce3aaaa28dcfd64e2d434e,qa-accessibility-agent,0.9688673323170545,Type-2 (Parameterized)
6bd3ca0cec97cc827b1b91bda526be5c975aea04,speckit-specify,78713bdea21ef412e3918ea11b6b64c640f89aab,speckit-tasks,0.7660441866155598,Type-3 (Semantic)
6bd3ca0cec97cc827b1b91bda526be5c975aea04,speckit-specify,a4eb40a23df16ff33674e3f591ceda3549b8d89f,speckit-plan,0.755299819946883,Type-3 (Semantic)
6c0edd52beaaa060ee22bc8eff8a2011dbfcfdf7,gsd-new-project,70dcd2059174ac083a606b17849a53d0639c0cbe,gsd-undo,0.6794445006073324,Type-3 (Semantic)
6c0edd52beaaa060ee22bc8eff8a2011dbfcfdf7,gsd-new-project,930015f19994be9fa31b7e6e1e22da1c66f63f27,gsd-new-milestone,0.795500935288884,Type-3 (Semantic)
6c0edd52beaaa060ee22bc8eff8a2011dbfcfdf7,gsd-new-project,94e5ad2c35cee517f4e993d5bcdefde8cfd42679,gsd-note,0.6694360212076784,Type-3 (Semantic)
6c0edd52beaaa060ee22bc8eff8a2011dbfcfdf7,gsd-new-project,aa91dec5dd4fa33c6732ef390b10178286067b17,gsd-ui-review,0.6746119864611528,Type-3 (Semantic)
6c0edd52beaaa060ee22bc8eff8a2011dbfcfdf7,gsd-new-project,ac8c4dc044e429f40d1d508e9a6bf6452a24ad02,gsd-sketch,0.7079246769749634,Type-3 (Semantic)
6c0edd52beaaa060ee22bc8eff8a2011dbfcfdf7,gsd-new-project,bc16dc87b16ef57ec869fef32dad93a036a6c448,gsd-do,0.6872305455452319,Type-3 (Semantic)
6c27780bc4fd91159331328c8e5cdbe451a06f5e,codex-implement,d66b626a064b7807be8989465ebba3ff89060db2,codex-fix,0.8431408847113637,Type-3 (Semantic)
6c27780bc4fd91159331328c8e5cdbe451a06f5e,codex-implement,f17b06e446cd56c8ada70ea096bfe3744e095f78,codex-ask,0.7645549822727482,Type-3 (Semantic)
6c721a0a7da2562000524ad15a7c47ce7111d40d,webf-native-ui-dev,c9481069e0b9eeca56436d387246bb700a0c8773,webf-native-ui-dev,0.9999302520566018,Type-2 (Parameterized)
6c721a0a7da2562000524ad15a7c47ce7111d40d,webf-native-ui-dev,cae2fd68ba79d8db87e3f5b31309ccb99992bdae,webf-native-plugin-dev,0.6749636711337876,Type-3 (Semantic)
6c9ac615b9dde8550feb1328d3532cd524ca610b,ldb-forget,7742209e3944176b70209f917e83976684733818,ldb-search,0.725562858968038,Type-3 (Semantic)
6caa16ae01e8f5a1c313cbf308669f2b07666f16,screenshot-sync,78538634e1479f96e4a1384e307bda2447531fa5,screenshot-sync,0.9523007420970079,Type-2 (Parameterized)
6caabc6ceb119a96dba0212f59bf0db95f4c2ede,review-case,ba517c3eaf79c2d233021fad5205c8b0ba59f74c,review-case,0.9346191379415013,Type-2 (Parameterized)
6cdef84254554967dcb07e4d23b0512c7f433126,x64dbg-commands-agent,f0b055a7c7a9a58b8b3aef6c535e2638a360ac04,x64dbg-commands-agent,0.7574503535671219,Type-3 (Semantic)
6d03c640f442b2700b613830b4207f44f77fbb5c,ai-agent-maintenance,d75f980c7f4020a3db0a30ed2eaacb1e8b6f819d,ai-agent-maintenance,0.9485775343873503,Type-2 (Parameterized)
6d5b5eb0a81462e47e72b50e3c79e187b3007c12,cccl-style,8fb2f2b6b11e73143a559e97918b45d59550158a,cccl-test,0.9398133260936825,Type-2 (Parameterized)
6d8186588c97ac32a206dfeb61e059dddfbabf58,nap-validate-data-json,f4631e9a161e9236f2d1e3d325f9250bb7657804,[Unnamed Skill],0.6688822555622819,Type-3 (Semantic)
6e12c8017312587877d7ba7978d10a23e3cc8aac,help,e3a8b01244a2ddfd79070f91d0d8a87978957d1f,progress,0.6948358392156231,Type-3 (Semantic)
6e13894373d1378015c819f8a8c629c8ac173ffe,run-autests,a59a0b16f8dd8a38c0341fb8afe23e6fce837f8d,writing-autests,0.7737723824030327,Type-3 (Semantic)
6e466128b696d33601e02b0e8fdc6782de061b69,graphify,944f432328f9a099bf26633ed592c164a8d5250e,[Unnamed Skill],0.9551007311290498,Type-2 (Parameterized)
6e466128b696d33601e02b0e8fdc6782de061b69,graphify,e95c71da452ffbb636f9318c8bd1a19826b922e8,gsd-graphify,0.6680879145173174,Type-3 (Semantic)
6e9dae9eb675f17fe73721b274ce3dddf886b5b2,style-guide,7254a8f3cee666dc571d9d7504197a197764f4ea,style-guide,0.9801907024254172,Type-2 (Parameterized)
6e9dae9eb675f17fe73721b274ce3dddf886b5b2,style-guide,798e77005643c32ac76b40c37efc3c2bdb649330,style-guide,0.9801907024254172,Type-2 (Parameterized)
6f4bd28ff2ce0956250c22892669d2e1d008d8d5,amdsmi-packaging-test,92b04186f8d49532752138f9c7934873bfccb4f0,amdsmi-packaging-test,0.9590254197358473,Type-2 (Parameterized)
704c7284da7594e218a12c4f931d97df75c55713,animsequence,7b9e857288c6b24ff0d895dbf9447f5ee771e168,animation-editing,0.7450684294026324,Type-3 (Semantic)
704d4a78e2c84dbe941b04128d81a7d019657e0f,semdl-adr,a27261c561ba4c7593b7bd6cc47d6bf581a4f12c,adr-new,0.6683030226223089,Type-3 (Semantic)
704d4a78e2c84dbe941b04128d81a7d019657e0f,semdl-adr,c2caae592b53894570312a2d9699507adabf2eea,semdl-spec-change,0.7342818197075429,Type-3 (Semantic)
705535babfcca4788ebb27c8e5b4d4116af41f67,orion-gamemode-experience-framework,960b5136ea5804a375df62b0c073ab6a376df18c,orion-gamefeatures,0.6720867551484354,Type-3 (Semantic)
70783474ba72fb998d0f6fa8a1ee1c01fbee1860,gsd-manager,8d0ca740c7a3f8e235975a386808c9bb4d788dd5,gsd-next,0.6742240483316104,Type-3 (Semantic)
70783474ba72fb998d0f6fa8a1ee1c01fbee1860,gsd-manager,bc16dc87b16ef57ec869fef32dad93a036a6c448,gsd-do,0.6985802918241035,Type-3 (Semantic)
70783474ba72fb998d0f6fa8a1ee1c01fbee1860,gsd-manager,d4ebd82b0a52023528dd5603b27ba83ad046c916,gsd-autonomous,0.687901861944232,Type-3 (Semantic)
70783474ba72fb998d0f6fa8a1ee1c01fbee1860,gsd-manager,df38a3bf629bd6b75afb9ddb8a082bbd1a7b2ec5,gsd-audit-milestone,0.6543560340383051,Type-3 (Semantic)
70b9d6d70017a9af4166e27367cd350e12fbb150,gsd-audit-uat,82cf0b25e5d7be32b983db21da59c499c54663fc,gsd-scan,0.6502814016277291,Type-3 (Semantic)
70b9d6d70017a9af4166e27367cd350e12fbb150,gsd-audit-uat,9dd5348296d7f4f4f8e4eddd1a894c1c1a3dc14d,gsd-next,0.6678788379507085,Type-3 (Semantic)
70b9d6d70017a9af4166e27367cd350e12fbb150,gsd-audit-uat,9f97bf68b80437eb1b3a350a3c485cb55adeff36,gsd-add-tests,0.7010005893152323,Type-3 (Semantic)
70b9d6d70017a9af4166e27367cd350e12fbb150,gsd-audit-uat,a3ec1b53921a3625582f608bbc1a4ffa83cd2a28,gsd-audit-fix,0.6967377664299298,Type-3 (Semantic)
70b9d6d70017a9af4166e27367cd350e12fbb150,gsd-audit-uat,d54ad2ce3ac99e4a54508e16bba5e79a5af56739,gsd-next,0.657652023387772,Type-3 (Semantic)
70b9d6d70017a9af4166e27367cd350e12fbb150,gsd-audit-uat,e4b3162bb79ffc19da709f44f1f1a71548a9a271,gsd-add-tests,0.6698026827427533,Type-3 (Semantic)
70b9d6d70017a9af4166e27367cd350e12fbb150,gsd-audit-uat,f5513dd49ae85dde18adbf643786fb279d1814bd,gsd-audit-uat,0.9812357385330635,Type-2 (Parameterized)
70b9d6d70017a9af4166e27367cd350e12fbb150,gsd-audit-uat,fbd6f3a5aaaf67ff285b7c5499d79688fe22449c,gsd-help,0.6520107280776971,Type-3 (Semantic)
70dcd2059174ac083a606b17849a53d0639c0cbe,gsd-undo,94e5ad2c35cee517f4e993d5bcdefde8cfd42679,gsd-note,0.6702587030021071,Type-3 (Semantic)
70dcd2059174ac083a606b17849a53d0639c0cbe,gsd-undo,aa91dec5dd4fa33c6732ef390b10178286067b17,gsd-ui-review,0.691266219726913,Type-3 (Semantic)
70dcd2059174ac083a606b17849a53d0639c0cbe,gsd-undo,b7eb3dfbb46ebabe581de6dc9c4d360da7b8c8f3,gsd-validate-phase,0.689133279708456,Type-3 (Semantic)
70dcd2059174ac083a606b17849a53d0639c0cbe,gsd-undo,bc16dc87b16ef57ec869fef32dad93a036a6c448,gsd-do,0.7330929226366261,Type-3 (Semantic)
70dcd2059174ac083a606b17849a53d0639c0cbe,gsd-undo,f9e4e3f9762bf6b022e1854f81207c5ffaf372d2,gsd-stats,0.6669044941751838,Type-3 (Semantic)
70e70d6ebd2259cad3d96d959e09c3c5647617cb,review-case,c1cb428f8de8659e46023e1c238f3c624becd906,review-case,0.7180411489241973,Type-3 (Semantic)
70ebd55a128a63d86dcc7c9b4f7f825fcc4e6ef8,migrate,9d95f0fe7f6ec0266f2f39c46dc26449e143d270,adr,0.6656730497044189,Type-3 (Semantic)
70ebd55a128a63d86dcc7c9b4f7f825fcc4e6ef8,migrate,a27261c561ba4c7593b7bd6cc47d6bf581a4f12c,adr-new,0.6546813617008946,Type-3 (Semantic)
712d071d4a371a87bfed25d9ce059bfd04e8a787,pr-create,dd039d61d6b1611f1f269fc2fc48cf005f701ef6,github-pr,0.6539262221757202,Type-3 (Semantic)
7141d12f1691c7e850ef3ec041e3d9af52c79931,gearsystem-romhacking,a6e53de7a35ad5d582cd50fc7a99a45b59f6efc7,geargrafx-romhacking,0.6547170443909897,Type-3 (Semantic)
7144fdc1516401fa03b48edef56f05d6dce2b5ae,bno055-imu-heading-robocup,f68f79ac1a84fec4f536c944e4baf3bb6f87decb,fusion-pose-odometria-landmarks,0.6909699218666151,Type-3 (Semantic)
71498c9c1214deb2d67fb46eb7de5e8372b5663e,gsd-ui-review,7c74edd6e432a05805c831d7c3319253e09fbc55,gsd-list-workspaces,0.6817625052432179,Type-3 (Semantic)
71498c9c1214deb2d67fb46eb7de5e8372b5663e,gsd-ui-review,854ca0e3d13409f6b3370a8c78befaf2a8ebb4b4,gsd-analyze-dependencies,0.6572817303168975,Type-3 (Semantic)
71498c9c1214deb2d67fb46eb7de5e8372b5663e,gsd-ui-review,887e2b823ae1d8aa492eb4ee7b75c7c4e3bbb3c9,gsd-do,0.7669106936342641,Type-3 (Semantic)
71498c9c1214deb2d67fb46eb7de5e8372b5663e,gsd-ui-review,95b744b94b5f3b509c796c66e553d0bc4d488e66,gsd-note,0.7211121928946113,Type-3 (Semantic)
71498c9c1214deb2d67fb46eb7de5e8372b5663e,gsd-ui-review,95f65bbc2440706a5a7f67aae030e8ca49ec6779,gsd-explore,0.6652170542117299,Type-3 (Semantic)
71498c9c1214deb2d67fb46eb7de5e8372b5663e,gsd-ui-review,99af566bca83b35b0d92b3c1cc32e1e088d0f3d7,gsd-scan,0.7017289086069892,Type-3 (Semantic)
71498c9c1214deb2d67fb46eb7de5e8372b5663e,gsd-ui-review,a37b1d07f37f3aa35472120d80d8ac5c170564a9,gsd-validate-phase,0.7248746053031409,Type-3 (Semantic)
71498c9c1214deb2d67fb46eb7de5e8372b5663e,gsd-ui-review,c0756153bea3ba470086b1e36520b9fa585764c9,gsd-undo,0.7075536886436861,Type-3 (Semantic)
71498c9c1214deb2d67fb46eb7de5e8372b5663e,gsd-ui-review,ca32938c9e4b8a1eb467e7d409e5550bff4519a6,gsd-import,0.7564834419780904,Type-3 (Semantic)
71498c9c1214deb2d67fb46eb7de5e8372b5663e,gsd-ui-review,d54ad2ce3ac99e4a54508e16bba5e79a5af56739,gsd-next,0.7691863550815345,Type-3 (Semantic)
71498c9c1214deb2d67fb46eb7de5e8372b5663e,gsd-ui-review,e05217bd55fd426ee71c43c90b62253249321ae5,gsd-ui-phase,0.8162408841913229,Type-3 (Semantic)
71498c9c1214deb2d67fb46eb7de5e8372b5663e,gsd-ui-review,e0cb38f75cc612f426e3d529f0ae5f2ce84a7a47,gsd-ui-review,0.8510576080368,Type-2 (Parameterized)
71498c9c1214deb2d67fb46eb7de5e8372b5663e,gsd-ui-review,e4b3162bb79ffc19da709f44f1f1a71548a9a271,gsd-add-tests,0.6980108283458641,Type-3 (Semantic)
71498c9c1214deb2d67fb46eb7de5e8372b5663e,gsd-ui-review,f5b7f15dfce8d5dbd1ba17ce6b097d2f5f89acc1,gsd-pr-branch,0.6971211695054109,Type-3 (Semantic)
71498c9c1214deb2d67fb46eb7de5e8372b5663e,gsd-ui-review,fbd6f3a5aaaf67ff285b7c5499d79688fe22449c,gsd-help,0.7557745573520211,Type-3 (Semantic)
71498c9c1214deb2d67fb46eb7de5e8372b5663e,gsd-ui-review,fde329f787012dc3d36f728189d3c5894375284d,gsd-ui-phase,0.6901077759318083,Type-3 (Semantic)
71636d6e4e5ded7f6c9f4a5a817fb145d62cd9b0,pm,e2f668516ae0cd2ae67f6f89812ff7cb4d57267f,pm,0.7300542843709348,Type-3 (Semantic)
721212f0fd54b294b7aabe2a094bc14f94ef3971,cpp-coding-standards,7bf3ca48e6edd135d94c4621d99e520e4b8644b3,cpp-coding-standards,0.8330300198925422,Type-3 (Semantic)
7232f1a4511596fe0eb09137c86ecc32b5c3353d,worktree-spawn,fe24000b90fdfdcdab14e9f38fec5858ad0e85e9,worktree-spawn,0.9989090569331956,Type-2 (Parameterized)
72472a3d322d14d2c8da97edeaf9df3b8ceaec3f,claude-review,80efeebe67121ffa6145ae246c41e61b20f8fb1f,codex-review,0.8803591127703029,Type-2 (Parameterized)
7254a8f3cee666dc571d9d7504197a197764f4ea,style-guide,798e77005643c32ac76b40c37efc3c2bdb649330,style-guide,0.9999999999999999,Type-2 (Parameterized)
72846d7cc347ff783ebbb8daa35bc7019b752737,gsd-plan-milestone-gaps,930015f19994be9fa31b7e6e1e22da1c66f63f27,gsd-new-milestone,0.6873107526201948,Type-3 (Semantic)
72846d7cc347ff783ebbb8daa35bc7019b752737,gsd-plan-milestone-gaps,df38a3bf629bd6b75afb9ddb8a082bbd1a7b2ec5,gsd-audit-milestone,0.8213267451842237,Type-3 (Semantic)
72846d7cc347ff783ebbb8daa35bc7019b752737,gsd-plan-milestone-gaps,eb3e29a711ce92246f4b35134b165036aea9cbc5,gsd-plan-milestone-gaps,0.7503311767218733,Type-3 (Semantic)
72e61207808ef4df58302f1a0a43739bd09e8bb1,mylite-start-slice,7ea2ff9b9894f4ee62209de4598e0c06d6d5d049,mylite-implement-slice,0.7533080521501292,Type-3 (Semantic)
72e61207808ef4df58302f1a0a43739bd09e8bb1,mylite-start-slice,ca7af67065ef1ea29e72245be565f09496ec33e9,mylite-review-slice,0.6897294066591108,Type-3 (Semantic)
72ee7d3b0b3dc76489eec0e268d52e42ab229e14,juce-webview,f73a7b1d4059e46eebea22ec7f492435ed8dcb68,juce-webview-windows,0.8788891764630329,Type-2 (Parameterized)
732aaefbfb6e5541f0a57d3ae132f1395806226b,compare-asm,738b5a0b2ee7b4c5cef2ef848ebff160512bf3dc,compare-asm,0.7977650923346705,Type-3 (Semantic)
73e37b40e1366842173b1368d276c74b37092c43,prepare-patch-release,da9bd3a04e1b61b023bfceda731ef61feef96b8f,[Unnamed Skill],1.0,Type-2 (Parameterized)
74047c6b43cf85c727d79c99d9a0e1b08befe16e,openspec-archive-change,b5f26cf584a1fc69621a942e3ce33a19a99533f7,openspec-archive-change,0.8669760421504787,Type-2 (Parameterized)
7408c61189f0d454bc4bfb7f8c86d59bf0e47dd7,speckit-plan,901cc307550de22e59b28c2890f673918a7b51ae,speckit-analyze,0.6857410488426102,Type-3 (Semantic)
7408c61189f0d454bc4bfb7f8c86d59bf0e47dd7,speckit-plan,af60fb264cb2aba65df0883db5ebf6e3c8f87b39,speckit-constitution,0.6913594108579986,Type-3 (Semantic)
7408c61189f0d454bc4bfb7f8c86d59bf0e47dd7,speckit-plan,b51e60cb6bbe37cefb2b97195f58ae150d74ce35,speckit-plan,0.9229409159027115,Type-2 (Parameterized)
7408c61189f0d454bc4bfb7f8c86d59bf0e47dd7,speckit-plan,d6817adccea10b96107a6146afb37741728ca3d5,speckit-plan,0.9232618713839776,Type-2 (Parameterized)
740d7e91e9505afd26c71f51426e719a42dcbc88,e2e-test-nfs-v3-incremental-scan,bb7e728ca7bafaa76aaf29ea11351a562232f842,e2e-test-nfs-v4-incremental-scan,0.8484587841308776,Type-3 (Semantic)
740ecab7867a83421d703e7ae2666f79d89c79e8,verify-mock,d3c6079a07d5967fe76c885db3307425c74f90dd,implement-mock,0.6680230496867119,Type-3 (Semantic)
747ff1c5192831432b1c0ff2f276291ffe0a8872,midi-scene-creator,7ab32ae694f5f2b03a01012c781767241a502c83,midi-scene-creator,0.9971302143896182,Type-2 (Parameterized)
74991bf7b3f0a9d240e4161eb03d0b9bd5c099c1,inspect-asset,93cf8c184ffcaa790b1285dd1b52e6930134caf6,compare-stages,0.6919979602575451,Type-3 (Semantic)
74d7a37b18258619764c21f653507cdf9d6f1f1e,gsd-ai-integration-phase,82cf0b25e5d7be32b983db21da59c499c54663fc,gsd-scan,0.6729714219299578,Type-3 (Semantic)
74d7a37b18258619764c21f653507cdf9d6f1f1e,gsd-ai-integration-phase,82dfc2e6c35199ddb0eda34509560a42301688cf,gsd-remove-workspace,0.682027997205794,Type-3 (Semantic)
74d7a37b18258619764c21f653507cdf9d6f1f1e,gsd-ai-integration-phase,9a06ffb809f241d3c53ad67751f3f1235cf02ead,gsd-manager,0.6885517258145878,Type-3 (Semantic)
74d7a37b18258619764c21f653507cdf9d6f1f1e,gsd-ai-integration-phase,9dd5348296d7f4f4f8e4eddd1a894c1c1a3dc14d,gsd-next,0.7050913988489608,Type-3 (Semantic)
74d7a37b18258619764c21f653507cdf9d6f1f1e,gsd-ai-integration-phase,9f30f964e95f66e21fd81695e280a1390f862522,gsd-note,0.690969532512502,Type-3 (Semantic)
74d7a37b18258619764c21f653507cdf9d6f1f1e,gsd-ai-integration-phase,9f97bf68b80437eb1b3a350a3c485cb55adeff36,gsd-add-tests,0.6813446009977637,Type-3 (Semantic)
74d7a37b18258619764c21f653507cdf9d6f1f1e,gsd-ai-integration-phase,b910ddea4125cefecb0fe5f4a82dccb67aab710e,gsd-secure-phase,0.6711232508690623,Type-3 (Semantic)
74d7a37b18258619764c21f653507cdf9d6f1f1e,gsd-ai-integration-phase,e0cb38f75cc612f426e3d529f0ae5f2ce84a7a47,gsd-ui-review,0.6997839702575918,Type-3 (Semantic)
74d7a37b18258619764c21f653507cdf9d6f1f1e,gsd-ai-integration-phase,f9cf593440557545d4ecfdc66d12deaab051f21f,gsd-analyze-dependencies,0.6602033130645739,Type-3 (Semantic)
74d7a37b18258619764c21f653507cdf9d6f1f1e,gsd-ai-integration-phase,fde329f787012dc3d36f728189d3c5894375284d,gsd-ui-phase,0.7666657747521574,Type-3 (Semantic)
7524b412531a31b58cee46ea50c0186214bd42e3,dart-verify-sim,e301702a036233168590417e4e8fbbf06d63900a,dart-verify-sim,0.9848378638774816,Type-2 (Parameterized)
756af4c0031669c639c79749658b7af6d451a3ae,upload,79755f8f68deb59bbced17f2b65b6d536d09f4a0,upload,0.8475117369699792,Type-3 (Semantic)
75b022522c88431029ea8409228731b6e3ca6993,qa-performance-agent,d4ef392eeb978e73a1d11b7c3d09c6ec9f6cf595,qa-performance-agent,0.9501334813483276,Type-2 (Parameterized)
76c2b359bbc83d2e0592454dad24ed06357eb442,esphome-local-templates,90e20152a8cd59348be761385f330043f444e569,esphome-github-templates,0.9465265175155166,Type-2 (Parameterized)
76c4870ad6bccd04a1204b3f6fbc6e5119e2d9d0,building-with-cmake,93754d14248f551c752c034b57d42a4ad0d82076,build,0.6508618973449868,Type-3 (Semantic)
76c72816a877c983e651cb1a3dc67fe8830eed3b,gsd-intel,95835a85ea3a9f870c654433342abf149c6008c1,gsd-intel,0.9067087261384068,Type-2 (Parameterized)
77076bd621e68a6df9e39a3f638e4ef6184171d8,openusim-run-experiment,7aa3ca076eb1f55161a98af741e0e28a50eef3b6,openusim-plan-experiment,0.8210688993331963,Type-3 (Semantic)
77153a4a4320ab174e170bb5c7091593393e8211,vibejam3-prd-accelerator,857262702af8ebcaee185037db197773aa562485,vibejam3-handoff-pack,0.7899439774377083,Type-3 (Semantic)
77153a4a4320ab174e170bb5c7091593393e8211,vibejam3-prd-accelerator,86eeabbad4377c102112d5ac6e1f4721305b821b,vibejam3-slice-selector,0.6780985088278066,Type-3 (Semantic)
77153a4a4320ab174e170bb5c7091593393e8211,vibejam3-prd-accelerator,e6fa142aa3ac6f9d89afa791998a95a5684fb3d5,vibejam3-completion-gate,0.6808423702844774,Type-3 (Semantic)
77ab69ab46697105b4dfcfb26733ddc0cc18d2a8,speckit-tasks,9804c477781198689a038e6bd04d3abaab7a21ed,speckit-tasks,0.7358284181036846,Type-3 (Semantic)
77f96e8723c113875bb99883f80e3f5021742e8a,[Unnamed Skill],defa9a4386db329185888893abfc391df9b83dc7,commit,0.7287549161639142,Type-3 (Semantic)
78713bdea21ef412e3918ea11b6b64c640f89aab,speckit-tasks,a4eb40a23df16ff33674e3f591ceda3549b8d89f,speckit-plan,0.7521708568956433,Type-3 (Semantic)
788b7c6228bf4792f0c16ece7b39156d690c1dd1,gsd-complete-milestone,a0117d3d08552aca5dd93524a392dd530bc02b46,gsd-milestone-summary,0.7091131514629638,Type-3 (Semantic)
788b7c6228bf4792f0c16ece7b39156d690c1dd1,gsd-complete-milestone,c3159dee743314f985006b03e416a380fcf34cf5,complete-milestone,0.748992315572408,Type-3 (Semantic)
788b7c6228bf4792f0c16ece7b39156d690c1dd1,gsd-complete-milestone,d16ae0168e14e061d75a809afc24e99199f3c086,gsdd-complete-milestone,0.7889278555105178,Type-3 (Semantic)
788b7c6228bf4792f0c16ece7b39156d690c1dd1,gsd-complete-milestone,eb3e29a711ce92246f4b35134b165036aea9cbc5,gsd-plan-milestone-gaps,0.6527383749245391,Type-3 (Semantic)
788b7c6228bf4792f0c16ece7b39156d690c1dd1,gsd-complete-milestone,f769b718b844c85f02c6218a7756ee21b3cd08b4,gsdd-new-milestone,0.6935839910989932,Type-3 (Semantic)
78acc60399c084bb04e1bbbafea7ed29df81fcf7,juce-webview-windows,e739b487b46c453dcd4a4ab5786e9d182286ab90,juce-webview-windows,0.9972213713661108,Type-2 (Parameterized)
78c85bc9029373f9aa1f6852f30380d1e6c7cec4,gsd-extract_learnings,82cf0b25e5d7be32b983db21da59c499c54663fc,gsd-scan,0.6736550414531618,Type-3 (Semantic)
78c85bc9029373f9aa1f6852f30380d1e6c7cec4,gsd-extract_learnings,82dfc2e6c35199ddb0eda34509560a42301688cf,gsd-remove-workspace,0.6551105111888647,Type-3 (Semantic)
78c85bc9029373f9aa1f6852f30380d1e6c7cec4,gsd-extract_learnings,9a06ffb809f241d3c53ad67751f3f1235cf02ead,gsd-manager,0.6531129710326753,Type-3 (Semantic)
78c85bc9029373f9aa1f6852f30380d1e6c7cec4,gsd-extract_learnings,9dd5348296d7f4f4f8e4eddd1a894c1c1a3dc14d,gsd-next,0.69712209111722,Type-3 (Semantic)
78c85bc9029373f9aa1f6852f30380d1e6c7cec4,gsd-extract_learnings,9f30f964e95f66e21fd81695e280a1390f862522,gsd-note,0.6770485360941076,Type-3 (Semantic)
78c85bc9029373f9aa1f6852f30380d1e6c7cec4,gsd-extract_learnings,9f97bf68b80437eb1b3a350a3c485cb55adeff36,gsd-add-tests,0.6970341891558384,Type-3 (Semantic)
78c85bc9029373f9aa1f6852f30380d1e6c7cec4,gsd-extract_learnings,b910ddea4125cefecb0fe5f4a82dccb67aab710e,gsd-secure-phase,0.6687663474451853,Type-3 (Semantic)
78c85bc9029373f9aa1f6852f30380d1e6c7cec4,gsd-extract_learnings,d54ad2ce3ac99e4a54508e16bba5e79a5af56739,gsd-next,0.6617306913586767,Type-3 (Semantic)
78c85bc9029373f9aa1f6852f30380d1e6c7cec4,gsd-extract_learnings,e0cb38f75cc612f426e3d529f0ae5f2ce84a7a47,gsd-ui-review,0.678653321329935,Type-3 (Semantic)
78c85bc9029373f9aa1f6852f30380d1e6c7cec4,gsd-extract_learnings,fde329f787012dc3d36f728189d3c5894375284d,gsd-ui-phase,0.6753863871368503,Type-3 (Semantic)
78e29c7f6a1594a99488c7fc1e4fd8f152461bcb,gameengine-codebase-memory,8104d47b08d8c40636a38517b56ad4f071d49144,gameengine-codebase-memory,0.7984498501965607,Type-3 (Semantic)
79e8491d1398d81955dcc852852bc5bd7a6a78ce,dbmgr-data-layer,f6fb772eb952547da53e2699ea3e84c2c50fcdf9,dbmgr-redis-mongo-enhancement,0.6901048326036416,Type-3 (Semantic)
7a1557ef4a218ef06f12fabe039354898f6ee3b3,carts-cli,b40d24cc478b14750a85f942592a8019e43d323f,carts-test,0.7792665270220462,Type-3 (Semantic)
7a1557ef4a218ef06f12fabe039354898f6ee3b3,carts-cli,b910c36e58ca5258bc01e89e1c74dfc27591af37,carts-commit,0.6980536084739809,Type-3 (Semantic)
7a1557ef4a218ef06f12fabe039354898f6ee3b3,carts-cli,c7f065855ffdec69f49aec942f4c8bb67991a5b2,carts-benchmark-triage,0.7160074240661622,Type-3 (Semantic)
7a1557ef4a218ef06f12fabe039354898f6ee3b3,carts-cli,cc4b100323e1404a7f51e499dee640fbcaf03200,carts-contract-refresh,0.6620423289192925,Type-3 (Semantic)
7a1557ef4a218ef06f12fabe039354898f6ee3b3,carts-cli,dc48de9419fdd25c646a49d9fc1d9f1997abc721,carts-pipeline-map,0.6674040446793259,Type-3 (Semantic)
7a1557ef4a218ef06f12fabe039354898f6ee3b3,carts-cli,fe5ba1eed9193de032f8e013be6f0f416106ec92,carts-debug,0.7721513025839459,Type-3 (Semantic)
7a2c5b3cfe78fd876d1d33799d727dd73666d39c,sketch-tool,b8f7314abd8ef7d2a8d1b1916255c37be8c8b658,sketch-tool,0.9969248032767279,Type-2 (Parameterized)
7a4da9856fed003bb775c5488796cceb0f885a2e,run-solver-safely,e3b4041ded795d99703b7991ad29feaf091930df,run-solver-safely,0.9990889581836596,Type-2 (Parameterized)
7a7a9f4ee7cac659947f5cf377d67fb8ab0ad9e7,qt-widget,aa36414f249fa0e83ef8958fc49335e525206f10,qt-widget,0.9957842535427297,Type-2 (Parameterized)
7b0374e16c5ff8510d25e031a4895a23e093229c,donner-rendering-pipeline,de0efb789f3ac70bad6d129b08c8112d8f359b65,donner-embedding,0.7265097045443334,Type-3 (Semantic)
7b06a8f505afc50f8d9eb6349482aa1f8cac3539,reviewing-fr-test-coverage,9322fd16a44f30d34551c4c47060a9c5c50e54e6,adding-unittests,0.7545871632131281,Type-3 (Semantic)
7b20b892daf962d580097c22f20c5e450129758a,v8-workflow,b6018e501bc7b01024c005693eda50f51103d863,[Unnamed Skill],0.6740436054517672,Type-3 (Semantic)
7b9791461e1c7939c4dc5c7b9028a0f24556f863,wos-neon-reference,9872985e0e88ddaa98046453bc98eca1ea383117,[Unnamed Skill],0.9983635222334688,Type-2 (Parameterized)
7ba186d1b2bf1e88f77a2373736f4f9ec6dc63a3,perf-runtime-device,cae6ad278ac159cd2053e5e222f8fc1764ed15ab,perf-example-device,0.7746742719970772,Type-3 (Semantic)
7ba186d1b2bf1e88f77a2373736f4f9ec6dc63a3,perf-runtime-device,cd6bb55a061ddd332702fb099567f8ac7bfaa357,test-runtime-device,0.6662509137964622,Type-3 (Semantic)
7bb77445b69b702b4e39d63d144efdb087f758de,experiment,c8dc4a6565c95d7d550030cf0c74e07b016841a2,flash,0.6645207365253457,Type-3 (Semantic)
7bd14dbfd388c9cdcfe9206540ecbcb18c948e5f,run,c56ab995dc9ef9224314cb03c6497f4d985096a4,build,0.7159090438169701,Type-3 (Semantic)
7bd14dbfd388c9cdcfe9206540ecbcb18c948e5f,run,d8fa79b67864f730ff822fd933d201daf01ef216,build,0.8093880583848898,Type-3 (Semantic)
7c49e0bc6bb9c05eff2cd356b8f53e59dd82669c,cpp-expert,9a514bd85c3d3fbccccd2340b1447dd412182f08,cpp-modern-features,0.7661843470342133,Type-3 (Semantic)
7c74edd6e432a05805c831d7c3319253e09fbc55,gsd-list-workspaces,887e2b823ae1d8aa492eb4ee7b75c7c4e3bbb3c9,gsd-do,0.7706062937216557,Type-3 (Semantic)
7c74edd6e432a05805c831d7c3319253e09fbc55,gsd-list-workspaces,95b744b94b5f3b509c796c66e553d0bc4d488e66,gsd-note,0.6980380439182515,Type-3 (Semantic)
7c74edd6e432a05805c831d7c3319253e09fbc55,gsd-list-workspaces,95f65bbc2440706a5a7f67aae030e8ca49ec6779,gsd-explore,0.661195862328104,Type-3 (Semantic)
7c74edd6e432a05805c831d7c3319253e09fbc55,gsd-list-workspaces,99af566bca83b35b0d92b3c1cc32e1e088d0f3d7,gsd-scan,0.7064002603953996,Type-3 (Semantic)
7c74edd6e432a05805c831d7c3319253e09fbc55,gsd-list-workspaces,9e0cdf474d053c1b6524b2dcefffcba426c7eb4c,gsd-list-workspaces,0.6577456487970186,Type-3 (Semantic)
7c74edd6e432a05805c831d7c3319253e09fbc55,gsd-list-workspaces,a37b1d07f37f3aa35472120d80d8ac5c170564a9,gsd-validate-phase,0.6507045968729648,Type-3 (Semantic)
7c74edd6e432a05805c831d7c3319253e09fbc55,gsd-list-workspaces,c0756153bea3ba470086b1e36520b9fa585764c9,gsd-undo,0.6695003739775841,Type-3 (Semantic)
7c74edd6e432a05805c831d7c3319253e09fbc55,gsd-list-workspaces,ca32938c9e4b8a1eb467e7d409e5550bff4519a6,gsd-import,0.7401393494509833,Type-3 (Semantic)
7c74edd6e432a05805c831d7c3319253e09fbc55,gsd-list-workspaces,d54ad2ce3ac99e4a54508e16bba5e79a5af56739,gsd-next,0.7655729135080515,Type-3 (Semantic)
7c74edd6e432a05805c831d7c3319253e09fbc55,gsd-list-workspaces,e05217bd55fd426ee71c43c90b62253249321ae5,gsd-ui-phase,0.6813207370536516,Type-3 (Semantic)
7c74edd6e432a05805c831d7c3319253e09fbc55,gsd-list-workspaces,e4b3162bb79ffc19da709f44f1f1a71548a9a271,gsd-add-tests,0.6531417573208507,Type-3 (Semantic)
7c74edd6e432a05805c831d7c3319253e09fbc55,gsd-list-workspaces,f5b7f15dfce8d5dbd1ba17ce6b097d2f5f89acc1,gsd-pr-branch,0.6671298412647697,Type-3 (Semantic)
7c74edd6e432a05805c831d7c3319253e09fbc55,gsd-list-workspaces,fbd6f3a5aaaf67ff285b7c5499d79688fe22449c,gsd-help,0.7683312976294076,Type-3 (Semantic)
7c8b1cc815303719b20e304660e98a6920346566,ce-session-retro,b2d1e84c79dc4aa78a44c1ee8ceb85c12f4fe9ca,ce-session-retro,1.0000000000000002,Type-2 (Parameterized)
7c9a7e9e682938daf023d9b26a5c4274605c8004,[Unnamed Skill],919b4e6617321fda35b3e20de8ede688d0de5005,[Unnamed Skill],0.9769375897248382,Type-2 (Parameterized)
7ce8c49fdacdf0135e93a7c3b3756427b82526e8,unreal-modeling-meshops,8ce3299da78dbfc8a8f44feb0f812004844b5e55,unreal-modeling-normals,0.6781537951461909,Type-3 (Semantic)
7ce8c49fdacdf0135e93a7c3b3756427b82526e8,unreal-modeling-meshops,9a1189fc896b6fa2239b4c1946eaac6bcd39d649,unreal-modeling-attributes,0.7038585722179688,Type-3 (Semantic)
7d288de2f73ff8ae3f421cb7b58db1f10bfaaaf1,[Unnamed Skill],90b8213937ba5500494331f8a8911e9717134d5e,issue-triage-fix,0.7500335412553936,Type-3 (Semantic)
7dbfa2cd275d60f2589f3872ab89cbabed8f8bdb,pie-testing,8626d954592cefd9de7f54ea23320173add927c4,pie-testing,1.0,Type-2 (Parameterized)
7df63c91e0a3100b315493cb2c4026a4aa4f0f6a,clap,d9bc667aaafed0adf5bd1971ecdfb38b59309c59,clap,0.9897897214207158,Type-2 (Parameterized)
7e20fc7b9e9263ae7ddd875688f6d979e90794bc,create-worktree,fb1d082e7481b3ef5a46cd131f183a1538050a3e,create-worktree,0.8612892825798256,Type-2 (Parameterized)
7e3582d2d2ef7308775a4a5b0155c78887b5e739,gsd-discuss-phase,91745ca404ac34d4c53d6241f916048bba7b0df9,gsd-discuss-phase,0.7049223310774051,Type-3 (Semantic)
7ea2ff9b9894f4ee62209de4598e0c06d6d5d049,mylite-implement-slice,ca7af67065ef1ea29e72245be565f09496ec33e9,mylite-review-slice,0.840393995754502,Type-3 (Semantic)
7f4efa3d29c29ae058197f31a781fe2b20eba8d9,view-bridge,86e75fecb76f6f723411d1931a8d7d16ff85ea84,view-bridge,0.9867896489453026,Type-2 (Parameterized)
7f73b6352fe9934bd4c033c55fcd0d9d7ed43c0d,flash-displays,c38680126075efde0d5a545d96787cb334846418,Flash Display,0.9797364505182722,Type-2 (Parameterized)
7f832bea5ae7458fa4e61c4a0f09dffc2b4e8e79,create-feature-module,f760cbaf5a1beda6ce6012ce3873481639b93627,integrate-api-feature,0.6846733921037955,Type-3 (Semantic)
7f8fbf70a6025da48ab859697fe7c558623582df,neurolingsce-companion,deb56d9ce8b2656a12d64e91ccd4ac1720600d9e,neurolingsce-skill,0.8230222972521629,Type-3 (Semantic)
7f935c84f9bbcaa004ac318cf3a197a6ad4f4a8f,pm-feature,f215979e332bba3c30f6afb5b4446ef9cdf98b01,pm-review,0.6534956555695394,Type-3 (Semantic)
8058da433c4e29f9813fc78254be9e94bcc80895,gsd-list-phase-assumptions,bc996add0b5f60afd4628c5b17aae8c04b15c9f0,gsd-list-phase-assumptions,0.7800849717224655,Type-3 (Semantic)
8058da433c4e29f9813fc78254be9e94bcc80895,gsd-list-phase-assumptions,ec728fd7ce2930ff122b4e1eecb1d28f7f5edc5a,gsd-list-phase-assumptions,0.7754797813620967,Type-3 (Semantic)
80fab6ce8743914ac6e94ff6aa30f7a5e163d8e5,gsd-profile-user,ce95856a5473a047989b9880b59f28e89907037d,gsd-profile-user,0.7770685303961111,Type-3 (Semantic)
814d9c526383b8239cf3b1333489a0d24214e3d4,building,e91cf7aa0cdc9b802997dbe807c584f0cf5cda38,building,0.9985729741564006,Type-2 (Parameterized)
81ae7352170c44fffea2c0f7320b9f5755b144aa,gsd-add-phase,b7eb3dfbb46ebabe581de6dc9c4d360da7b8c8f3,gsd-validate-phase,0.6974472024835086,Type-3 (Semantic)
81ae7352170c44fffea2c0f7320b9f5755b144aa,gsd-add-phase,d4ebd82b0a52023528dd5603b27ba83ad046c916,gsd-autonomous,0.7239780588856939,Type-3 (Semantic)
81e26b7e60d665046cf8450d41384f5498d17fbc,audit,be2e766a02f51e43bee668ebf700db9efe5f2b9d,audit,0.9990020662028113,Type-2 (Parameterized)
821cff8eb31f092963646a21878a17a3de4fd965,upsert-case,9e1c531d21e24fee23632b2afa911b78dbd03428,upsert-case,0.668672039062645,Type-3 (Semantic)
8257b4a38a175284fcd1619fee8377fe4a066f81,release-docs,b4ee86fe489351732080108583f114b9c582134d,release-network-docs,0.8714179012283992,Type-2 (Parameterized)
82cf0b25e5d7be32b983db21da59c499c54663fc,gsd-scan,82dfc2e6c35199ddb0eda34509560a42301688cf,gsd-remove-workspace,0.7171346257308334,Type-3 (Semantic)
82cf0b25e5d7be32b983db21da59c499c54663fc,gsd-scan,887e2b823ae1d8aa492eb4ee7b75c7c4e3bbb3c9,gsd-do,0.7130398154216102,Type-3 (Semantic)
82cf0b25e5d7be32b983db21da59c499c54663fc,gsd-scan,99af566bca83b35b0d92b3c1cc32e1e088d0f3d7,gsd-scan,0.9281044671371701,Type-2 (Parameterized)
82cf0b25e5d7be32b983db21da59c499c54663fc,gsd-scan,9a06ffb809f241d3c53ad67751f3f1235cf02ead,gsd-manager,0.7004703531800496,Type-3 (Semantic)
82cf0b25e5d7be32b983db21da59c499c54663fc,gsd-scan,9dd5348296d7f4f4f8e4eddd1a894c1c1a3dc14d,gsd-next,0.7786802635475206,Type-3 (Semantic)
82cf0b25e5d7be32b983db21da59c499c54663fc,gsd-scan,9f30f964e95f66e21fd81695e280a1390f862522,gsd-note,0.7277136424219499,Type-3 (Semantic)
82cf0b25e5d7be32b983db21da59c499c54663fc,gsd-scan,9f97bf68b80437eb1b3a350a3c485cb55adeff36,gsd-add-tests,0.7077324170750312,Type-3 (Semantic)
82cf0b25e5d7be32b983db21da59c499c54663fc,gsd-scan,a3ec1b53921a3625582f608bbc1a4ffa83cd2a28,gsd-audit-fix,0.6737115844464632,Type-3 (Semantic)
82cf0b25e5d7be32b983db21da59c499c54663fc,gsd-scan,b910ddea4125cefecb0fe5f4a82dccb67aab710e,gsd-secure-phase,0.6671645150681257,Type-3 (Semantic)
82cf0b25e5d7be32b983db21da59c499c54663fc,gsd-scan,c50ca8ded2311361a16047ea0ef8f1036627ecc9,gsd-pause-work,0.6720925139440217,Type-3 (Semantic)
82cf0b25e5d7be32b983db21da59c499c54663fc,gsd-scan,ca32938c9e4b8a1eb467e7d409e5550bff4519a6,gsd-import,0.6770557272255731,Type-3 (Semantic)
82cf0b25e5d7be32b983db21da59c499c54663fc,gsd-scan,d54ad2ce3ac99e4a54508e16bba5e79a5af56739,gsd-next,0.7409465275017242,Type-3 (Semantic)
82cf0b25e5d7be32b983db21da59c499c54663fc,gsd-scan,e0cb38f75cc612f426e3d529f0ae5f2ce84a7a47,gsd-ui-review,0.7233914434534544,Type-3 (Semantic)
82cf0b25e5d7be32b983db21da59c499c54663fc,gsd-scan,f9cf593440557545d4ecfdc66d12deaab051f21f,gsd-analyze-dependencies,0.6783592213115133,Type-3 (Semantic)
82cf0b25e5d7be32b983db21da59c499c54663fc,gsd-scan,fbd6f3a5aaaf67ff285b7c5499d79688fe22449c,gsd-help,0.7328240517384369,Type-3 (Semantic)
82cf0b25e5d7be32b983db21da59c499c54663fc,gsd-scan,fde329f787012dc3d36f728189d3c5894375284d,gsd-ui-phase,0.7131205909280279,Type-3 (Semantic)
82dfc2e6c35199ddb0eda34509560a42301688cf,gsd-remove-workspace,9a06ffb809f241d3c53ad67751f3f1235cf02ead,gsd-manager,0.6992340015222293,Type-3 (Semantic)
82dfc2e6c35199ddb0eda34509560a42301688cf,gsd-remove-workspace,9dd5348296d7f4f4f8e4eddd1a894c1c1a3dc14d,gsd-next,0.7270173156590295,Type-3 (Semantic)
82dfc2e6c35199ddb0eda34509560a42301688cf,gsd-remove-workspace,9f30f964e95f66e21fd81695e280a1390f862522,gsd-note,0.734364923340088,Type-3 (Semantic)
82dfc2e6c35199ddb0eda34509560a42301688cf,gsd-remove-workspace,9f97bf68b80437eb1b3a350a3c485cb55adeff36,gsd-add-tests,0.6873399359765997,Type-3 (Semantic)
82dfc2e6c35199ddb0eda34509560a42301688cf,gsd-remove-workspace,a3ec1b53921a3625582f608bbc1a4ffa83cd2a28,gsd-audit-fix,0.6512326544031323,Type-3 (Semantic)
82dfc2e6c35199ddb0eda34509560a42301688cf,gsd-remove-workspace,c50ca8ded2311361a16047ea0ef8f1036627ecc9,gsd-pause-work,0.6590810313044765,Type-3 (Semantic)
82dfc2e6c35199ddb0eda34509560a42301688cf,gsd-remove-workspace,d54ad2ce3ac99e4a54508e16bba5e79a5af56739,gsd-next,0.6563661322004274,Type-3 (Semantic)
82dfc2e6c35199ddb0eda34509560a42301688cf,gsd-remove-workspace,e0cb38f75cc612f426e3d529f0ae5f2ce84a7a47,gsd-ui-review,0.728951547424563,Type-3 (Semantic)
82dfc2e6c35199ddb0eda34509560a42301688cf,gsd-remove-workspace,f9cf593440557545d4ecfdc66d12deaab051f21f,gsd-analyze-dependencies,0.6576392734908065,Type-3 (Semantic)
82dfc2e6c35199ddb0eda34509560a42301688cf,gsd-remove-workspace,fbd6f3a5aaaf67ff285b7c5499d79688fe22449c,gsd-help,0.6550526460579698,Type-3 (Semantic)
82dfc2e6c35199ddb0eda34509560a42301688cf,gsd-remove-workspace,fde329f787012dc3d36f728189d3c5894375284d,gsd-ui-phase,0.7212820508025851,Type-3 (Semantic)
82f6e57e570328915e4ec28f7d7ff8307c1dc643,carts-pass-dev,b40d24cc478b14750a85f942592a8019e43d323f,carts-test,0.7131564960756942,Type-3 (Semantic)
82f6e57e570328915e4ec28f7d7ff8307c1dc643,carts-pass-dev,c7f065855ffdec69f49aec942f4c8bb67991a5b2,carts-benchmark-triage,0.6723689225130997,Type-3 (Semantic)
82f6e57e570328915e4ec28f7d7ff8307c1dc643,carts-pass-dev,cc4b100323e1404a7f51e499dee640fbcaf03200,carts-contract-refresh,0.6670547204386885,Type-3 (Semantic)
83361ca183e4c6ed55df9bbbf7b155e0ecc28717,skill_docs,88c3327286e39d84fdb871ab90be3084f9aa34e8,test,0.6528322161315342,Type-3 (Semantic)
83361ca183e4c6ed55df9bbbf7b155e0ecc28717,skill_docs,9066a45cb54c738ff9ef3db556d1c6eb0d357eaf,skill_debug,0.7168588939874567,Type-3 (Semantic)
83361ca183e4c6ed55df9bbbf7b155e0ecc28717,skill_docs,bca1b2c60c71238981ee5a694ba1770ecd7ea282,skill_impl,0.6702700347688967,Type-3 (Semantic)
83b5557cff60cbd993c6e1419e50dc5d8dd17d55,openspec-propose,93332bedf489733cd27a4833ec3e8c6410b38c15,openspec-propose,0.9722600581112073,Type-2 (Parameterized)
83b5557cff60cbd993c6e1419e50dc5d8dd17d55,openspec-propose,f0a20a566ae05b8a77545ff2cb1618558f528b8e,openspec-propose,0.9814771424486565,Type-2 (Parameterized)
8437c7723462b87e414632b010470dcdb2860cfd,Release Process,ee0f4b8596acf092710644256e22c4d3189147f4,Release Process,0.9430389292950616,Type-2 (Parameterized)
8437c7723462b87e414632b010470dcdb2860cfd,Release Process,f3c0e06c5f705c8d7914b23fc0eaa80c55d4a810,release,0.9441326922293561,Type-2 (Parameterized)
8468e3ab66c286c6ccb3848282c87030f55bbc80,e2e-test-cifs-full-scan,ac48b6ed13fe0e628dfa4d8ea086d2e7744971ab,e2e-test-cifs-incremental-sync,0.7879603741719583,Type-3 (Semantic)
8468e3ab66c286c6ccb3848282c87030f55bbc80,e2e-test-cifs-full-scan,b373b8422a6c4a1772411517492290b985fbea3d,e2e-test-cifs-full-sync,0.8588634359840547,Type-2 (Parameterized)
8468e3ab66c286c6ccb3848282c87030f55bbc80,e2e-test-cifs-full-scan,ed75d8264dcad651c9d3e9fb2f3061a505792894,e2e-test-cifs-anon-full-scan,0.7884375141907034,Type-3 (Semantic)
8468e3ab66c286c6ccb3848282c87030f55bbc80,e2e-test-cifs-full-scan,fb1e07f91fbe51e8a3e24818bedbb4ac16e11f66,e2e-test-cifs-incremental-scan,0.8117804269577689,Type-3 (Semantic)
847c6ca5143ff606ffe5af2d7c3bad23752947fb,qt6-desktop-ux,ed3f86bee9f6c26bb9cc2248f1aa481d380ab511,qt6-desktop-ux,0.9986493410187968,Type-2 (Parameterized)
8517aa8ac0c906dd7e81dbcea719f7b98177d908,smsim-pdc-momentum-reco,93f2c971efdde5d4e2b8de18e685b609bcb892be,smsim-pdc-target-reco-overview,0.7593069166801507,Type-3 (Semantic)
8517aa8ac0c906dd7e81dbcea719f7b98177d908,smsim-pdc-momentum-reco,d07052cd2131250d0da70d34f67acc83b018440f,smsim-nn-target-momentum,0.6962037020410707,Type-3 (Semantic)
854ca0e3d13409f6b3370a8c78befaf2a8ebb4b4,gsd-analyze-dependencies,887e2b823ae1d8aa492eb4ee7b75c7c4e3bbb3c9,gsd-do,0.722846259296518,Type-3 (Semantic)
854ca0e3d13409f6b3370a8c78befaf2a8ebb4b4,gsd-analyze-dependencies,95b744b94b5f3b509c796c66e553d0bc4d488e66,gsd-note,0.6504911569324711,Type-3 (Semantic)
854ca0e3d13409f6b3370a8c78befaf2a8ebb4b4,gsd-analyze-dependencies,99af566bca83b35b0d92b3c1cc32e1e088d0f3d7,gsd-scan,0.6587628984917794,Type-3 (Semantic)
854ca0e3d13409f6b3370a8c78befaf2a8ebb4b4,gsd-analyze-dependencies,a37b1d07f37f3aa35472120d80d8ac5c170564a9,gsd-validate-phase,0.7148834814797533,Type-3 (Semantic)
854ca0e3d13409f6b3370a8c78befaf2a8ebb4b4,gsd-analyze-dependencies,bc996add0b5f60afd4628c5b17aae8c04b15c9f0,gsd-list-phase-assumptions,0.6704659895709728,Type-3 (Semantic)
854ca0e3d13409f6b3370a8c78befaf2a8ebb4b4,gsd-analyze-dependencies,c0756153bea3ba470086b1e36520b9fa585764c9,gsd-undo,0.6807123966407225,Type-3 (Semantic)
854ca0e3d13409f6b3370a8c78befaf2a8ebb4b4,gsd-analyze-dependencies,ca32938c9e4b8a1eb467e7d409e5550bff4519a6,gsd-import,0.6915450211267564,Type-3 (Semantic)
854ca0e3d13409f6b3370a8c78befaf2a8ebb4b4,gsd-analyze-dependencies,d54ad2ce3ac99e4a54508e16bba5e79a5af56739,gsd-next,0.7527046951725445,Type-3 (Semantic)
854ca0e3d13409f6b3370a8c78befaf2a8ebb4b4,gsd-analyze-dependencies,df64d7e8e7b5ad06dbad2605bca199b3d26c00bf,gsd-remove-phase,0.7140665414906562,Type-3 (Semantic)
854ca0e3d13409f6b3370a8c78befaf2a8ebb4b4,gsd-analyze-dependencies,e05217bd55fd426ee71c43c90b62253249321ae5,gsd-ui-phase,0.6889001829094531,Type-3 (Semantic)
854ca0e3d13409f6b3370a8c78befaf2a8ebb4b4,gsd-analyze-dependencies,e4b3162bb79ffc19da709f44f1f1a71548a9a271,gsd-add-tests,0.688288332622113,Type-3 (Semantic)
854ca0e3d13409f6b3370a8c78befaf2a8ebb4b4,gsd-analyze-dependencies,f9cf593440557545d4ecfdc66d12deaab051f21f,gsd-analyze-dependencies,0.9358822501090017,Type-2 (Parameterized)
854ca0e3d13409f6b3370a8c78befaf2a8ebb4b4,gsd-analyze-dependencies,fbd6f3a5aaaf67ff285b7c5499d79688fe22449c,gsd-help,0.7206463571736558,Type-3 (Semantic)
861bfa947eda9758684957d583614351b05f490f,engine-learning-mentor,e791c5300edd0a2dcf27ef5acdf2c5bee3d7e989,engine-learning-mentor,0.6557518515634813,Type-3 (Semantic)
867df7e1b4e3ad9a34fc6ab8dde48ae3c4f710c2,gsd-set-profile,bc16dc87b16ef57ec869fef32dad93a036a6c448,gsd-do,0.6795289271468307,Type-3 (Semantic)
8694f9b447ad1867e02a575d4cc53d763dc95054,[Unnamed Skill],984bedabc10dfe9a7cbe4769d7edaea336e7f6d4,[Unnamed Skill],0.9921056826451464,Type-2 (Parameterized)
8694f9b447ad1867e02a575d4cc53d763dc95054,[Unnamed Skill],a408a249af85f9c724d2c3aa2afb6e8e28f9ade0,[Unnamed Skill],0.9921056826451464,Type-2 (Parameterized)
8694f9b447ad1867e02a575d4cc53d763dc95054,[Unnamed Skill],b23d3e2c1e702a577994034c7bbdc469ffd0afab,[Unnamed Skill],0.9924375777178921,Type-2 (Parameterized)
8694f9b447ad1867e02a575d4cc53d763dc95054,[Unnamed Skill],ffbb6d38cf981dd51a0221e8e60a430f86b8e739,[Unnamed Skill],0.9921056826451464,Type-2 (Parameterized)
870b490b0110d3241b0ee96af3fcf6b4f0805d83,trace-dfg-runtime,aba5f2502dcaf9620ddc166426cbb08342b2c890,debug,0.7747062970071141,Type-3 (Semantic)
873baf315e52caff96b7b6678167f93384213b68,upgrade-duckdb-extension,9f593efc47863229e1a53e440a8eca8f00937009,upgrade-duckdb-extension,0.9376496835890291,Type-2 (Parameterized)
873baf315e52caff96b7b6678167f93384213b68,upgrade-duckdb-extension,fa275edcf3232c2e10e2f17c0d3ec0abaf72e711,upgrade-duckdb-extension,0.7988823298001863,Type-3 (Semantic)
87656713260b99475fb0f29b5e45386bda7841ca,adr,9d95f0fe7f6ec0266f2f39c46dc26449e143d270,adr,0.7394476550831897,Type-3 (Semantic)
87656713260b99475fb0f29b5e45386bda7841ca,adr,a27261c561ba4c7593b7bd6cc47d6bf581a4f12c,adr-new,0.7641236332357698,Type-3 (Semantic)
87656713260b99475fb0f29b5e45386bda7841ca,adr,cd88315090a9b29f4fb6a617a7da3ee89c4191ab,adr,0.6525838171497717,Type-3 (Semantic)
87656713260b99475fb0f29b5e45386bda7841ca,adr,e076ca7ab94ce3c84d9e23ca671ac57dc73f8c44,adr,0.7087957206761308,Type-3 (Semantic)
8817e67f128cf451535132c3dcfcf3fab294b8a0,query-cases,f35362ee48ed4eac97bfd4cd7548e8bfcdbaa5ec,query-cases,0.768361952382531,Type-3 (Semantic)
887e2b823ae1d8aa492eb4ee7b75c7c4e3bbb3c9,gsd-do,95b744b94b5f3b509c796c66e553d0bc4d488e66,gsd-note,0.7695850549739224,Type-3 (Semantic)
887e2b823ae1d8aa492eb4ee7b75c7c4e3bbb3c9,gsd-do,95f65bbc2440706a5a7f67aae030e8ca49ec6779,gsd-explore,0.7531259153674754,Type-3 (Semantic)
887e2b823ae1d8aa492eb4ee7b75c7c4e3bbb3c9,gsd-do,99af566bca83b35b0d92b3c1cc32e1e088d0f3d7,gsd-scan,0.7951201002116971,Type-3 (Semantic)
887e2b823ae1d8aa492eb4ee7b75c7c4e3bbb3c9,gsd-do,9dd5348296d7f4f4f8e4eddd1a894c1c1a3dc14d,gsd-next,0.730213676273401,Type-3 (Semantic)
887e2b823ae1d8aa492eb4ee7b75c7c4e3bbb3c9,gsd-do,9f97bf68b80437eb1b3a350a3c485cb55adeff36,gsd-add-tests,0.6616403373963581,Type-3 (Semantic)
887e2b823ae1d8aa492eb4ee7b75c7c4e3bbb3c9,gsd-do,a37b1d07f37f3aa35472120d80d8ac5c170564a9,gsd-validate-phase,0.7347117636157919,Type-3 (Semantic)
887e2b823ae1d8aa492eb4ee7b75c7c4e3bbb3c9,gsd-do,a8e07a19e59499a2f7248022aa129cccadfc285f,gsd-add-todo,0.6925143989417064,Type-3 (Semantic)
887e2b823ae1d8aa492eb4ee7b75c7c4e3bbb3c9,gsd-do,c0756153bea3ba470086b1e36520b9fa585764c9,gsd-undo,0.7587065870797004,Type-3 (Semantic)
887e2b823ae1d8aa492eb4ee7b75c7c4e3bbb3c9,gsd-do,ca32938c9e4b8a1eb467e7d409e5550bff4519a6,gsd-import,0.8415864558536208,Type-3 (Semantic)
887e2b823ae1d8aa492eb4ee7b75c7c4e3bbb3c9,gsd-do,d54ad2ce3ac99e4a54508e16bba5e79a5af56739,gsd-next,0.8759362553208285,Type-2 (Parameterized)
887e2b823ae1d8aa492eb4ee7b75c7c4e3bbb3c9,gsd-do,df64d7e8e7b5ad06dbad2605bca199b3d26c00bf,gsd-remove-phase,0.6774158408437532,Type-3 (Semantic)
887e2b823ae1d8aa492eb4ee7b75c7c4e3bbb3c9,gsd-do,e05217bd55fd426ee71c43c90b62253249321ae5,gsd-ui-phase,0.7722907126062752,Type-3 (Semantic)
887e2b823ae1d8aa492eb4ee7b75c7c4e3bbb3c9,gsd-do,e4b3162bb79ffc19da709f44f1f1a71548a9a271,gsd-add-tests,0.7426643916331872,Type-3 (Semantic)
887e2b823ae1d8aa492eb4ee7b75c7c4e3bbb3c9,gsd-do,f5513dd49ae85dde18adbf643786fb279d1814bd,gsd-audit-uat,0.6563505735128009,Type-3 (Semantic)
887e2b823ae1d8aa492eb4ee7b75c7c4e3bbb3c9,gsd-do,f5b7f15dfce8d5dbd1ba17ce6b097d2f5f89acc1,gsd-pr-branch,0.7521350145149683,Type-3 (Semantic)
887e2b823ae1d8aa492eb4ee7b75c7c4e3bbb3c9,gsd-do,fbd6f3a5aaaf67ff285b7c5499d79688fe22449c,gsd-help,0.8835948506013377,Type-2 (Parameterized)
887e2b823ae1d8aa492eb4ee7b75c7c4e3bbb3c9,gsd-do,fde329f787012dc3d36f728189d3c5894375284d,gsd-ui-phase,0.6522370565422051,Type-3 (Semantic)
88c3327286e39d84fdb871ab90be3084f9aa34e8,test,9066a45cb54c738ff9ef3db556d1c6eb0d357eaf,skill_debug,0.6675250036320981,Type-3 (Semantic)
88c70cb9b4e1a551bce294b797b9000fb8b199d9,audit-milestone,b13dea08f59cc0c12b625327dacb96baef70aff5,gsdd-audit-milestone,0.7867849604200298,Type-3 (Semantic)
88eac4db19bf5ec01858786029ac04556de1819a,address-pr-comments,aed2bb73e50b9586dc0adcf9df1a7ba54983c511,address-pr-comments,0.7561562774718192,Type-3 (Semantic)
88f89829898b7a540369a9081257acae4b8a276b,ODrive Toolchain,ba5acb37a75163388fa39bb74c4a8e2d5723d082,odrive-toolchain,0.9995726423697174,Type-2 (Parameterized)
88fa35921e0e7fcd6bae9cd8355ebc97ce7f5ba6,ios,a856ecbd73b1cf79f8b3f4e4e56791effc343a58,ios,0.9950657326038427,Type-2 (Parameterized)
8a5956ca5ea9e4a4aabd51b6fbb805fdf5f428d3,updating-readme,a80de69778cdd1d09c3b9fcd452aa7fb1a666937,updating-readme,0.9102928184883419,Type-2 (Parameterized)
8a5956ca5ea9e4a4aabd51b6fbb805fdf5f428d3,updating-readme,c9e0a568b4aab3ad4cd5e7336decc754b20c092e,updating-readme,0.9294201784627371,Type-2 (Parameterized)
8a5da0986bc279c81b9c420f64c2d53fd8e6b267,bisect,cf0d26cd8bc4481ce8ad9a60cc5099bdea6ce2da,bisect,0.9990750567778476,Type-2 (Parameterized)
8b271bb50ec55c7f937b05b2891afd9cec4b22cd,shine-asset-registry,8bcb0ba14980fd3347ca53158eae1c390366a395,shine-asset-system,0.6715619494568513,Type-3 (Semantic)
8bbf9b30cf808a0fa3a0df754e3321535e65e109,speckit-cleanup-run,d699913c9af7b102255b4a13ad1dfd896e75d7f7,speckit-cleanup,0.999989071653046,Type-2 (Parameterized)
8c8b9d0c7cab23b322e132f98540bbb4d3e89707,landscape-materials,a02834539129e8c49789438e7078d457fa733a0a,landscape-auto-material,0.7296652167370364,Type-3 (Semantic)
8ce3299da78dbfc8a8f44feb0f812004844b5e55,unreal-modeling-normals,9a1189fc896b6fa2239b4c1946eaac6bcd39d649,unreal-modeling-attributes,0.6596556448419784,Type-3 (Semantic)
8d0ca740c7a3f8e235975a386808c9bb4d788dd5,gsd-next,a9d429bdb0a302a71d98cdb956e0a4eaf2010054,gsd-ship,0.6602757141168736,Type-3 (Semantic)
8d0ca740c7a3f8e235975a386808c9bb4d788dd5,gsd-next,b7eb3dfbb46ebabe581de6dc9c4d360da7b8c8f3,gsd-validate-phase,0.6692928567612138,Type-3 (Semantic)
8d0ca740c7a3f8e235975a386808c9bb4d788dd5,gsd-next,bc16dc87b16ef57ec869fef32dad93a036a6c448,gsd-do,0.7241105103410567,Type-3 (Semantic)
8d0ca740c7a3f8e235975a386808c9bb4d788dd5,gsd-next,f9e4e3f9762bf6b022e1854f81207c5ffaf372d2,gsd-stats,0.6779184049509274,Type-3 (Semantic)
8df40017985de0f2deef0b231e203a56a704fe4b,porting-4-cpp,da3f0beb95699eed52225da821568f7d99a95c6a,[Unnamed Skill],0.6730983229070853,Type-3 (Semantic)
8eb76b003c9a5b73ca4c2b4a162419e3291bf907,dzrp-compare,b221c8a517733c16e47e35fb22aa60f4f8e20c8a,cspect-debug,0.7092335297390349,Type-3 (Semantic)
8eb8e54ada00290d8cb8487782c100967d04a15f,level-actors,9b7f741d781461e633f5b7cf88de255eba7c723d,level-actors,1.0000000000000004,Type-2 (Parameterized)
8fff26ff9d60daa10055f194daab23d68866187a,update-prover-toml,ab2efa9e948802cf60eacde46d65336ed8d06e37,kernel-gate-counts,0.6572126566772786,Type-3 (Semantic)
901cc307550de22e59b28c2890f673918a7b51ae,speckit-analyze,af60fb264cb2aba65df0883db5ebf6e3c8f87b39,speckit-constitution,0.6964227180691576,Type-3 (Semantic)
901cc307550de22e59b28c2890f673918a7b51ae,speckit-analyze,b51e60cb6bbe37cefb2b97195f58ae150d74ce35,speckit-plan,0.661386243704859,Type-3 (Semantic)
901cc307550de22e59b28c2890f673918a7b51ae,speckit-analyze,d6817adccea10b96107a6146afb37741728ca3d5,speckit-plan,0.6620299987270177,Type-3 (Semantic)
903448cac1ecd9379936ad07ba852d45453bc082,developing-genkit-js,c051338588362e2fb9afed027e0664279c563ff8,developing-genkit-python,0.8581101107510648,Type-2 (Parameterized)
903448cac1ecd9379936ad07ba852d45453bc082,developing-genkit-js,f4f64e6b7130ff6b4ed4990ce0ec07573e8ee596,developing-genkit-go,0.8945138871534133,Type-2 (Parameterized)
9066a45cb54c738ff9ef3db556d1c6eb0d357eaf,skill_debug,bca1b2c60c71238981ee5a694ba1770ecd7ea282,skill_impl,0.6842389587392165,Type-3 (Semantic)
9073214f9dd811ee853324ac034cb3b156db8ebb,amc-run-video-calibration,bc31b4336dff257fa9820e41998d5fc36f4f18e5,amc-run-sample-calibration,0.7540926300462188,Type-3 (Semantic)
9073214f9dd811ee853324ac034cb3b156db8ebb,amc-run-video-calibration,cdf55cbe97fa82cc4c2200031269fa79933d1cc8,amc-run-rtsp-calibration,0.6962917033917868,Type-3 (Semantic)
90874be7a8a3ee6bb620ef758dcacad9ea4dafdd,port-cusignal-module,a48fd4fec10cbd6bb77720e94482ac91afbe85db,port-cusignal,0.6812838521221758,Type-3 (Semantic)
9090072b5527bf08d4952027cecdfb035791f154,paracodex-serial-cuda-step1,c7ede9232c0870009626542d2c6ef59f220ceb16,paracodex-ocl-cuda-step1,0.6993317357698888,Type-3 (Semantic)
90aeb093c092872e13a2b368437fe078f1094569,orchestration,e4e82d97265854105f64a5c21e319080ec67c012,orca-cli,0.8532059352584528,Type-2 (Parameterized)
90c6dd92fda1c97978de0d0c120c3db5034e99c1,pm-load,9c3a3f3f079d1007bcfd192888c719019a6b1cff,pm-update,0.7335234741655816,Type-3 (Semantic)
91b3e70cdd66caa65bf89885750f407a2a751791,restructure-commits,c01e5443d9bdef6de1b7eb015be4628d9ed6d575,amdsmi-restructure-commits,0.7680135556095606,Type-3 (Semantic)
91c249ecd0105fd5a7ae98dfbd4b2628c8ecc3c3,[Unnamed Skill],a8f6a7d58ae4856a9dbddbfa72fc1fd64caa47de,[Unnamed Skill],0.8523085119217476,Type-2 (Parameterized)
9234d6125e3e607dad80c53a712adbd6d324b749,gsd-check-todos,fdb8448e3b027106e169e8904031db94e5fd251a,gsd-add-todo,0.659523209070316,Type-3 (Semantic)
926840cec62d7ac7ac988c5b19a4f1863acd13be,dark-mode,a9d66af026907a06f45108073fae0d893b165bff,fluent-design,0.6628937546606175,Type-3 (Semantic)
9268dd5a141404b62e6f56fd0e8a7f48e45ccac5,review,9d9c372668d8ff5bef26ea4475b668257b0fb112,review,0.7784464159391384,Type-3 (Semantic)
9268dd5a141404b62e6f56fd0e8a7f48e45ccac5,review,a04505843445b3e8125a52bb25af040e68dad0ea,review,0.792030298822272,Type-3 (Semantic)
92866f8f5ae75e14b20275394d2ebada5d8fe245,speckit-constitution,af60fb264cb2aba65df0883db5ebf6e3c8f87b39,speckit-constitution,0.8690251207562537,Type-2 (Parameterized)
92a9c1d7c9593d3c9a3c356fbac0e92480bad14b,upsert-case,9e1c531d21e24fee23632b2afa911b78dbd03428,upsert-case,0.80079025109383,Type-3 (Semantic)
930015f19994be9fa31b7e6e1e22da1c66f63f27,gsd-new-milestone,df38a3bf629bd6b75afb9ddb8a082bbd1a7b2ec5,gsd-audit-milestone,0.7381727796516625,Type-3 (Semantic)
93332bedf489733cd27a4833ec3e8c6410b38c15,openspec-propose,f0a20a566ae05b8a77545ff2cb1618558f528b8e,openspec-propose,0.9903000116686461,Type-2 (Parameterized)
933c248b9ab2757079ed4e3c2715967cfd59e036,gsd-insert-phase,9a06ffb809f241d3c53ad67751f3f1235cf02ead,gsd-manager,0.6529487750386969,Type-3 (Semantic)
933c248b9ab2757079ed4e3c2715967cfd59e036,gsd-insert-phase,9dd5348296d7f4f4f8e4eddd1a894c1c1a3dc14d,gsd-next,0.678061907039322,Type-3 (Semantic)
933c248b9ab2757079ed4e3c2715967cfd59e036,gsd-insert-phase,9f97bf68b80437eb1b3a350a3c485cb55adeff36,gsd-add-tests,0.6519663508155044,Type-3 (Semantic)
933c248b9ab2757079ed4e3c2715967cfd59e036,gsd-insert-phase,b910ddea4125cefecb0fe5f4a82dccb67aab710e,gsd-secure-phase,0.664810255846056,Type-3 (Semantic)
933c248b9ab2757079ed4e3c2715967cfd59e036,gsd-insert-phase,df64d7e8e7b5ad06dbad2605bca199b3d26c00bf,gsd-remove-phase,0.657617081013174,Type-3 (Semantic)
933c248b9ab2757079ed4e3c2715967cfd59e036,gsd-insert-phase,f9cf593440557545d4ecfdc66d12deaab051f21f,gsd-analyze-dependencies,0.6702006443562559,Type-3 (Semantic)
933c248b9ab2757079ed4e3c2715967cfd59e036,gsd-insert-phase,fde329f787012dc3d36f728189d3c5894375284d,gsd-ui-phase,0.669242688465372,Type-3 (Semantic)
936806b64ac64269826ba0e2c1412869ab059fa2,hint-corpus,9705eae84d42619f19127352617b4dbcfda532e5,hint-corpus,0.9969850844732483,Type-2 (Parameterized)
937b737be98f133d1fe4d8202d461eeeabd0b503,[Unnamed Skill],ae83f5ccb212a9a3c10b64f5b6cca0dc8305367b,[Unnamed Skill],0.6850612321121772,Type-3 (Semantic)
93868e95f687f9da1b8c67903f2279c8adce19f8,kriya,9c89a726902d15f1c28d0eb7fc6462e12e2a2428,kriya,0.9984460512433833,Type-2 (Parameterized)
938a8c163d6e5fee8757b718cfd0a509e9fedf20,gemini-review,97e1983485a3213ffda85737a6a390bfbf3c7edf,gemini-vision,0.7423408890412289,Type-3 (Semantic)
938a8c163d6e5fee8757b718cfd0a509e9fedf20,gemini-review,a07ab35685ebaddbeb8298f60d3e3c0442346247,gemini-ui,0.7998446733218474,Type-3 (Semantic)
93bf9c86a4c2476fa9de1b7fa72e28757f5b5422,ds-infra-engineering,b4c1e16effa60b6bd297d1c2cb6ee27aff6b6d38,ds-infra-engineering,0.9047457571155523,Type-2 (Parameterized)
93c11fb5948e142f62110715c7497b03c69e086d,skill_docs,e7848377fed5db3ba48b1a71a2d4dae6f27bfb8a,documentation-hygiene-expert,0.761598054551427,Type-3 (Semantic)
93f2c971efdde5d4e2b8de18e685b609bcb892be,smsim-pdc-target-reco-overview,d07052cd2131250d0da70d34f67acc83b018440f,smsim-nn-target-momentum,0.6856999735598516,Type-3 (Semantic)
94442ab3b5540cde207445f22e274210e0199ea0,horizon-workflow,a831940c67fc13403bf67132c45ffa7fbcf34f94,huli-workflow,0.724455654232196,Type-3 (Semantic)
94e5ad2c35cee517f4e993d5bcdefde8cfd42679,gsd-note,9e0cdf474d053c1b6524b2dcefffcba426c7eb4c,gsd-list-workspaces,0.6598863388588773,Type-3 (Semantic)
94e5ad2c35cee517f4e993d5bcdefde8cfd42679,gsd-note,a9d429bdb0a302a71d98cdb956e0a4eaf2010054,gsd-ship,0.6641033402288298,Type-3 (Semantic)
94e5ad2c35cee517f4e993d5bcdefde8cfd42679,gsd-note,aa91dec5dd4fa33c6732ef390b10178286067b17,gsd-ui-review,0.6962013481040374,Type-3 (Semantic)
94e5ad2c35cee517f4e993d5bcdefde8cfd42679,gsd-note,bc16dc87b16ef57ec869fef32dad93a036a6c448,gsd-do,0.7271930583343196,Type-3 (Semantic)
94e5ad2c35cee517f4e993d5bcdefde8cfd42679,gsd-note,f9e4e3f9762bf6b022e1854f81207c5ffaf372d2,gsd-stats,0.6764128348072331,Type-3 (Semantic)
94e5ad2c35cee517f4e993d5bcdefde8cfd42679,gsd-note,fdb8448e3b027106e169e8904031db94e5fd251a,gsd-add-todo,0.6592181657338533,Type-3 (Semantic)
956c4e3bef3a5dc2dd1885fb8613f45d8a57526e,mcpp-style-ref,b1a0197df99e44956da609536f211e9857917adc,more-details,0.7021179717422438,Type-3 (Semantic)
956c4e3bef3a5dc2dd1885fb8613f45d8a57526e,mcpp-style-ref,fc81773ac0070152436341297a27bcd4ed075448,mcpp-style-ref,0.9364896036674035,Type-2 (Parameterized)
959da2a275bbef7a66d701a1f24df36d330d17c1,create-skill,e89a14511af8dd3de5ffc9cf9125128d1365b69c,create-skill,0.9965088415675325,Type-2 (Parameterized)
95b744b94b5f3b509c796c66e553d0bc4d488e66,gsd-note,95f65bbc2440706a5a7f67aae030e8ca49ec6779,gsd-explore,0.7097646751618002,Type-3 (Semantic)
95b744b94b5f3b509c796c66e553d0bc4d488e66,gsd-note,99af566bca83b35b0d92b3c1cc32e1e088d0f3d7,gsd-scan,0.7064705318698895,Type-3 (Semantic)
95b744b94b5f3b509c796c66e553d0bc4d488e66,gsd-note,9f30f964e95f66e21fd81695e280a1390f862522,gsd-note,0.8530386436417159,Type-2 (Parameterized)
95b744b94b5f3b509c796c66e553d0bc4d488e66,gsd-note,a37b1d07f37f3aa35472120d80d8ac5c170564a9,gsd-validate-phase,0.684086968174184,Type-3 (Semantic)
95b744b94b5f3b509c796c66e553d0bc4d488e66,gsd-note,a8e07a19e59499a2f7248022aa129cccadfc285f,gsd-add-todo,0.7211719280323429,Type-3 (Semantic)
95b744b94b5f3b509c796c66e553d0bc4d488e66,gsd-note,c0756153bea3ba470086b1e36520b9fa585764c9,gsd-undo,0.6978029057364541,Type-3 (Semantic)
95b744b94b5f3b509c796c66e553d0bc4d488e66,gsd-note,ca32938c9e4b8a1eb467e7d409e5550bff4519a6,gsd-import,0.759273726580968,Type-3 (Semantic)
95b744b94b5f3b509c796c66e553d0bc4d488e66,gsd-note,d54ad2ce3ac99e4a54508e16bba5e79a5af56739,gsd-next,0.7742274157227576,Type-3 (Semantic)
95b744b94b5f3b509c796c66e553d0bc4d488e66,gsd-note,e05217bd55fd426ee71c43c90b62253249321ae5,gsd-ui-phase,0.7056535001100799,Type-3 (Semantic)
95b744b94b5f3b509c796c66e553d0bc4d488e66,gsd-note,e4b3162bb79ffc19da709f44f1f1a71548a9a271,gsd-add-tests,0.6881500922568167,Type-3 (Semantic)
95b744b94b5f3b509c796c66e553d0bc4d488e66,gsd-note,f5b7f15dfce8d5dbd1ba17ce6b097d2f5f89acc1,gsd-pr-branch,0.6884581136408071,Type-3 (Semantic)
95b744b94b5f3b509c796c66e553d0bc4d488e66,gsd-note,fbd6f3a5aaaf67ff285b7c5499d79688fe22449c,gsd-help,0.7662919962087846,Type-3 (Semantic)
95f65bbc2440706a5a7f67aae030e8ca49ec6779,gsd-explore,99af566bca83b35b0d92b3c1cc32e1e088d0f3d7,gsd-scan,0.6998945971121142,Type-3 (Semantic)
95f65bbc2440706a5a7f67aae030e8ca49ec6779,gsd-explore,9dd5348296d7f4f4f8e4eddd1a894c1c1a3dc14d,gsd-next,0.6536437718666147,Type-3 (Semantic)
95f65bbc2440706a5a7f67aae030e8ca49ec6779,gsd-explore,a37b1d07f37f3aa35472120d80d8ac5c170564a9,gsd-validate-phase,0.6531225088480774,Type-3 (Semantic)
95f65bbc2440706a5a7f67aae030e8ca49ec6779,gsd-explore,ca32938c9e4b8a1eb467e7d409e5550bff4519a6,gsd-import,0.727241370906801,Type-3 (Semantic)
95f65bbc2440706a5a7f67aae030e8ca49ec6779,gsd-explore,d54ad2ce3ac99e4a54508e16bba5e79a5af56739,gsd-next,0.7585533322716004,Type-3 (Semantic)
95f65bbc2440706a5a7f67aae030e8ca49ec6779,gsd-explore,e05217bd55fd426ee71c43c90b62253249321ae5,gsd-ui-phase,0.662811059463536,Type-3 (Semantic)
95f65bbc2440706a5a7f67aae030e8ca49ec6779,gsd-explore,e4b3162bb79ffc19da709f44f1f1a71548a9a271,gsd-add-tests,0.6541565168381961,Type-3 (Semantic)
95f65bbc2440706a5a7f67aae030e8ca49ec6779,gsd-explore,f5b7f15dfce8d5dbd1ba17ce6b097d2f5f89acc1,gsd-pr-branch,0.6669893859620887,Type-3 (Semantic)
95f65bbc2440706a5a7f67aae030e8ca49ec6779,gsd-explore,fbd6f3a5aaaf67ff285b7c5499d79688fe22449c,gsd-help,0.756460378524436,Type-3 (Semantic)
95fa3451ef6f9e53daf81507ec50eb87e0f63eae,gsd-execute-phase,990443748972fa8a65505dfdde32fe763cfcd357,gsd-execute-phase,0.8490447053158084,Type-3 (Semantic)
96676245946ad4b0b05b9d7a719b953864f8ad02,state-trees,f7037802b04b2a2a2c1af3db4d708405c26fd10f,state-trees,1.0,Type-2 (Parameterized)
96780264f47ebe5259c08d1f387c074249cb8b81,grill-with-docs,c56e494f7a85dba7957af38dbff6fa4a8fa88336,grill-with-docs,0.8506125768602896,Type-2 (Parameterized)
96780264f47ebe5259c08d1f387c074249cb8b81,grill-with-docs,fe60a60bfee54ae3e1521aeac23a0459689dd37c,grill-me,0.8722809406523918,Type-2 (Parameterized)
971a34eeea160e450ebc869adc3e8b49dc8325b1,hsb-ip-def,f9454f6a889bde01180c2d95f2fbdf988d4ecc92,hsb-ip-create-top,0.745895084355725,Type-3 (Semantic)
9728b89cfc45f2c7ff0c2d68eab15e101ea85670,serval-svg,ade2a9849e15a72b4443bcf9beb6b931dc9345eb,serval-svg-expert,0.78614701637447,Type-3 (Semantic)
9734e1b695e182c015094b71ba4296dfc131d517,continue-pr,c0a3329e17d04036414fd3d453a54dd16d2a36b4,continue-pr,0.9957646196060784,Type-2 (Parameterized)
97e06abb0807b399a0fd3c5aa72970b183c222ec,hai-zhong-yu-chao-execute,cf82ad58548cacafc8a1a992a0cdec8b43e926c3,hai-zhong-yu-chao-plan,0.6643563553733445,Type-3 (Semantic)
97e1983485a3213ffda85737a6a390bfbf3c7edf,gemini-vision,a07ab35685ebaddbeb8298f60d3e3c0442346247,gemini-ui,0.8693398895227725,Type-2 (Parameterized)
984bedabc10dfe9a7cbe4769d7edaea336e7f6d4,[Unnamed Skill],a408a249af85f9c724d2c3aa2afb6e8e28f9ade0,[Unnamed Skill],0.9921056826451464,Type-2 (Parameterized)
984bedabc10dfe9a7cbe4769d7edaea336e7f6d4,[Unnamed Skill],b23d3e2c1e702a577994034c7bbdc469ffd0afab,[Unnamed Skill],0.9924375777178921,Type-2 (Parameterized)
984bedabc10dfe9a7cbe4769d7edaea336e7f6d4,[Unnamed Skill],ffbb6d38cf981dd51a0221e8e60a430f86b8e739,[Unnamed Skill],0.9921056826451464,Type-2 (Parameterized)
98cc975f1094a174823d6345b3fdf46dee6cc6cb,gsd-resume-work,fa838ca394e96b492b7317e80c4c687bc9a4b567,gsd-pause-work,0.6525328998741998,Type-3 (Semantic)
991abbb35a42ce9508af5af56faec6ae167e5fd5,verify-work,ec138e2e5b6fee3135c34044dbd923cc97196be3,gsdd-verify-work,0.6717930245963912,Type-3 (Semantic)
99a00af2823688eafab0ff0bac139417d14972ab,workflow_debugging,f91754a6f5922b29958b850cbcdc512572c05ef8,workflow-debugging,0.9040131582522957,Type-2 (Parameterized)
99af566bca83b35b0d92b3c1cc32e1e088d0f3d7,gsd-scan,9dd5348296d7f4f4f8e4eddd1a894c1c1a3dc14d,gsd-next,0.6997309853110696,Type-3 (Semantic)
99af566bca83b35b0d92b3c1cc32e1e088d0f3d7,gsd-scan,a37b1d07f37f3aa35472120d80d8ac5c170564a9,gsd-validate-phase,0.6835223595839532,Type-3 (Semantic)
99af566bca83b35b0d92b3c1cc32e1e088d0f3d7,gsd-scan,c0756153bea3ba470086b1e36520b9fa585764c9,gsd-undo,0.6802983638185925,Type-3 (Semantic)
99af566bca83b35b0d92b3c1cc32e1e088d0f3d7,gsd-scan,ca32938c9e4b8a1eb467e7d409e5550bff4519a6,gsd-import,0.7608856606839945,Type-3 (Semantic)
99af566bca83b35b0d92b3c1cc32e1e088d0f3d7,gsd-scan,cee140cbdea9c45b31c79622d92b2218edbe9db8,gsd-map-codebase,0.6790831574113321,Type-3 (Semantic)
99af566bca83b35b0d92b3c1cc32e1e088d0f3d7,gsd-scan,d54ad2ce3ac99e4a54508e16bba5e79a5af56739,gsd-next,0.8104105848004466,Type-3 (Semantic)
99af566bca83b35b0d92b3c1cc32e1e088d0f3d7,gsd-scan,e05217bd55fd426ee71c43c90b62253249321ae5,gsd-ui-phase,0.6905191154463004,Type-3 (Semantic)
99af566bca83b35b0d92b3c1cc32e1e088d0f3d7,gsd-scan,e4b3162bb79ffc19da709f44f1f1a71548a9a271,gsd-add-tests,0.6886618386677281,Type-3 (Semantic)
99af566bca83b35b0d92b3c1cc32e1e088d0f3d7,gsd-scan,f5b7f15dfce8d5dbd1ba17ce6b097d2f5f89acc1,gsd-pr-branch,0.7062047954474617,Type-3 (Semantic)
99af566bca83b35b0d92b3c1cc32e1e088d0f3d7,gsd-scan,fbd6f3a5aaaf67ff285b7c5499d79688fe22449c,gsd-help,0.8015414520692188,Type-3 (Semantic)
9a06ffb809f241d3c53ad67751f3f1235cf02ead,gsd-manager,9dd5348296d7f4f4f8e4eddd1a894c1c1a3dc14d,gsd-next,0.7596509051657667,Type-3 (Semantic)
9a06ffb809f241d3c53ad67751f3f1235cf02ead,gsd-manager,9f30f964e95f66e21fd81695e280a1390f862522,gsd-note,0.7178250760924407,Type-3 (Semantic)
9a06ffb809f241d3c53ad67751f3f1235cf02ead,gsd-manager,9f97bf68b80437eb1b3a350a3c485cb55adeff36,gsd-add-tests,0.7041188962443449,Type-3 (Semantic)
9a06ffb809f241d3c53ad67751f3f1235cf02ead,gsd-manager,b910ddea4125cefecb0fe5f4a82dccb67aab710e,gsd-secure-phase,0.6640819107672878,Type-3 (Semantic)
9a06ffb809f241d3c53ad67751f3f1235cf02ead,gsd-manager,c50ca8ded2311361a16047ea0ef8f1036627ecc9,gsd-pause-work,0.6751904866654904,Type-3 (Semantic)
9a06ffb809f241d3c53ad67751f3f1235cf02ead,gsd-manager,d54ad2ce3ac99e4a54508e16bba5e79a5af56739,gsd-next,0.6652500862181742,Type-3 (Semantic)
9a06ffb809f241d3c53ad67751f3f1235cf02ead,gsd-manager,e0cb38f75cc612f426e3d529f0ae5f2ce84a7a47,gsd-ui-review,0.720633628809968,Type-3 (Semantic)
9a06ffb809f241d3c53ad67751f3f1235cf02ead,gsd-manager,eb3e29a711ce92246f4b35134b165036aea9cbc5,gsd-plan-milestone-gaps,0.7020873237077032,Type-3 (Semantic)
9a06ffb809f241d3c53ad67751f3f1235cf02ead,gsd-manager,f9cf593440557545d4ecfdc66d12deaab051f21f,gsd-analyze-dependencies,0.7234196898341178,Type-3 (Semantic)
9a06ffb809f241d3c53ad67751f3f1235cf02ead,gsd-manager,fbd6f3a5aaaf67ff285b7c5499d79688fe22449c,gsd-help,0.6511559445807882,Type-3 (Semantic)
9a06ffb809f241d3c53ad67751f3f1235cf02ead,gsd-manager,fde329f787012dc3d36f728189d3c5894375284d,gsd-ui-phase,0.7367502568517591,Type-3 (Semantic)
9c325c8b6954141d4ea354f38b408eed4df2ddf3,qa-memory-agent,f52b9ec337f17f3cf0a2555c572c09f5268c89f8,qa-memory-agent,0.9617255017229716,Type-2 (Parameterized)
9c3a3f3f079d1007bcfd192888c719019a6b1cff,pm-update,d75b57219401fdad0d38318f16a1a7cc0f95724e,pm-validate,0.6843766624459243,Type-3 (Semantic)
9c4d3a7d3f6c38b4c773d15646812cd3c5202759,code-simplifier,c3356106e94a3d71b3b342f39399b6f8d674aac6,code-simplifier,0.9372415393075797,Type-2 (Parameterized)
9d3715715604df38f325b8072f614f315bf5c91c,tilelang-ascend-kernel,c153cc90542a185108bf5cd6d50471b3c2c13b5e,tilelang-ascend-kernel,0.9979366215619954,Type-2 (Parameterized)
9d95f0fe7f6ec0266f2f39c46dc26449e143d270,adr,a27261c561ba4c7593b7bd6cc47d6bf581a4f12c,adr-new,0.8236779180945558,Type-3 (Semantic)
9d95f0fe7f6ec0266f2f39c46dc26449e143d270,adr,cd88315090a9b29f4fb6a617a7da3ee89c4191ab,adr,0.8156945569655442,Type-3 (Semantic)
9d95f0fe7f6ec0266f2f39c46dc26449e143d270,adr,e076ca7ab94ce3c84d9e23ca671ac57dc73f8c44,adr,0.9270643083308239,Type-2 (Parameterized)
9d95f0fe7f6ec0266f2f39c46dc26449e143d270,adr,fd811b26268d5b0cac8a9986786e2e79637552d8,adr,0.6560863381347503,Type-3 (Semantic)
9da63044989b25058add89690c469d386aee7427,test-ci,f01873fea7bca27a90edda4e1920d54f1a36417d,test-ci,0.8073449410158063,Type-3 (Semantic)
9dd5348296d7f4f4f8e4eddd1a894c1c1a3dc14d,gsd-next,9f30f964e95f66e21fd81695e280a1390f862522,gsd-note,0.737991868696014,Type-3 (Semantic)
9dd5348296d7f4f4f8e4eddd1a894c1c1a3dc14d,gsd-next,9f97bf68b80437eb1b3a350a3c485cb55adeff36,gsd-add-tests,0.7422926485947612,Type-3 (Semantic)
9dd5348296d7f4f4f8e4eddd1a894c1c1a3dc14d,gsd-next,a37b1d07f37f3aa35472120d80d8ac5c170564a9,gsd-validate-phase,0.6689752162247914,Type-3 (Semantic)
9dd5348296d7f4f4f8e4eddd1a894c1c1a3dc14d,gsd-next,a3ec1b53921a3625582f608bbc1a4ffa83cd2a28,gsd-audit-fix,0.681761124406696,Type-3 (Semantic)
9dd5348296d7f4f4f8e4eddd1a894c1c1a3dc14d,gsd-next,ab0161fa6d1a04be852d101fd9029b52c187a6a6,gsd-plant-seed,0.6677231299119448,Type-3 (Semantic)
9dd5348296d7f4f4f8e4eddd1a894c1c1a3dc14d,gsd-next,b910ddea4125cefecb0fe5f4a82dccb67aab710e,gsd-secure-phase,0.7064928193895813,Type-3 (Semantic)
9dd5348296d7f4f4f8e4eddd1a894c1c1a3dc14d,gsd-next,c50ca8ded2311361a16047ea0ef8f1036627ecc9,gsd-pause-work,0.7194779611982901,Type-3 (Semantic)
9dd5348296d7f4f4f8e4eddd1a894c1c1a3dc14d,gsd-next,ca32938c9e4b8a1eb467e7d409e5550bff4519a6,gsd-import,0.6937472412014537,Type-3 (Semantic)
9dd5348296d7f4f4f8e4eddd1a894c1c1a3dc14d,gsd-next,d54ad2ce3ac99e4a54508e16bba5e79a5af56739,gsd-next,0.8661767843832225,Type-2 (Parameterized)
9dd5348296d7f4f4f8e4eddd1a894c1c1a3dc14d,gsd-next,e05217bd55fd426ee71c43c90b62253249321ae5,gsd-ui-phase,0.653420787338066,Type-3 (Semantic)
9dd5348296d7f4f4f8e4eddd1a894c1c1a3dc14d,gsd-next,e0cb38f75cc612f426e3d529f0ae5f2ce84a7a47,gsd-ui-review,0.7343891409321656,Type-3 (Semantic)
9dd5348296d7f4f4f8e4eddd1a894c1c1a3dc14d,gsd-next,e4b3162bb79ffc19da709f44f1f1a71548a9a271,gsd-add-tests,0.6618514426275206,Type-3 (Semantic)
9dd5348296d7f4f4f8e4eddd1a894c1c1a3dc14d,gsd-next,eb3e29a711ce92246f4b35134b165036aea9cbc5,gsd-plan-milestone-gaps,0.6862825454041981,Type-3 (Semantic)
9dd5348296d7f4f4f8e4eddd1a894c1c1a3dc14d,gsd-next,f5b7f15dfce8d5dbd1ba17ce6b097d2f5f89acc1,gsd-pr-branch,0.6576137435226246,Type-3 (Semantic)
9dd5348296d7f4f4f8e4eddd1a894c1c1a3dc14d,gsd-next,f9cf593440557545d4ecfdc66d12deaab051f21f,gsd-analyze-dependencies,0.7257381108129711,Type-3 (Semantic)
9dd5348296d7f4f4f8e4eddd1a894c1c1a3dc14d,gsd-next,fbd6f3a5aaaf67ff285b7c5499d79688fe22449c,gsd-help,0.7438977235802873,Type-3 (Semantic)
9dd5348296d7f4f4f8e4eddd1a894c1c1a3dc14d,gsd-next,fde329f787012dc3d36f728189d3c5894375284d,gsd-ui-phase,0.7512943572916763,Type-3 (Semantic)
9ddc2e66650d1a1498ff0d355d64bafb2b0a7ef9,teach,f08469e6fda33cce77845486d1eb8662cb4b13db,teach,0.7462441879320028,Type-3 (Semantic)
9e0cdf474d053c1b6524b2dcefffcba426c7eb4c,gsd-list-workspaces,aa91dec5dd4fa33c6732ef390b10178286067b17,gsd-ui-review,0.6523497678316705,Type-3 (Semantic)
9e0cdf474d053c1b6524b2dcefffcba426c7eb4c,gsd-list-workspaces,bc16dc87b16ef57ec869fef32dad93a036a6c448,gsd-do,0.732685791918448,Type-3 (Semantic)
9f30f964e95f66e21fd81695e280a1390f862522,gsd-note,9f97bf68b80437eb1b3a350a3c485cb55adeff36,gsd-add-tests,0.7113182480642148,Type-3 (Semantic)
9f30f964e95f66e21fd81695e280a1390f862522,gsd-note,a3ec1b53921a3625582f608bbc1a4ffa83cd2a28,gsd-audit-fix,0.6729549197020753,Type-3 (Semantic)
9f30f964e95f66e21fd81695e280a1390f862522,gsd-note,ab0161fa6d1a04be852d101fd9029b52c187a6a6,gsd-plant-seed,0.6737816766901292,Type-3 (Semantic)
9f30f964e95f66e21fd81695e280a1390f862522,gsd-note,b910ddea4125cefecb0fe5f4a82dccb67aab710e,gsd-secure-phase,0.6715441152587045,Type-3 (Semantic)
9f30f964e95f66e21fd81695e280a1390f862522,gsd-note,c50ca8ded2311361a16047ea0ef8f1036627ecc9,gsd-pause-work,0.6787482581879369,Type-3 (Semantic)
9f30f964e95f66e21fd81695e280a1390f862522,gsd-note,d54ad2ce3ac99e4a54508e16bba5e79a5af56739,gsd-next,0.6630891112800743,Type-3 (Semantic)
9f30f964e95f66e21fd81695e280a1390f862522,gsd-note,e0cb38f75cc612f426e3d529f0ae5f2ce84a7a47,gsd-ui-review,0.7551672494620301,Type-3 (Semantic)
9f30f964e95f66e21fd81695e280a1390f862522,gsd-note,f9cf593440557545d4ecfdc66d12deaab051f21f,gsd-analyze-dependencies,0.6742130551143909,Type-3 (Semantic)
9f30f964e95f66e21fd81695e280a1390f862522,gsd-note,fbd6f3a5aaaf67ff285b7c5499d79688fe22449c,gsd-help,0.6563171759772843,Type-3 (Semantic)
9f30f964e95f66e21fd81695e280a1390f862522,gsd-note,fde329f787012dc3d36f728189d3c5894375284d,gsd-ui-phase,0.7393426527770758,Type-3 (Semantic)
9f593efc47863229e1a53e440a8eca8f00937009,upgrade-duckdb-extension,fa275edcf3232c2e10e2f17c0d3ec0abaf72e711,upgrade-duckdb-extension,0.7705079280256006,Type-3 (Semantic)
9f97bf68b80437eb1b3a350a3c485cb55adeff36,gsd-add-tests,a37b1d07f37f3aa35472120d80d8ac5c170564a9,gsd-validate-phase,0.6836838396051977,Type-3 (Semantic)
9f97bf68b80437eb1b3a350a3c485cb55adeff36,gsd-add-tests,a3ec1b53921a3625582f608bbc1a4ffa83cd2a28,gsd-audit-fix,0.6637055712425799,Type-3 (Semantic)
9f97bf68b80437eb1b3a350a3c485cb55adeff36,gsd-add-tests,b910ddea4125cefecb0fe5f4a82dccb67aab710e,gsd-secure-phase,0.7238605820676408,Type-3 (Semantic)
9f97bf68b80437eb1b3a350a3c485cb55adeff36,gsd-add-tests,c50ca8ded2311361a16047ea0ef8f1036627ecc9,gsd-pause-work,0.6883828645669101,Type-3 (Semantic)
9f97bf68b80437eb1b3a350a3c485cb55adeff36,gsd-add-tests,ca32938c9e4b8a1eb467e7d409e5550bff4519a6,gsd-import,0.6512389818837225,Type-3 (Semantic)
9f97bf68b80437eb1b3a350a3c485cb55adeff36,gsd-add-tests,d54ad2ce3ac99e4a54508e16bba5e79a5af56739,gsd-next,0.7043619245123419,Type-3 (Semantic)
9f97bf68b80437eb1b3a350a3c485cb55adeff36,gsd-add-tests,e0cb38f75cc612f426e3d529f0ae5f2ce84a7a47,gsd-ui-review,0.7202632853726468,Type-3 (Semantic)
9f97bf68b80437eb1b3a350a3c485cb55adeff36,gsd-add-tests,e4b3162bb79ffc19da709f44f1f1a71548a9a271,gsd-add-tests,0.9273008850771134,Type-2 (Parameterized)
9f97bf68b80437eb1b3a350a3c485cb55adeff36,gsd-add-tests,f5513dd49ae85dde18adbf643786fb279d1814bd,gsd-audit-uat,0.6541668696242294,Type-3 (Semantic)
9f97bf68b80437eb1b3a350a3c485cb55adeff36,gsd-add-tests,f9cf593440557545d4ecfdc66d12deaab051f21f,gsd-analyze-dependencies,0.7062645732512638,Type-3 (Semantic)
9f97bf68b80437eb1b3a350a3c485cb55adeff36,gsd-add-tests,fbd6f3a5aaaf67ff285b7c5499d79688fe22449c,gsd-help,0.6824868812458001,Type-3 (Semantic)
9f97bf68b80437eb1b3a350a3c485cb55adeff36,gsd-add-tests,fde329f787012dc3d36f728189d3c5894375284d,gsd-ui-phase,0.7298741024545446,Type-3 (Semantic)
a0117d3d08552aca5dd93524a392dd530bc02b46,gsd-milestone-summary,eb3e29a711ce92246f4b35134b165036aea9cbc5,gsd-plan-milestone-gaps,0.690623798391005,Type-3 (Semantic)
a04bb4f3741a95fc67817c2dc30c408cc682c0bc,test-vulkan-extension,e7112b262025c94c34b6c4d54e48394cc95a52a6,check-vulkan-extension,0.8553698298972874,Type-2 (Parameterized)
a078a3b97d91fde98c5f4264e1fa9304c57fd57f,dss-audit,cac26d83769b04934082410f26238092c0400cc5,dss-cycle,0.6504269419501124,Type-3 (Semantic)
a0f9c831cee5f67842eb873a187f67c4c83882c5,ascendc-precision-debug,dba8d84378c0acd5920cd872b52feeba45895ec4,ascendc-precision-debug,0.9917598329209588,Type-2 (Parameterized)
a10160c36833059de413ca3fa3898907b9c2c76e,profile,cae6ad278ac159cd2053e5e222f8fc1764ed15ab,perf-example-device,0.7095442874491931,Type-3 (Semantic)
a10a16071beabf4441c5b4596c22355253fabeed,verify,a1c0cfa5870037aeb69b8e7eaea4f4ad43e8329e,submit-pr,0.7241679895952814,Type-3 (Semantic)
a205971ae0e090389e50111e3c6f0325c7a1a451,openspec-onboard,de4429b9cba7a9087d1b67de6038f35f9818dbdb,openspec-onboard,0.967562379493362,Type-2 (Parameterized)
a206e90f22813b2cca905d15b3f0137962969c05,glassmorphism,a9d66af026907a06f45108073fae0d893b165bff,fluent-design,0.6676722529648642,Type-3 (Semantic)
a206e90f22813b2cca905d15b3f0137962969c05,glassmorphism,f880c7be6393d080e42d2ff8005935f1ca7ffcf1,holographic-gradient,0.6747110190070619,Type-3 (Semantic)
a24670c1adaba49b3b35228f5b9abc42cbc8da34,graphical-change-workflow,d0d9ccd6a0e33059a99dbef9c47aa6a693be8052,spectra-mcp,0.6688744086872084,Type-3 (Semantic)
a24670c1adaba49b3b35228f5b9abc42cbc8da34,graphical-change-workflow,fabd155bc4727bbf83e93db10253250516c80e04,graphical-change-workflow,0.9868596777223344,Type-2 (Parameterized)
a27261c561ba4c7593b7bd6cc47d6bf581a4f12c,adr-new,cd88315090a9b29f4fb6a617a7da3ee89c4191ab,adr,0.7344250647804462,Type-3 (Semantic)
a27261c561ba4c7593b7bd6cc47d6bf581a4f12c,adr-new,e076ca7ab94ce3c84d9e23ca671ac57dc73f8c44,adr,0.7886088386087663,Type-3 (Semantic)
a2bca16810befb5ab2a8b1091fdbc7fc89634e35,project-map,b2a37815940d9e95a7e485deee8dc1a98d1cc700,generation-request-flow,0.664543078408454,Type-3 (Semantic)
a37b1d07f37f3aa35472120d80d8ac5c170564a9,gsd-validate-phase,b910ddea4125cefecb0fe5f4a82dccb67aab710e,gsd-secure-phase,0.7473228008598285,Type-3 (Semantic)
a37b1d07f37f3aa35472120d80d8ac5c170564a9,gsd-validate-phase,bc996add0b5f60afd4628c5b17aae8c04b15c9f0,gsd-list-phase-assumptions,0.6684361507393974,Type-3 (Semantic)
a37b1d07f37f3aa35472120d80d8ac5c170564a9,gsd-validate-phase,c0756153bea3ba470086b1e36520b9fa585764c9,gsd-undo,0.7259801090509925,Type-3 (Semantic)
a37b1d07f37f3aa35472120d80d8ac5c170564a9,gsd-validate-phase,ca32938c9e4b8a1eb467e7d409e5550bff4519a6,gsd-import,0.724559124588939,Type-3 (Semantic)
a37b1d07f37f3aa35472120d80d8ac5c170564a9,gsd-validate-phase,d54ad2ce3ac99e4a54508e16bba5e79a5af56739,gsd-next,0.7747714048265825,Type-3 (Semantic)
a37b1d07f37f3aa35472120d80d8ac5c170564a9,gsd-validate-phase,df64d7e8e7b5ad06dbad2605bca199b3d26c00bf,gsd-remove-phase,0.7481459947686342,Type-3 (Semantic)
a37b1d07f37f3aa35472120d80d8ac5c170564a9,gsd-validate-phase,e05217bd55fd426ee71c43c90b62253249321ae5,gsd-ui-phase,0.7482959972751516,Type-3 (Semantic)
a37b1d07f37f3aa35472120d80d8ac5c170564a9,gsd-validate-phase,e4b3162bb79ffc19da709f44f1f1a71548a9a271,gsd-add-tests,0.7490576252626469,Type-3 (Semantic)
a37b1d07f37f3aa35472120d80d8ac5c170564a9,gsd-validate-phase,f5513dd49ae85dde18adbf643786fb279d1814bd,gsd-audit-uat,0.651475188924666,Type-3 (Semantic)
a37b1d07f37f3aa35472120d80d8ac5c170564a9,gsd-validate-phase,f5b7f15dfce8d5dbd1ba17ce6b097d2f5f89acc1,gsd-pr-branch,0.6686882930538959,Type-3 (Semantic)
a37b1d07f37f3aa35472120d80d8ac5c170564a9,gsd-validate-phase,f9cf593440557545d4ecfdc66d12deaab051f21f,gsd-analyze-dependencies,0.655692017298926,Type-3 (Semantic)
a37b1d07f37f3aa35472120d80d8ac5c170564a9,gsd-validate-phase,fbd6f3a5aaaf67ff285b7c5499d79688fe22449c,gsd-help,0.745037943927133,Type-3 (Semantic)
a37b1d07f37f3aa35472120d80d8ac5c170564a9,gsd-validate-phase,fde329f787012dc3d36f728189d3c5894375284d,gsd-ui-phase,0.6506551125034734,Type-3 (Semantic)
a37bac5d6b1808409cf3bb9374ffce2f64c937af,speckit-checklist,ad09ecc9d18c05d4b13cf63493738533bbf2bb8b,speckit-checklist,0.9186028156025033,Type-2 (Parameterized)
a38da5471baaad7587e6b4c97976819dc7c1b096,fire-agent-governance,eb338a14072207d5ccfe188b1fced66007ddd85d,fire-agent-governance,0.9496977358324801,Type-2 (Parameterized)
a390fd0b09305ae7676886e0cc3b7ab36976b317,dal-tester,dcc7e5018d9bc6ca4b063a28fd138bb34c609d5c,dal-orchestrator,0.749561256366061,Type-3 (Semantic)
a3ec1b53921a3625582f608bbc1a4ffa83cd2a28,gsd-audit-fix,e0cb38f75cc612f426e3d529f0ae5f2ce84a7a47,gsd-ui-review,0.704482087861763,Type-3 (Semantic)
a3ec1b53921a3625582f608bbc1a4ffa83cd2a28,gsd-audit-fix,f5513dd49ae85dde18adbf643786fb279d1814bd,gsd-audit-uat,0.651860167296027,Type-3 (Semantic)
a408a249af85f9c724d2c3aa2afb6e8e28f9ade0,[Unnamed Skill],b23d3e2c1e702a577994034c7bbdc469ffd0afab,[Unnamed Skill],0.9924375777178921,Type-2 (Parameterized)
a408a249af85f9c724d2c3aa2afb6e8e28f9ade0,[Unnamed Skill],ffbb6d38cf981dd51a0221e8e60a430f86b8e739,[Unnamed Skill],0.9921056826451464,Type-2 (Parameterized)
a414e86a1066e2b38eed6e7fc0ec7c186a6de0f3,dart-next,afb84f765eca82744ae4b3681a7bb3e094a8fe95,dart-pr,0.6774144533706519,Type-3 (Semantic)
a42d8dfb67db016479ff775be839c1835ef05ec1,directxtk-tutorial,b9cc29e4456de66f979c54bcc8bb0f558c89a3f2,directxtk12-tutorial,0.9685467609587499,Type-2 (Parameterized)
a4845bc42d7e26626f3349b9294e5519575a1cb6,remote-bench,afce69f1e8e08f46a372eaf562a5aee68b3984e1,remote-bench,0.9891307452524694,Type-2 (Parameterized)
a4a1e7ff47bc4b0cbc0a32a3abf7ea3e2c26230c,cpp-cmake,b1ed6eb2f1ef567c05f561f303cdb90cfbd2f6c8,cpp-cmake,0.9475339855225022,Type-2 (Parameterized)
a4bc839085da2341e2b8f2b5eac425ec0abeda31,dal-web,dea8d890ba055dff996daff6bd9c0a2be5cd9f88,dal-web-setup,0.8715057749832351,Type-2 (Parameterized)
a51c83ed79d829e431c58de62843d1ea7c6eb52a,clap-plugin-lifecycle,aad685db8dde7cdedc337bb793e4730584904da5,clap-plugin-lifecycle,0.7700236536462205,Type-3 (Semantic)
a5deb2f48fb0fd2270f620ac60f6272b7b427c0f,ascendc-api-best-practices,eec0ab4dad64ce965028c20704d07343a7cd3377,ascendc-api-best-practices,0.9542510844633075,Type-2 (Parameterized)
a752019120147d882085f2c0d38384ceff49e95a,save,b988f0b6df6cbcdb66bbdc9d1e4345a6b19c5252,wiki-ingest,0.6982830939720404,Type-3 (Semantic)
a7f0e351772622aa5f5b80c05888df4311f61b7a,Polyphase_dev,d29dbc66bc6071912a796b113ea549eba223549a,polyphase_dev,0.8590813641375906,Type-2 (Parameterized)
a80de69778cdd1d09c3b9fcd452aa7fb1a666937,updating-readme,c9e0a568b4aab3ad4cd5e7336decc754b20c092e,updating-readme,0.9008541084249707,Type-2 (Parameterized)
a89885328fab5343f653f7e959999a3b08ebe55c,cutlass-kernel,cd940cb755632d57a68f5afd83d5dfb68ca1ca6d,cutlass-kernel,0.6859908745573003,Type-3 (Semantic)
a8e07a19e59499a2f7248022aa129cccadfc285f,gsd-add-todo,ca32938c9e4b8a1eb467e7d409e5550bff4519a6,gsd-import,0.6813290072145706,Type-3 (Semantic)
a8e07a19e59499a2f7248022aa129cccadfc285f,gsd-add-todo,d54ad2ce3ac99e4a54508e16bba5e79a5af56739,gsd-next,0.7148103193902333,Type-3 (Semantic)
a8e07a19e59499a2f7248022aa129cccadfc285f,gsd-add-todo,fbd6f3a5aaaf67ff285b7c5499d79688fe22449c,gsd-help,0.7088802555186877,Type-3 (Semantic)
a8e07a19e59499a2f7248022aa129cccadfc285f,gsd-add-todo,fdb8448e3b027106e169e8904031db94e5fd251a,gsd-add-todo,0.7148130796707637,Type-3 (Semantic)
a919fa03785587a9669fbc16ee3e164fd5b7503c,cli-maintenance,ebe1f6c399e33c38143e0c370c376a7850800046,cli-maintenance,0.9976047299030965,Type-2 (Parameterized)
a9d429bdb0a302a71d98cdb956e0a4eaf2010054,gsd-ship,aa91dec5dd4fa33c6732ef390b10178286067b17,gsd-ui-review,0.6741601827058502,Type-3 (Semantic)
a9d429bdb0a302a71d98cdb956e0a4eaf2010054,gsd-ship,bc16dc87b16ef57ec869fef32dad93a036a6c448,gsd-do,0.7344868112443499,Type-3 (Semantic)
a9d429bdb0a302a71d98cdb956e0a4eaf2010054,gsd-ship,f1735a4ad6f7d4b7097fee36fce69f5f67d43d1c,gsd-pr-branch,0.7247875438018173,Type-3 (Semantic)
a9d429bdb0a302a71d98cdb956e0a4eaf2010054,gsd-ship,f9e4e3f9762bf6b022e1854f81207c5ffaf372d2,gsd-stats,0.6823834965447056,Type-3 (Semantic)
aa91dec5dd4fa33c6732ef390b10178286067b17,gsd-ui-review,b7eb3dfbb46ebabe581de6dc9c4d360da7b8c8f3,gsd-validate-phase,0.7013439352562135,Type-3 (Semantic)
aa91dec5dd4fa33c6732ef390b10178286067b17,gsd-ui-review,bc16dc87b16ef57ec869fef32dad93a036a6c448,gsd-do,0.7334621843421358,Type-3 (Semantic)
aa91dec5dd4fa33c6732ef390b10178286067b17,gsd-ui-review,f1735a4ad6f7d4b7097fee36fce69f5f67d43d1c,gsd-pr-branch,0.6528772579961932,Type-3 (Semantic)
aa91dec5dd4fa33c6732ef390b10178286067b17,gsd-ui-review,f9e4e3f9762bf6b022e1854f81207c5ffaf372d2,gsd-stats,0.6740489550414628,Type-3 (Semantic)
ab35ebdffb59b3a750c942ed7546567cb1330845,vst3,f01ee349bdb8fcb8c0938bbf3466be36ce2e270a,vst3,0.9867780245677161,Type-2 (Parameterized)
ab47d2523d0f9d57b3f55e6698c79c5c929f7eba,map-blockout,bd52acf3d8f25c8f88a72fc060887bb19c37a39a,map-blockout,0.9999999999999999,Type-2 (Parameterized)
ab57da396c560f2f3c6ca3e82e4431b75b2c3baa,rebase-pr,bfc822c1ad8cfb52721e830ab69912286370c51f,fix-pr,0.693793108096936,Type-3 (Semantic)
ab57da396c560f2f3c6ca3e82e4431b75b2c3baa,rebase-pr,d06cc4d6b25be678c668a264b83ea2151cc36586,rebase-pr,0.9799865415711302,Type-2 (Parameterized)
abd6800b7071f2eb4c4bc8305ae13d5b62f377ba,gsd-secure-phase,b7eb3dfbb46ebabe581de6dc9c4d360da7b8c8f3,gsd-validate-phase,0.7943479448670778,Type-3 (Semantic)
abd6800b7071f2eb4c4bc8305ae13d5b62f377ba,gsd-secure-phase,b910ddea4125cefecb0fe5f4a82dccb67aab710e,gsd-secure-phase,0.652578549316976,Type-3 (Semantic)
abd6800b7071f2eb4c4bc8305ae13d5b62f377ba,gsd-secure-phase,d4ebd82b0a52023528dd5603b27ba83ad046c916,gsd-autonomous,0.6526280280557862,Type-3 (Semantic)
abefe0175c1277dc4b2ad8465f5bfe076d1dff80,[Unnamed Skill],fe464df5d6839bbe9a070979b2cf785b7e1628e2,[Unnamed Skill],0.9985130273330616,Type-2 (Parameterized)
ac48b6ed13fe0e628dfa4d8ea086d2e7744971ab,e2e-test-cifs-incremental-sync,b373b8422a6c4a1772411517492290b985fbea3d,e2e-test-cifs-full-sync,0.8874312860412106,Type-2 (Parameterized)
ac48b6ed13fe0e628dfa4d8ea086d2e7744971ab,e2e-test-cifs-incremental-sync,ed75d8264dcad651c9d3e9fb2f3061a505792894,e2e-test-cifs-anon-full-scan,0.6863255512029536,Type-3 (Semantic)
ac48b6ed13fe0e628dfa4d8ea086d2e7744971ab,e2e-test-cifs-incremental-sync,fb1e07f91fbe51e8a3e24818bedbb4ac16e11f66,e2e-test-cifs-incremental-scan,0.8262370254043288,Type-3 (Semantic)
ac78db8feaf9d107910a46b8aada491227e57c75,xmake-workflow,fe632d74eaa1acba712e0a178fd1375bf068c23c,maintain-project,0.665338570761118,Type-3 (Semantic)
ac8c4dc044e429f40d1d508e9a6bf6452a24ad02,gsd-sketch,bc16dc87b16ef57ec869fef32dad93a036a6c448,gsd-do,0.6526292661655022,Type-3 (Semantic)
ae935c8a9d56961219c0762292e808dc58bd59c3,dal-commit-and-pr,dd79cb009e0ae6092abe386c69d2119e53372ed3,dal-git-pr,0.7079726308724046,Type-3 (Semantic)
af60fb264cb2aba65df0883db5ebf6e3c8f87b39,speckit-constitution,b51e60cb6bbe37cefb2b97195f58ae150d74ce35,speckit-plan,0.6955184602029097,Type-3 (Semantic)
af60fb264cb2aba65df0883db5ebf6e3c8f87b39,speckit-constitution,d6817adccea10b96107a6146afb37741728ca3d5,speckit-plan,0.695922586313309,Type-3 (Semantic)
afb84f765eca82744ae4b3681a7bb3e094a8fe95,dart-pr,f4573128c8524c5ded0e8c00c7c95c95c4ff6f8d,dart-contribute,0.7909235345478838,Type-3 (Semantic)
afb84f765eca82744ae4b3681a7bb3e094a8fe95,dart-pr,fb8061fda9e3ed34b90858f8a0eb71cf234631ad,dart-contribute,0.7865514774088833,Type-3 (Semantic)
afd3fd0d88ff220f67132bd2d20d1864d85319df,code-reviewer,ec9bd8dc3158f930d667d0ff79f622f446032c2d,code-reviewer,0.9999999999999998,Type-2 (Parameterized)
b0819a3dc68257ce14eb083564d16f5b2204be66,[Unnamed Skill],ce27365692eb0ff64240f565dac545d58a158ca8,cpp-testing,0.9999728317484651,Type-2 (Parameterized)
b12064d0e473b33c495f2ed0740e5181daa95597,merge-train-infra,b4b1db46b23bbc3799f1feac4b1bcb5923684c5f,merge-trains,0.895871818402837,Type-2 (Parameterized)
b12064d0e473b33c495f2ed0740e5181daa95597,merge-train-infra,f219a3ae51fe13dc1c4ef9ebfdca789d00e2bac4,merge-trains,0.8816609678065243,Type-2 (Parameterized)
b13dea08f59cc0c12b625327dacb96baef70aff5,gsdd-audit-milestone,d16ae0168e14e061d75a809afc24e99199f3c086,gsdd-complete-milestone,0.6770175027350267,Type-3 (Semantic)
b13f88a6b6b936616540f36d6a8ad67181c3d201,healthcheck,b2a8b3591d9452c7c9802e423056e0ec81f4a223,healthcheck,0.6668896397878702,Type-3 (Semantic)
b16c6230c81fb9fa1addec3202ecb4daa537f7aa,niagara-systems,b50058a93173b72899c7cd49e529a4b7efa23964,niagara-emitters,0.6862122415801358,Type-3 (Semantic)
b17e2009870a053cb83dcab25ddc2168e2c442da,subagent-driven-development,b2b1f29592fb386782b62aca3584e474aa581293,dispatching-parallel-agents,0.6853442600061239,Type-3 (Semantic)
b1a0197df99e44956da609536f211e9857917adc,more-details,d5472dce7ccaad6ec30e26dd290dfdf560cf5124,mcpp-usage,0.8993664912796273,Type-2 (Parameterized)
b22d44bf6f119d9ca134dd9de21a8640dde6de07,slang-review-clarity-workflow,d59912fc49e1437848fe09f8668382c8ecce4152,slang-review-clarity,0.6622712252103357,Type-3 (Semantic)
b23d3e2c1e702a577994034c7bbdc469ffd0afab,[Unnamed Skill],ffbb6d38cf981dd51a0221e8e60a430f86b8e739,[Unnamed Skill],0.9924375777178921,Type-2 (Parameterized)
b289d38b704d953d3c7dff09609197041ea04dad,developing-souxmar-plugin,eac115669a999c667886c9ef0e2f75cdda84db5b,triaging-plugin-crash,0.6530200618941936,Type-3 (Semantic)
b32db876db00138be04c4b1c24f527871d4bf005,impl,bca1b2c60c71238981ee5a694ba1770ecd7ea282,skill_impl,0.8131473378180393,Type-3 (Semantic)
b35f0ead7855639914696bbb1640f5f2fde50584,[Unnamed Skill],e7a04904a1ac946ea6180a10692ed501ded5c46c,fix-tech-implementation,0.7713843957540276,Type-3 (Semantic)
b3686c30ed40c942753f2369741483e0f8af064b,ara,ed540743032166d79ac2593fa0d84039064e2173,ara,0.9979012892310383,Type-2 (Parameterized)
b373b8422a6c4a1772411517492290b985fbea3d,e2e-test-cifs-full-sync,ed75d8264dcad651c9d3e9fb2f3061a505792894,e2e-test-cifs-anon-full-scan,0.7339840347776172,Type-3 (Semantic)
b373b8422a6c4a1772411517492290b985fbea3d,e2e-test-cifs-full-sync,fb1e07f91fbe51e8a3e24818bedbb4ac16e11f66,e2e-test-cifs-incremental-scan,0.77210371377316,Type-3 (Semantic)
b40d24cc478b14750a85f942592a8019e43d323f,carts-test,b910c36e58ca5258bc01e89e1c74dfc27591af37,carts-commit,0.6511557744848082,Type-3 (Semantic)
b40d24cc478b14750a85f942592a8019e43d323f,carts-test,c7f065855ffdec69f49aec942f4c8bb67991a5b2,carts-benchmark-triage,0.7508567723412334,Type-3 (Semantic)
b40d24cc478b14750a85f942592a8019e43d323f,carts-test,cc4b100323e1404a7f51e499dee640fbcaf03200,carts-contract-refresh,0.855192280768241,Type-2 (Parameterized)
b40d24cc478b14750a85f942592a8019e43d323f,carts-test,e5023034813c716a6b6ee848199d87211889613c,carts-find-utils,0.6742794556567496,Type-3 (Semantic)
b40d24cc478b14750a85f942592a8019e43d323f,carts-test,fe5ba1eed9193de032f8e013be6f0f416106ec92,carts-debug,0.7273964622306209,Type-3 (Semantic)
b4b1db46b23bbc3799f1feac4b1bcb5923684c5f,merge-trains,f219a3ae51fe13dc1c4ef9ebfdca789d00e2bac4,merge-trains,0.983294646279858,Type-2 (Parameterized)
b4b579e108d58d55fdc6f46bf3428d9e8fcb6f1f,[Unnamed Skill],f1a6f32feaa91122adb215ecadc9d51f2e3db688,new-module,0.9665464171577535,Type-2 (Parameterized)
b51e60cb6bbe37cefb2b97195f58ae150d74ce35,speckit-plan,d6817adccea10b96107a6146afb37741728ca3d5,speckit-plan,0.9991073880742336,Type-2 (Parameterized)
b5674f87173c340bfbd0d10d7a064c372b637b40,[Unnamed Skill],d9fc761ddd4c74f1a668a1a1921520fafa8c0b60,[Unnamed Skill],0.6842038282601267,Type-3 (Semantic)
b58e1ba9947cf38a6da445755c955b8c73d7a8d9,carts-distributed-triage,c7f065855ffdec69f49aec942f4c8bb67991a5b2,carts-benchmark-triage,0.6989244221513747,Type-3 (Semantic)
b5a86558750f21f84692059893b4b32d3b519386,to-prd,db04efdffa1818bf6c2a34bbe5f65e513b56af1b,writing-prd,0.8095316660115398,Type-3 (Semantic)
b72a4f4b8fdff5204c62b85b9af4d2cc106c79f4,enum-struct,ec2ad77ab5eae24d0f10d86a6a83d3ba06b27a07,enum-struct,1.0000000000000002,Type-2 (Parameterized)
b784e5e6df4bacce49e15e9153a1e54456e21984,add-compat-api,d366845e0d13b220c83f1be938198cd067bc2a7f,fix-compat-api,0.7647594967583038,Type-3 (Semantic)
b7eb3dfbb46ebabe581de6dc9c4d360da7b8c8f3,gsd-validate-phase,bc16dc87b16ef57ec869fef32dad93a036a6c448,gsd-do,0.6815044799628475,Type-3 (Semantic)
b7eb3dfbb46ebabe581de6dc9c4d360da7b8c8f3,gsd-validate-phase,bd33d436d05f140a4ef323e46ea3625a8b133114,gsd-add-tests,0.692033281855239,Type-3 (Semantic)
b7eb3dfbb46ebabe581de6dc9c4d360da7b8c8f3,gsd-validate-phase,d4ebd82b0a52023528dd5603b27ba83ad046c916,gsd-autonomous,0.7035458467003624,Type-3 (Semantic)
b7eb3dfbb46ebabe581de6dc9c4d360da7b8c8f3,gsd-validate-phase,f9e4e3f9762bf6b022e1854f81207c5ffaf372d2,gsd-stats,0.658238842886233,Type-3 (Semantic)
b898c86323c362d311f14286d12d13b217a525cb,eda-architecture-analysis,ff9925ff0230a99468e874ded211b19e5064ae96,docs-generation-core,0.7097133038131401,Type-3 (Semantic)
b90e58f8b5db46d0a955f35ac7bbaf2fcdfbbd43,github-pr,dd039d61d6b1611f1f269fc2fc48cf005f701ef6,github-pr,0.7376297411448872,Type-3 (Semantic)
b910c36e58ca5258bc01e89e1c74dfc27591af37,carts-commit,c7088d68f9ce5554a5033684ef068cab704069d9,carts-include-tier,0.6560311092028018,Type-3 (Semantic)
b910c36e58ca5258bc01e89e1c74dfc27591af37,carts-commit,d19469711ed815fc2850521f6efa9cede77e98d8,carts-agentic-development,0.744469896758067,Type-3 (Semantic)
b910c36e58ca5258bc01e89e1c74dfc27591af37,carts-commit,e5023034813c716a6b6ee848199d87211889613c,carts-find-utils,0.7353987312525344,Type-3 (Semantic)
b910c36e58ca5258bc01e89e1c74dfc27591af37,carts-commit,fe5ba1eed9193de032f8e013be6f0f416106ec92,carts-debug,0.7481118813861483,Type-3 (Semantic)
b910ddea4125cefecb0fe5f4a82dccb67aab710e,gsd-secure-phase,c50ca8ded2311361a16047ea0ef8f1036627ecc9,gsd-pause-work,0.6734742989316512,Type-3 (Semantic)
b910ddea4125cefecb0fe5f4a82dccb67aab710e,gsd-secure-phase,d54ad2ce3ac99e4a54508e16bba5e79a5af56739,gsd-next,0.668591063794349,Type-3 (Semantic)
b910ddea4125cefecb0fe5f4a82dccb67aab710e,gsd-secure-phase,e0cb38f75cc612f426e3d529f0ae5f2ce84a7a47,gsd-ui-review,0.6961345971623605,Type-3 (Semantic)
b910ddea4125cefecb0fe5f4a82dccb67aab710e,gsd-secure-phase,f9cf593440557545d4ecfdc66d12deaab051f21f,gsd-analyze-dependencies,0.6935671081983322,Type-3 (Semantic)
b910ddea4125cefecb0fe5f4a82dccb67aab710e,gsd-secure-phase,fde329f787012dc3d36f728189d3c5894375284d,gsd-ui-phase,0.7243637867546633,Type-3 (Semantic)
bad4209a265497df55610711baf108f56b87e882,using-git-worktrees,e515a18a6de46d258a2fe587bd73756887216ccd,finishing-a-development-branch,0.7322493347674022,Type-3 (Semantic)
bb7e728ca7bafaa76aaf29ea11351a562232f842,e2e-test-nfs-v4-incremental-scan,bce32fffa35ebe38ace54c0fa682031174e8ca90,e2e-test-nfs-v4-full-scan,0.7223151557822998,Type-3 (Semantic)
bbaf72f04b0987fab7e486dc90ddc0588624aadd,claude-ask,e83031ed1219891b7287d14fc4d16cf5069749e4,claude-review,0.854489513447021,Type-2 (Parameterized)
bbaf72f04b0987fab7e486dc90ddc0588624aadd,claude-ask,f17b06e446cd56c8ada70ea096bfe3744e095f78,codex-ask,0.6822624315638154,Type-3 (Semantic)
bc16dc87b16ef57ec869fef32dad93a036a6c448,gsd-do,bd33d436d05f140a4ef323e46ea3625a8b133114,gsd-add-tests,0.6655623813644835,Type-3 (Semantic)
bc16dc87b16ef57ec869fef32dad93a036a6c448,gsd-do,bfd13d7eab453efc20bc5eee6d4d9e100a287cb9,gsd-update,0.6903049728513643,Type-3 (Semantic)
bc16dc87b16ef57ec869fef32dad93a036a6c448,gsd-do,cba8c3c9cfc5849dfbe9823ecd4a554cb8aa6c52,gsd-new-workspace,0.6502092573295595,Type-3 (Semantic)
bc16dc87b16ef57ec869fef32dad93a036a6c448,gsd-do,f1735a4ad6f7d4b7097fee36fce69f5f67d43d1c,gsd-pr-branch,0.7017594605077995,Type-3 (Semantic)
bc16dc87b16ef57ec869fef32dad93a036a6c448,gsd-do,f9e4e3f9762bf6b022e1854f81207c5ffaf372d2,gsd-stats,0.7203496064990011,Type-3 (Semantic)
bc1efbf20b2301c91ce03bb553e688ca0e8757e1,[Unnamed Skill],dac6a23dd19df4e8e982e390f63f83f0ca46baab,[Unnamed Skill],0.9697866096085609,Type-2 (Parameterized)
bc31b4336dff257fa9820e41998d5fc36f4f18e5,amc-run-sample-calibration,cdf55cbe97fa82cc4c2200031269fa79933d1cc8,amc-run-rtsp-calibration,0.6532371110786657,Type-3 (Semantic)
bc996add0b5f60afd4628c5b17aae8c04b15c9f0,gsd-list-phase-assumptions,df64d7e8e7b5ad06dbad2605bca199b3d26c00bf,gsd-remove-phase,0.6638309695470149,Type-3 (Semantic)
bc996add0b5f60afd4628c5b17aae8c04b15c9f0,gsd-list-phase-assumptions,ec728fd7ce2930ff122b4e1eecb1d28f7f5edc5a,gsd-list-phase-assumptions,0.9863824990799015,Type-2 (Parameterized)
bce32fffa35ebe38ace54c0fa682031174e8ca90,e2e-test-nfs-v4-full-scan,eab3ca83487ad86e3772117b69e8695d8f88524b,e2e-test-nfs-v4-full-sync,0.7601358109246135,Type-3 (Semantic)
be6668303062c754c498c47366e5be54d29c750a,dal-agent-team,dcc7e5018d9bc6ca4b063a28fd138bb34c609d5c,dal-orchestrator,0.8391491302463207,Type-3 (Semantic)
bfbdc002d3b3737426232f883ded06b853b24913,slice-context-handoff,d0d5754be7cfa2768a0cf977e028fc96427b3112,project-context-handoff,0.902609783217952,Type-2 (Parameterized)
bfc822c1ad8cfb52721e830ab69912286370c51f,fix-pr,d06cc4d6b25be678c668a264b83ea2151cc36586,rebase-pr,0.6966279458964,Type-3 (Semantic)
bfd13d7eab453efc20bc5eee6d4d9e100a287cb9,gsd-update,f9e4e3f9762bf6b022e1854f81207c5ffaf372d2,gsd-stats,0.6524378125384501,Type-3 (Semantic)
c051338588362e2fb9afed027e0664279c563ff8,developing-genkit-python,f4f64e6b7130ff6b4ed4990ce0ec07573e8ee596,developing-genkit-go,0.8223133994441447,Type-3 (Semantic)
c0756153bea3ba470086b1e36520b9fa585764c9,gsd-undo,ca32938c9e4b8a1eb467e7d409e5550bff4519a6,gsd-import,0.7585176012366879,Type-3 (Semantic)
c0756153bea3ba470086b1e36520b9fa585764c9,gsd-undo,d54ad2ce3ac99e4a54508e16bba5e79a5af56739,gsd-next,0.7585602029696449,Type-3 (Semantic)
c0756153bea3ba470086b1e36520b9fa585764c9,gsd-undo,df64d7e8e7b5ad06dbad2605bca199b3d26c00bf,gsd-remove-phase,0.6820784117133795,Type-3 (Semantic)
c0756153bea3ba470086b1e36520b9fa585764c9,gsd-undo,e05217bd55fd426ee71c43c90b62253249321ae5,gsd-ui-phase,0.7341675522992824,Type-3 (Semantic)
c0756153bea3ba470086b1e36520b9fa585764c9,gsd-undo,e4b3162bb79ffc19da709f44f1f1a71548a9a271,gsd-add-tests,0.6974202632157219,Type-3 (Semantic)
c0756153bea3ba470086b1e36520b9fa585764c9,gsd-undo,f5b7f15dfce8d5dbd1ba17ce6b097d2f5f89acc1,gsd-pr-branch,0.6829702473320896,Type-3 (Semantic)
c0756153bea3ba470086b1e36520b9fa585764c9,gsd-undo,fbd6f3a5aaaf67ff285b7c5499d79688fe22449c,gsd-help,0.744457124314125,Type-3 (Semantic)
c0a60f740afb65521b2b70739304dd54a113bc32,lint-and-format,f0ad4e84504f1b415415887d8d3e48794edc2b7e,pre-commit,0.6529702967469191,Type-3 (Semantic)
c1f4001f2846a4383843f2df254b6ae8d65a6e8f,k-task-done,f18867889a035391ab3565213aade019bae2b7d0,k-status,0.6713480057074194,Type-3 (Semantic)
c275f2b527616f0a378e424bfca86dfd908bd81a,create-issue,f5369b0e69f140438cdc11196aa2a122b38d8e9d,create-issue,0.9448819773045483,Type-2 (Parameterized)
c3159dee743314f985006b03e416a380fcf34cf5,complete-milestone,d16ae0168e14e061d75a809afc24e99199f3c086,gsdd-complete-milestone,0.7673507134382568,Type-3 (Semantic)
c3159dee743314f985006b03e416a380fcf34cf5,complete-milestone,f769b718b844c85f02c6218a7756ee21b3cd08b4,gsdd-new-milestone,0.6880042424292527,Type-3 (Semantic)
c3f403def7db26a48dab3ed51fb88680d038feac,e2e-test-nfs-v4-integrity-check,eab3ca83487ad86e3772117b69e8695d8f88524b,e2e-test-nfs-v4-full-sync,0.7229890673349214,Type-3 (Semantic)
c3f98d818c653cd4eebf6b0f7f039d7a3806dac3,spectra-index,ffd4d8db0870bd0770ff733ef46a1beb4b49e722,qa-orchestrator,0.6880263874494595,Type-3 (Semantic)
c4fcebb32a720cf25ad0cdf8d598511ceb3c39f6,git-commit,c85cb9350cdebd3cf3a1be9cdfe0d034a2202411,git-commit,0.936534494741007,Type-2 (Parameterized)
c50ca8ded2311361a16047ea0ef8f1036627ecc9,gsd-pause-work,d54ad2ce3ac99e4a54508e16bba5e79a5af56739,gsd-next,0.6695734750958631,Type-3 (Semantic)
c50ca8ded2311361a16047ea0ef8f1036627ecc9,gsd-pause-work,e0cb38f75cc612f426e3d529f0ae5f2ce84a7a47,gsd-ui-review,0.6784223837624587,Type-3 (Semantic)
c50ca8ded2311361a16047ea0ef8f1036627ecc9,gsd-pause-work,f9cf593440557545d4ecfdc66d12deaab051f21f,gsd-analyze-dependencies,0.6578069710948649,Type-3 (Semantic)
c50ca8ded2311361a16047ea0ef8f1036627ecc9,gsd-pause-work,fbd6f3a5aaaf67ff285b7c5499d79688fe22449c,gsd-help,0.6517033735336349,Type-3 (Semantic)
c50ca8ded2311361a16047ea0ef8f1036627ecc9,gsd-pause-work,fde329f787012dc3d36f728189d3c5894375284d,gsd-ui-phase,0.6871688768222315,Type-3 (Semantic)
c56ab995dc9ef9224314cb03c6497f4d985096a4,build,d8fa79b67864f730ff822fd933d201daf01ef216,build,0.8419553851519804,Type-3 (Semantic)
c56e494f7a85dba7957af38dbff6fa4a8fa88336,grill-with-docs,fe60a60bfee54ae3e1521aeac23a0459689dd37c,grill-me,0.9074227491199791,Type-2 (Parameterized)
c5d4bf1161049adceb56810c690121cedec45a2f,auv2,e065a216076b90b302964c2bb9f75d51a48cb24c,auv2,0.9868837615412064,Type-2 (Parameterized)
c7088d68f9ce5554a5033684ef068cab704069d9,carts-include-tier,e5023034813c716a6b6ee848199d87211889613c,carts-find-utils,0.7967255683772987,Type-3 (Semantic)
c7f065855ffdec69f49aec942f4c8bb67991a5b2,carts-benchmark-triage,cc4b100323e1404a7f51e499dee640fbcaf03200,carts-contract-refresh,0.6621399456160462,Type-3 (Semantic)
c7f065855ffdec69f49aec942f4c8bb67991a5b2,carts-benchmark-triage,dc48de9419fdd25c646a49d9fc1d9f1997abc721,carts-pipeline-map,0.65711879234349,Type-3 (Semantic)
c7f065855ffdec69f49aec942f4c8bb67991a5b2,carts-benchmark-triage,fe5ba1eed9193de032f8e013be6f0f416106ec92,carts-debug,0.7771293030913555,Type-3 (Semantic)
c9481069e0b9eeca56436d387246bb700a0c8773,webf-native-ui-dev,cae2fd68ba79d8db87e3f5b31309ccb99992bdae,webf-native-plugin-dev,0.6749976050968752,Type-3 (Semantic)
ca32938c9e4b8a1eb467e7d409e5550bff4519a6,gsd-import,d54ad2ce3ac99e4a54508e16bba5e79a5af56739,gsd-next,0.8352177973788146,Type-3 (Semantic)
ca32938c9e4b8a1eb467e7d409e5550bff4519a6,gsd-import,df64d7e8e7b5ad06dbad2605bca199b3d26c00bf,gsd-remove-phase,0.6649648531621795,Type-3 (Semantic)
ca32938c9e4b8a1eb467e7d409e5550bff4519a6,gsd-import,e05217bd55fd426ee71c43c90b62253249321ae5,gsd-ui-phase,0.754805940326723,Type-3 (Semantic)
ca32938c9e4b8a1eb467e7d409e5550bff4519a6,gsd-import,e4b3162bb79ffc19da709f44f1f1a71548a9a271,gsd-add-tests,0.7348424988917387,Type-3 (Semantic)
ca32938c9e4b8a1eb467e7d409e5550bff4519a6,gsd-import,f5b7f15dfce8d5dbd1ba17ce6b097d2f5f89acc1,gsd-pr-branch,0.7502344310864631,Type-3 (Semantic)
ca32938c9e4b8a1eb467e7d409e5550bff4519a6,gsd-import,fbd6f3a5aaaf67ff285b7c5499d79688fe22449c,gsd-help,0.8323659989574179,Type-3 (Semantic)
ca8e3fd5c46515df4d88aa1b7062620d31a61949,java-memory-leaks,cb108afa18cefec719d31fa376d63b0f1ca2aba5,java-memory-leaks,0.9731795137864279,Type-2 (Parameterized)
cb2d2b48f0fb61c4bf18a75a029ee0a593f9401c,e2e-test-s3-to-nfs-full-sync,ce183dc67b097ea07048150c81e887bec44dfc91,e2e-test-nfs-to-s3-full-sync,0.8710834304916062,Type-2 (Parameterized)
cb2d2b48f0fb61c4bf18a75a029ee0a593f9401c,e2e-test-s3-to-nfs-full-sync,d7f1f195e121adf86ab921a852080247a1663dab,e2e-test-nfs-v3-full-sync,0.6622570660197122,Type-3 (Semantic)
cba24a8afd0c71a712d7566e4f79cb04e0d6bc09,quality-checker,d6bfa98267b9e061158d6b6251004683872f4b70,quality-checker,0.7172843193855765,Type-3 (Semantic)
cba24a8afd0c71a712d7566e4f79cb04e0d6bc09,quality-checker,f261dc47a957e19abfb08c5dd7517e484f9d6c73,quality-checker,0.955619620983244,Type-2 (Parameterized)
cbba180f8f103422011e99b7246f68be2e475ddb,openspec-workflow-status,f491ea0b565e98eff8a03d3cbef3717d8d3b2660,openspec-workflow-execute,0.7261719180996201,Type-3 (Semantic)
cc4b100323e1404a7f51e499dee640fbcaf03200,carts-contract-refresh,e5023034813c716a6b6ee848199d87211889613c,carts-find-utils,0.6521257277025979,Type-3 (Semantic)
cc4b100323e1404a7f51e499dee640fbcaf03200,carts-contract-refresh,fe5ba1eed9193de032f8e013be6f0f416106ec92,carts-debug,0.657487211438967,Type-3 (Semantic)
cce292ba6b6d0b60298ade2d179191df68a1ee09,foc-tuning,dbf4833d3049f81461c890885da757588fe5e9e0,foc-tuning,0.9991445609061782,Type-2 (Parameterized)
cd86895e17dbdf02bcfc3280cb2b695a23319dae,dsl_create,dba0509cbe544cd29afadb11da34d213366c07b9,dsl_validate,0.7917526050354258,Type-3 (Semantic)
cd88315090a9b29f4fb6a617a7da3ee89c4191ab,adr,e076ca7ab94ce3c84d9e23ca671ac57dc73f8c44,adr,0.8102089039688198,Type-3 (Semantic)
cd9eb2a69686b496c870dfef7d89acbb1dd39894,vtable,eb27cbce0578dd73c80a9fe7b49073f0e88ffbe9,vtable,0.7264392829593322,Type-3 (Semantic)
cee140cbdea9c45b31c79622d92b2218edbe9db8,gsd-map-codebase,d8b9cc1aed544136dd808abb14a38aed44a757ba,gsd-map-codebase,0.913930382757078,Type-2 (Parameterized)
cf0a539e481893100fe8a714d35b7981f1d2f4cc,3d-rendering,f677c86d8816c6d9c83d8d1cd9137e6aea643b10,3d-rendering,0.9801566528977579,Type-2 (Parameterized)
d0046a169ea1bffd15685ba0a4c6274594273960,histogram-cleanup,e63a38af2fcb32da50441fa3d09557a3f7a768f0,histogram-cleanup,0.8353166220207013,Type-3 (Semantic)
d07b82f805eeab86ff773e41807297f53f9e7acf,gsd-reapply-patches,e1e265ca521671157f57426a37addc2dd27674a4,gsd-reapply-patches,0.9894037796788692,Type-2 (Parameterized)
d07b82f805eeab86ff773e41807297f53f9e7acf,gsd-reapply-patches,e1e9f059ebb4a27b510340cf5cd3c36569d0817a,gsd-reapply-patches,0.9730373542033746,Type-2 (Parameterized)
d07b82f805eeab86ff773e41807297f53f9e7acf,gsd-reapply-patches,e74372da920bdcf6db9ff5174173226fb0501820,gsd-reapply-patches,0.9781145353175174,Type-2 (Parameterized)
d0d9ccd6a0e33059a99dbef9c47aa6a693be8052,spectra-mcp,fabd155bc4727bbf83e93db10253250516c80e04,graphical-change-workflow,0.6603367828085013,Type-3 (Semantic)
d11c38390e11834510c1be29f247097b6cadd787,vulkan-extension-detection,e7112b262025c94c34b6c4d54e48394cc95a52a6,check-vulkan-extension,0.6771063396446744,Type-3 (Semantic)
d16ae0168e14e061d75a809afc24e99199f3c086,gsdd-complete-milestone,f769b718b844c85f02c6218a7756ee21b3cd08b4,gsdd-new-milestone,0.7862769676114113,Type-3 (Semantic)
d19469711ed815fc2850521f6efa9cede77e98d8,carts-agentic-development,e5023034813c716a6b6ee848199d87211889613c,carts-find-utils,0.7258989043046443,Type-3 (Semantic)
d19469711ed815fc2850521f6efa9cede77e98d8,carts-agentic-development,fe5ba1eed9193de032f8e013be6f0f416106ec92,carts-debug,0.7056936068268912,Type-3 (Semantic)
d1cda7562f01f722be57bbe9bebe5f965a63c450,crash-analysis,f52bb1a349d5dd79949a4d532966be93486ec416,crash-analysis,0.801312157668815,Type-3 (Semantic)
d4c8a3396ab883f6b0a0fa3d6f5bd85191f514d4,CMake Build,defeca1526423d8ed65001b40dce8121ee58af00,CMake Configure,0.8288761253384083,Type-3 (Semantic)
d54ad2ce3ac99e4a54508e16bba5e79a5af56739,gsd-next,df64d7e8e7b5ad06dbad2605bca199b3d26c00bf,gsd-remove-phase,0.728529639337639,Type-3 (Semantic)
d54ad2ce3ac99e4a54508e16bba5e79a5af56739,gsd-next,e05217bd55fd426ee71c43c90b62253249321ae5,gsd-ui-phase,0.7730573911329262,Type-3 (Semantic)
d54ad2ce3ac99e4a54508e16bba5e79a5af56739,gsd-next,e0cb38f75cc612f426e3d529f0ae5f2ce84a7a47,gsd-ui-review,0.6573280502982516,Type-3 (Semantic)
d54ad2ce3ac99e4a54508e16bba5e79a5af56739,gsd-next,e4b3162bb79ffc19da709f44f1f1a71548a9a271,gsd-add-tests,0.7731801638338391,Type-3 (Semantic)
d54ad2ce3ac99e4a54508e16bba5e79a5af56739,gsd-next,f5513dd49ae85dde18adbf643786fb279d1814bd,gsd-audit-uat,0.6861143295511268,Type-3 (Semantic)
d54ad2ce3ac99e4a54508e16bba5e79a5af56739,gsd-next,f5b7f15dfce8d5dbd1ba17ce6b097d2f5f89acc1,gsd-pr-branch,0.7696602951765488,Type-3 (Semantic)
d54ad2ce3ac99e4a54508e16bba5e79a5af56739,gsd-next,f9cf593440557545d4ecfdc66d12deaab051f21f,gsd-analyze-dependencies,0.689938764894731,Type-3 (Semantic)
d54ad2ce3ac99e4a54508e16bba5e79a5af56739,gsd-next,fbd6f3a5aaaf67ff285b7c5499d79688fe22449c,gsd-help,0.8777738835551898,Type-2 (Parameterized)
d54ad2ce3ac99e4a54508e16bba5e79a5af56739,gsd-next,fde329f787012dc3d36f728189d3c5894375284d,gsd-ui-phase,0.6704548234435717,Type-3 (Semantic)
d5efdc43a224f30be211c4c024605a8f7ed8c8ca,odrive-ops,dbeb6ca02e8c91c9b32a238553974f852959e181,ODrive Ops,0.9981776406786543,Type-2 (Parameterized)
d66b626a064b7807be8989465ebba3ff89060db2,codex-fix,f17b06e446cd56c8ada70ea096bfe3744e095f78,codex-ask,0.8054393663928533,Type-3 (Semantic)
d6bfa98267b9e061158d6b6251004683872f4b70,quality-checker,f261dc47a957e19abfb08c5dd7517e484f9d6c73,quality-checker,0.7313738554715071,Type-3 (Semantic)
d79166d000b7f3bd95230e90c6512ce349f125e1,transition,e3a8b01244a2ddfd79070f91d0d8a87978957d1f,progress,0.7487967720278815,Type-3 (Semantic)
d7f1f195e121adf86ab921a852080247a1663dab,e2e-test-nfs-v3-full-sync,eab3ca83487ad86e3772117b69e8695d8f88524b,e2e-test-nfs-v4-full-sync,0.6844484295455058,Type-3 (Semantic)
d8d4af8b70dfa6e35de7d74e7d3d200c9a222be2,auv3,de91fdcad86798ad43e27566e10b10e00519316b,auv3,0.9933398106168589,Type-2 (Parameterized)
d8ed9aa33e1fde6e73914521acc3205f5f460160,umg-widgets,da3139a133d731d8f49545333c4e4a08db9c9c79,umg-widgets,1.0000000000000004,Type-2 (Parameterized)
da9320b92ede4a4ee588111d142603da5ccdd661,foliage,e6c734de9921eaca9b445b8d4923b2a5b7e5334a,foliage,1.0,Type-2 (Parameterized)
dc48de9419fdd25c646a49d9fc1d9f1997abc721,carts-pipeline-map,fe5ba1eed9193de032f8e013be6f0f416106ec92,carts-debug,0.7786797610853063,Type-3 (Semantic)
dc84922ca33f5d5473a70656e38151812d0b3c11,spice-profiling,e704443078b60e23fb9f51348700316c64752647,spice-dump,0.6872767956948451,Type-3 (Semantic)
dc8c3012cd4643fb5bbab443a56260517d2345fb,qa-api-agent,e57aba520a426ccaf524095135f2bb0bec74a6fb,qa-api-agent,0.9502554198544564,Type-2 (Parameterized)
dcc7e5018d9bc6ca4b063a28fd138bb34c609d5c,dal-orchestrator,dea8d890ba055dff996daff6bd9c0a2be5cd9f88,dal-web-setup,0.6536859520792246,Type-3 (Semantic)
dd3feed292e7f91c144cd64cd73e66d773ec8e13,ghidra-decompile,e9d42982acd9a6e3e0794375fe2508d14bc80ff7,analyze-function,0.7377545455508895,Type-3 (Semantic)
dd5c79d3697766576383124541f402dea68a8614,test-driven-development,e418631c2de9de9beb8b027a68c494b00eee5f15,test-driven-development,0.8247697592676716,Type-3 (Semantic)
de0efb789f3ac70bad6d129b08c8112d8f359b65,donner-embedding,f06de26e2b291fea89c87f36fd617b47d0d311a1,donner-build-test,0.6683962054975576,Type-3 (Semantic)
ded87818fcec3e2aaa336b8e7bcbfdcbef2c2264,pr-restack,fd911b40d3182f9d640f4910d8bf62ca8f274ad9,pr-sync,0.6679193488995865,Type-3 (Semantic)
df64d7e8e7b5ad06dbad2605bca199b3d26c00bf,gsd-remove-phase,e05217bd55fd426ee71c43c90b62253249321ae5,gsd-ui-phase,0.7060483880506525,Type-3 (Semantic)
df64d7e8e7b5ad06dbad2605bca199b3d26c00bf,gsd-remove-phase,e4b3162bb79ffc19da709f44f1f1a71548a9a271,gsd-add-tests,0.6842426816864996,Type-3 (Semantic)
df64d7e8e7b5ad06dbad2605bca199b3d26c00bf,gsd-remove-phase,f9cf593440557545d4ecfdc66d12deaab051f21f,gsd-analyze-dependencies,0.65815355668041,Type-3 (Semantic)
df64d7e8e7b5ad06dbad2605bca199b3d26c00bf,gsd-remove-phase,fbd6f3a5aaaf67ff285b7c5499d79688fe22449c,gsd-help,0.6840335074370755,Type-3 (Semantic)
df927729ff191dea9e450702c61ce42b066ceee5,mission-alignment-review,ff9925ff0230a99468e874ded211b19e5064ae96,docs-generation-core,0.6560822857829143,Type-3 (Semantic)
e05217bd55fd426ee71c43c90b62253249321ae5,gsd-ui-phase,e0cb38f75cc612f426e3d529f0ae5f2ce84a7a47,gsd-ui-review,0.6846389339501522,Type-3 (Semantic)
e05217bd55fd426ee71c43c90b62253249321ae5,gsd-ui-phase,e4b3162bb79ffc19da709f44f1f1a71548a9a271,gsd-add-tests,0.7085996099887031,Type-3 (Semantic)
e05217bd55fd426ee71c43c90b62253249321ae5,gsd-ui-phase,f5b7f15dfce8d5dbd1ba17ce6b097d2f5f89acc1,gsd-pr-branch,0.6690082118817129,Type-3 (Semantic)
e05217bd55fd426ee71c43c90b62253249321ae5,gsd-ui-phase,fbd6f3a5aaaf67ff285b7c5499d79688fe22449c,gsd-help,0.7522095679540418,Type-3 (Semantic)
e05217bd55fd426ee71c43c90b62253249321ae5,gsd-ui-phase,fde329f787012dc3d36f728189d3c5894375284d,gsd-ui-phase,0.8689238936456811,Type-2 (Parameterized)
e0cb38f75cc612f426e3d529f0ae5f2ce84a7a47,gsd-ui-review,f9cf593440557545d4ecfdc66d12deaab051f21f,gsd-analyze-dependencies,0.6803914713165703,Type-3 (Semantic)
e0cb38f75cc612f426e3d529f0ae5f2ce84a7a47,gsd-ui-review,fde329f787012dc3d36f728189d3c5894375284d,gsd-ui-phase,0.8372948717602943,Type-3 (Semantic)
e1e265ca521671157f57426a37addc2dd27674a4,gsd-reapply-patches,e1e9f059ebb4a27b510340cf5cd3c36569d0817a,gsd-reapply-patches,0.9810209442571931,Type-2 (Parameterized)
e1e265ca521671157f57426a37addc2dd27674a4,gsd-reapply-patches,e74372da920bdcf6db9ff5174173226fb0501820,gsd-reapply-patches,0.9717565967745284,Type-2 (Parameterized)
e1e9f059ebb4a27b510340cf5cd3c36569d0817a,gsd-reapply-patches,e74372da920bdcf6db9ff5174173226fb0501820,gsd-reapply-patches,0.989398270081573,Type-2 (Parameterized)
e309f0494cae51b47cafc8a62c1737d9030ac850,writing-game-header-design-doc,e62b0dc546490f3f2ab017592c579969fe7f1faf,writing-game-header-design-doc,0.9274588572468169,Type-2 (Parameterized)
e4b3162bb79ffc19da709f44f1f1a71548a9a271,gsd-add-tests,f5513dd49ae85dde18adbf643786fb279d1814bd,gsd-audit-uat,0.6967026179476901,Type-3 (Semantic)
e4b3162bb79ffc19da709f44f1f1a71548a9a271,gsd-add-tests,f5b7f15dfce8d5dbd1ba17ce6b097d2f5f89acc1,gsd-pr-branch,0.6865481823368473,Type-3 (Semantic)
e4b3162bb79ffc19da709f44f1f1a71548a9a271,gsd-add-tests,fbd6f3a5aaaf67ff285b7c5499d79688fe22449c,gsd-help,0.7501085537159075,Type-3 (Semantic)
e5023034813c716a6b6ee848199d87211889613c,carts-find-utils,fe5ba1eed9193de032f8e013be6f0f416106ec92,carts-debug,0.7183840478845084,Type-3 (Semantic)
ea09f98145489ed5b158ba83ab4b1ed56a1d9379,[Unnamed Skill],fe9a9034889139a4521cac7464453914b71d8498,[Unnamed Skill],0.9848412189827309,Type-2 (Parameterized)
ead465239dd29671fe0d9ffa9ce624304909e4f9,skill_troubleshooting,f4645a0848dd3c3614ca80af4c49915ef3900fe7,[Unnamed Skill],0.8834810623770932,Type-2 (Parameterized)
eb3e29a711ce92246f4b35134b165036aea9cbc5,gsd-plan-milestone-gaps,f9cf593440557545d4ecfdc66d12deaab051f21f,gsd-analyze-dependencies,0.6563594161750171,Type-3 (Semantic)
ec728fd7ce2930ff122b4e1eecb1d28f7f5edc5a,gsd-list-phase-assumptions,f9cf593440557545d4ecfdc66d12deaab051f21f,gsd-analyze-dependencies,0.6734228049111584,Type-3 (Semantic)
ed75d8264dcad651c9d3e9fb2f3061a505792894,e2e-test-cifs-anon-full-scan,fb1e07f91fbe51e8a3e24818bedbb4ac16e11f66,e2e-test-cifs-incremental-scan,0.7151161583087401,Type-3 (Semantic)
ed7691788d9363b9a948d4fce5134edf136b83b0,openspec-workflow-guide,f491ea0b565e98eff8a03d3cbef3717d8d3b2660,openspec-workflow-execute,0.6719285697504765,Type-3 (Semantic)
ee0f4b8596acf092710644256e22c4d3189147f4,Release Process,f3c0e06c5f705c8d7914b23fc0eaa80c55d4a810,release,0.9438351895717647,Type-2 (Parameterized)
f031d1b2e1ff4466714bbb303cc097fbe0659a1c,daw-smoke,f35c1e61362069945cbb25224045175772f04ae4,daw-smoke,0.990970919647174,Type-2 (Parameterized)
f1735a4ad6f7d4b7097fee36fce69f5f67d43d1c,gsd-pr-branch,f9e4e3f9762bf6b022e1854f81207c5ffaf372d2,gsd-stats,0.6518734665983382,Type-3 (Semantic)
f4573128c8524c5ded0e8c00c7c95c95c4ff6f8d,dart-contribute,fb8061fda9e3ed34b90858f8a0eb71cf234631ad,dart-contribute,0.9964563163769745,Type-2 (Parameterized)
f5513dd49ae85dde18adbf643786fb279d1814bd,gsd-audit-uat,fbd6f3a5aaaf67ff285b7c5499d79688fe22449c,gsd-help,0.6801813431629423,Type-3 (Semantic)
f5b7f15dfce8d5dbd1ba17ce6b097d2f5f89acc1,gsd-pr-branch,fbd6f3a5aaaf67ff285b7c5499d79688fe22449c,gsd-help,0.7606115594523122,Type-3 (Semantic)
f8fb576535f51cd97c42139214953743784ffb41,obs-native-ui-review,fc43608bbe8d3d7ddc6bb9c9ef68528f6637bfd9,obs-native-ui-review,0.931930756443444,Type-2 (Parameterized)
f9cf593440557545d4ecfdc66d12deaab051f21f,gsd-analyze-dependencies,fbd6f3a5aaaf67ff285b7c5499d79688fe22449c,gsd-help,0.6592124699212165,Type-3 (Semantic)
f9cf593440557545d4ecfdc66d12deaab051f21f,gsd-analyze-dependencies,fde329f787012dc3d36f728189d3c5894375284d,gsd-ui-phase,0.7093710467806356,Type-3 (Semantic)
fbd6f3a5aaaf67ff285b7c5499d79688fe22449c,gsd-help,fde329f787012dc3d36f728189d3c5894375284d,gsd-ui-phase,0.6514052191948881,Type-3 (Semantic)
fe23c0743b19f57d1ef2053053c685061995fc44,work-ticket,ff89c6fe48a8632e1dce6a220d349efc805e4513,autopilot,0.8347701799072005,Type-3 (Semantic)
